[2026-07-27T05:07:58.625+0000] {processor.py:186} INFO - Started process (PID=160) to work on /opt/airflow/dags/youtube_medallion_pipeline.py
[2026-07-27T05:07:58.630+0000] {processor.py:914} INFO - Processing file /opt/airflow/dags/youtube_medallion_pipeline.py for tasks to queue
[2026-07-27T05:07:58.647+0000] {logging_mixin.py:190} INFO - [2026-07-27T05:07:58.642+0000] {dagbag.py:588} INFO - Filling up the DagBag from /opt/airflow/dags/youtube_medallion_pipeline.py
[2026-07-27T05:07:58.792+0000] {processor.py:925} INFO - DAG(s) 'youtube_medallion_pipeline' retrieved from /opt/airflow/dags/youtube_medallion_pipeline.py
[2026-07-27T05:07:59.096+0000] {logging_mixin.py:190} INFO - [2026-07-27T05:07:59.095+0000] {dag.py:3239} INFO - Sync 1 DAGs
[2026-07-27T05:07:59.196+0000] {logging_mixin.py:190} INFO - [2026-07-27T05:07:59.195+0000] {dag.py:4180} INFO - Setting next_dagrun for youtube_medallion_pipeline to None, run_after=None
[2026-07-27T05:07:59.315+0000] {processor.py:208} INFO - Processing /opt/airflow/dags/youtube_medallion_pipeline.py took 0.730 seconds
[2026-07-27T05:08:30.408+0000] {processor.py:186} INFO - Started process (PID=165) to work on /opt/airflow/dags/youtube_medallion_pipeline.py
[2026-07-27T05:08:30.417+0000] {processor.py:914} INFO - Processing file /opt/airflow/dags/youtube_medallion_pipeline.py for tasks to queue
[2026-07-27T05:08:30.480+0000] {logging_mixin.py:190} INFO - [2026-07-27T05:08:30.475+0000] {dagbag.py:588} INFO - Filling up the DagBag from /opt/airflow/dags/youtube_medallion_pipeline.py
[2026-07-27T05:08:30.805+0000] {processor.py:925} INFO - DAG(s) 'youtube_medallion_pipeline' retrieved from /opt/airflow/dags/youtube_medallion_pipeline.py
[2026-07-27T05:08:31.264+0000] {logging_mixin.py:190} INFO - [2026-07-27T05:08:31.263+0000] {dag.py:3239} INFO - Sync 1 DAGs
[2026-07-27T05:08:31.394+0000] {logging_mixin.py:190} INFO - [2026-07-27T05:08:31.393+0000] {dag.py:4180} INFO - Setting next_dagrun for youtube_medallion_pipeline to None, run_after=None
[2026-07-27T05:08:31.652+0000] {processor.py:208} INFO - Processing /opt/airflow/dags/youtube_medallion_pipeline.py took 1.353 seconds
[2026-07-27T05:09:07.665+0000] {processor.py:186} INFO - Started process (PID=170) to work on /opt/airflow/dags/youtube_medallion_pipeline.py
[2026-07-27T05:09:07.781+0000] {processor.py:914} INFO - Processing file /opt/airflow/dags/youtube_medallion_pipeline.py for tasks to queue
[2026-07-27T05:09:08.097+0000] {logging_mixin.py:190} INFO - [2026-07-27T05:09:08.096+0000] {dagbag.py:588} INFO - Filling up the DagBag from /opt/airflow/dags/youtube_medallion_pipeline.py
[2026-07-27T05:09:08.913+0000] {processor.py:925} INFO - DAG(s) 'youtube_medallion_pipeline' retrieved from /opt/airflow/dags/youtube_medallion_pipeline.py
[2026-07-27T05:09:09.508+0000] {logging_mixin.py:190} INFO - [2026-07-27T05:09:09.507+0000] {dag.py:3239} INFO - Sync 1 DAGs
[2026-07-27T05:09:09.711+0000] {logging_mixin.py:190} INFO - [2026-07-27T05:09:09.711+0000] {dag.py:4180} INFO - Setting next_dagrun for youtube_medallion_pipeline to None, run_after=None
[2026-07-27T05:09:10.227+0000] {processor.py:208} INFO - Processing /opt/airflow/dags/youtube_medallion_pipeline.py took 2.570 seconds
[2026-07-27T05:09:41.127+0000] {processor.py:186} INFO - Started process (PID=175) to work on /opt/airflow/dags/youtube_medallion_pipeline.py
[2026-07-27T05:09:41.130+0000] {processor.py:914} INFO - Processing file /opt/airflow/dags/youtube_medallion_pipeline.py for tasks to queue
[2026-07-27T05:09:41.141+0000] {logging_mixin.py:190} INFO - [2026-07-27T05:09:41.139+0000] {dagbag.py:588} INFO - Filling up the DagBag from /opt/airflow/dags/youtube_medallion_pipeline.py
[2026-07-27T05:09:41.200+0000] {processor.py:925} INFO - DAG(s) 'youtube_medallion_pipeline' retrieved from /opt/airflow/dags/youtube_medallion_pipeline.py
[2026-07-27T05:09:41.339+0000] {logging_mixin.py:190} INFO - [2026-07-27T05:09:41.339+0000] {dag.py:3239} INFO - Sync 1 DAGs
[2026-07-27T05:09:41.414+0000] {logging_mixin.py:190} INFO - [2026-07-27T05:09:41.413+0000] {dag.py:4180} INFO - Setting next_dagrun for youtube_medallion_pipeline to None, run_after=None
[2026-07-27T05:09:41.489+0000] {processor.py:208} INFO - Processing /opt/airflow/dags/youtube_medallion_pipeline.py took 0.382 seconds
[2026-07-27T05:10:11.941+0000] {processor.py:186} INFO - Started process (PID=180) to work on /opt/airflow/dags/youtube_medallion_pipeline.py
[2026-07-27T05:10:11.944+0000] {processor.py:914} INFO - Processing file /opt/airflow/dags/youtube_medallion_pipeline.py for tasks to queue
[2026-07-27T05:10:11.950+0000] {logging_mixin.py:190} INFO - [2026-07-27T05:10:11.949+0000] {dagbag.py:588} INFO - Filling up the DagBag from /opt/airflow/dags/youtube_medallion_pipeline.py
[2026-07-27T05:10:12.000+0000] {processor.py:925} INFO - DAG(s) 'youtube_medallion_pipeline' retrieved from /opt/airflow/dags/youtube_medallion_pipeline.py
[2026-07-27T05:10:12.087+0000] {logging_mixin.py:190} INFO - [2026-07-27T05:10:12.087+0000] {dag.py:3239} INFO - Sync 1 DAGs
[2026-07-27T05:10:12.149+0000] {logging_mixin.py:190} INFO - [2026-07-27T05:10:12.148+0000] {dag.py:4180} INFO - Setting next_dagrun for youtube_medallion_pipeline to None, run_after=None
[2026-07-27T05:10:12.208+0000] {processor.py:208} INFO - Processing /opt/airflow/dags/youtube_medallion_pipeline.py took 0.281 seconds
[2026-07-27T05:10:42.701+0000] {processor.py:186} INFO - Started process (PID=185) to work on /opt/airflow/dags/youtube_medallion_pipeline.py
[2026-07-27T05:10:42.711+0000] {processor.py:914} INFO - Processing file /opt/airflow/dags/youtube_medallion_pipeline.py for tasks to queue
[2026-07-27T05:10:42.733+0000] {logging_mixin.py:190} INFO - [2026-07-27T05:10:42.731+0000] {dagbag.py:588} INFO - Filling up the DagBag from /opt/airflow/dags/youtube_medallion_pipeline.py
[2026-07-27T05:10:42.931+0000] {processor.py:925} INFO - DAG(s) 'youtube_medallion_pipeline' retrieved from /opt/airflow/dags/youtube_medallion_pipeline.py
[2026-07-27T05:10:43.157+0000] {logging_mixin.py:190} INFO - [2026-07-27T05:10:43.156+0000] {dag.py:3239} INFO - Sync 1 DAGs
[2026-07-27T05:10:43.245+0000] {logging_mixin.py:190} INFO - [2026-07-27T05:10:43.245+0000] {dag.py:4180} INFO - Setting next_dagrun for youtube_medallion_pipeline to None, run_after=None
[2026-07-27T05:10:43.294+0000] {processor.py:208} INFO - Processing /opt/airflow/dags/youtube_medallion_pipeline.py took 0.643 seconds
[2026-07-27T05:11:13.770+0000] {processor.py:186} INFO - Started process (PID=190) to work on /opt/airflow/dags/youtube_medallion_pipeline.py
[2026-07-27T05:11:13.776+0000] {processor.py:914} INFO - Processing file /opt/airflow/dags/youtube_medallion_pipeline.py for tasks to queue
[2026-07-27T05:11:13.785+0000] {logging_mixin.py:190} INFO - [2026-07-27T05:11:13.784+0000] {dagbag.py:588} INFO - Filling up the DagBag from /opt/airflow/dags/youtube_medallion_pipeline.py
[2026-07-27T05:11:13.839+0000] {processor.py:925} INFO - DAG(s) 'youtube_medallion_pipeline' retrieved from /opt/airflow/dags/youtube_medallion_pipeline.py
[2026-07-27T05:11:13.948+0000] {logging_mixin.py:190} INFO - [2026-07-27T05:11:13.948+0000] {dag.py:3239} INFO - Sync 1 DAGs
[2026-07-27T05:11:14.019+0000] {logging_mixin.py:190} INFO - [2026-07-27T05:11:14.019+0000] {dag.py:4180} INFO - Setting next_dagrun for youtube_medallion_pipeline to None, run_after=None
[2026-07-27T05:11:14.087+0000] {processor.py:208} INFO - Processing /opt/airflow/dags/youtube_medallion_pipeline.py took 0.330 seconds
[2026-07-27T05:11:44.379+0000] {processor.py:186} INFO - Started process (PID=195) to work on /opt/airflow/dags/youtube_medallion_pipeline.py
[2026-07-27T05:11:44.387+0000] {processor.py:914} INFO - Processing file /opt/airflow/dags/youtube_medallion_pipeline.py for tasks to queue
[2026-07-27T05:11:44.400+0000] {logging_mixin.py:190} INFO - [2026-07-27T05:11:44.398+0000] {dagbag.py:588} INFO - Filling up the DagBag from /opt/airflow/dags/youtube_medallion_pipeline.py
[2026-07-27T05:11:44.467+0000] {processor.py:925} INFO - DAG(s) 'youtube_medallion_pipeline' retrieved from /opt/airflow/dags/youtube_medallion_pipeline.py
[2026-07-27T05:11:44.580+0000] {logging_mixin.py:190} INFO - [2026-07-27T05:11:44.579+0000] {dag.py:3239} INFO - Sync 1 DAGs
[2026-07-27T05:11:44.665+0000] {logging_mixin.py:190} INFO - [2026-07-27T05:11:44.665+0000] {dag.py:4180} INFO - Setting next_dagrun for youtube_medallion_pipeline to None, run_after=None
[2026-07-27T05:11:44.786+0000] {processor.py:208} INFO - Processing /opt/airflow/dags/youtube_medallion_pipeline.py took 0.434 seconds
[2026-07-27T05:12:15.512+0000] {processor.py:186} INFO - Started process (PID=200) to work on /opt/airflow/dags/youtube_medallion_pipeline.py
[2026-07-27T05:12:15.515+0000] {processor.py:914} INFO - Processing file /opt/airflow/dags/youtube_medallion_pipeline.py for tasks to queue
[2026-07-27T05:12:15.521+0000] {logging_mixin.py:190} INFO - [2026-07-27T05:12:15.520+0000] {dagbag.py:588} INFO - Filling up the DagBag from /opt/airflow/dags/youtube_medallion_pipeline.py
[2026-07-27T05:12:15.570+0000] {processor.py:925} INFO - DAG(s) 'youtube_medallion_pipeline' retrieved from /opt/airflow/dags/youtube_medallion_pipeline.py
[2026-07-27T05:12:15.646+0000] {logging_mixin.py:190} INFO - [2026-07-27T05:12:15.646+0000] {dag.py:3239} INFO - Sync 1 DAGs
[2026-07-27T05:12:15.694+0000] {logging_mixin.py:190} INFO - [2026-07-27T05:12:15.693+0000] {dag.py:4180} INFO - Setting next_dagrun for youtube_medallion_pipeline to None, run_after=None
[2026-07-27T05:12:15.843+0000] {processor.py:208} INFO - Processing /opt/airflow/dags/youtube_medallion_pipeline.py took 0.343 seconds
[2026-07-27T05:12:46.308+0000] {processor.py:186} INFO - Started process (PID=205) to work on /opt/airflow/dags/youtube_medallion_pipeline.py
[2026-07-27T05:12:46.314+0000] {processor.py:914} INFO - Processing file /opt/airflow/dags/youtube_medallion_pipeline.py for tasks to queue
[2026-07-27T05:12:46.325+0000] {logging_mixin.py:190} INFO - [2026-07-27T05:12:46.324+0000] {dagbag.py:588} INFO - Filling up the DagBag from /opt/airflow/dags/youtube_medallion_pipeline.py
[2026-07-27T05:12:46.386+0000] {processor.py:925} INFO - DAG(s) 'youtube_medallion_pipeline' retrieved from /opt/airflow/dags/youtube_medallion_pipeline.py
[2026-07-27T05:12:46.493+0000] {logging_mixin.py:190} INFO - [2026-07-27T05:12:46.492+0000] {dag.py:3239} INFO - Sync 1 DAGs
[2026-07-27T05:12:46.548+0000] {logging_mixin.py:190} INFO - [2026-07-27T05:12:46.547+0000] {dag.py:4180} INFO - Setting next_dagrun for youtube_medallion_pipeline to None, run_after=None
[2026-07-27T05:12:46.620+0000] {processor.py:208} INFO - Processing /opt/airflow/dags/youtube_medallion_pipeline.py took 0.336 seconds
[2026-07-27T05:13:16.824+0000] {processor.py:186} INFO - Started process (PID=210) to work on /opt/airflow/dags/youtube_medallion_pipeline.py
[2026-07-27T05:13:16.828+0000] {processor.py:914} INFO - Processing file /opt/airflow/dags/youtube_medallion_pipeline.py for tasks to queue
[2026-07-27T05:13:16.834+0000] {logging_mixin.py:190} INFO - [2026-07-27T05:13:16.833+0000] {dagbag.py:588} INFO - Filling up the DagBag from /opt/airflow/dags/youtube_medallion_pipeline.py
[2026-07-27T05:13:16.881+0000] {processor.py:925} INFO - DAG(s) 'youtube_medallion_pipeline' retrieved from /opt/airflow/dags/youtube_medallion_pipeline.py
[2026-07-27T05:13:17.024+0000] {logging_mixin.py:190} INFO - [2026-07-27T05:13:17.024+0000] {dag.py:3239} INFO - Sync 1 DAGs
[2026-07-27T05:13:17.171+0000] {logging_mixin.py:190} INFO - [2026-07-27T05:13:17.170+0000] {dag.py:4180} INFO - Setting next_dagrun for youtube_medallion_pipeline to None, run_after=None
[2026-07-27T05:13:17.243+0000] {processor.py:208} INFO - Processing /opt/airflow/dags/youtube_medallion_pipeline.py took 0.433 seconds
[2026-07-27T05:13:47.402+0000] {processor.py:186} INFO - Started process (PID=215) to work on /opt/airflow/dags/youtube_medallion_pipeline.py
[2026-07-27T05:13:47.405+0000] {processor.py:914} INFO - Processing file /opt/airflow/dags/youtube_medallion_pipeline.py for tasks to queue
[2026-07-27T05:13:47.411+0000] {logging_mixin.py:190} INFO - [2026-07-27T05:13:47.410+0000] {dagbag.py:588} INFO - Filling up the DagBag from /opt/airflow/dags/youtube_medallion_pipeline.py
[2026-07-27T05:13:47.502+0000] {processor.py:925} INFO - DAG(s) 'youtube_medallion_pipeline' retrieved from /opt/airflow/dags/youtube_medallion_pipeline.py
[2026-07-27T05:13:47.651+0000] {logging_mixin.py:190} INFO - [2026-07-27T05:13:47.649+0000] {dag.py:3239} INFO - Sync 1 DAGs
[2026-07-27T05:13:47.709+0000] {logging_mixin.py:190} INFO - [2026-07-27T05:13:47.709+0000] {dag.py:4180} INFO - Setting next_dagrun for youtube_medallion_pipeline to None, run_after=None
[2026-07-27T05:13:47.777+0000] {processor.py:208} INFO - Processing /opt/airflow/dags/youtube_medallion_pipeline.py took 0.386 seconds
[2026-07-27T05:14:18.041+0000] {processor.py:186} INFO - Started process (PID=220) to work on /opt/airflow/dags/youtube_medallion_pipeline.py
[2026-07-27T05:14:18.044+0000] {processor.py:914} INFO - Processing file /opt/airflow/dags/youtube_medallion_pipeline.py for tasks to queue
[2026-07-27T05:14:18.051+0000] {logging_mixin.py:190} INFO - [2026-07-27T05:14:18.049+0000] {dagbag.py:588} INFO - Filling up the DagBag from /opt/airflow/dags/youtube_medallion_pipeline.py
[2026-07-27T05:14:18.097+0000] {processor.py:925} INFO - DAG(s) 'youtube_medallion_pipeline' retrieved from /opt/airflow/dags/youtube_medallion_pipeline.py
[2026-07-27T05:14:18.189+0000] {logging_mixin.py:190} INFO - [2026-07-27T05:14:18.189+0000] {dag.py:3239} INFO - Sync 1 DAGs
[2026-07-27T05:14:18.232+0000] {logging_mixin.py:190} INFO - [2026-07-27T05:14:18.232+0000] {dag.py:4180} INFO - Setting next_dagrun for youtube_medallion_pipeline to None, run_after=None
[2026-07-27T05:14:18.363+0000] {processor.py:208} INFO - Processing /opt/airflow/dags/youtube_medallion_pipeline.py took 0.335 seconds
[2026-07-27T05:14:48.536+0000] {processor.py:186} INFO - Started process (PID=225) to work on /opt/airflow/dags/youtube_medallion_pipeline.py
[2026-07-27T05:14:48.539+0000] {processor.py:914} INFO - Processing file /opt/airflow/dags/youtube_medallion_pipeline.py for tasks to queue
[2026-07-27T05:14:48.545+0000] {logging_mixin.py:190} INFO - [2026-07-27T05:14:48.545+0000] {dagbag.py:588} INFO - Filling up the DagBag from /opt/airflow/dags/youtube_medallion_pipeline.py
[2026-07-27T05:14:48.583+0000] {processor.py:925} INFO - DAG(s) 'youtube_medallion_pipeline' retrieved from /opt/airflow/dags/youtube_medallion_pipeline.py
[2026-07-27T05:14:48.665+0000] {logging_mixin.py:190} INFO - [2026-07-27T05:14:48.665+0000] {dag.py:3239} INFO - Sync 1 DAGs
[2026-07-27T05:14:48.712+0000] {logging_mixin.py:190} INFO - [2026-07-27T05:14:48.711+0000] {dag.py:4180} INFO - Setting next_dagrun for youtube_medallion_pipeline to None, run_after=None
[2026-07-27T05:14:48.823+0000] {processor.py:208} INFO - Processing /opt/airflow/dags/youtube_medallion_pipeline.py took 0.297 seconds
[2026-07-27T05:15:19.332+0000] {processor.py:186} INFO - Started process (PID=230) to work on /opt/airflow/dags/youtube_medallion_pipeline.py
[2026-07-27T05:15:19.336+0000] {processor.py:914} INFO - Processing file /opt/airflow/dags/youtube_medallion_pipeline.py for tasks to queue
[2026-07-27T05:15:19.344+0000] {logging_mixin.py:190} INFO - [2026-07-27T05:15:19.344+0000] {dagbag.py:588} INFO - Filling up the DagBag from /opt/airflow/dags/youtube_medallion_pipeline.py
[2026-07-27T05:15:19.416+0000] {processor.py:925} INFO - DAG(s) 'youtube_medallion_pipeline' retrieved from /opt/airflow/dags/youtube_medallion_pipeline.py
[2026-07-27T05:15:19.487+0000] {logging_mixin.py:190} INFO - [2026-07-27T05:15:19.486+0000] {dag.py:3239} INFO - Sync 1 DAGs
[2026-07-27T05:15:19.531+0000] {logging_mixin.py:190} INFO - [2026-07-27T05:15:19.531+0000] {dag.py:4180} INFO - Setting next_dagrun for youtube_medallion_pipeline to None, run_after=None
[2026-07-27T05:15:25.209+0000] {processor.py:208} INFO - Processing /opt/airflow/dags/youtube_medallion_pipeline.py took 5.892 seconds
[2026-07-27T05:15:56.157+0000] {processor.py:186} INFO - Started process (PID=235) to work on /opt/airflow/dags/youtube_medallion_pipeline.py
[2026-07-27T05:15:56.160+0000] {processor.py:914} INFO - Processing file /opt/airflow/dags/youtube_medallion_pipeline.py for tasks to queue
[2026-07-27T05:15:56.165+0000] {logging_mixin.py:190} INFO - [2026-07-27T05:15:56.164+0000] {dagbag.py:588} INFO - Filling up the DagBag from /opt/airflow/dags/youtube_medallion_pipeline.py
[2026-07-27T05:15:56.207+0000] {processor.py:925} INFO - DAG(s) 'youtube_medallion_pipeline' retrieved from /opt/airflow/dags/youtube_medallion_pipeline.py
[2026-07-27T05:15:56.276+0000] {logging_mixin.py:190} INFO - [2026-07-27T05:15:56.275+0000] {dag.py:3239} INFO - Sync 1 DAGs
[2026-07-27T05:15:56.976+0000] {logging_mixin.py:190} INFO - [2026-07-27T05:15:56.975+0000] {dag.py:4180} INFO - Setting next_dagrun for youtube_medallion_pipeline to None, run_after=None
[2026-07-27T05:15:57.042+0000] {processor.py:208} INFO - Processing /opt/airflow/dags/youtube_medallion_pipeline.py took 0.903 seconds
[2026-07-27T05:16:27.571+0000] {processor.py:186} INFO - Started process (PID=240) to work on /opt/airflow/dags/youtube_medallion_pipeline.py
[2026-07-27T05:16:27.574+0000] {processor.py:914} INFO - Processing file /opt/airflow/dags/youtube_medallion_pipeline.py for tasks to queue
[2026-07-27T05:16:27.580+0000] {logging_mixin.py:190} INFO - [2026-07-27T05:16:27.580+0000] {dagbag.py:588} INFO - Filling up the DagBag from /opt/airflow/dags/youtube_medallion_pipeline.py
[2026-07-27T05:16:27.619+0000] {processor.py:925} INFO - DAG(s) 'youtube_medallion_pipeline' retrieved from /opt/airflow/dags/youtube_medallion_pipeline.py
[2026-07-27T05:16:28.111+0000] {logging_mixin.py:190} INFO - [2026-07-27T05:16:28.110+0000] {dag.py:3239} INFO - Sync 1 DAGs
[2026-07-27T05:16:28.146+0000] {logging_mixin.py:190} INFO - [2026-07-27T05:16:28.146+0000] {dag.py:4180} INFO - Setting next_dagrun for youtube_medallion_pipeline to None, run_after=None
[2026-07-27T05:16:28.231+0000] {processor.py:208} INFO - Processing /opt/airflow/dags/youtube_medallion_pipeline.py took 0.675 seconds
[2026-07-27T05:16:58.745+0000] {processor.py:186} INFO - Started process (PID=245) to work on /opt/airflow/dags/youtube_medallion_pipeline.py
[2026-07-27T05:16:58.752+0000] {processor.py:914} INFO - Processing file /opt/airflow/dags/youtube_medallion_pipeline.py for tasks to queue
[2026-07-27T05:16:58.758+0000] {logging_mixin.py:190} INFO - [2026-07-27T05:16:58.757+0000] {dagbag.py:588} INFO - Filling up the DagBag from /opt/airflow/dags/youtube_medallion_pipeline.py
[2026-07-27T05:16:59.308+0000] {processor.py:925} INFO - DAG(s) 'youtube_medallion_pipeline' retrieved from /opt/airflow/dags/youtube_medallion_pipeline.py
[2026-07-27T05:16:59.399+0000] {logging_mixin.py:190} INFO - [2026-07-27T05:16:59.399+0000] {dag.py:3239} INFO - Sync 1 DAGs
[2026-07-27T05:16:59.451+0000] {logging_mixin.py:190} INFO - [2026-07-27T05:16:59.450+0000] {dag.py:4180} INFO - Setting next_dagrun for youtube_medallion_pipeline to None, run_after=None
[2026-07-27T05:16:59.520+0000] {processor.py:208} INFO - Processing /opt/airflow/dags/youtube_medallion_pipeline.py took 0.790 seconds
[2026-07-27T05:17:30.199+0000] {processor.py:186} INFO - Started process (PID=250) to work on /opt/airflow/dags/youtube_medallion_pipeline.py
[2026-07-27T05:17:30.203+0000] {processor.py:914} INFO - Processing file /opt/airflow/dags/youtube_medallion_pipeline.py for tasks to queue
[2026-07-27T05:17:30.214+0000] {logging_mixin.py:190} INFO - [2026-07-27T05:17:30.213+0000] {dagbag.py:588} INFO - Filling up the DagBag from /opt/airflow/dags/youtube_medallion_pipeline.py
[2026-07-27T05:17:30.288+0000] {processor.py:925} INFO - DAG(s) 'youtube_medallion_pipeline' retrieved from /opt/airflow/dags/youtube_medallion_pipeline.py
[2026-07-27T05:17:30.439+0000] {logging_mixin.py:190} INFO - [2026-07-27T05:17:30.439+0000] {dag.py:3239} INFO - Sync 1 DAGs
[2026-07-27T05:17:30.554+0000] {logging_mixin.py:190} INFO - [2026-07-27T05:17:30.553+0000] {dag.py:4180} INFO - Setting next_dagrun for youtube_medallion_pipeline to None, run_after=None
[2026-07-27T05:17:30.700+0000] {processor.py:208} INFO - Processing /opt/airflow/dags/youtube_medallion_pipeline.py took 0.546 seconds
[2026-07-27T05:18:01.411+0000] {processor.py:186} INFO - Started process (PID=255) to work on /opt/airflow/dags/youtube_medallion_pipeline.py
[2026-07-27T05:18:01.415+0000] {processor.py:914} INFO - Processing file /opt/airflow/dags/youtube_medallion_pipeline.py for tasks to queue
[2026-07-27T05:18:01.422+0000] {logging_mixin.py:190} INFO - [2026-07-27T05:18:01.421+0000] {dagbag.py:588} INFO - Filling up the DagBag from /opt/airflow/dags/youtube_medallion_pipeline.py
[2026-07-27T05:18:01.496+0000] {processor.py:925} INFO - DAG(s) 'youtube_medallion_pipeline' retrieved from /opt/airflow/dags/youtube_medallion_pipeline.py
[2026-07-27T05:18:01.586+0000] {logging_mixin.py:190} INFO - [2026-07-27T05:18:01.586+0000] {dag.py:3239} INFO - Sync 1 DAGs
[2026-07-27T05:18:01.638+0000] {logging_mixin.py:190} INFO - [2026-07-27T05:18:01.638+0000] {dag.py:4180} INFO - Setting next_dagrun for youtube_medallion_pipeline to None, run_after=None
[2026-07-27T05:18:01.724+0000] {processor.py:208} INFO - Processing /opt/airflow/dags/youtube_medallion_pipeline.py took 0.360 seconds
[2026-07-27T05:18:32.208+0000] {processor.py:186} INFO - Started process (PID=260) to work on /opt/airflow/dags/youtube_medallion_pipeline.py
[2026-07-27T05:18:32.217+0000] {processor.py:914} INFO - Processing file /opt/airflow/dags/youtube_medallion_pipeline.py for tasks to queue
[2026-07-27T05:18:32.231+0000] {logging_mixin.py:190} INFO - [2026-07-27T05:18:32.230+0000] {dagbag.py:588} INFO - Filling up the DagBag from /opt/airflow/dags/youtube_medallion_pipeline.py
[2026-07-27T05:18:32.298+0000] {processor.py:925} INFO - DAG(s) 'youtube_medallion_pipeline' retrieved from /opt/airflow/dags/youtube_medallion_pipeline.py
[2026-07-27T05:18:32.421+0000] {logging_mixin.py:190} INFO - [2026-07-27T05:18:32.421+0000] {dag.py:3239} INFO - Sync 1 DAGs
[2026-07-27T05:18:32.479+0000] {logging_mixin.py:190} INFO - [2026-07-27T05:18:32.478+0000] {dag.py:4180} INFO - Setting next_dagrun for youtube_medallion_pipeline to None, run_after=None
[2026-07-27T05:18:32.547+0000] {processor.py:208} INFO - Processing /opt/airflow/dags/youtube_medallion_pipeline.py took 0.373 seconds
[2026-07-27T05:19:03.021+0000] {processor.py:186} INFO - Started process (PID=265) to work on /opt/airflow/dags/youtube_medallion_pipeline.py
[2026-07-27T05:19:03.025+0000] {processor.py:914} INFO - Processing file /opt/airflow/dags/youtube_medallion_pipeline.py for tasks to queue
[2026-07-27T05:19:03.032+0000] {logging_mixin.py:190} INFO - [2026-07-27T05:19:03.031+0000] {dagbag.py:588} INFO - Filling up the DagBag from /opt/airflow/dags/youtube_medallion_pipeline.py
[2026-07-27T05:19:03.083+0000] {processor.py:925} INFO - DAG(s) 'youtube_medallion_pipeline' retrieved from /opt/airflow/dags/youtube_medallion_pipeline.py
[2026-07-27T05:19:03.169+0000] {logging_mixin.py:190} INFO - [2026-07-27T05:19:03.168+0000] {dag.py:3239} INFO - Sync 1 DAGs
[2026-07-27T05:19:03.221+0000] {logging_mixin.py:190} INFO - [2026-07-27T05:19:03.221+0000] {dag.py:4180} INFO - Setting next_dagrun for youtube_medallion_pipeline to None, run_after=None
[2026-07-27T05:19:03.313+0000] {processor.py:208} INFO - Processing /opt/airflow/dags/youtube_medallion_pipeline.py took 0.310 seconds
[2026-07-27T05:19:33.738+0000] {processor.py:186} INFO - Started process (PID=270) to work on /opt/airflow/dags/youtube_medallion_pipeline.py
[2026-07-27T05:19:33.741+0000] {processor.py:914} INFO - Processing file /opt/airflow/dags/youtube_medallion_pipeline.py for tasks to queue
[2026-07-27T05:19:33.748+0000] {logging_mixin.py:190} INFO - [2026-07-27T05:19:33.746+0000] {dagbag.py:588} INFO - Filling up the DagBag from /opt/airflow/dags/youtube_medallion_pipeline.py
[2026-07-27T05:19:33.804+0000] {processor.py:925} INFO - DAG(s) 'youtube_medallion_pipeline' retrieved from /opt/airflow/dags/youtube_medallion_pipeline.py
[2026-07-27T05:19:33.918+0000] {logging_mixin.py:190} INFO - [2026-07-27T05:19:33.917+0000] {dag.py:3239} INFO - Sync 1 DAGs
[2026-07-27T05:19:34.009+0000] {logging_mixin.py:190} INFO - [2026-07-27T05:19:34.009+0000] {dag.py:4180} INFO - Setting next_dagrun for youtube_medallion_pipeline to None, run_after=None
[2026-07-27T05:19:34.129+0000] {processor.py:208} INFO - Processing /opt/airflow/dags/youtube_medallion_pipeline.py took 0.406 seconds
[2026-07-27T05:20:05.506+0000] {processor.py:186} INFO - Started process (PID=275) to work on /opt/airflow/dags/youtube_medallion_pipeline.py
[2026-07-27T05:20:05.514+0000] {processor.py:914} INFO - Processing file /opt/airflow/dags/youtube_medallion_pipeline.py for tasks to queue
[2026-07-27T05:20:05.549+0000] {logging_mixin.py:190} INFO - [2026-07-27T05:20:05.546+0000] {dagbag.py:588} INFO - Filling up the DagBag from /opt/airflow/dags/youtube_medallion_pipeline.py
[2026-07-27T05:20:05.774+0000] {processor.py:925} INFO - DAG(s) 'youtube_medallion_pipeline' retrieved from /opt/airflow/dags/youtube_medallion_pipeline.py
[2026-07-27T05:20:05.966+0000] {logging_mixin.py:190} INFO - [2026-07-27T05:20:05.965+0000] {dag.py:3239} INFO - Sync 1 DAGs
[2026-07-27T05:20:06.061+0000] {logging_mixin.py:190} INFO - [2026-07-27T05:20:06.060+0000] {dag.py:4180} INFO - Setting next_dagrun for youtube_medallion_pipeline to None, run_after=None
[2026-07-27T05:20:06.603+0000] {processor.py:208} INFO - Processing /opt/airflow/dags/youtube_medallion_pipeline.py took 1.191 seconds
[2026-07-27T05:20:37.114+0000] {processor.py:186} INFO - Started process (PID=280) to work on /opt/airflow/dags/youtube_medallion_pipeline.py
[2026-07-27T05:20:37.119+0000] {processor.py:914} INFO - Processing file /opt/airflow/dags/youtube_medallion_pipeline.py for tasks to queue
[2026-07-27T05:20:37.129+0000] {logging_mixin.py:190} INFO - [2026-07-27T05:20:37.128+0000] {dagbag.py:588} INFO - Filling up the DagBag from /opt/airflow/dags/youtube_medallion_pipeline.py
[2026-07-27T05:20:37.188+0000] {processor.py:925} INFO - DAG(s) 'youtube_medallion_pipeline' retrieved from /opt/airflow/dags/youtube_medallion_pipeline.py
[2026-07-27T05:20:37.286+0000] {logging_mixin.py:190} INFO - [2026-07-27T05:20:37.285+0000] {dag.py:3239} INFO - Sync 1 DAGs
[2026-07-27T05:20:37.348+0000] {logging_mixin.py:190} INFO - [2026-07-27T05:20:37.347+0000] {dag.py:4180} INFO - Setting next_dagrun for youtube_medallion_pipeline to None, run_after=None
[2026-07-27T05:20:37.424+0000] {processor.py:208} INFO - Processing /opt/airflow/dags/youtube_medallion_pipeline.py took 0.337 seconds
[2026-07-27T05:21:07.732+0000] {processor.py:186} INFO - Started process (PID=285) to work on /opt/airflow/dags/youtube_medallion_pipeline.py
[2026-07-27T05:21:07.736+0000] {processor.py:914} INFO - Processing file /opt/airflow/dags/youtube_medallion_pipeline.py for tasks to queue
[2026-07-27T05:21:07.745+0000] {logging_mixin.py:190} INFO - [2026-07-27T05:21:07.743+0000] {dagbag.py:588} INFO - Filling up the DagBag from /opt/airflow/dags/youtube_medallion_pipeline.py
[2026-07-27T05:21:07.785+0000] {processor.py:925} INFO - DAG(s) 'youtube_medallion_pipeline' retrieved from /opt/airflow/dags/youtube_medallion_pipeline.py
[2026-07-27T05:21:07.878+0000] {logging_mixin.py:190} INFO - [2026-07-27T05:21:07.878+0000] {dag.py:3239} INFO - Sync 1 DAGs
[2026-07-27T05:21:07.973+0000] {logging_mixin.py:190} INFO - [2026-07-27T05:21:07.972+0000] {dag.py:4180} INFO - Setting next_dagrun for youtube_medallion_pipeline to None, run_after=None
[2026-07-27T05:21:08.023+0000] {processor.py:208} INFO - Processing /opt/airflow/dags/youtube_medallion_pipeline.py took 0.306 seconds
[2026-07-27T05:21:38.245+0000] {processor.py:186} INFO - Started process (PID=290) to work on /opt/airflow/dags/youtube_medallion_pipeline.py
[2026-07-27T05:21:38.249+0000] {processor.py:914} INFO - Processing file /opt/airflow/dags/youtube_medallion_pipeline.py for tasks to queue
[2026-07-27T05:21:38.254+0000] {logging_mixin.py:190} INFO - [2026-07-27T05:21:38.253+0000] {dagbag.py:588} INFO - Filling up the DagBag from /opt/airflow/dags/youtube_medallion_pipeline.py
[2026-07-27T05:21:38.293+0000] {processor.py:925} INFO - DAG(s) 'youtube_medallion_pipeline' retrieved from /opt/airflow/dags/youtube_medallion_pipeline.py
[2026-07-27T05:21:38.363+0000] {logging_mixin.py:190} INFO - [2026-07-27T05:21:38.362+0000] {dag.py:3239} INFO - Sync 1 DAGs
[2026-07-27T05:21:38.401+0000] {logging_mixin.py:190} INFO - [2026-07-27T05:21:38.400+0000] {dag.py:4180} INFO - Setting next_dagrun for youtube_medallion_pipeline to None, run_after=None
[2026-07-27T05:21:38.453+0000] {processor.py:208} INFO - Processing /opt/airflow/dags/youtube_medallion_pipeline.py took 0.223 seconds
[2026-07-27T05:22:08.921+0000] {processor.py:186} INFO - Started process (PID=295) to work on /opt/airflow/dags/youtube_medallion_pipeline.py
[2026-07-27T05:22:08.926+0000] {processor.py:914} INFO - Processing file /opt/airflow/dags/youtube_medallion_pipeline.py for tasks to queue
[2026-07-27T05:22:08.933+0000] {logging_mixin.py:190} INFO - [2026-07-27T05:22:08.932+0000] {dagbag.py:588} INFO - Filling up the DagBag from /opt/airflow/dags/youtube_medallion_pipeline.py
[2026-07-27T05:22:08.980+0000] {processor.py:925} INFO - DAG(s) 'youtube_medallion_pipeline' retrieved from /opt/airflow/dags/youtube_medallion_pipeline.py
[2026-07-27T05:22:09.053+0000] {logging_mixin.py:190} INFO - [2026-07-27T05:22:09.052+0000] {dag.py:3239} INFO - Sync 1 DAGs
[2026-07-27T05:22:09.094+0000] {logging_mixin.py:190} INFO - [2026-07-27T05:22:09.094+0000] {dag.py:4180} INFO - Setting next_dagrun for youtube_medallion_pipeline to None, run_after=None
[2026-07-27T05:22:09.373+0000] {processor.py:208} INFO - Processing /opt/airflow/dags/youtube_medallion_pipeline.py took 0.468 seconds
[2026-07-27T05:22:40.569+0000] {processor.py:186} INFO - Started process (PID=300) to work on /opt/airflow/dags/youtube_medallion_pipeline.py
[2026-07-27T05:22:40.575+0000] {processor.py:914} INFO - Processing file /opt/airflow/dags/youtube_medallion_pipeline.py for tasks to queue
[2026-07-27T05:22:40.580+0000] {logging_mixin.py:190} INFO - [2026-07-27T05:22:40.579+0000] {dagbag.py:588} INFO - Filling up the DagBag from /opt/airflow/dags/youtube_medallion_pipeline.py
[2026-07-27T05:22:40.628+0000] {processor.py:925} INFO - DAG(s) 'youtube_medallion_pipeline' retrieved from /opt/airflow/dags/youtube_medallion_pipeline.py
[2026-07-27T05:22:40.702+0000] {logging_mixin.py:190} INFO - [2026-07-27T05:22:40.701+0000] {dag.py:3239} INFO - Sync 1 DAGs
[2026-07-27T05:22:40.758+0000] {logging_mixin.py:190} INFO - [2026-07-27T05:22:40.756+0000] {dag.py:4180} INFO - Setting next_dagrun for youtube_medallion_pipeline to None, run_after=None
[2026-07-27T05:22:40.878+0000] {processor.py:208} INFO - Processing /opt/airflow/dags/youtube_medallion_pipeline.py took 0.387 seconds
[2026-07-27T05:23:11.066+0000] {processor.py:186} INFO - Started process (PID=305) to work on /opt/airflow/dags/youtube_medallion_pipeline.py
[2026-07-27T05:23:11.127+0000] {processor.py:914} INFO - Processing file /opt/airflow/dags/youtube_medallion_pipeline.py for tasks to queue
[2026-07-27T05:23:11.140+0000] {logging_mixin.py:190} INFO - [2026-07-27T05:23:11.135+0000] {dagbag.py:588} INFO - Filling up the DagBag from /opt/airflow/dags/youtube_medallion_pipeline.py
[2026-07-27T05:23:11.180+0000] {processor.py:925} INFO - DAG(s) 'youtube_medallion_pipeline' retrieved from /opt/airflow/dags/youtube_medallion_pipeline.py
[2026-07-27T05:23:11.254+0000] {logging_mixin.py:190} INFO - [2026-07-27T05:23:11.252+0000] {dag.py:3239} INFO - Sync 1 DAGs
[2026-07-27T05:23:11.295+0000] {logging_mixin.py:190} INFO - [2026-07-27T05:23:11.294+0000] {dag.py:4180} INFO - Setting next_dagrun for youtube_medallion_pipeline to None, run_after=None
[2026-07-27T05:23:11.347+0000] {processor.py:208} INFO - Processing /opt/airflow/dags/youtube_medallion_pipeline.py took 0.292 seconds
[2026-07-27T05:23:41.680+0000] {processor.py:186} INFO - Started process (PID=310) to work on /opt/airflow/dags/youtube_medallion_pipeline.py
[2026-07-27T05:23:41.683+0000] {processor.py:914} INFO - Processing file /opt/airflow/dags/youtube_medallion_pipeline.py for tasks to queue
[2026-07-27T05:23:41.688+0000] {logging_mixin.py:190} INFO - [2026-07-27T05:23:41.688+0000] {dagbag.py:588} INFO - Filling up the DagBag from /opt/airflow/dags/youtube_medallion_pipeline.py
[2026-07-27T05:23:41.720+0000] {processor.py:925} INFO - DAG(s) 'youtube_medallion_pipeline' retrieved from /opt/airflow/dags/youtube_medallion_pipeline.py
[2026-07-27T05:23:41.781+0000] {logging_mixin.py:190} INFO - [2026-07-27T05:23:41.780+0000] {dag.py:3239} INFO - Sync 1 DAGs
[2026-07-27T05:23:41.805+0000] {logging_mixin.py:190} INFO - [2026-07-27T05:23:41.805+0000] {dag.py:4180} INFO - Setting next_dagrun for youtube_medallion_pipeline to None, run_after=None
[2026-07-27T05:23:41.860+0000] {processor.py:208} INFO - Processing /opt/airflow/dags/youtube_medallion_pipeline.py took 0.190 seconds
[2026-07-27T05:24:12.151+0000] {processor.py:186} INFO - Started process (PID=315) to work on /opt/airflow/dags/youtube_medallion_pipeline.py
[2026-07-27T05:24:12.157+0000] {processor.py:914} INFO - Processing file /opt/airflow/dags/youtube_medallion_pipeline.py for tasks to queue
[2026-07-27T05:24:12.174+0000] {logging_mixin.py:190} INFO - [2026-07-27T05:24:12.173+0000] {dagbag.py:588} INFO - Filling up the DagBag from /opt/airflow/dags/youtube_medallion_pipeline.py
[2026-07-27T05:24:12.267+0000] {processor.py:925} INFO - DAG(s) 'youtube_medallion_pipeline' retrieved from /opt/airflow/dags/youtube_medallion_pipeline.py
[2026-07-27T05:24:12.383+0000] {logging_mixin.py:190} INFO - [2026-07-27T05:24:12.382+0000] {dag.py:3239} INFO - Sync 1 DAGs
[2026-07-27T05:24:12.458+0000] {logging_mixin.py:190} INFO - [2026-07-27T05:24:12.458+0000] {dag.py:4180} INFO - Setting next_dagrun for youtube_medallion_pipeline to None, run_after=None
[2026-07-27T05:24:12.508+0000] {processor.py:208} INFO - Processing /opt/airflow/dags/youtube_medallion_pipeline.py took 0.382 seconds
[2026-07-27T05:24:42.933+0000] {processor.py:186} INFO - Started process (PID=320) to work on /opt/airflow/dags/youtube_medallion_pipeline.py
[2026-07-27T05:24:42.939+0000] {processor.py:914} INFO - Processing file /opt/airflow/dags/youtube_medallion_pipeline.py for tasks to queue
[2026-07-27T05:24:42.973+0000] {logging_mixin.py:190} INFO - [2026-07-27T05:24:42.967+0000] {dagbag.py:588} INFO - Filling up the DagBag from /opt/airflow/dags/youtube_medallion_pipeline.py
[2026-07-27T05:24:43.139+0000] {processor.py:925} INFO - DAG(s) 'youtube_medallion_pipeline' retrieved from /opt/airflow/dags/youtube_medallion_pipeline.py
[2026-07-27T05:24:43.269+0000] {logging_mixin.py:190} INFO - [2026-07-27T05:24:43.268+0000] {dag.py:3239} INFO - Sync 1 DAGs
[2026-07-27T05:24:43.328+0000] {logging_mixin.py:190} INFO - [2026-07-27T05:24:43.327+0000] {dag.py:4180} INFO - Setting next_dagrun for youtube_medallion_pipeline to None, run_after=None
[2026-07-27T05:24:43.464+0000] {processor.py:208} INFO - Processing /opt/airflow/dags/youtube_medallion_pipeline.py took 0.557 seconds
[2026-07-27T05:25:14.097+0000] {processor.py:186} INFO - Started process (PID=325) to work on /opt/airflow/dags/youtube_medallion_pipeline.py
[2026-07-27T05:25:14.101+0000] {processor.py:914} INFO - Processing file /opt/airflow/dags/youtube_medallion_pipeline.py for tasks to queue
[2026-07-27T05:25:14.110+0000] {logging_mixin.py:190} INFO - [2026-07-27T05:25:14.109+0000] {dagbag.py:588} INFO - Filling up the DagBag from /opt/airflow/dags/youtube_medallion_pipeline.py
[2026-07-27T05:25:14.172+0000] {processor.py:925} INFO - DAG(s) 'youtube_medallion_pipeline' retrieved from /opt/airflow/dags/youtube_medallion_pipeline.py
[2026-07-27T05:25:14.262+0000] {logging_mixin.py:190} INFO - [2026-07-27T05:25:14.262+0000] {dag.py:3239} INFO - Sync 1 DAGs
[2026-07-27T05:25:14.324+0000] {logging_mixin.py:190} INFO - [2026-07-27T05:25:14.323+0000] {dag.py:4180} INFO - Setting next_dagrun for youtube_medallion_pipeline to None, run_after=None
[2026-07-27T05:25:14.384+0000] {processor.py:208} INFO - Processing /opt/airflow/dags/youtube_medallion_pipeline.py took 0.319 seconds
[2026-07-27T05:25:44.616+0000] {processor.py:186} INFO - Started process (PID=330) to work on /opt/airflow/dags/youtube_medallion_pipeline.py
[2026-07-27T05:25:44.619+0000] {processor.py:914} INFO - Processing file /opt/airflow/dags/youtube_medallion_pipeline.py for tasks to queue
[2026-07-27T05:25:44.623+0000] {logging_mixin.py:190} INFO - [2026-07-27T05:25:44.622+0000] {dagbag.py:588} INFO - Filling up the DagBag from /opt/airflow/dags/youtube_medallion_pipeline.py
[2026-07-27T05:25:44.659+0000] {processor.py:925} INFO - DAG(s) 'youtube_medallion_pipeline' retrieved from /opt/airflow/dags/youtube_medallion_pipeline.py
[2026-07-27T05:25:44.714+0000] {logging_mixin.py:190} INFO - [2026-07-27T05:25:44.713+0000] {dag.py:3239} INFO - Sync 1 DAGs
[2026-07-27T05:25:44.742+0000] {logging_mixin.py:190} INFO - [2026-07-27T05:25:44.742+0000] {dag.py:4180} INFO - Setting next_dagrun for youtube_medallion_pipeline to None, run_after=None
[2026-07-27T05:25:44.779+0000] {processor.py:208} INFO - Processing /opt/airflow/dags/youtube_medallion_pipeline.py took 0.172 seconds
[2026-07-27T05:26:15.153+0000] {processor.py:186} INFO - Started process (PID=335) to work on /opt/airflow/dags/youtube_medallion_pipeline.py
[2026-07-27T05:26:15.155+0000] {processor.py:914} INFO - Processing file /opt/airflow/dags/youtube_medallion_pipeline.py for tasks to queue
[2026-07-27T05:26:15.159+0000] {logging_mixin.py:190} INFO - [2026-07-27T05:26:15.159+0000] {dagbag.py:588} INFO - Filling up the DagBag from /opt/airflow/dags/youtube_medallion_pipeline.py
[2026-07-27T05:26:15.185+0000] {processor.py:925} INFO - DAG(s) 'youtube_medallion_pipeline' retrieved from /opt/airflow/dags/youtube_medallion_pipeline.py
[2026-07-27T05:26:15.232+0000] {logging_mixin.py:190} INFO - [2026-07-27T05:26:15.232+0000] {dag.py:3239} INFO - Sync 1 DAGs
[2026-07-27T05:26:15.258+0000] {logging_mixin.py:190} INFO - [2026-07-27T05:26:15.258+0000] {dag.py:4180} INFO - Setting next_dagrun for youtube_medallion_pipeline to None, run_after=None
[2026-07-27T05:26:15.299+0000] {processor.py:208} INFO - Processing /opt/airflow/dags/youtube_medallion_pipeline.py took 0.155 seconds
[2026-07-27T05:26:45.472+0000] {processor.py:186} INFO - Started process (PID=340) to work on /opt/airflow/dags/youtube_medallion_pipeline.py
[2026-07-27T05:26:45.477+0000] {processor.py:914} INFO - Processing file /opt/airflow/dags/youtube_medallion_pipeline.py for tasks to queue
[2026-07-27T05:26:45.487+0000] {logging_mixin.py:190} INFO - [2026-07-27T05:26:45.486+0000] {dagbag.py:588} INFO - Filling up the DagBag from /opt/airflow/dags/youtube_medallion_pipeline.py
[2026-07-27T05:26:45.525+0000] {processor.py:925} INFO - DAG(s) 'youtube_medallion_pipeline' retrieved from /opt/airflow/dags/youtube_medallion_pipeline.py
[2026-07-27T05:26:45.594+0000] {logging_mixin.py:190} INFO - [2026-07-27T05:26:45.594+0000] {dag.py:3239} INFO - Sync 1 DAGs
[2026-07-27T05:26:45.640+0000] {logging_mixin.py:190} INFO - [2026-07-27T05:26:45.640+0000] {dag.py:4180} INFO - Setting next_dagrun for youtube_medallion_pipeline to None, run_after=None
[2026-07-27T05:26:45.684+0000] {processor.py:208} INFO - Processing /opt/airflow/dags/youtube_medallion_pipeline.py took 0.226 seconds
[2026-07-27T05:27:15.959+0000] {processor.py:186} INFO - Started process (PID=345) to work on /opt/airflow/dags/youtube_medallion_pipeline.py
[2026-07-27T05:27:15.962+0000] {processor.py:914} INFO - Processing file /opt/airflow/dags/youtube_medallion_pipeline.py for tasks to queue
[2026-07-27T05:27:15.968+0000] {logging_mixin.py:190} INFO - [2026-07-27T05:27:15.967+0000] {dagbag.py:588} INFO - Filling up the DagBag from /opt/airflow/dags/youtube_medallion_pipeline.py
[2026-07-27T05:27:16.004+0000] {processor.py:925} INFO - DAG(s) 'youtube_medallion_pipeline' retrieved from /opt/airflow/dags/youtube_medallion_pipeline.py
[2026-07-27T05:27:16.060+0000] {logging_mixin.py:190} INFO - [2026-07-27T05:27:16.060+0000] {dag.py:3239} INFO - Sync 1 DAGs
[2026-07-27T05:27:16.092+0000] {logging_mixin.py:190} INFO - [2026-07-27T05:27:16.092+0000] {dag.py:4180} INFO - Setting next_dagrun for youtube_medallion_pipeline to None, run_after=None
[2026-07-27T05:27:16.130+0000] {processor.py:208} INFO - Processing /opt/airflow/dags/youtube_medallion_pipeline.py took 0.180 seconds
[2026-07-27T05:27:46.366+0000] {processor.py:186} INFO - Started process (PID=350) to work on /opt/airflow/dags/youtube_medallion_pipeline.py
[2026-07-27T05:27:46.369+0000] {processor.py:914} INFO - Processing file /opt/airflow/dags/youtube_medallion_pipeline.py for tasks to queue
[2026-07-27T05:27:46.375+0000] {logging_mixin.py:190} INFO - [2026-07-27T05:27:46.374+0000] {dagbag.py:588} INFO - Filling up the DagBag from /opt/airflow/dags/youtube_medallion_pipeline.py
[2026-07-27T05:27:46.406+0000] {processor.py:925} INFO - DAG(s) 'youtube_medallion_pipeline' retrieved from /opt/airflow/dags/youtube_medallion_pipeline.py
[2026-07-27T05:27:46.469+0000] {logging_mixin.py:190} INFO - [2026-07-27T05:27:46.469+0000] {dag.py:3239} INFO - Sync 1 DAGs
[2026-07-27T05:27:46.497+0000] {logging_mixin.py:190} INFO - [2026-07-27T05:27:46.497+0000] {dag.py:4180} INFO - Setting next_dagrun for youtube_medallion_pipeline to None, run_after=None
[2026-07-27T05:27:46.540+0000] {processor.py:208} INFO - Processing /opt/airflow/dags/youtube_medallion_pipeline.py took 0.184 seconds
[2026-07-27T05:28:16.835+0000] {processor.py:186} INFO - Started process (PID=355) to work on /opt/airflow/dags/youtube_medallion_pipeline.py
[2026-07-27T05:28:16.838+0000] {processor.py:914} INFO - Processing file /opt/airflow/dags/youtube_medallion_pipeline.py for tasks to queue
[2026-07-27T05:28:16.844+0000] {logging_mixin.py:190} INFO - [2026-07-27T05:28:16.843+0000] {dagbag.py:588} INFO - Filling up the DagBag from /opt/airflow/dags/youtube_medallion_pipeline.py
[2026-07-27T05:28:16.888+0000] {processor.py:925} INFO - DAG(s) 'youtube_medallion_pipeline' retrieved from /opt/airflow/dags/youtube_medallion_pipeline.py
[2026-07-27T05:28:16.952+0000] {logging_mixin.py:190} INFO - [2026-07-27T05:28:16.952+0000] {dag.py:3239} INFO - Sync 1 DAGs
[2026-07-27T05:28:16.982+0000] {logging_mixin.py:190} INFO - [2026-07-27T05:28:16.982+0000] {dag.py:4180} INFO - Setting next_dagrun for youtube_medallion_pipeline to None, run_after=None
[2026-07-27T05:28:17.025+0000] {processor.py:208} INFO - Processing /opt/airflow/dags/youtube_medallion_pipeline.py took 0.203 seconds
[2026-07-27T05:28:47.347+0000] {processor.py:186} INFO - Started process (PID=360) to work on /opt/airflow/dags/youtube_medallion_pipeline.py
[2026-07-27T05:28:47.350+0000] {processor.py:914} INFO - Processing file /opt/airflow/dags/youtube_medallion_pipeline.py for tasks to queue
[2026-07-27T05:28:47.355+0000] {logging_mixin.py:190} INFO - [2026-07-27T05:28:47.354+0000] {dagbag.py:588} INFO - Filling up the DagBag from /opt/airflow/dags/youtube_medallion_pipeline.py
[2026-07-27T05:28:47.394+0000] {processor.py:925} INFO - DAG(s) 'youtube_medallion_pipeline' retrieved from /opt/airflow/dags/youtube_medallion_pipeline.py
[2026-07-27T05:28:47.462+0000] {logging_mixin.py:190} INFO - [2026-07-27T05:28:47.462+0000] {dag.py:3239} INFO - Sync 1 DAGs
[2026-07-27T05:28:47.495+0000] {logging_mixin.py:190} INFO - [2026-07-27T05:28:47.495+0000] {dag.py:4180} INFO - Setting next_dagrun for youtube_medallion_pipeline to None, run_after=None
[2026-07-27T05:28:47.548+0000] {processor.py:208} INFO - Processing /opt/airflow/dags/youtube_medallion_pipeline.py took 0.217 seconds
[2026-07-27T05:29:17.724+0000] {processor.py:186} INFO - Started process (PID=365) to work on /opt/airflow/dags/youtube_medallion_pipeline.py
[2026-07-27T05:29:17.727+0000] {processor.py:914} INFO - Processing file /opt/airflow/dags/youtube_medallion_pipeline.py for tasks to queue
[2026-07-27T05:29:17.731+0000] {logging_mixin.py:190} INFO - [2026-07-27T05:29:17.731+0000] {dagbag.py:588} INFO - Filling up the DagBag from /opt/airflow/dags/youtube_medallion_pipeline.py
[2026-07-27T05:29:17.759+0000] {processor.py:925} INFO - DAG(s) 'youtube_medallion_pipeline' retrieved from /opt/airflow/dags/youtube_medallion_pipeline.py
[2026-07-27T05:29:17.808+0000] {logging_mixin.py:190} INFO - [2026-07-27T05:29:17.807+0000] {dag.py:3239} INFO - Sync 1 DAGs
[2026-07-27T05:29:17.838+0000] {logging_mixin.py:190} INFO - [2026-07-27T05:29:17.838+0000] {dag.py:4180} INFO - Setting next_dagrun for youtube_medallion_pipeline to None, run_after=None
[2026-07-27T05:29:17.872+0000] {processor.py:208} INFO - Processing /opt/airflow/dags/youtube_medallion_pipeline.py took 0.157 seconds
[2026-07-27T05:29:48.167+0000] {processor.py:186} INFO - Started process (PID=370) to work on /opt/airflow/dags/youtube_medallion_pipeline.py
[2026-07-27T05:29:48.171+0000] {processor.py:914} INFO - Processing file /opt/airflow/dags/youtube_medallion_pipeline.py for tasks to queue
[2026-07-27T05:29:48.178+0000] {logging_mixin.py:190} INFO - [2026-07-27T05:29:48.177+0000] {dagbag.py:588} INFO - Filling up the DagBag from /opt/airflow/dags/youtube_medallion_pipeline.py
[2026-07-27T05:29:48.222+0000] {processor.py:925} INFO - DAG(s) 'youtube_medallion_pipeline' retrieved from /opt/airflow/dags/youtube_medallion_pipeline.py
[2026-07-27T05:29:48.295+0000] {logging_mixin.py:190} INFO - [2026-07-27T05:29:48.295+0000] {dag.py:3239} INFO - Sync 1 DAGs
[2026-07-27T05:29:48.332+0000] {logging_mixin.py:190} INFO - [2026-07-27T05:29:48.331+0000] {dag.py:4180} INFO - Setting next_dagrun for youtube_medallion_pipeline to None, run_after=None
[2026-07-27T05:29:48.378+0000] {processor.py:208} INFO - Processing /opt/airflow/dags/youtube_medallion_pipeline.py took 0.226 seconds
[2026-07-27T05:30:18.570+0000] {processor.py:186} INFO - Started process (PID=375) to work on /opt/airflow/dags/youtube_medallion_pipeline.py
[2026-07-27T05:30:18.572+0000] {processor.py:914} INFO - Processing file /opt/airflow/dags/youtube_medallion_pipeline.py for tasks to queue
[2026-07-27T05:30:18.576+0000] {logging_mixin.py:190} INFO - [2026-07-27T05:30:18.576+0000] {dagbag.py:588} INFO - Filling up the DagBag from /opt/airflow/dags/youtube_medallion_pipeline.py
[2026-07-27T05:30:18.605+0000] {processor.py:925} INFO - DAG(s) 'youtube_medallion_pipeline' retrieved from /opt/airflow/dags/youtube_medallion_pipeline.py
[2026-07-27T05:30:18.656+0000] {logging_mixin.py:190} INFO - [2026-07-27T05:30:18.656+0000] {dag.py:3239} INFO - Sync 1 DAGs
[2026-07-27T05:30:18.679+0000] {logging_mixin.py:190} INFO - [2026-07-27T05:30:18.679+0000] {dag.py:4180} INFO - Setting next_dagrun for youtube_medallion_pipeline to None, run_after=None
[2026-07-27T05:30:18.712+0000] {processor.py:208} INFO - Processing /opt/airflow/dags/youtube_medallion_pipeline.py took 0.152 seconds
[2026-07-27T05:30:48.951+0000] {processor.py:186} INFO - Started process (PID=380) to work on /opt/airflow/dags/youtube_medallion_pipeline.py
[2026-07-27T05:30:48.953+0000] {processor.py:914} INFO - Processing file /opt/airflow/dags/youtube_medallion_pipeline.py for tasks to queue
[2026-07-27T05:30:48.960+0000] {logging_mixin.py:190} INFO - [2026-07-27T05:30:48.960+0000] {dagbag.py:588} INFO - Filling up the DagBag from /opt/airflow/dags/youtube_medallion_pipeline.py
[2026-07-27T05:30:48.993+0000] {processor.py:925} INFO - DAG(s) 'youtube_medallion_pipeline' retrieved from /opt/airflow/dags/youtube_medallion_pipeline.py
[2026-07-27T05:30:49.047+0000] {logging_mixin.py:190} INFO - [2026-07-27T05:30:49.047+0000] {dag.py:3239} INFO - Sync 1 DAGs
[2026-07-27T05:30:49.079+0000] {logging_mixin.py:190} INFO - [2026-07-27T05:30:49.079+0000] {dag.py:4180} INFO - Setting next_dagrun for youtube_medallion_pipeline to None, run_after=None
[2026-07-27T05:30:49.115+0000] {processor.py:208} INFO - Processing /opt/airflow/dags/youtube_medallion_pipeline.py took 0.193 seconds
[2026-07-27T05:31:19.255+0000] {processor.py:186} INFO - Started process (PID=385) to work on /opt/airflow/dags/youtube_medallion_pipeline.py
[2026-07-27T05:31:19.257+0000] {processor.py:914} INFO - Processing file /opt/airflow/dags/youtube_medallion_pipeline.py for tasks to queue
[2026-07-27T05:31:19.261+0000] {logging_mixin.py:190} INFO - [2026-07-27T05:31:19.261+0000] {dagbag.py:588} INFO - Filling up the DagBag from /opt/airflow/dags/youtube_medallion_pipeline.py
[2026-07-27T05:31:19.286+0000] {processor.py:925} INFO - DAG(s) 'youtube_medallion_pipeline' retrieved from /opt/airflow/dags/youtube_medallion_pipeline.py
[2026-07-27T05:31:19.337+0000] {logging_mixin.py:190} INFO - [2026-07-27T05:31:19.336+0000] {dag.py:3239} INFO - Sync 1 DAGs
[2026-07-27T05:31:19.361+0000] {logging_mixin.py:190} INFO - [2026-07-27T05:31:19.360+0000] {dag.py:4180} INFO - Setting next_dagrun for youtube_medallion_pipeline to None, run_after=None
[2026-07-27T05:31:19.403+0000] {processor.py:208} INFO - Processing /opt/airflow/dags/youtube_medallion_pipeline.py took 0.158 seconds
[2026-07-27T05:31:49.735+0000] {processor.py:186} INFO - Started process (PID=390) to work on /opt/airflow/dags/youtube_medallion_pipeline.py
[2026-07-27T05:31:49.737+0000] {processor.py:914} INFO - Processing file /opt/airflow/dags/youtube_medallion_pipeline.py for tasks to queue
[2026-07-27T05:31:49.741+0000] {logging_mixin.py:190} INFO - [2026-07-27T05:31:49.740+0000] {dagbag.py:588} INFO - Filling up the DagBag from /opt/airflow/dags/youtube_medallion_pipeline.py
[2026-07-27T05:31:49.771+0000] {processor.py:925} INFO - DAG(s) 'youtube_medallion_pipeline' retrieved from /opt/airflow/dags/youtube_medallion_pipeline.py
[2026-07-27T05:31:49.819+0000] {logging_mixin.py:190} INFO - [2026-07-27T05:31:49.819+0000] {dag.py:3239} INFO - Sync 1 DAGs
[2026-07-27T05:31:49.848+0000] {logging_mixin.py:190} INFO - [2026-07-27T05:31:49.847+0000] {dag.py:4180} INFO - Setting next_dagrun for youtube_medallion_pipeline to None, run_after=None
[2026-07-27T05:31:49.884+0000] {processor.py:208} INFO - Processing /opt/airflow/dags/youtube_medallion_pipeline.py took 0.157 seconds
[2026-07-27T05:32:20.160+0000] {processor.py:186} INFO - Started process (PID=395) to work on /opt/airflow/dags/youtube_medallion_pipeline.py
[2026-07-27T05:32:20.162+0000] {processor.py:914} INFO - Processing file /opt/airflow/dags/youtube_medallion_pipeline.py for tasks to queue
[2026-07-27T05:32:20.167+0000] {logging_mixin.py:190} INFO - [2026-07-27T05:32:20.167+0000] {dagbag.py:588} INFO - Filling up the DagBag from /opt/airflow/dags/youtube_medallion_pipeline.py
[2026-07-27T05:32:20.191+0000] {processor.py:925} INFO - DAG(s) 'youtube_medallion_pipeline' retrieved from /opt/airflow/dags/youtube_medallion_pipeline.py
[2026-07-27T05:32:20.238+0000] {logging_mixin.py:190} INFO - [2026-07-27T05:32:20.238+0000] {dag.py:3239} INFO - Sync 1 DAGs
[2026-07-27T05:32:20.266+0000] {logging_mixin.py:190} INFO - [2026-07-27T05:32:20.265+0000] {dag.py:4180} INFO - Setting next_dagrun for youtube_medallion_pipeline to None, run_after=None
[2026-07-27T05:32:20.305+0000] {processor.py:208} INFO - Processing /opt/airflow/dags/youtube_medallion_pipeline.py took 0.153 seconds
[2026-07-27T05:32:50.558+0000] {processor.py:186} INFO - Started process (PID=400) to work on /opt/airflow/dags/youtube_medallion_pipeline.py
[2026-07-27T05:32:50.561+0000] {processor.py:914} INFO - Processing file /opt/airflow/dags/youtube_medallion_pipeline.py for tasks to queue
[2026-07-27T05:32:50.566+0000] {logging_mixin.py:190} INFO - [2026-07-27T05:32:50.565+0000] {dagbag.py:588} INFO - Filling up the DagBag from /opt/airflow/dags/youtube_medallion_pipeline.py
[2026-07-27T05:32:50.599+0000] {processor.py:925} INFO - DAG(s) 'youtube_medallion_pipeline' retrieved from /opt/airflow/dags/youtube_medallion_pipeline.py
[2026-07-27T05:32:50.666+0000] {logging_mixin.py:190} INFO - [2026-07-27T05:32:50.666+0000] {dag.py:3239} INFO - Sync 1 DAGs
[2026-07-27T05:32:50.692+0000] {logging_mixin.py:190} INFO - [2026-07-27T05:32:50.692+0000] {dag.py:4180} INFO - Setting next_dagrun for youtube_medallion_pipeline to None, run_after=None
[2026-07-27T05:32:50.727+0000] {processor.py:208} INFO - Processing /opt/airflow/dags/youtube_medallion_pipeline.py took 0.176 seconds
[2026-07-27T05:33:20.881+0000] {processor.py:186} INFO - Started process (PID=405) to work on /opt/airflow/dags/youtube_medallion_pipeline.py
[2026-07-27T05:33:20.884+0000] {processor.py:914} INFO - Processing file /opt/airflow/dags/youtube_medallion_pipeline.py for tasks to queue
[2026-07-27T05:33:20.890+0000] {logging_mixin.py:190} INFO - [2026-07-27T05:33:20.890+0000] {dagbag.py:588} INFO - Filling up the DagBag from /opt/airflow/dags/youtube_medallion_pipeline.py
[2026-07-27T05:33:20.924+0000] {processor.py:925} INFO - DAG(s) 'youtube_medallion_pipeline' retrieved from /opt/airflow/dags/youtube_medallion_pipeline.py
[2026-07-27T05:33:20.987+0000] {logging_mixin.py:190} INFO - [2026-07-27T05:33:20.987+0000] {dag.py:3239} INFO - Sync 1 DAGs
[2026-07-27T05:33:21.014+0000] {logging_mixin.py:190} INFO - [2026-07-27T05:33:21.014+0000] {dag.py:4180} INFO - Setting next_dagrun for youtube_medallion_pipeline to None, run_after=None
[2026-07-27T05:33:21.056+0000] {processor.py:208} INFO - Processing /opt/airflow/dags/youtube_medallion_pipeline.py took 0.185 seconds
[2026-07-27T05:33:51.413+0000] {processor.py:186} INFO - Started process (PID=410) to work on /opt/airflow/dags/youtube_medallion_pipeline.py
[2026-07-27T05:33:51.415+0000] {processor.py:914} INFO - Processing file /opt/airflow/dags/youtube_medallion_pipeline.py for tasks to queue
[2026-07-27T05:33:51.420+0000] {logging_mixin.py:190} INFO - [2026-07-27T05:33:51.419+0000] {dagbag.py:588} INFO - Filling up the DagBag from /opt/airflow/dags/youtube_medallion_pipeline.py
[2026-07-27T05:33:51.449+0000] {processor.py:925} INFO - DAG(s) 'youtube_medallion_pipeline' retrieved from /opt/airflow/dags/youtube_medallion_pipeline.py
[2026-07-27T05:33:51.497+0000] {logging_mixin.py:190} INFO - [2026-07-27T05:33:51.497+0000] {dag.py:3239} INFO - Sync 1 DAGs
[2026-07-27T05:33:51.519+0000] {logging_mixin.py:190} INFO - [2026-07-27T05:33:51.518+0000] {dag.py:4180} INFO - Setting next_dagrun for youtube_medallion_pipeline to None, run_after=None
[2026-07-27T05:33:51.548+0000] {processor.py:208} INFO - Processing /opt/airflow/dags/youtube_medallion_pipeline.py took 0.143 seconds
[2026-07-27T05:34:21.742+0000] {processor.py:186} INFO - Started process (PID=415) to work on /opt/airflow/dags/youtube_medallion_pipeline.py
[2026-07-27T05:34:21.745+0000] {processor.py:914} INFO - Processing file /opt/airflow/dags/youtube_medallion_pipeline.py for tasks to queue
[2026-07-27T05:34:21.751+0000] {logging_mixin.py:190} INFO - [2026-07-27T05:34:21.750+0000] {dagbag.py:588} INFO - Filling up the DagBag from /opt/airflow/dags/youtube_medallion_pipeline.py
[2026-07-27T05:34:21.784+0000] {processor.py:925} INFO - DAG(s) 'youtube_medallion_pipeline' retrieved from /opt/airflow/dags/youtube_medallion_pipeline.py
[2026-07-27T05:34:21.863+0000] {logging_mixin.py:190} INFO - [2026-07-27T05:34:21.862+0000] {dag.py:3239} INFO - Sync 1 DAGs
[2026-07-27T05:34:21.900+0000] {logging_mixin.py:190} INFO - [2026-07-27T05:34:21.899+0000] {dag.py:4180} INFO - Setting next_dagrun for youtube_medallion_pipeline to None, run_after=None
[2026-07-27T05:34:21.959+0000] {processor.py:208} INFO - Processing /opt/airflow/dags/youtube_medallion_pipeline.py took 0.228 seconds
[2026-07-27T05:34:52.243+0000] {processor.py:186} INFO - Started process (PID=420) to work on /opt/airflow/dags/youtube_medallion_pipeline.py
[2026-07-27T05:34:52.247+0000] {processor.py:914} INFO - Processing file /opt/airflow/dags/youtube_medallion_pipeline.py for tasks to queue
[2026-07-27T05:34:52.255+0000] {logging_mixin.py:190} INFO - [2026-07-27T05:34:52.254+0000] {dagbag.py:588} INFO - Filling up the DagBag from /opt/airflow/dags/youtube_medallion_pipeline.py
[2026-07-27T05:34:52.329+0000] {processor.py:925} INFO - DAG(s) 'youtube_medallion_pipeline' retrieved from /opt/airflow/dags/youtube_medallion_pipeline.py
[2026-07-27T05:34:52.423+0000] {logging_mixin.py:190} INFO - [2026-07-27T05:34:52.422+0000] {dag.py:3239} INFO - Sync 1 DAGs
[2026-07-27T05:34:52.500+0000] {logging_mixin.py:190} INFO - [2026-07-27T05:34:52.499+0000] {dag.py:4180} INFO - Setting next_dagrun for youtube_medallion_pipeline to None, run_after=None
[2026-07-27T05:34:52.616+0000] {processor.py:208} INFO - Processing /opt/airflow/dags/youtube_medallion_pipeline.py took 0.387 seconds
[2026-07-27T05:35:23.184+0000] {processor.py:186} INFO - Started process (PID=425) to work on /opt/airflow/dags/youtube_medallion_pipeline.py
[2026-07-27T05:35:23.396+0000] {processor.py:914} INFO - Processing file /opt/airflow/dags/youtube_medallion_pipeline.py for tasks to queue
[2026-07-27T05:35:23.401+0000] {logging_mixin.py:190} INFO - [2026-07-27T05:35:23.401+0000] {dagbag.py:588} INFO - Filling up the DagBag from /opt/airflow/dags/youtube_medallion_pipeline.py
[2026-07-27T05:35:24.231+0000] {processor.py:925} INFO - DAG(s) 'youtube_medallion_pipeline' retrieved from /opt/airflow/dags/youtube_medallion_pipeline.py
[2026-07-27T05:35:24.310+0000] {logging_mixin.py:190} INFO - [2026-07-27T05:35:24.310+0000] {dag.py:3239} INFO - Sync 1 DAGs
[2026-07-27T05:35:24.337+0000] {logging_mixin.py:190} INFO - [2026-07-27T05:35:24.336+0000] {dag.py:4180} INFO - Setting next_dagrun for youtube_medallion_pipeline to None, run_after=None
[2026-07-27T05:35:24.383+0000] {processor.py:208} INFO - Processing /opt/airflow/dags/youtube_medallion_pipeline.py took 1.207 seconds
[2026-07-27T05:35:54.505+0000] {processor.py:186} INFO - Started process (PID=430) to work on /opt/airflow/dags/youtube_medallion_pipeline.py
[2026-07-27T05:35:54.508+0000] {processor.py:914} INFO - Processing file /opt/airflow/dags/youtube_medallion_pipeline.py for tasks to queue
[2026-07-27T05:35:54.512+0000] {logging_mixin.py:190} INFO - [2026-07-27T05:35:54.512+0000] {dagbag.py:588} INFO - Filling up the DagBag from /opt/airflow/dags/youtube_medallion_pipeline.py
[2026-07-27T05:35:54.539+0000] {processor.py:925} INFO - DAG(s) 'youtube_medallion_pipeline' retrieved from /opt/airflow/dags/youtube_medallion_pipeline.py
[2026-07-27T05:35:54.593+0000] {logging_mixin.py:190} INFO - [2026-07-27T05:35:54.593+0000] {dag.py:3239} INFO - Sync 1 DAGs
[2026-07-27T05:35:54.616+0000] {logging_mixin.py:190} INFO - [2026-07-27T05:35:54.615+0000] {dag.py:4180} INFO - Setting next_dagrun for youtube_medallion_pipeline to None, run_after=None
[2026-07-27T05:35:54.648+0000] {processor.py:208} INFO - Processing /opt/airflow/dags/youtube_medallion_pipeline.py took 0.153 seconds
[2026-07-27T05:36:25.422+0000] {processor.py:186} INFO - Started process (PID=435) to work on /opt/airflow/dags/youtube_medallion_pipeline.py
[2026-07-27T05:36:25.632+0000] {processor.py:914} INFO - Processing file /opt/airflow/dags/youtube_medallion_pipeline.py for tasks to queue
[2026-07-27T05:36:25.636+0000] {logging_mixin.py:190} INFO - [2026-07-27T05:36:25.635+0000] {dagbag.py:588} INFO - Filling up the DagBag from /opt/airflow/dags/youtube_medallion_pipeline.py
[2026-07-27T05:36:25.831+0000] {processor.py:925} INFO - DAG(s) 'youtube_medallion_pipeline' retrieved from /opt/airflow/dags/youtube_medallion_pipeline.py
[2026-07-27T05:36:25.873+0000] {logging_mixin.py:190} INFO - [2026-07-27T05:36:25.873+0000] {dag.py:3239} INFO - Sync 1 DAGs
[2026-07-27T05:36:26.102+0000] {logging_mixin.py:190} INFO - [2026-07-27T05:36:26.101+0000] {dag.py:4180} INFO - Setting next_dagrun for youtube_medallion_pipeline to None, run_after=None
[2026-07-27T05:36:27.173+0000] {processor.py:208} INFO - Processing /opt/airflow/dags/youtube_medallion_pipeline.py took 1.758 seconds
[2026-07-27T05:36:57.723+0000] {processor.py:186} INFO - Started process (PID=440) to work on /opt/airflow/dags/youtube_medallion_pipeline.py
[2026-07-27T05:36:57.726+0000] {processor.py:914} INFO - Processing file /opt/airflow/dags/youtube_medallion_pipeline.py for tasks to queue
[2026-07-27T05:36:57.731+0000] {logging_mixin.py:190} INFO - [2026-07-27T05:36:57.730+0000] {dagbag.py:588} INFO - Filling up the DagBag from /opt/airflow/dags/youtube_medallion_pipeline.py
[2026-07-27T05:36:57.766+0000] {processor.py:925} INFO - DAG(s) 'youtube_medallion_pipeline' retrieved from /opt/airflow/dags/youtube_medallion_pipeline.py
[2026-07-27T05:36:57.841+0000] {logging_mixin.py:190} INFO - [2026-07-27T05:36:57.840+0000] {dag.py:3239} INFO - Sync 1 DAGs
[2026-07-27T05:36:57.922+0000] {logging_mixin.py:190} INFO - [2026-07-27T05:36:57.922+0000] {dag.py:4180} INFO - Setting next_dagrun for youtube_medallion_pipeline to None, run_after=None
[2026-07-27T05:36:57.980+0000] {processor.py:208} INFO - Processing /opt/airflow/dags/youtube_medallion_pipeline.py took 0.266 seconds
[2026-07-27T05:37:28.318+0000] {processor.py:186} INFO - Started process (PID=445) to work on /opt/airflow/dags/youtube_medallion_pipeline.py
[2026-07-27T05:37:28.320+0000] {processor.py:914} INFO - Processing file /opt/airflow/dags/youtube_medallion_pipeline.py for tasks to queue
[2026-07-27T05:37:28.333+0000] {logging_mixin.py:190} INFO - [2026-07-27T05:37:28.332+0000] {dagbag.py:588} INFO - Filling up the DagBag from /opt/airflow/dags/youtube_medallion_pipeline.py
[2026-07-27T05:37:28.412+0000] {processor.py:925} INFO - DAG(s) 'youtube_medallion_pipeline' retrieved from /opt/airflow/dags/youtube_medallion_pipeline.py
[2026-07-27T05:37:28.545+0000] {logging_mixin.py:190} INFO - [2026-07-27T05:37:28.545+0000] {dag.py:3239} INFO - Sync 1 DAGs
[2026-07-27T05:37:28.605+0000] {logging_mixin.py:190} INFO - [2026-07-27T05:37:28.605+0000] {dag.py:4180} INFO - Setting next_dagrun for youtube_medallion_pipeline to None, run_after=None
[2026-07-27T05:37:28.665+0000] {processor.py:208} INFO - Processing /opt/airflow/dags/youtube_medallion_pipeline.py took 0.362 seconds
[2026-07-27T05:37:59.168+0000] {processor.py:186} INFO - Started process (PID=450) to work on /opt/airflow/dags/youtube_medallion_pipeline.py
[2026-07-27T05:37:59.170+0000] {processor.py:914} INFO - Processing file /opt/airflow/dags/youtube_medallion_pipeline.py for tasks to queue
[2026-07-27T05:37:59.175+0000] {logging_mixin.py:190} INFO - [2026-07-27T05:37:59.174+0000] {dagbag.py:588} INFO - Filling up the DagBag from /opt/airflow/dags/youtube_medallion_pipeline.py
[2026-07-27T05:37:59.202+0000] {processor.py:925} INFO - DAG(s) 'youtube_medallion_pipeline' retrieved from /opt/airflow/dags/youtube_medallion_pipeline.py
[2026-07-27T05:37:59.253+0000] {logging_mixin.py:190} INFO - [2026-07-27T05:37:59.253+0000] {dag.py:3239} INFO - Sync 1 DAGs
[2026-07-27T05:37:59.285+0000] {logging_mixin.py:190} INFO - [2026-07-27T05:37:59.284+0000] {dag.py:4180} INFO - Setting next_dagrun for youtube_medallion_pipeline to None, run_after=None
[2026-07-27T05:37:59.320+0000] {processor.py:208} INFO - Processing /opt/airflow/dags/youtube_medallion_pipeline.py took 0.165 seconds
[2026-07-27T05:38:29.424+0000] {processor.py:186} INFO - Started process (PID=455) to work on /opt/airflow/dags/youtube_medallion_pipeline.py
[2026-07-27T05:38:29.427+0000] {processor.py:914} INFO - Processing file /opt/airflow/dags/youtube_medallion_pipeline.py for tasks to queue
[2026-07-27T05:38:29.434+0000] {logging_mixin.py:190} INFO - [2026-07-27T05:38:29.434+0000] {dagbag.py:588} INFO - Filling up the DagBag from /opt/airflow/dags/youtube_medallion_pipeline.py
[2026-07-27T05:38:29.478+0000] {processor.py:925} INFO - DAG(s) 'youtube_medallion_pipeline' retrieved from /opt/airflow/dags/youtube_medallion_pipeline.py
[2026-07-27T05:38:29.543+0000] {logging_mixin.py:190} INFO - [2026-07-27T05:38:29.542+0000] {dag.py:3239} INFO - Sync 1 DAGs
[2026-07-27T05:38:29.575+0000] {logging_mixin.py:190} INFO - [2026-07-27T05:38:29.575+0000] {dag.py:4180} INFO - Setting next_dagrun for youtube_medallion_pipeline to None, run_after=None
[2026-07-27T05:38:29.619+0000] {processor.py:208} INFO - Processing /opt/airflow/dags/youtube_medallion_pipeline.py took 0.210 seconds
[2026-07-27T05:38:59.988+0000] {processor.py:186} INFO - Started process (PID=460) to work on /opt/airflow/dags/youtube_medallion_pipeline.py
[2026-07-27T05:38:59.990+0000] {processor.py:914} INFO - Processing file /opt/airflow/dags/youtube_medallion_pipeline.py for tasks to queue
[2026-07-27T05:38:59.994+0000] {logging_mixin.py:190} INFO - [2026-07-27T05:38:59.994+0000] {dagbag.py:588} INFO - Filling up the DagBag from /opt/airflow/dags/youtube_medallion_pipeline.py
[2026-07-27T05:39:00.026+0000] {processor.py:925} INFO - DAG(s) 'youtube_medallion_pipeline' retrieved from /opt/airflow/dags/youtube_medallion_pipeline.py
[2026-07-27T05:39:00.072+0000] {logging_mixin.py:190} INFO - [2026-07-27T05:39:00.072+0000] {dag.py:3239} INFO - Sync 1 DAGs
[2026-07-27T05:39:00.093+0000] {logging_mixin.py:190} INFO - [2026-07-27T05:39:00.093+0000] {dag.py:4180} INFO - Setting next_dagrun for youtube_medallion_pipeline to None, run_after=None
[2026-07-27T05:39:00.126+0000] {processor.py:208} INFO - Processing /opt/airflow/dags/youtube_medallion_pipeline.py took 0.149 seconds
[2026-07-27T05:39:30.307+0000] {processor.py:186} INFO - Started process (PID=465) to work on /opt/airflow/dags/youtube_medallion_pipeline.py
[2026-07-27T05:39:30.310+0000] {processor.py:914} INFO - Processing file /opt/airflow/dags/youtube_medallion_pipeline.py for tasks to queue
[2026-07-27T05:39:30.316+0000] {logging_mixin.py:190} INFO - [2026-07-27T05:39:30.315+0000] {dagbag.py:588} INFO - Filling up the DagBag from /opt/airflow/dags/youtube_medallion_pipeline.py
[2026-07-27T05:39:30.352+0000] {processor.py:925} INFO - DAG(s) 'youtube_medallion_pipeline' retrieved from /opt/airflow/dags/youtube_medallion_pipeline.py
[2026-07-27T05:39:30.413+0000] {logging_mixin.py:190} INFO - [2026-07-27T05:39:30.413+0000] {dag.py:3239} INFO - Sync 1 DAGs
[2026-07-27T05:39:30.441+0000] {logging_mixin.py:190} INFO - [2026-07-27T05:39:30.441+0000] {dag.py:4180} INFO - Setting next_dagrun for youtube_medallion_pipeline to None, run_after=None
[2026-07-27T05:39:30.476+0000] {processor.py:208} INFO - Processing /opt/airflow/dags/youtube_medallion_pipeline.py took 0.180 seconds
[2026-07-27T05:40:01.021+0000] {processor.py:186} INFO - Started process (PID=470) to work on /opt/airflow/dags/youtube_medallion_pipeline.py
[2026-07-27T05:40:01.024+0000] {processor.py:914} INFO - Processing file /opt/airflow/dags/youtube_medallion_pipeline.py for tasks to queue
[2026-07-27T05:40:01.028+0000] {logging_mixin.py:190} INFO - [2026-07-27T05:40:01.028+0000] {dagbag.py:588} INFO - Filling up the DagBag from /opt/airflow/dags/youtube_medallion_pipeline.py
[2026-07-27T05:40:01.059+0000] {processor.py:925} INFO - DAG(s) 'youtube_medallion_pipeline' retrieved from /opt/airflow/dags/youtube_medallion_pipeline.py
[2026-07-27T05:40:01.110+0000] {logging_mixin.py:190} INFO - [2026-07-27T05:40:01.109+0000] {dag.py:3239} INFO - Sync 1 DAGs
[2026-07-27T05:40:01.140+0000] {logging_mixin.py:190} INFO - [2026-07-27T05:40:01.140+0000] {dag.py:4180} INFO - Setting next_dagrun for youtube_medallion_pipeline to None, run_after=None
[2026-07-27T05:40:01.171+0000] {processor.py:208} INFO - Processing /opt/airflow/dags/youtube_medallion_pipeline.py took 0.159 seconds
[2026-07-27T05:40:31.469+0000] {processor.py:186} INFO - Started process (PID=475) to work on /opt/airflow/dags/youtube_medallion_pipeline.py
[2026-07-27T05:40:31.471+0000] {processor.py:914} INFO - Processing file /opt/airflow/dags/youtube_medallion_pipeline.py for tasks to queue
[2026-07-27T05:40:31.477+0000] {logging_mixin.py:190} INFO - [2026-07-27T05:40:31.476+0000] {dagbag.py:588} INFO - Filling up the DagBag from /opt/airflow/dags/youtube_medallion_pipeline.py
[2026-07-27T05:40:31.581+0000] {processor.py:925} INFO - DAG(s) 'youtube_medallion_pipeline' retrieved from /opt/airflow/dags/youtube_medallion_pipeline.py
[2026-07-27T05:40:31.647+0000] {logging_mixin.py:190} INFO - [2026-07-27T05:40:31.646+0000] {dag.py:3239} INFO - Sync 1 DAGs
[2026-07-27T05:40:31.676+0000] {logging_mixin.py:190} INFO - [2026-07-27T05:40:31.675+0000] {dag.py:4180} INFO - Setting next_dagrun for youtube_medallion_pipeline to None, run_after=None
[2026-07-27T05:40:31.709+0000] {processor.py:208} INFO - Processing /opt/airflow/dags/youtube_medallion_pipeline.py took 0.250 seconds
[2026-07-27T05:41:01.998+0000] {processor.py:186} INFO - Started process (PID=480) to work on /opt/airflow/dags/youtube_medallion_pipeline.py
[2026-07-27T05:41:02.001+0000] {processor.py:914} INFO - Processing file /opt/airflow/dags/youtube_medallion_pipeline.py for tasks to queue
[2026-07-27T05:41:02.008+0000] {logging_mixin.py:190} INFO - [2026-07-27T05:41:02.008+0000] {dagbag.py:588} INFO - Filling up the DagBag from /opt/airflow/dags/youtube_medallion_pipeline.py
[2026-07-27T05:41:02.045+0000] {processor.py:925} INFO - DAG(s) 'youtube_medallion_pipeline' retrieved from /opt/airflow/dags/youtube_medallion_pipeline.py
[2026-07-27T05:41:02.099+0000] {logging_mixin.py:190} INFO - [2026-07-27T05:41:02.098+0000] {dag.py:3239} INFO - Sync 1 DAGs
[2026-07-27T05:41:02.125+0000] {logging_mixin.py:190} INFO - [2026-07-27T05:41:02.125+0000] {dag.py:4180} INFO - Setting next_dagrun for youtube_medallion_pipeline to None, run_after=None
[2026-07-27T05:41:02.164+0000] {processor.py:208} INFO - Processing /opt/airflow/dags/youtube_medallion_pipeline.py took 0.180 seconds
[2026-07-27T05:41:32.362+0000] {processor.py:186} INFO - Started process (PID=485) to work on /opt/airflow/dags/youtube_medallion_pipeline.py
[2026-07-27T05:41:32.364+0000] {processor.py:914} INFO - Processing file /opt/airflow/dags/youtube_medallion_pipeline.py for tasks to queue
[2026-07-27T05:41:32.370+0000] {logging_mixin.py:190} INFO - [2026-07-27T05:41:32.369+0000] {dagbag.py:588} INFO - Filling up the DagBag from /opt/airflow/dags/youtube_medallion_pipeline.py
[2026-07-27T05:41:32.395+0000] {processor.py:925} INFO - DAG(s) 'youtube_medallion_pipeline' retrieved from /opt/airflow/dags/youtube_medallion_pipeline.py
[2026-07-27T05:41:32.446+0000] {logging_mixin.py:190} INFO - [2026-07-27T05:41:32.445+0000] {dag.py:3239} INFO - Sync 1 DAGs
[2026-07-27T05:41:32.468+0000] {logging_mixin.py:190} INFO - [2026-07-27T05:41:32.468+0000] {dag.py:4180} INFO - Setting next_dagrun for youtube_medallion_pipeline to None, run_after=None
[2026-07-27T05:41:32.499+0000] {processor.py:208} INFO - Processing /opt/airflow/dags/youtube_medallion_pipeline.py took 0.146 seconds
[2026-07-27T05:42:02.700+0000] {processor.py:186} INFO - Started process (PID=490) to work on /opt/airflow/dags/youtube_medallion_pipeline.py
[2026-07-27T05:42:02.703+0000] {processor.py:914} INFO - Processing file /opt/airflow/dags/youtube_medallion_pipeline.py for tasks to queue
[2026-07-27T05:42:02.706+0000] {logging_mixin.py:190} INFO - [2026-07-27T05:42:02.706+0000] {dagbag.py:588} INFO - Filling up the DagBag from /opt/airflow/dags/youtube_medallion_pipeline.py
[2026-07-27T05:42:02.735+0000] {processor.py:925} INFO - DAG(s) 'youtube_medallion_pipeline' retrieved from /opt/airflow/dags/youtube_medallion_pipeline.py
[2026-07-27T05:42:02.779+0000] {logging_mixin.py:190} INFO - [2026-07-27T05:42:02.779+0000] {dag.py:3239} INFO - Sync 1 DAGs
[2026-07-27T05:42:02.803+0000] {logging_mixin.py:190} INFO - [2026-07-27T05:42:02.803+0000] {dag.py:4180} INFO - Setting next_dagrun for youtube_medallion_pipeline to None, run_after=None
[2026-07-27T05:42:02.851+0000] {processor.py:208} INFO - Processing /opt/airflow/dags/youtube_medallion_pipeline.py took 0.158 seconds
[2026-07-27T05:42:33.272+0000] {processor.py:186} INFO - Started process (PID=495) to work on /opt/airflow/dags/youtube_medallion_pipeline.py
[2026-07-27T05:42:33.276+0000] {processor.py:914} INFO - Processing file /opt/airflow/dags/youtube_medallion_pipeline.py for tasks to queue
[2026-07-27T05:42:33.298+0000] {logging_mixin.py:190} INFO - [2026-07-27T05:42:33.295+0000] {dagbag.py:588} INFO - Filling up the DagBag from /opt/airflow/dags/youtube_medallion_pipeline.py
[2026-07-27T05:42:33.425+0000] {processor.py:925} INFO - DAG(s) 'youtube_medallion_pipeline' retrieved from /opt/airflow/dags/youtube_medallion_pipeline.py
[2026-07-27T05:42:33.592+0000] {logging_mixin.py:190} INFO - [2026-07-27T05:42:33.591+0000] {dag.py:3239} INFO - Sync 1 DAGs
[2026-07-27T05:42:33.675+0000] {logging_mixin.py:190} INFO - [2026-07-27T05:42:33.675+0000] {dag.py:4180} INFO - Setting next_dagrun for youtube_medallion_pipeline to None, run_after=None
[2026-07-27T05:42:33.739+0000] {processor.py:208} INFO - Processing /opt/airflow/dags/youtube_medallion_pipeline.py took 0.511 seconds
[2026-07-27T05:43:04.511+0000] {processor.py:186} INFO - Started process (PID=500) to work on /opt/airflow/dags/youtube_medallion_pipeline.py
[2026-07-27T05:43:04.525+0000] {processor.py:914} INFO - Processing file /opt/airflow/dags/youtube_medallion_pipeline.py for tasks to queue
[2026-07-27T05:43:04.533+0000] {logging_mixin.py:190} INFO - [2026-07-27T05:43:04.532+0000] {dagbag.py:588} INFO - Filling up the DagBag from /opt/airflow/dags/youtube_medallion_pipeline.py
[2026-07-27T05:43:04.588+0000] {processor.py:925} INFO - DAG(s) 'youtube_medallion_pipeline' retrieved from /opt/airflow/dags/youtube_medallion_pipeline.py
[2026-07-27T05:43:04.659+0000] {logging_mixin.py:190} INFO - [2026-07-27T05:43:04.659+0000] {dag.py:3239} INFO - Sync 1 DAGs
[2026-07-27T05:43:04.692+0000] {logging_mixin.py:190} INFO - [2026-07-27T05:43:04.691+0000] {dag.py:4180} INFO - Setting next_dagrun for youtube_medallion_pipeline to None, run_after=None
[2026-07-27T05:43:04.727+0000] {processor.py:208} INFO - Processing /opt/airflow/dags/youtube_medallion_pipeline.py took 0.233 seconds
[2026-07-27T05:43:34.985+0000] {processor.py:186} INFO - Started process (PID=505) to work on /opt/airflow/dags/youtube_medallion_pipeline.py
[2026-07-27T05:43:34.996+0000] {processor.py:914} INFO - Processing file /opt/airflow/dags/youtube_medallion_pipeline.py for tasks to queue
[2026-07-27T05:43:35.020+0000] {logging_mixin.py:190} INFO - [2026-07-27T05:43:35.017+0000] {dagbag.py:588} INFO - Filling up the DagBag from /opt/airflow/dags/youtube_medallion_pipeline.py
[2026-07-27T05:43:35.062+0000] {processor.py:925} INFO - DAG(s) 'youtube_medallion_pipeline' retrieved from /opt/airflow/dags/youtube_medallion_pipeline.py
[2026-07-27T05:43:35.151+0000] {logging_mixin.py:190} INFO - [2026-07-27T05:43:35.151+0000] {dag.py:3239} INFO - Sync 1 DAGs
[2026-07-27T05:43:35.187+0000] {logging_mixin.py:190} INFO - [2026-07-27T05:43:35.187+0000] {dag.py:4180} INFO - Setting next_dagrun for youtube_medallion_pipeline to None, run_after=None
[2026-07-27T05:43:35.228+0000] {processor.py:208} INFO - Processing /opt/airflow/dags/youtube_medallion_pipeline.py took 0.295 seconds
[2026-07-27T05:44:05.461+0000] {processor.py:186} INFO - Started process (PID=510) to work on /opt/airflow/dags/youtube_medallion_pipeline.py
[2026-07-27T05:44:05.465+0000] {processor.py:914} INFO - Processing file /opt/airflow/dags/youtube_medallion_pipeline.py for tasks to queue
[2026-07-27T05:44:05.471+0000] {logging_mixin.py:190} INFO - [2026-07-27T05:44:05.470+0000] {dagbag.py:588} INFO - Filling up the DagBag from /opt/airflow/dags/youtube_medallion_pipeline.py
[2026-07-27T05:44:05.504+0000] {processor.py:925} INFO - DAG(s) 'youtube_medallion_pipeline' retrieved from /opt/airflow/dags/youtube_medallion_pipeline.py
[2026-07-27T05:44:05.589+0000] {logging_mixin.py:190} INFO - [2026-07-27T05:44:05.588+0000] {dag.py:3239} INFO - Sync 1 DAGs
[2026-07-27T05:44:05.643+0000] {logging_mixin.py:190} INFO - [2026-07-27T05:44:05.643+0000] {dag.py:4180} INFO - Setting next_dagrun for youtube_medallion_pipeline to None, run_after=None
[2026-07-27T05:44:05.721+0000] {processor.py:208} INFO - Processing /opt/airflow/dags/youtube_medallion_pipeline.py took 0.279 seconds
[2026-07-27T05:44:35.885+0000] {processor.py:186} INFO - Started process (PID=515) to work on /opt/airflow/dags/youtube_medallion_pipeline.py
[2026-07-27T05:44:35.892+0000] {processor.py:914} INFO - Processing file /opt/airflow/dags/youtube_medallion_pipeline.py for tasks to queue
[2026-07-27T05:44:35.902+0000] {logging_mixin.py:190} INFO - [2026-07-27T05:44:35.901+0000] {dagbag.py:588} INFO - Filling up the DagBag from /opt/airflow/dags/youtube_medallion_pipeline.py
[2026-07-27T05:44:35.945+0000] {processor.py:925} INFO - DAG(s) 'youtube_medallion_pipeline' retrieved from /opt/airflow/dags/youtube_medallion_pipeline.py
[2026-07-27T05:44:36.012+0000] {logging_mixin.py:190} INFO - [2026-07-27T05:44:36.011+0000] {dag.py:3239} INFO - Sync 1 DAGs
[2026-07-27T05:44:36.055+0000] {logging_mixin.py:190} INFO - [2026-07-27T05:44:36.055+0000] {dag.py:4180} INFO - Setting next_dagrun for youtube_medallion_pipeline to None, run_after=None
[2026-07-27T05:44:36.118+0000] {processor.py:208} INFO - Processing /opt/airflow/dags/youtube_medallion_pipeline.py took 0.241 seconds
[2026-07-27T05:45:06.447+0000] {processor.py:186} INFO - Started process (PID=520) to work on /opt/airflow/dags/youtube_medallion_pipeline.py
[2026-07-27T05:45:06.451+0000] {processor.py:914} INFO - Processing file /opt/airflow/dags/youtube_medallion_pipeline.py for tasks to queue
[2026-07-27T05:45:06.463+0000] {logging_mixin.py:190} INFO - [2026-07-27T05:45:06.462+0000] {dagbag.py:588} INFO - Filling up the DagBag from /opt/airflow/dags/youtube_medallion_pipeline.py
[2026-07-27T05:45:06.514+0000] {processor.py:925} INFO - DAG(s) 'youtube_medallion_pipeline' retrieved from /opt/airflow/dags/youtube_medallion_pipeline.py
[2026-07-27T05:45:06.605+0000] {logging_mixin.py:190} INFO - [2026-07-27T05:45:06.605+0000] {dag.py:3239} INFO - Sync 1 DAGs
[2026-07-27T05:45:06.650+0000] {logging_mixin.py:190} INFO - [2026-07-27T05:45:06.650+0000] {dag.py:4180} INFO - Setting next_dagrun for youtube_medallion_pipeline to None, run_after=None
[2026-07-27T05:45:06.736+0000] {processor.py:208} INFO - Processing /opt/airflow/dags/youtube_medallion_pipeline.py took 0.309 seconds
[2026-07-27T05:45:36.839+0000] {processor.py:186} INFO - Started process (PID=525) to work on /opt/airflow/dags/youtube_medallion_pipeline.py
[2026-07-27T05:45:36.841+0000] {processor.py:914} INFO - Processing file /opt/airflow/dags/youtube_medallion_pipeline.py for tasks to queue
[2026-07-27T05:45:36.848+0000] {logging_mixin.py:190} INFO - [2026-07-27T05:45:36.847+0000] {dagbag.py:588} INFO - Filling up the DagBag from /opt/airflow/dags/youtube_medallion_pipeline.py
[2026-07-27T05:45:36.880+0000] {processor.py:925} INFO - DAG(s) 'youtube_medallion_pipeline' retrieved from /opt/airflow/dags/youtube_medallion_pipeline.py
[2026-07-27T05:45:36.949+0000] {logging_mixin.py:190} INFO - [2026-07-27T05:45:36.949+0000] {dag.py:3239} INFO - Sync 1 DAGs
[2026-07-27T05:45:36.981+0000] {logging_mixin.py:190} INFO - [2026-07-27T05:45:36.981+0000] {dag.py:4180} INFO - Setting next_dagrun for youtube_medallion_pipeline to None, run_after=None
[2026-07-27T05:45:37.023+0000] {processor.py:208} INFO - Processing /opt/airflow/dags/youtube_medallion_pipeline.py took 0.194 seconds
[2026-07-27T05:46:07.179+0000] {processor.py:186} INFO - Started process (PID=530) to work on /opt/airflow/dags/youtube_medallion_pipeline.py
[2026-07-27T05:46:07.182+0000] {processor.py:914} INFO - Processing file /opt/airflow/dags/youtube_medallion_pipeline.py for tasks to queue
[2026-07-27T05:46:07.186+0000] {logging_mixin.py:190} INFO - [2026-07-27T05:46:07.185+0000] {dagbag.py:588} INFO - Filling up the DagBag from /opt/airflow/dags/youtube_medallion_pipeline.py
[2026-07-27T05:46:07.217+0000] {processor.py:925} INFO - DAG(s) 'youtube_medallion_pipeline' retrieved from /opt/airflow/dags/youtube_medallion_pipeline.py
[2026-07-27T05:46:07.266+0000] {logging_mixin.py:190} INFO - [2026-07-27T05:46:07.266+0000] {dag.py:3239} INFO - Sync 1 DAGs
[2026-07-27T05:46:07.292+0000] {logging_mixin.py:190} INFO - [2026-07-27T05:46:07.292+0000] {dag.py:4180} INFO - Setting next_dagrun for youtube_medallion_pipeline to None, run_after=None
[2026-07-27T05:46:07.326+0000] {processor.py:208} INFO - Processing /opt/airflow/dags/youtube_medallion_pipeline.py took 0.157 seconds
[2026-07-27T05:46:37.484+0000] {processor.py:186} INFO - Started process (PID=535) to work on /opt/airflow/dags/youtube_medallion_pipeline.py
[2026-07-27T05:46:37.486+0000] {processor.py:914} INFO - Processing file /opt/airflow/dags/youtube_medallion_pipeline.py for tasks to queue
[2026-07-27T05:46:37.491+0000] {logging_mixin.py:190} INFO - [2026-07-27T05:46:37.490+0000] {dagbag.py:588} INFO - Filling up the DagBag from /opt/airflow/dags/youtube_medallion_pipeline.py
[2026-07-27T05:46:37.519+0000] {processor.py:925} INFO - DAG(s) 'youtube_medallion_pipeline' retrieved from /opt/airflow/dags/youtube_medallion_pipeline.py
[2026-07-27T05:46:37.575+0000] {logging_mixin.py:190} INFO - [2026-07-27T05:46:37.574+0000] {dag.py:3239} INFO - Sync 1 DAGs
[2026-07-27T05:46:37.615+0000] {logging_mixin.py:190} INFO - [2026-07-27T05:46:37.615+0000] {dag.py:4180} INFO - Setting next_dagrun for youtube_medallion_pipeline to None, run_after=None
[2026-07-27T05:46:37.662+0000] {processor.py:208} INFO - Processing /opt/airflow/dags/youtube_medallion_pipeline.py took 0.190 seconds
[2026-07-27T05:47:08.093+0000] {processor.py:186} INFO - Started process (PID=540) to work on /opt/airflow/dags/youtube_medallion_pipeline.py
[2026-07-27T05:47:08.098+0000] {processor.py:914} INFO - Processing file /opt/airflow/dags/youtube_medallion_pipeline.py for tasks to queue
[2026-07-27T05:47:08.104+0000] {logging_mixin.py:190} INFO - [2026-07-27T05:47:08.103+0000] {dagbag.py:588} INFO - Filling up the DagBag from /opt/airflow/dags/youtube_medallion_pipeline.py
[2026-07-27T05:47:08.150+0000] {processor.py:925} INFO - DAG(s) 'youtube_medallion_pipeline' retrieved from /opt/airflow/dags/youtube_medallion_pipeline.py
[2026-07-27T05:47:08.221+0000] {logging_mixin.py:190} INFO - [2026-07-27T05:47:08.221+0000] {dag.py:3239} INFO - Sync 1 DAGs
[2026-07-27T05:47:08.266+0000] {logging_mixin.py:190} INFO - [2026-07-27T05:47:08.265+0000] {dag.py:4180} INFO - Setting next_dagrun for youtube_medallion_pipeline to None, run_after=None
[2026-07-27T05:47:08.306+0000] {processor.py:208} INFO - Processing /opt/airflow/dags/youtube_medallion_pipeline.py took 0.225 seconds
[2026-07-27T05:47:38.713+0000] {processor.py:186} INFO - Started process (PID=545) to work on /opt/airflow/dags/youtube_medallion_pipeline.py
[2026-07-27T05:47:38.718+0000] {processor.py:914} INFO - Processing file /opt/airflow/dags/youtube_medallion_pipeline.py for tasks to queue
[2026-07-27T05:47:38.742+0000] {logging_mixin.py:190} INFO - [2026-07-27T05:47:38.739+0000] {dagbag.py:588} INFO - Filling up the DagBag from /opt/airflow/dags/youtube_medallion_pipeline.py
[2026-07-27T05:47:38.902+0000] {processor.py:925} INFO - DAG(s) 'youtube_medallion_pipeline' retrieved from /opt/airflow/dags/youtube_medallion_pipeline.py
[2026-07-27T05:47:39.156+0000] {logging_mixin.py:190} INFO - [2026-07-27T05:47:39.156+0000] {dag.py:3239} INFO - Sync 1 DAGs
[2026-07-27T05:47:39.267+0000] {logging_mixin.py:190} INFO - [2026-07-27T05:47:39.266+0000] {dag.py:4180} INFO - Setting next_dagrun for youtube_medallion_pipeline to None, run_after=None
[2026-07-27T05:47:39.352+0000] {processor.py:208} INFO - Processing /opt/airflow/dags/youtube_medallion_pipeline.py took 0.671 seconds
[2026-07-27T05:48:09.799+0000] {processor.py:186} INFO - Started process (PID=550) to work on /opt/airflow/dags/youtube_medallion_pipeline.py
[2026-07-27T05:48:09.820+0000] {processor.py:914} INFO - Processing file /opt/airflow/dags/youtube_medallion_pipeline.py for tasks to queue
[2026-07-27T05:48:09.854+0000] {logging_mixin.py:190} INFO - [2026-07-27T05:48:09.853+0000] {dagbag.py:588} INFO - Filling up the DagBag from /opt/airflow/dags/youtube_medallion_pipeline.py
[2026-07-27T05:48:09.908+0000] {processor.py:925} INFO - DAG(s) 'youtube_medallion_pipeline' retrieved from /opt/airflow/dags/youtube_medallion_pipeline.py
[2026-07-27T05:48:09.984+0000] {logging_mixin.py:190} INFO - [2026-07-27T05:48:09.984+0000] {dag.py:3239} INFO - Sync 1 DAGs
[2026-07-27T05:48:10.021+0000] {logging_mixin.py:190} INFO - [2026-07-27T05:48:10.020+0000] {dag.py:4180} INFO - Setting next_dagrun for youtube_medallion_pipeline to None, run_after=None
[2026-07-27T05:48:10.060+0000] {processor.py:208} INFO - Processing /opt/airflow/dags/youtube_medallion_pipeline.py took 0.284 seconds
[2026-07-27T05:48:40.292+0000] {processor.py:186} INFO - Started process (PID=555) to work on /opt/airflow/dags/youtube_medallion_pipeline.py
[2026-07-27T05:48:40.294+0000] {processor.py:914} INFO - Processing file /opt/airflow/dags/youtube_medallion_pipeline.py for tasks to queue
[2026-07-27T05:48:40.300+0000] {logging_mixin.py:190} INFO - [2026-07-27T05:48:40.300+0000] {dagbag.py:588} INFO - Filling up the DagBag from /opt/airflow/dags/youtube_medallion_pipeline.py
[2026-07-27T05:48:40.342+0000] {processor.py:925} INFO - DAG(s) 'youtube_medallion_pipeline' retrieved from /opt/airflow/dags/youtube_medallion_pipeline.py
[2026-07-27T05:48:40.450+0000] {logging_mixin.py:190} INFO - [2026-07-27T05:48:40.450+0000] {dag.py:3239} INFO - Sync 1 DAGs
[2026-07-27T05:48:40.491+0000] {logging_mixin.py:190} INFO - [2026-07-27T05:48:40.491+0000] {dag.py:4180} INFO - Setting next_dagrun for youtube_medallion_pipeline to None, run_after=None
[2026-07-27T05:48:40.552+0000] {processor.py:208} INFO - Processing /opt/airflow/dags/youtube_medallion_pipeline.py took 0.271 seconds
[2026-07-27T05:49:10.812+0000] {processor.py:186} INFO - Started process (PID=560) to work on /opt/airflow/dags/youtube_medallion_pipeline.py
[2026-07-27T05:49:10.814+0000] {processor.py:914} INFO - Processing file /opt/airflow/dags/youtube_medallion_pipeline.py for tasks to queue
[2026-07-27T05:49:10.821+0000] {logging_mixin.py:190} INFO - [2026-07-27T05:49:10.820+0000] {dagbag.py:588} INFO - Filling up the DagBag from /opt/airflow/dags/youtube_medallion_pipeline.py
[2026-07-27T05:49:10.917+0000] {processor.py:925} INFO - DAG(s) 'youtube_medallion_pipeline' retrieved from /opt/airflow/dags/youtube_medallion_pipeline.py
[2026-07-27T05:49:11.032+0000] {logging_mixin.py:190} INFO - [2026-07-27T05:49:11.032+0000] {dag.py:3239} INFO - Sync 1 DAGs
[2026-07-27T05:49:11.077+0000] {logging_mixin.py:190} INFO - [2026-07-27T05:49:11.076+0000] {dag.py:4180} INFO - Setting next_dagrun for youtube_medallion_pipeline to None, run_after=None
[2026-07-27T05:49:11.112+0000] {processor.py:208} INFO - Processing /opt/airflow/dags/youtube_medallion_pipeline.py took 0.318 seconds
[2026-07-27T05:49:41.277+0000] {processor.py:186} INFO - Started process (PID=565) to work on /opt/airflow/dags/youtube_medallion_pipeline.py
[2026-07-27T05:49:41.280+0000] {processor.py:914} INFO - Processing file /opt/airflow/dags/youtube_medallion_pipeline.py for tasks to queue
[2026-07-27T05:49:41.287+0000] {logging_mixin.py:190} INFO - [2026-07-27T05:49:41.285+0000] {dagbag.py:588} INFO - Filling up the DagBag from /opt/airflow/dags/youtube_medallion_pipeline.py
[2026-07-27T05:49:41.337+0000] {processor.py:925} INFO - DAG(s) 'youtube_medallion_pipeline' retrieved from /opt/airflow/dags/youtube_medallion_pipeline.py
[2026-07-27T05:49:41.405+0000] {logging_mixin.py:190} INFO - [2026-07-27T05:49:41.404+0000] {dag.py:3239} INFO - Sync 1 DAGs
[2026-07-27T05:49:41.435+0000] {logging_mixin.py:190} INFO - [2026-07-27T05:49:41.434+0000] {dag.py:4180} INFO - Setting next_dagrun for youtube_medallion_pipeline to None, run_after=None
[2026-07-27T05:49:41.481+0000] {processor.py:208} INFO - Processing /opt/airflow/dags/youtube_medallion_pipeline.py took 0.221 seconds
[2026-07-27T05:50:11.907+0000] {processor.py:186} INFO - Started process (PID=570) to work on /opt/airflow/dags/youtube_medallion_pipeline.py
[2026-07-27T05:50:11.920+0000] {processor.py:914} INFO - Processing file /opt/airflow/dags/youtube_medallion_pipeline.py for tasks to queue
[2026-07-27T05:50:12.001+0000] {logging_mixin.py:190} INFO - [2026-07-27T05:50:11.998+0000] {dagbag.py:588} INFO - Filling up the DagBag from /opt/airflow/dags/youtube_medallion_pipeline.py
[2026-07-27T05:50:12.143+0000] {processor.py:925} INFO - DAG(s) 'youtube_medallion_pipeline' retrieved from /opt/airflow/dags/youtube_medallion_pipeline.py
[2026-07-27T05:50:12.257+0000] {logging_mixin.py:190} INFO - [2026-07-27T05:50:12.257+0000] {dag.py:3239} INFO - Sync 1 DAGs
[2026-07-27T05:50:12.303+0000] {logging_mixin.py:190} INFO - [2026-07-27T05:50:12.302+0000] {dag.py:4180} INFO - Setting next_dagrun for youtube_medallion_pipeline to None, run_after=None
[2026-07-27T05:50:12.345+0000] {processor.py:208} INFO - Processing /opt/airflow/dags/youtube_medallion_pipeline.py took 0.484 seconds
[2026-07-27T05:50:42.792+0000] {processor.py:186} INFO - Started process (PID=575) to work on /opt/airflow/dags/youtube_medallion_pipeline.py
[2026-07-27T05:50:42.797+0000] {processor.py:914} INFO - Processing file /opt/airflow/dags/youtube_medallion_pipeline.py for tasks to queue
[2026-07-27T05:50:42.807+0000] {logging_mixin.py:190} INFO - [2026-07-27T05:50:42.805+0000] {dagbag.py:588} INFO - Filling up the DagBag from /opt/airflow/dags/youtube_medallion_pipeline.py
[2026-07-27T05:50:42.861+0000] {processor.py:925} INFO - DAG(s) 'youtube_medallion_pipeline' retrieved from /opt/airflow/dags/youtube_medallion_pipeline.py
[2026-07-27T05:50:42.939+0000] {logging_mixin.py:190} INFO - [2026-07-27T05:50:42.939+0000] {dag.py:3239} INFO - Sync 1 DAGs
[2026-07-27T05:50:42.973+0000] {logging_mixin.py:190} INFO - [2026-07-27T05:50:42.973+0000] {dag.py:4180} INFO - Setting next_dagrun for youtube_medallion_pipeline to None, run_after=None
[2026-07-27T05:50:43.018+0000] {processor.py:208} INFO - Processing /opt/airflow/dags/youtube_medallion_pipeline.py took 0.240 seconds
[2026-07-27T05:51:13.413+0000] {processor.py:186} INFO - Started process (PID=580) to work on /opt/airflow/dags/youtube_medallion_pipeline.py
[2026-07-27T05:51:13.415+0000] {processor.py:914} INFO - Processing file /opt/airflow/dags/youtube_medallion_pipeline.py for tasks to queue
[2026-07-27T05:51:13.425+0000] {logging_mixin.py:190} INFO - [2026-07-27T05:51:13.424+0000] {dagbag.py:588} INFO - Filling up the DagBag from /opt/airflow/dags/youtube_medallion_pipeline.py
[2026-07-27T05:51:13.468+0000] {processor.py:925} INFO - DAG(s) 'youtube_medallion_pipeline' retrieved from /opt/airflow/dags/youtube_medallion_pipeline.py
[2026-07-27T05:51:13.543+0000] {logging_mixin.py:190} INFO - [2026-07-27T05:51:13.542+0000] {dag.py:3239} INFO - Sync 1 DAGs
[2026-07-27T05:51:13.577+0000] {logging_mixin.py:190} INFO - [2026-07-27T05:51:13.576+0000] {dag.py:4180} INFO - Setting next_dagrun for youtube_medallion_pipeline to None, run_after=None
[2026-07-27T05:51:13.619+0000] {processor.py:208} INFO - Processing /opt/airflow/dags/youtube_medallion_pipeline.py took 0.220 seconds
[2026-07-27T05:51:43.730+0000] {processor.py:186} INFO - Started process (PID=585) to work on /opt/airflow/dags/youtube_medallion_pipeline.py
[2026-07-27T05:51:43.733+0000] {processor.py:914} INFO - Processing file /opt/airflow/dags/youtube_medallion_pipeline.py for tasks to queue
[2026-07-27T05:51:43.740+0000] {logging_mixin.py:190} INFO - [2026-07-27T05:51:43.740+0000] {dagbag.py:588} INFO - Filling up the DagBag from /opt/airflow/dags/youtube_medallion_pipeline.py
[2026-07-27T05:51:43.787+0000] {processor.py:925} INFO - DAG(s) 'youtube_medallion_pipeline' retrieved from /opt/airflow/dags/youtube_medallion_pipeline.py
[2026-07-27T05:51:43.849+0000] {logging_mixin.py:190} INFO - [2026-07-27T05:51:43.849+0000] {dag.py:3239} INFO - Sync 1 DAGs
[2026-07-27T05:51:43.877+0000] {logging_mixin.py:190} INFO - [2026-07-27T05:51:43.877+0000] {dag.py:4180} INFO - Setting next_dagrun for youtube_medallion_pipeline to None, run_after=None
[2026-07-27T05:51:43.914+0000] {processor.py:208} INFO - Processing /opt/airflow/dags/youtube_medallion_pipeline.py took 0.200 seconds
[2026-07-27T05:52:14.033+0000] {processor.py:186} INFO - Started process (PID=590) to work on /opt/airflow/dags/youtube_medallion_pipeline.py
[2026-07-27T05:52:14.035+0000] {processor.py:914} INFO - Processing file /opt/airflow/dags/youtube_medallion_pipeline.py for tasks to queue
[2026-07-27T05:52:14.043+0000] {logging_mixin.py:190} INFO - [2026-07-27T05:52:14.042+0000] {dagbag.py:588} INFO - Filling up the DagBag from /opt/airflow/dags/youtube_medallion_pipeline.py
[2026-07-27T05:52:14.080+0000] {processor.py:925} INFO - DAG(s) 'youtube_medallion_pipeline' retrieved from /opt/airflow/dags/youtube_medallion_pipeline.py
[2026-07-27T05:52:14.142+0000] {logging_mixin.py:190} INFO - [2026-07-27T05:52:14.142+0000] {dag.py:3239} INFO - Sync 1 DAGs
[2026-07-27T05:52:14.173+0000] {logging_mixin.py:190} INFO - [2026-07-27T05:52:14.172+0000] {dag.py:4180} INFO - Setting next_dagrun for youtube_medallion_pipeline to None, run_after=None
[2026-07-27T05:52:14.213+0000] {processor.py:208} INFO - Processing /opt/airflow/dags/youtube_medallion_pipeline.py took 0.193 seconds
[2026-07-27T05:52:44.595+0000] {processor.py:186} INFO - Started process (PID=595) to work on /opt/airflow/dags/youtube_medallion_pipeline.py
[2026-07-27T05:52:44.601+0000] {processor.py:914} INFO - Processing file /opt/airflow/dags/youtube_medallion_pipeline.py for tasks to queue
[2026-07-27T05:52:44.634+0000] {logging_mixin.py:190} INFO - [2026-07-27T05:52:44.630+0000] {dagbag.py:588} INFO - Filling up the DagBag from /opt/airflow/dags/youtube_medallion_pipeline.py
[2026-07-27T05:52:44.818+0000] {processor.py:925} INFO - DAG(s) 'youtube_medallion_pipeline' retrieved from /opt/airflow/dags/youtube_medallion_pipeline.py
[2026-07-27T05:52:45.051+0000] {logging_mixin.py:190} INFO - [2026-07-27T05:52:45.051+0000] {dag.py:3239} INFO - Sync 1 DAGs
[2026-07-27T05:52:45.137+0000] {logging_mixin.py:190} INFO - [2026-07-27T05:52:45.136+0000] {dag.py:4180} INFO - Setting next_dagrun for youtube_medallion_pipeline to None, run_after=None
[2026-07-27T05:52:45.193+0000] {processor.py:208} INFO - Processing /opt/airflow/dags/youtube_medallion_pipeline.py took 0.667 seconds
[2026-07-27T05:53:15.559+0000] {processor.py:186} INFO - Started process (PID=600) to work on /opt/airflow/dags/youtube_medallion_pipeline.py
[2026-07-27T05:53:15.562+0000] {processor.py:914} INFO - Processing file /opt/airflow/dags/youtube_medallion_pipeline.py for tasks to queue
[2026-07-27T05:53:15.566+0000] {logging_mixin.py:190} INFO - [2026-07-27T05:53:15.566+0000] {dagbag.py:588} INFO - Filling up the DagBag from /opt/airflow/dags/youtube_medallion_pipeline.py
[2026-07-27T05:53:15.600+0000] {processor.py:925} INFO - DAG(s) 'youtube_medallion_pipeline' retrieved from /opt/airflow/dags/youtube_medallion_pipeline.py
[2026-07-27T05:53:15.657+0000] {logging_mixin.py:190} INFO - [2026-07-27T05:53:15.657+0000] {dag.py:3239} INFO - Sync 1 DAGs
[2026-07-27T05:53:15.694+0000] {logging_mixin.py:190} INFO - [2026-07-27T05:53:15.694+0000] {dag.py:4180} INFO - Setting next_dagrun for youtube_medallion_pipeline to None, run_after=None
[2026-07-27T05:53:15.742+0000] {processor.py:208} INFO - Processing /opt/airflow/dags/youtube_medallion_pipeline.py took 0.197 seconds
[2026-07-27T05:53:46.106+0000] {processor.py:186} INFO - Started process (PID=605) to work on /opt/airflow/dags/youtube_medallion_pipeline.py
[2026-07-27T05:53:46.108+0000] {processor.py:914} INFO - Processing file /opt/airflow/dags/youtube_medallion_pipeline.py for tasks to queue
[2026-07-27T05:53:46.113+0000] {logging_mixin.py:190} INFO - [2026-07-27T05:53:46.113+0000] {dagbag.py:588} INFO - Filling up the DagBag from /opt/airflow/dags/youtube_medallion_pipeline.py
[2026-07-27T05:53:46.147+0000] {processor.py:925} INFO - DAG(s) 'youtube_medallion_pipeline' retrieved from /opt/airflow/dags/youtube_medallion_pipeline.py
[2026-07-27T05:53:46.204+0000] {logging_mixin.py:190} INFO - [2026-07-27T05:53:46.204+0000] {dag.py:3239} INFO - Sync 1 DAGs
[2026-07-27T05:53:46.235+0000] {logging_mixin.py:190} INFO - [2026-07-27T05:53:46.234+0000] {dag.py:4180} INFO - Setting next_dagrun for youtube_medallion_pipeline to None, run_after=None
[2026-07-27T05:53:46.274+0000] {processor.py:208} INFO - Processing /opt/airflow/dags/youtube_medallion_pipeline.py took 0.178 seconds
[2026-07-27T05:54:16.688+0000] {processor.py:186} INFO - Started process (PID=610) to work on /opt/airflow/dags/youtube_medallion_pipeline.py
[2026-07-27T05:54:16.691+0000] {processor.py:914} INFO - Processing file /opt/airflow/dags/youtube_medallion_pipeline.py for tasks to queue
[2026-07-27T05:54:16.713+0000] {logging_mixin.py:190} INFO - [2026-07-27T05:54:16.708+0000] {dagbag.py:588} INFO - Filling up the DagBag from /opt/airflow/dags/youtube_medallion_pipeline.py
[2026-07-27T05:54:16.746+0000] {processor.py:925} INFO - DAG(s) 'youtube_medallion_pipeline' retrieved from /opt/airflow/dags/youtube_medallion_pipeline.py
[2026-07-27T05:54:16.856+0000] {logging_mixin.py:190} INFO - [2026-07-27T05:54:16.856+0000] {dag.py:3239} INFO - Sync 1 DAGs
[2026-07-27T05:54:16.887+0000] {logging_mixin.py:190} INFO - [2026-07-27T05:54:16.886+0000] {dag.py:4180} INFO - Setting next_dagrun for youtube_medallion_pipeline to None, run_after=None
[2026-07-27T05:54:16.917+0000] {processor.py:208} INFO - Processing /opt/airflow/dags/youtube_medallion_pipeline.py took 0.239 seconds
[2026-07-27T05:54:47.439+0000] {processor.py:186} INFO - Started process (PID=615) to work on /opt/airflow/dags/youtube_medallion_pipeline.py
[2026-07-27T05:54:47.443+0000] {processor.py:914} INFO - Processing file /opt/airflow/dags/youtube_medallion_pipeline.py for tasks to queue
[2026-07-27T05:54:47.452+0000] {logging_mixin.py:190} INFO - [2026-07-27T05:54:47.450+0000] {dagbag.py:588} INFO - Filling up the DagBag from /opt/airflow/dags/youtube_medallion_pipeline.py
[2026-07-27T05:54:47.702+0000] {processor.py:925} INFO - DAG(s) 'youtube_medallion_pipeline' retrieved from /opt/airflow/dags/youtube_medallion_pipeline.py
[2026-07-27T05:54:48.100+0000] {logging_mixin.py:190} INFO - [2026-07-27T05:54:48.100+0000] {dag.py:3239} INFO - Sync 1 DAGs
[2026-07-27T05:54:48.248+0000] {logging_mixin.py:190} INFO - [2026-07-27T05:54:48.247+0000] {dag.py:4180} INFO - Setting next_dagrun for youtube_medallion_pipeline to None, run_after=None
[2026-07-27T05:54:48.362+0000] {processor.py:208} INFO - Processing /opt/airflow/dags/youtube_medallion_pipeline.py took 0.945 seconds
[2026-07-27T05:55:18.672+0000] {processor.py:186} INFO - Started process (PID=620) to work on /opt/airflow/dags/youtube_medallion_pipeline.py
[2026-07-27T05:55:18.676+0000] {processor.py:914} INFO - Processing file /opt/airflow/dags/youtube_medallion_pipeline.py for tasks to queue
[2026-07-27T05:55:18.684+0000] {logging_mixin.py:190} INFO - [2026-07-27T05:55:18.683+0000] {dagbag.py:588} INFO - Filling up the DagBag from /opt/airflow/dags/youtube_medallion_pipeline.py
[2026-07-27T05:55:18.746+0000] {processor.py:925} INFO - DAG(s) 'youtube_medallion_pipeline' retrieved from /opt/airflow/dags/youtube_medallion_pipeline.py
[2026-07-27T05:55:18.825+0000] {logging_mixin.py:190} INFO - [2026-07-27T05:55:18.824+0000] {dag.py:3239} INFO - Sync 1 DAGs
[2026-07-27T05:55:18.857+0000] {logging_mixin.py:190} INFO - [2026-07-27T05:55:18.857+0000] {dag.py:4180} INFO - Setting next_dagrun for youtube_medallion_pipeline to None, run_after=None
[2026-07-27T05:55:18.904+0000] {processor.py:208} INFO - Processing /opt/airflow/dags/youtube_medallion_pipeline.py took 0.244 seconds
[2026-07-27T05:55:49.205+0000] {processor.py:186} INFO - Started process (PID=625) to work on /opt/airflow/dags/youtube_medallion_pipeline.py
[2026-07-27T05:55:49.208+0000] {processor.py:914} INFO - Processing file /opt/airflow/dags/youtube_medallion_pipeline.py for tasks to queue
[2026-07-27T05:55:49.227+0000] {logging_mixin.py:190} INFO - [2026-07-27T05:55:49.225+0000] {dagbag.py:588} INFO - Filling up the DagBag from /opt/airflow/dags/youtube_medallion_pipeline.py
[2026-07-27T05:55:49.282+0000] {processor.py:925} INFO - DAG(s) 'youtube_medallion_pipeline' retrieved from /opt/airflow/dags/youtube_medallion_pipeline.py
[2026-07-27T05:55:49.615+0000] {logging_mixin.py:190} INFO - [2026-07-27T05:55:49.615+0000] {dag.py:3239} INFO - Sync 1 DAGs
[2026-07-27T05:55:49.667+0000] {logging_mixin.py:190} INFO - [2026-07-27T05:55:49.667+0000] {dag.py:4180} INFO - Setting next_dagrun for youtube_medallion_pipeline to None, run_after=None
[2026-07-27T05:55:49.781+0000] {processor.py:208} INFO - Processing /opt/airflow/dags/youtube_medallion_pipeline.py took 0.590 seconds
[2026-07-27T05:56:20.145+0000] {processor.py:186} INFO - Started process (PID=630) to work on /opt/airflow/dags/youtube_medallion_pipeline.py
[2026-07-27T05:56:20.147+0000] {processor.py:914} INFO - Processing file /opt/airflow/dags/youtube_medallion_pipeline.py for tasks to queue
[2026-07-27T05:56:20.155+0000] {logging_mixin.py:190} INFO - [2026-07-27T05:56:20.154+0000] {dagbag.py:588} INFO - Filling up the DagBag from /opt/airflow/dags/youtube_medallion_pipeline.py
[2026-07-27T05:56:20.252+0000] {processor.py:925} INFO - DAG(s) 'youtube_medallion_pipeline' retrieved from /opt/airflow/dags/youtube_medallion_pipeline.py
[2026-07-27T05:56:20.349+0000] {logging_mixin.py:190} INFO - [2026-07-27T05:56:20.349+0000] {dag.py:3239} INFO - Sync 1 DAGs
[2026-07-27T05:56:20.381+0000] {logging_mixin.py:190} INFO - [2026-07-27T05:56:20.380+0000] {dag.py:4180} INFO - Setting next_dagrun for youtube_medallion_pipeline to None, run_after=None
[2026-07-27T05:56:20.416+0000] {processor.py:208} INFO - Processing /opt/airflow/dags/youtube_medallion_pipeline.py took 0.281 seconds
[2026-07-27T05:56:50.794+0000] {processor.py:186} INFO - Started process (PID=635) to work on /opt/airflow/dags/youtube_medallion_pipeline.py
[2026-07-27T05:56:50.806+0000] {processor.py:914} INFO - Processing file /opt/airflow/dags/youtube_medallion_pipeline.py for tasks to queue
[2026-07-27T05:56:50.852+0000] {logging_mixin.py:190} INFO - [2026-07-27T05:56:50.848+0000] {dagbag.py:588} INFO - Filling up the DagBag from /opt/airflow/dags/youtube_medallion_pipeline.py
[2026-07-27T05:56:50.975+0000] {processor.py:925} INFO - DAG(s) 'youtube_medallion_pipeline' retrieved from /opt/airflow/dags/youtube_medallion_pipeline.py
[2026-07-27T05:56:51.069+0000] {logging_mixin.py:190} INFO - [2026-07-27T05:56:51.068+0000] {dag.py:3239} INFO - Sync 1 DAGs
[2026-07-27T05:56:51.098+0000] {logging_mixin.py:190} INFO - [2026-07-27T05:56:51.098+0000] {dag.py:4180} INFO - Setting next_dagrun for youtube_medallion_pipeline to None, run_after=None
[2026-07-27T05:56:51.139+0000] {processor.py:208} INFO - Processing /opt/airflow/dags/youtube_medallion_pipeline.py took 0.383 seconds
[2026-07-27T05:57:21.510+0000] {processor.py:186} INFO - Started process (PID=640) to work on /opt/airflow/dags/youtube_medallion_pipeline.py
[2026-07-27T05:57:21.513+0000] {processor.py:914} INFO - Processing file /opt/airflow/dags/youtube_medallion_pipeline.py for tasks to queue
[2026-07-27T05:57:21.519+0000] {logging_mixin.py:190} INFO - [2026-07-27T05:57:21.518+0000] {dagbag.py:588} INFO - Filling up the DagBag from /opt/airflow/dags/youtube_medallion_pipeline.py
[2026-07-27T05:57:21.560+0000] {processor.py:925} INFO - DAG(s) 'youtube_medallion_pipeline' retrieved from /opt/airflow/dags/youtube_medallion_pipeline.py
[2026-07-27T05:57:21.617+0000] {logging_mixin.py:190} INFO - [2026-07-27T05:57:21.617+0000] {dag.py:3239} INFO - Sync 1 DAGs
[2026-07-27T05:57:21.641+0000] {logging_mixin.py:190} INFO - [2026-07-27T05:57:21.641+0000] {dag.py:4180} INFO - Setting next_dagrun for youtube_medallion_pipeline to None, run_after=None
[2026-07-27T05:57:21.675+0000] {processor.py:208} INFO - Processing /opt/airflow/dags/youtube_medallion_pipeline.py took 0.184 seconds
[2026-07-27T05:57:51.957+0000] {processor.py:186} INFO - Started process (PID=645) to work on /opt/airflow/dags/youtube_medallion_pipeline.py
[2026-07-27T05:57:51.970+0000] {processor.py:914} INFO - Processing file /opt/airflow/dags/youtube_medallion_pipeline.py for tasks to queue
[2026-07-27T05:57:52.013+0000] {logging_mixin.py:190} INFO - [2026-07-27T05:57:52.009+0000] {dagbag.py:588} INFO - Filling up the DagBag from /opt/airflow/dags/youtube_medallion_pipeline.py
[2026-07-27T05:57:52.106+0000] {processor.py:925} INFO - DAG(s) 'youtube_medallion_pipeline' retrieved from /opt/airflow/dags/youtube_medallion_pipeline.py
[2026-07-27T05:57:52.198+0000] {logging_mixin.py:190} INFO - [2026-07-27T05:57:52.198+0000] {dag.py:3239} INFO - Sync 1 DAGs
[2026-07-27T05:57:52.273+0000] {logging_mixin.py:190} INFO - [2026-07-27T05:57:52.273+0000] {dag.py:4180} INFO - Setting next_dagrun for youtube_medallion_pipeline to None, run_after=None
[2026-07-27T05:57:52.361+0000] {processor.py:208} INFO - Processing /opt/airflow/dags/youtube_medallion_pipeline.py took 0.444 seconds
[2026-07-27T05:58:22.576+0000] {processor.py:186} INFO - Started process (PID=650) to work on /opt/airflow/dags/youtube_medallion_pipeline.py
[2026-07-27T05:58:22.579+0000] {processor.py:914} INFO - Processing file /opt/airflow/dags/youtube_medallion_pipeline.py for tasks to queue
[2026-07-27T05:58:22.592+0000] {logging_mixin.py:190} INFO - [2026-07-27T05:58:22.589+0000] {dagbag.py:588} INFO - Filling up the DagBag from /opt/airflow/dags/youtube_medallion_pipeline.py
[2026-07-27T05:58:22.682+0000] {processor.py:925} INFO - DAG(s) 'youtube_medallion_pipeline' retrieved from /opt/airflow/dags/youtube_medallion_pipeline.py
[2026-07-27T05:58:22.792+0000] {logging_mixin.py:190} INFO - [2026-07-27T05:58:22.792+0000] {dag.py:3239} INFO - Sync 1 DAGs
[2026-07-27T05:58:22.830+0000] {logging_mixin.py:190} INFO - [2026-07-27T05:58:22.829+0000] {dag.py:4180} INFO - Setting next_dagrun for youtube_medallion_pipeline to None, run_after=None
[2026-07-27T05:58:22.884+0000] {processor.py:208} INFO - Processing /opt/airflow/dags/youtube_medallion_pipeline.py took 0.337 seconds
[2026-07-27T05:58:53.031+0000] {processor.py:186} INFO - Started process (PID=655) to work on /opt/airflow/dags/youtube_medallion_pipeline.py
[2026-07-27T05:58:53.034+0000] {processor.py:914} INFO - Processing file /opt/airflow/dags/youtube_medallion_pipeline.py for tasks to queue
[2026-07-27T05:58:53.038+0000] {logging_mixin.py:190} INFO - [2026-07-27T05:58:53.038+0000] {dagbag.py:588} INFO - Filling up the DagBag from /opt/airflow/dags/youtube_medallion_pipeline.py
[2026-07-27T05:58:53.067+0000] {processor.py:925} INFO - DAG(s) 'youtube_medallion_pipeline' retrieved from /opt/airflow/dags/youtube_medallion_pipeline.py
[2026-07-27T05:58:53.118+0000] {logging_mixin.py:190} INFO - [2026-07-27T05:58:53.118+0000] {dag.py:3239} INFO - Sync 1 DAGs
[2026-07-27T05:58:53.144+0000] {logging_mixin.py:190} INFO - [2026-07-27T05:58:53.143+0000] {dag.py:4180} INFO - Setting next_dagrun for youtube_medallion_pipeline to None, run_after=None
[2026-07-27T05:58:53.183+0000] {processor.py:208} INFO - Processing /opt/airflow/dags/youtube_medallion_pipeline.py took 0.163 seconds
[2026-07-27T05:59:23.520+0000] {processor.py:186} INFO - Started process (PID=660) to work on /opt/airflow/dags/youtube_medallion_pipeline.py
[2026-07-27T05:59:23.523+0000] {processor.py:914} INFO - Processing file /opt/airflow/dags/youtube_medallion_pipeline.py for tasks to queue
[2026-07-27T05:59:23.530+0000] {logging_mixin.py:190} INFO - [2026-07-27T05:59:23.529+0000] {dagbag.py:588} INFO - Filling up the DagBag from /opt/airflow/dags/youtube_medallion_pipeline.py
[2026-07-27T05:59:23.576+0000] {processor.py:925} INFO - DAG(s) 'youtube_medallion_pipeline' retrieved from /opt/airflow/dags/youtube_medallion_pipeline.py
[2026-07-27T05:59:23.648+0000] {logging_mixin.py:190} INFO - [2026-07-27T05:59:23.647+0000] {dag.py:3239} INFO - Sync 1 DAGs
[2026-07-27T05:59:23.689+0000] {logging_mixin.py:190} INFO - [2026-07-27T05:59:23.688+0000] {dag.py:4180} INFO - Setting next_dagrun for youtube_medallion_pipeline to None, run_after=None
[2026-07-27T05:59:23.742+0000] {processor.py:208} INFO - Processing /opt/airflow/dags/youtube_medallion_pipeline.py took 0.236 seconds
[2026-07-27T05:59:53.865+0000] {processor.py:186} INFO - Started process (PID=665) to work on /opt/airflow/dags/youtube_medallion_pipeline.py
[2026-07-27T05:59:53.869+0000] {processor.py:914} INFO - Processing file /opt/airflow/dags/youtube_medallion_pipeline.py for tasks to queue
[2026-07-27T05:59:53.876+0000] {logging_mixin.py:190} INFO - [2026-07-27T05:59:53.875+0000] {dagbag.py:588} INFO - Filling up the DagBag from /opt/airflow/dags/youtube_medallion_pipeline.py
[2026-07-27T05:59:53.904+0000] {processor.py:925} INFO - DAG(s) 'youtube_medallion_pipeline' retrieved from /opt/airflow/dags/youtube_medallion_pipeline.py
[2026-07-27T05:59:53.978+0000] {logging_mixin.py:190} INFO - [2026-07-27T05:59:53.977+0000] {dag.py:3239} INFO - Sync 1 DAGs
[2026-07-27T05:59:54.022+0000] {logging_mixin.py:190} INFO - [2026-07-27T05:59:54.021+0000] {dag.py:4180} INFO - Setting next_dagrun for youtube_medallion_pipeline to None, run_after=None
[2026-07-27T05:59:54.087+0000] {processor.py:208} INFO - Processing /opt/airflow/dags/youtube_medallion_pipeline.py took 0.236 seconds
[2026-07-27T06:00:24.531+0000] {processor.py:186} INFO - Started process (PID=670) to work on /opt/airflow/dags/youtube_medallion_pipeline.py
[2026-07-27T06:00:24.534+0000] {processor.py:914} INFO - Processing file /opt/airflow/dags/youtube_medallion_pipeline.py for tasks to queue
[2026-07-27T06:00:24.542+0000] {logging_mixin.py:190} INFO - [2026-07-27T06:00:24.541+0000] {dagbag.py:588} INFO - Filling up the DagBag from /opt/airflow/dags/youtube_medallion_pipeline.py
[2026-07-27T06:00:24.592+0000] {processor.py:925} INFO - DAG(s) 'youtube_medallion_pipeline' retrieved from /opt/airflow/dags/youtube_medallion_pipeline.py
[2026-07-27T06:00:24.651+0000] {logging_mixin.py:190} INFO - [2026-07-27T06:00:24.650+0000] {dag.py:3239} INFO - Sync 1 DAGs
[2026-07-27T06:00:24.687+0000] {logging_mixin.py:190} INFO - [2026-07-27T06:00:24.686+0000] {dag.py:4180} INFO - Setting next_dagrun for youtube_medallion_pipeline to None, run_after=None
[2026-07-27T06:00:24.751+0000] {processor.py:208} INFO - Processing /opt/airflow/dags/youtube_medallion_pipeline.py took 0.233 seconds
[2026-07-27T06:00:54.873+0000] {processor.py:186} INFO - Started process (PID=675) to work on /opt/airflow/dags/youtube_medallion_pipeline.py
[2026-07-27T06:00:54.876+0000] {processor.py:914} INFO - Processing file /opt/airflow/dags/youtube_medallion_pipeline.py for tasks to queue
[2026-07-27T06:00:54.882+0000] {logging_mixin.py:190} INFO - [2026-07-27T06:00:54.881+0000] {dagbag.py:588} INFO - Filling up the DagBag from /opt/airflow/dags/youtube_medallion_pipeline.py
[2026-07-27T06:00:54.922+0000] {processor.py:925} INFO - DAG(s) 'youtube_medallion_pipeline' retrieved from /opt/airflow/dags/youtube_medallion_pipeline.py
[2026-07-27T06:00:55.021+0000] {logging_mixin.py:190} INFO - [2026-07-27T06:00:55.021+0000] {dag.py:3239} INFO - Sync 1 DAGs
[2026-07-27T06:00:55.085+0000] {logging_mixin.py:190} INFO - [2026-07-27T06:00:55.084+0000] {dag.py:4180} INFO - Setting next_dagrun for youtube_medallion_pipeline to None, run_after=None
[2026-07-27T06:00:55.156+0000] {processor.py:208} INFO - Processing /opt/airflow/dags/youtube_medallion_pipeline.py took 0.293 seconds
[2026-07-27T06:01:25.449+0000] {processor.py:186} INFO - Started process (PID=680) to work on /opt/airflow/dags/youtube_medallion_pipeline.py
[2026-07-27T06:01:25.451+0000] {processor.py:914} INFO - Processing file /opt/airflow/dags/youtube_medallion_pipeline.py for tasks to queue
[2026-07-27T06:01:25.456+0000] {logging_mixin.py:190} INFO - [2026-07-27T06:01:25.455+0000] {dagbag.py:588} INFO - Filling up the DagBag from /opt/airflow/dags/youtube_medallion_pipeline.py
[2026-07-27T06:01:25.479+0000] {processor.py:925} INFO - DAG(s) 'youtube_medallion_pipeline' retrieved from /opt/airflow/dags/youtube_medallion_pipeline.py
[2026-07-27T06:01:25.526+0000] {logging_mixin.py:190} INFO - [2026-07-27T06:01:25.526+0000] {dag.py:3239} INFO - Sync 1 DAGs
[2026-07-27T06:01:25.814+0000] {logging_mixin.py:190} INFO - [2026-07-27T06:01:25.814+0000] {dag.py:4180} INFO - Setting next_dagrun for youtube_medallion_pipeline to None, run_after=None
[2026-07-27T06:01:25.879+0000] {processor.py:208} INFO - Processing /opt/airflow/dags/youtube_medallion_pipeline.py took 0.441 seconds
[2026-07-27T06:01:56.223+0000] {processor.py:186} INFO - Started process (PID=685) to work on /opt/airflow/dags/youtube_medallion_pipeline.py
[2026-07-27T06:01:56.225+0000] {processor.py:914} INFO - Processing file /opt/airflow/dags/youtube_medallion_pipeline.py for tasks to queue
[2026-07-27T06:01:56.229+0000] {logging_mixin.py:190} INFO - [2026-07-27T06:01:56.229+0000] {dagbag.py:588} INFO - Filling up the DagBag from /opt/airflow/dags/youtube_medallion_pipeline.py
[2026-07-27T06:01:56.259+0000] {processor.py:925} INFO - DAG(s) 'youtube_medallion_pipeline' retrieved from /opt/airflow/dags/youtube_medallion_pipeline.py
[2026-07-27T06:01:56.314+0000] {logging_mixin.py:190} INFO - [2026-07-27T06:01:56.313+0000] {dag.py:3239} INFO - Sync 1 DAGs
[2026-07-27T06:01:56.348+0000] {logging_mixin.py:190} INFO - [2026-07-27T06:01:56.347+0000] {dag.py:4180} INFO - Setting next_dagrun for youtube_medallion_pipeline to None, run_after=None
[2026-07-27T06:01:56.388+0000] {processor.py:208} INFO - Processing /opt/airflow/dags/youtube_medallion_pipeline.py took 0.178 seconds
[2026-07-27T06:02:26.517+0000] {processor.py:186} INFO - Started process (PID=690) to work on /opt/airflow/dags/youtube_medallion_pipeline.py
[2026-07-27T06:02:26.521+0000] {processor.py:914} INFO - Processing file /opt/airflow/dags/youtube_medallion_pipeline.py for tasks to queue
[2026-07-27T06:02:26.528+0000] {logging_mixin.py:190} INFO - [2026-07-27T06:02:26.527+0000] {dagbag.py:588} INFO - Filling up the DagBag from /opt/airflow/dags/youtube_medallion_pipeline.py
[2026-07-27T06:02:26.562+0000] {processor.py:925} INFO - DAG(s) 'youtube_medallion_pipeline' retrieved from /opt/airflow/dags/youtube_medallion_pipeline.py
[2026-07-27T06:02:26.618+0000] {logging_mixin.py:190} INFO - [2026-07-27T06:02:26.618+0000] {dag.py:3239} INFO - Sync 1 DAGs
[2026-07-27T06:02:26.642+0000] {logging_mixin.py:190} INFO - [2026-07-27T06:02:26.642+0000] {dag.py:4180} INFO - Setting next_dagrun for youtube_medallion_pipeline to None, run_after=None
[2026-07-27T06:02:26.679+0000] {processor.py:208} INFO - Processing /opt/airflow/dags/youtube_medallion_pipeline.py took 0.182 seconds
[2026-07-27T06:02:57.004+0000] {processor.py:186} INFO - Started process (PID=695) to work on /opt/airflow/dags/youtube_medallion_pipeline.py
[2026-07-27T06:02:57.006+0000] {processor.py:914} INFO - Processing file /opt/airflow/dags/youtube_medallion_pipeline.py for tasks to queue
[2026-07-27T06:02:57.010+0000] {logging_mixin.py:190} INFO - [2026-07-27T06:02:57.009+0000] {dagbag.py:588} INFO - Filling up the DagBag from /opt/airflow/dags/youtube_medallion_pipeline.py
[2026-07-27T06:02:57.050+0000] {processor.py:925} INFO - DAG(s) 'youtube_medallion_pipeline' retrieved from /opt/airflow/dags/youtube_medallion_pipeline.py
[2026-07-27T06:02:57.161+0000] {logging_mixin.py:190} INFO - [2026-07-27T06:02:57.161+0000] {dag.py:3239} INFO - Sync 1 DAGs
[2026-07-27T06:02:57.222+0000] {logging_mixin.py:190} INFO - [2026-07-27T06:02:57.221+0000] {dag.py:4180} INFO - Setting next_dagrun for youtube_medallion_pipeline to None, run_after=None
[2026-07-27T06:02:57.296+0000] {processor.py:208} INFO - Processing /opt/airflow/dags/youtube_medallion_pipeline.py took 0.300 seconds
[2026-07-27T06:03:27.678+0000] {processor.py:186} INFO - Started process (PID=700) to work on /opt/airflow/dags/youtube_medallion_pipeline.py
[2026-07-27T06:03:27.681+0000] {processor.py:914} INFO - Processing file /opt/airflow/dags/youtube_medallion_pipeline.py for tasks to queue
[2026-07-27T06:03:27.687+0000] {logging_mixin.py:190} INFO - [2026-07-27T06:03:27.686+0000] {dagbag.py:588} INFO - Filling up the DagBag from /opt/airflow/dags/youtube_medallion_pipeline.py
[2026-07-27T06:03:27.722+0000] {processor.py:925} INFO - DAG(s) 'youtube_medallion_pipeline' retrieved from /opt/airflow/dags/youtube_medallion_pipeline.py
[2026-07-27T06:03:27.807+0000] {logging_mixin.py:190} INFO - [2026-07-27T06:03:27.806+0000] {dag.py:3239} INFO - Sync 1 DAGs
[2026-07-27T06:03:27.885+0000] {logging_mixin.py:190} INFO - [2026-07-27T06:03:27.884+0000] {dag.py:4180} INFO - Setting next_dagrun for youtube_medallion_pipeline to None, run_after=None
[2026-07-27T06:03:27.969+0000] {processor.py:208} INFO - Processing /opt/airflow/dags/youtube_medallion_pipeline.py took 0.302 seconds
[2026-07-27T06:03:58.280+0000] {processor.py:186} INFO - Started process (PID=705) to work on /opt/airflow/dags/youtube_medallion_pipeline.py
[2026-07-27T06:03:58.283+0000] {processor.py:914} INFO - Processing file /opt/airflow/dags/youtube_medallion_pipeline.py for tasks to queue
[2026-07-27T06:03:58.288+0000] {logging_mixin.py:190} INFO - [2026-07-27T06:03:58.287+0000] {dagbag.py:588} INFO - Filling up the DagBag from /opt/airflow/dags/youtube_medallion_pipeline.py
[2026-07-27T06:03:58.314+0000] {processor.py:925} INFO - DAG(s) 'youtube_medallion_pipeline' retrieved from /opt/airflow/dags/youtube_medallion_pipeline.py
[2026-07-27T06:03:58.367+0000] {logging_mixin.py:190} INFO - [2026-07-27T06:03:58.366+0000] {dag.py:3239} INFO - Sync 1 DAGs
[2026-07-27T06:03:58.410+0000] {logging_mixin.py:190} INFO - [2026-07-27T06:03:58.410+0000] {dag.py:4180} INFO - Setting next_dagrun for youtube_medallion_pipeline to None, run_after=None
[2026-07-27T06:03:58.469+0000] {processor.py:208} INFO - Processing /opt/airflow/dags/youtube_medallion_pipeline.py took 0.200 seconds
[2026-07-27T06:04:28.802+0000] {processor.py:186} INFO - Started process (PID=710) to work on /opt/airflow/dags/youtube_medallion_pipeline.py
[2026-07-27T06:04:28.804+0000] {processor.py:914} INFO - Processing file /opt/airflow/dags/youtube_medallion_pipeline.py for tasks to queue
[2026-07-27T06:04:28.809+0000] {logging_mixin.py:190} INFO - [2026-07-27T06:04:28.808+0000] {dagbag.py:588} INFO - Filling up the DagBag from /opt/airflow/dags/youtube_medallion_pipeline.py
[2026-07-27T06:04:28.848+0000] {processor.py:925} INFO - DAG(s) 'youtube_medallion_pipeline' retrieved from /opt/airflow/dags/youtube_medallion_pipeline.py
[2026-07-27T06:04:28.896+0000] {logging_mixin.py:190} INFO - [2026-07-27T06:04:28.896+0000] {dag.py:3239} INFO - Sync 1 DAGs
[2026-07-27T06:04:28.919+0000] {logging_mixin.py:190} INFO - [2026-07-27T06:04:28.919+0000] {dag.py:4180} INFO - Setting next_dagrun for youtube_medallion_pipeline to None, run_after=None
[2026-07-27T06:04:28.955+0000] {processor.py:208} INFO - Processing /opt/airflow/dags/youtube_medallion_pipeline.py took 0.163 seconds
[2026-07-27T06:04:59.092+0000] {processor.py:186} INFO - Started process (PID=715) to work on /opt/airflow/dags/youtube_medallion_pipeline.py
[2026-07-27T06:04:59.095+0000] {processor.py:914} INFO - Processing file /opt/airflow/dags/youtube_medallion_pipeline.py for tasks to queue
[2026-07-27T06:04:59.099+0000] {logging_mixin.py:190} INFO - [2026-07-27T06:04:59.099+0000] {dagbag.py:588} INFO - Filling up the DagBag from /opt/airflow/dags/youtube_medallion_pipeline.py
[2026-07-27T06:04:59.126+0000] {processor.py:925} INFO - DAG(s) 'youtube_medallion_pipeline' retrieved from /opt/airflow/dags/youtube_medallion_pipeline.py
[2026-07-27T06:04:59.173+0000] {logging_mixin.py:190} INFO - [2026-07-27T06:04:59.172+0000] {dag.py:3239} INFO - Sync 1 DAGs
[2026-07-27T06:04:59.200+0000] {logging_mixin.py:190} INFO - [2026-07-27T06:04:59.200+0000] {dag.py:4180} INFO - Setting next_dagrun for youtube_medallion_pipeline to None, run_after=None
[2026-07-27T06:04:59.253+0000] {processor.py:208} INFO - Processing /opt/airflow/dags/youtube_medallion_pipeline.py took 0.169 seconds
[2026-07-27T06:05:29.584+0000] {processor.py:186} INFO - Started process (PID=720) to work on /opt/airflow/dags/youtube_medallion_pipeline.py
[2026-07-27T06:05:29.587+0000] {processor.py:914} INFO - Processing file /opt/airflow/dags/youtube_medallion_pipeline.py for tasks to queue
[2026-07-27T06:05:29.592+0000] {logging_mixin.py:190} INFO - [2026-07-27T06:05:29.591+0000] {dagbag.py:588} INFO - Filling up the DagBag from /opt/airflow/dags/youtube_medallion_pipeline.py
[2026-07-27T06:05:29.620+0000] {processor.py:925} INFO - DAG(s) 'youtube_medallion_pipeline' retrieved from /opt/airflow/dags/youtube_medallion_pipeline.py
[2026-07-27T06:05:29.671+0000] {logging_mixin.py:190} INFO - [2026-07-27T06:05:29.671+0000] {dag.py:3239} INFO - Sync 1 DAGs
[2026-07-27T06:05:29.694+0000] {logging_mixin.py:190} INFO - [2026-07-27T06:05:29.693+0000] {dag.py:4180} INFO - Setting next_dagrun for youtube_medallion_pipeline to None, run_after=None
[2026-07-27T06:05:29.737+0000] {processor.py:208} INFO - Processing /opt/airflow/dags/youtube_medallion_pipeline.py took 0.163 seconds
[2026-07-27T06:05:59.871+0000] {processor.py:186} INFO - Started process (PID=725) to work on /opt/airflow/dags/youtube_medallion_pipeline.py
[2026-07-27T06:05:59.874+0000] {processor.py:914} INFO - Processing file /opt/airflow/dags/youtube_medallion_pipeline.py for tasks to queue
[2026-07-27T06:05:59.880+0000] {logging_mixin.py:190} INFO - [2026-07-27T06:05:59.879+0000] {dagbag.py:588} INFO - Filling up the DagBag from /opt/airflow/dags/youtube_medallion_pipeline.py
[2026-07-27T06:05:59.912+0000] {processor.py:925} INFO - DAG(s) 'youtube_medallion_pipeline' retrieved from /opt/airflow/dags/youtube_medallion_pipeline.py
[2026-07-27T06:05:59.958+0000] {logging_mixin.py:190} INFO - [2026-07-27T06:05:59.958+0000] {dag.py:3239} INFO - Sync 1 DAGs
[2026-07-27T06:05:59.981+0000] {logging_mixin.py:190} INFO - [2026-07-27T06:05:59.981+0000] {dag.py:4180} INFO - Setting next_dagrun for youtube_medallion_pipeline to None, run_after=None
[2026-07-27T06:06:00.016+0000] {processor.py:208} INFO - Processing /opt/airflow/dags/youtube_medallion_pipeline.py took 0.153 seconds
[2026-07-27T06:06:30.378+0000] {processor.py:186} INFO - Started process (PID=730) to work on /opt/airflow/dags/youtube_medallion_pipeline.py
[2026-07-27T06:06:30.380+0000] {processor.py:914} INFO - Processing file /opt/airflow/dags/youtube_medallion_pipeline.py for tasks to queue
[2026-07-27T06:06:30.388+0000] {logging_mixin.py:190} INFO - [2026-07-27T06:06:30.387+0000] {dagbag.py:588} INFO - Filling up the DagBag from /opt/airflow/dags/youtube_medallion_pipeline.py
[2026-07-27T06:06:30.416+0000] {processor.py:925} INFO - DAG(s) 'youtube_medallion_pipeline' retrieved from /opt/airflow/dags/youtube_medallion_pipeline.py
[2026-07-27T06:06:30.466+0000] {logging_mixin.py:190} INFO - [2026-07-27T06:06:30.465+0000] {dag.py:3239} INFO - Sync 1 DAGs
[2026-07-27T06:06:30.491+0000] {logging_mixin.py:190} INFO - [2026-07-27T06:06:30.491+0000] {dag.py:4180} INFO - Setting next_dagrun for youtube_medallion_pipeline to None, run_after=None
[2026-07-27T06:06:30.531+0000] {processor.py:208} INFO - Processing /opt/airflow/dags/youtube_medallion_pipeline.py took 0.165 seconds
[2026-07-27T06:07:00.689+0000] {processor.py:186} INFO - Started process (PID=735) to work on /opt/airflow/dags/youtube_medallion_pipeline.py
[2026-07-27T06:07:00.691+0000] {processor.py:914} INFO - Processing file /opt/airflow/dags/youtube_medallion_pipeline.py for tasks to queue
[2026-07-27T06:07:00.697+0000] {logging_mixin.py:190} INFO - [2026-07-27T06:07:00.697+0000] {dagbag.py:588} INFO - Filling up the DagBag from /opt/airflow/dags/youtube_medallion_pipeline.py
[2026-07-27T06:07:00.731+0000] {processor.py:925} INFO - DAG(s) 'youtube_medallion_pipeline' retrieved from /opt/airflow/dags/youtube_medallion_pipeline.py
[2026-07-27T06:07:00.782+0000] {logging_mixin.py:190} INFO - [2026-07-27T06:07:00.782+0000] {dag.py:3239} INFO - Sync 1 DAGs
[2026-07-27T06:07:00.813+0000] {logging_mixin.py:190} INFO - [2026-07-27T06:07:00.812+0000] {dag.py:4180} INFO - Setting next_dagrun for youtube_medallion_pipeline to None, run_after=None
[2026-07-27T06:07:00.844+0000] {processor.py:208} INFO - Processing /opt/airflow/dags/youtube_medallion_pipeline.py took 0.165 seconds
[2026-07-27T06:07:31.118+0000] {processor.py:186} INFO - Started process (PID=740) to work on /opt/airflow/dags/youtube_medallion_pipeline.py
[2026-07-27T06:07:31.120+0000] {processor.py:914} INFO - Processing file /opt/airflow/dags/youtube_medallion_pipeline.py for tasks to queue
[2026-07-27T06:07:31.144+0000] {logging_mixin.py:190} INFO - [2026-07-27T06:07:31.144+0000] {dagbag.py:588} INFO - Filling up the DagBag from /opt/airflow/dags/youtube_medallion_pipeline.py
[2026-07-27T06:07:31.171+0000] {processor.py:925} INFO - DAG(s) 'youtube_medallion_pipeline' retrieved from /opt/airflow/dags/youtube_medallion_pipeline.py
[2026-07-27T06:07:31.214+0000] {logging_mixin.py:190} INFO - [2026-07-27T06:07:31.214+0000] {dag.py:3239} INFO - Sync 1 DAGs
[2026-07-27T06:07:31.236+0000] {logging_mixin.py:190} INFO - [2026-07-27T06:07:31.236+0000] {dag.py:4180} INFO - Setting next_dagrun for youtube_medallion_pipeline to None, run_after=None
[2026-07-27T06:07:31.277+0000] {processor.py:208} INFO - Processing /opt/airflow/dags/youtube_medallion_pipeline.py took 0.169 seconds
[2026-07-27T06:08:01.614+0000] {processor.py:186} INFO - Started process (PID=745) to work on /opt/airflow/dags/youtube_medallion_pipeline.py
[2026-07-27T06:08:01.617+0000] {processor.py:914} INFO - Processing file /opt/airflow/dags/youtube_medallion_pipeline.py for tasks to queue
[2026-07-27T06:08:01.622+0000] {logging_mixin.py:190} INFO - [2026-07-27T06:08:01.621+0000] {dagbag.py:588} INFO - Filling up the DagBag from /opt/airflow/dags/youtube_medallion_pipeline.py
[2026-07-27T06:08:01.653+0000] {processor.py:925} INFO - DAG(s) 'youtube_medallion_pipeline' retrieved from /opt/airflow/dags/youtube_medallion_pipeline.py
[2026-07-27T06:08:01.728+0000] {logging_mixin.py:190} INFO - [2026-07-27T06:08:01.728+0000] {dag.py:3239} INFO - Sync 1 DAGs
[2026-07-27T06:08:01.749+0000] {logging_mixin.py:190} INFO - [2026-07-27T06:08:01.749+0000] {dag.py:4180} INFO - Setting next_dagrun for youtube_medallion_pipeline to None, run_after=None
[2026-07-27T06:08:01.779+0000] {processor.py:208} INFO - Processing /opt/airflow/dags/youtube_medallion_pipeline.py took 0.177 seconds
[2026-07-27T06:08:31.876+0000] {processor.py:186} INFO - Started process (PID=750) to work on /opt/airflow/dags/youtube_medallion_pipeline.py
[2026-07-27T06:08:31.880+0000] {processor.py:914} INFO - Processing file /opt/airflow/dags/youtube_medallion_pipeline.py for tasks to queue
[2026-07-27T06:08:31.886+0000] {logging_mixin.py:190} INFO - [2026-07-27T06:08:31.885+0000] {dagbag.py:588} INFO - Filling up the DagBag from /opt/airflow/dags/youtube_medallion_pipeline.py
[2026-07-27T06:08:31.929+0000] {processor.py:925} INFO - DAG(s) 'youtube_medallion_pipeline' retrieved from /opt/airflow/dags/youtube_medallion_pipeline.py
[2026-07-27T06:08:32.000+0000] {logging_mixin.py:190} INFO - [2026-07-27T06:08:32.000+0000] {dag.py:3239} INFO - Sync 1 DAGs
[2026-07-27T06:08:32.032+0000] {logging_mixin.py:190} INFO - [2026-07-27T06:08:32.032+0000] {dag.py:4180} INFO - Setting next_dagrun for youtube_medallion_pipeline to None, run_after=None
[2026-07-27T06:08:32.077+0000] {processor.py:208} INFO - Processing /opt/airflow/dags/youtube_medallion_pipeline.py took 0.215 seconds
[2026-07-27T06:09:02.388+0000] {processor.py:186} INFO - Started process (PID=755) to work on /opt/airflow/dags/youtube_medallion_pipeline.py
[2026-07-27T06:09:02.390+0000] {processor.py:914} INFO - Processing file /opt/airflow/dags/youtube_medallion_pipeline.py for tasks to queue
[2026-07-27T06:09:02.394+0000] {logging_mixin.py:190} INFO - [2026-07-27T06:09:02.393+0000] {dagbag.py:588} INFO - Filling up the DagBag from /opt/airflow/dags/youtube_medallion_pipeline.py
[2026-07-27T06:09:02.421+0000] {processor.py:925} INFO - DAG(s) 'youtube_medallion_pipeline' retrieved from /opt/airflow/dags/youtube_medallion_pipeline.py
[2026-07-27T06:09:02.467+0000] {logging_mixin.py:190} INFO - [2026-07-27T06:09:02.467+0000] {dag.py:3239} INFO - Sync 1 DAGs
[2026-07-27T06:09:02.494+0000] {logging_mixin.py:190} INFO - [2026-07-27T06:09:02.493+0000] {dag.py:4180} INFO - Setting next_dagrun for youtube_medallion_pipeline to None, run_after=None
[2026-07-27T06:09:02.539+0000] {processor.py:208} INFO - Processing /opt/airflow/dags/youtube_medallion_pipeline.py took 0.160 seconds
[2026-07-27T06:09:32.714+0000] {processor.py:186} INFO - Started process (PID=760) to work on /opt/airflow/dags/youtube_medallion_pipeline.py
[2026-07-27T06:09:32.716+0000] {processor.py:914} INFO - Processing file /opt/airflow/dags/youtube_medallion_pipeline.py for tasks to queue
[2026-07-27T06:09:32.721+0000] {logging_mixin.py:190} INFO - [2026-07-27T06:09:32.720+0000] {dagbag.py:588} INFO - Filling up the DagBag from /opt/airflow/dags/youtube_medallion_pipeline.py
[2026-07-27T06:09:32.753+0000] {processor.py:925} INFO - DAG(s) 'youtube_medallion_pipeline' retrieved from /opt/airflow/dags/youtube_medallion_pipeline.py
[2026-07-27T06:09:32.798+0000] {logging_mixin.py:190} INFO - [2026-07-27T06:09:32.798+0000] {dag.py:3239} INFO - Sync 1 DAGs
[2026-07-27T06:09:32.824+0000] {logging_mixin.py:190} INFO - [2026-07-27T06:09:32.824+0000] {dag.py:4180} INFO - Setting next_dagrun for youtube_medallion_pipeline to None, run_after=None
[2026-07-27T06:09:32.869+0000] {processor.py:208} INFO - Processing /opt/airflow/dags/youtube_medallion_pipeline.py took 0.165 seconds
[2026-07-27T06:10:03.646+0000] {processor.py:186} INFO - Started process (PID=765) to work on /opt/airflow/dags/youtube_medallion_pipeline.py
[2026-07-27T06:10:03.654+0000] {processor.py:914} INFO - Processing file /opt/airflow/dags/youtube_medallion_pipeline.py for tasks to queue
[2026-07-27T06:10:03.691+0000] {logging_mixin.py:190} INFO - [2026-07-27T06:10:03.686+0000] {dagbag.py:588} INFO - Filling up the DagBag from /opt/airflow/dags/youtube_medallion_pipeline.py
[2026-07-27T06:10:03.813+0000] {processor.py:925} INFO - DAG(s) 'youtube_medallion_pipeline' retrieved from /opt/airflow/dags/youtube_medallion_pipeline.py
[2026-07-27T06:10:04.085+0000] {logging_mixin.py:190} INFO - [2026-07-27T06:10:04.085+0000] {dag.py:3239} INFO - Sync 1 DAGs
[2026-07-27T06:10:04.178+0000] {logging_mixin.py:190} INFO - [2026-07-27T06:10:04.177+0000] {dag.py:4180} INFO - Setting next_dagrun for youtube_medallion_pipeline to None, run_after=None
[2026-07-27T06:10:04.254+0000] {processor.py:208} INFO - Processing /opt/airflow/dags/youtube_medallion_pipeline.py took 0.711 seconds
[2026-07-27T06:10:34.654+0000] {processor.py:186} INFO - Started process (PID=770) to work on /opt/airflow/dags/youtube_medallion_pipeline.py
[2026-07-27T06:10:34.661+0000] {processor.py:914} INFO - Processing file /opt/airflow/dags/youtube_medallion_pipeline.py for tasks to queue
[2026-07-27T06:10:34.681+0000] {logging_mixin.py:190} INFO - [2026-07-27T06:10:34.678+0000] {dagbag.py:588} INFO - Filling up the DagBag from /opt/airflow/dags/youtube_medallion_pipeline.py
[2026-07-27T06:10:34.765+0000] {processor.py:925} INFO - DAG(s) 'youtube_medallion_pipeline' retrieved from /opt/airflow/dags/youtube_medallion_pipeline.py
[2026-07-27T06:10:34.838+0000] {logging_mixin.py:190} INFO - [2026-07-27T06:10:34.838+0000] {dag.py:3239} INFO - Sync 1 DAGs
[2026-07-27T06:10:34.873+0000] {logging_mixin.py:190} INFO - [2026-07-27T06:10:34.872+0000] {dag.py:4180} INFO - Setting next_dagrun for youtube_medallion_pipeline to None, run_after=None
[2026-07-27T06:10:34.910+0000] {processor.py:208} INFO - Processing /opt/airflow/dags/youtube_medallion_pipeline.py took 0.291 seconds
[2026-07-27T06:11:05.412+0000] {processor.py:186} INFO - Started process (PID=775) to work on /opt/airflow/dags/youtube_medallion_pipeline.py
[2026-07-27T06:11:05.414+0000] {processor.py:914} INFO - Processing file /opt/airflow/dags/youtube_medallion_pipeline.py for tasks to queue
[2026-07-27T06:11:05.420+0000] {logging_mixin.py:190} INFO - [2026-07-27T06:11:05.419+0000] {dagbag.py:588} INFO - Filling up the DagBag from /opt/airflow/dags/youtube_medallion_pipeline.py
[2026-07-27T06:11:05.456+0000] {processor.py:925} INFO - DAG(s) 'youtube_medallion_pipeline' retrieved from /opt/airflow/dags/youtube_medallion_pipeline.py
[2026-07-27T06:11:05.514+0000] {logging_mixin.py:190} INFO - [2026-07-27T06:11:05.514+0000] {dag.py:3239} INFO - Sync 1 DAGs
[2026-07-27T06:11:05.542+0000] {logging_mixin.py:190} INFO - [2026-07-27T06:11:05.541+0000] {dag.py:4180} INFO - Setting next_dagrun for youtube_medallion_pipeline to None, run_after=None
[2026-07-27T06:11:05.589+0000] {processor.py:208} INFO - Processing /opt/airflow/dags/youtube_medallion_pipeline.py took 0.190 seconds
[2026-07-27T06:11:35.924+0000] {processor.py:186} INFO - Started process (PID=780) to work on /opt/airflow/dags/youtube_medallion_pipeline.py
[2026-07-27T06:11:35.928+0000] {processor.py:914} INFO - Processing file /opt/airflow/dags/youtube_medallion_pipeline.py for tasks to queue
[2026-07-27T06:11:35.935+0000] {logging_mixin.py:190} INFO - [2026-07-27T06:11:35.934+0000] {dagbag.py:588} INFO - Filling up the DagBag from /opt/airflow/dags/youtube_medallion_pipeline.py
[2026-07-27T06:11:36.001+0000] {processor.py:925} INFO - DAG(s) 'youtube_medallion_pipeline' retrieved from /opt/airflow/dags/youtube_medallion_pipeline.py
[2026-07-27T06:11:36.161+0000] {logging_mixin.py:190} INFO - [2026-07-27T06:11:36.161+0000] {dag.py:3239} INFO - Sync 1 DAGs
[2026-07-27T06:11:36.204+0000] {logging_mixin.py:190} INFO - [2026-07-27T06:11:36.203+0000] {dag.py:4180} INFO - Setting next_dagrun for youtube_medallion_pipeline to None, run_after=None
[2026-07-27T06:11:36.248+0000] {processor.py:208} INFO - Processing /opt/airflow/dags/youtube_medallion_pipeline.py took 0.341 seconds
[2026-07-27T06:12:06.805+0000] {processor.py:186} INFO - Started process (PID=785) to work on /opt/airflow/dags/youtube_medallion_pipeline.py
[2026-07-27T06:12:06.809+0000] {processor.py:914} INFO - Processing file /opt/airflow/dags/youtube_medallion_pipeline.py for tasks to queue
[2026-07-27T06:12:06.822+0000] {logging_mixin.py:190} INFO - [2026-07-27T06:12:06.820+0000] {dagbag.py:588} INFO - Filling up the DagBag from /opt/airflow/dags/youtube_medallion_pipeline.py
[2026-07-27T06:12:07.010+0000] {processor.py:925} INFO - DAG(s) 'youtube_medallion_pipeline' retrieved from /opt/airflow/dags/youtube_medallion_pipeline.py
[2026-07-27T06:12:07.229+0000] {logging_mixin.py:190} INFO - [2026-07-27T06:12:07.228+0000] {dag.py:3239} INFO - Sync 1 DAGs
[2026-07-27T06:12:07.312+0000] {logging_mixin.py:190} INFO - [2026-07-27T06:12:07.312+0000] {dag.py:4180} INFO - Setting next_dagrun for youtube_medallion_pipeline to None, run_after=None
[2026-07-27T06:12:07.377+0000] {processor.py:208} INFO - Processing /opt/airflow/dags/youtube_medallion_pipeline.py took 0.608 seconds
[2026-07-27T06:12:37.695+0000] {processor.py:186} INFO - Started process (PID=790) to work on /opt/airflow/dags/youtube_medallion_pipeline.py
[2026-07-27T06:12:37.701+0000] {processor.py:914} INFO - Processing file /opt/airflow/dags/youtube_medallion_pipeline.py for tasks to queue
[2026-07-27T06:12:37.724+0000] {logging_mixin.py:190} INFO - [2026-07-27T06:12:37.720+0000] {dagbag.py:588} INFO - Filling up the DagBag from /opt/airflow/dags/youtube_medallion_pipeline.py
[2026-07-27T06:12:37.874+0000] {processor.py:925} INFO - DAG(s) 'youtube_medallion_pipeline' retrieved from /opt/airflow/dags/youtube_medallion_pipeline.py
[2026-07-27T06:12:38.043+0000] {logging_mixin.py:190} INFO - [2026-07-27T06:12:38.042+0000] {dag.py:3239} INFO - Sync 1 DAGs
[2026-07-27T06:12:38.145+0000] {logging_mixin.py:190} INFO - [2026-07-27T06:12:38.144+0000] {dag.py:4180} INFO - Setting next_dagrun for youtube_medallion_pipeline to None, run_after=None
[2026-07-27T06:12:38.226+0000] {processor.py:208} INFO - Processing /opt/airflow/dags/youtube_medallion_pipeline.py took 0.560 seconds
[2026-07-27T06:13:08.687+0000] {processor.py:186} INFO - Started process (PID=795) to work on /opt/airflow/dags/youtube_medallion_pipeline.py
[2026-07-27T06:13:08.689+0000] {processor.py:914} INFO - Processing file /opt/airflow/dags/youtube_medallion_pipeline.py for tasks to queue
[2026-07-27T06:13:08.696+0000] {logging_mixin.py:190} INFO - [2026-07-27T06:13:08.695+0000] {dagbag.py:588} INFO - Filling up the DagBag from /opt/airflow/dags/youtube_medallion_pipeline.py
[2026-07-27T06:13:08.746+0000] {processor.py:925} INFO - DAG(s) 'youtube_medallion_pipeline' retrieved from /opt/airflow/dags/youtube_medallion_pipeline.py
[2026-07-27T06:13:08.824+0000] {logging_mixin.py:190} INFO - [2026-07-27T06:13:08.824+0000] {dag.py:3239} INFO - Sync 1 DAGs
[2026-07-27T06:13:08.857+0000] {logging_mixin.py:190} INFO - [2026-07-27T06:13:08.857+0000] {dag.py:4180} INFO - Setting next_dagrun for youtube_medallion_pipeline to None, run_after=None
[2026-07-27T06:13:08.906+0000] {processor.py:208} INFO - Processing /opt/airflow/dags/youtube_medallion_pipeline.py took 0.232 seconds
[2026-07-27T06:13:39.317+0000] {processor.py:186} INFO - Started process (PID=800) to work on /opt/airflow/dags/youtube_medallion_pipeline.py
[2026-07-27T06:13:39.319+0000] {processor.py:914} INFO - Processing file /opt/airflow/dags/youtube_medallion_pipeline.py for tasks to queue
[2026-07-27T06:13:39.326+0000] {logging_mixin.py:190} INFO - [2026-07-27T06:13:39.325+0000] {dagbag.py:588} INFO - Filling up the DagBag from /opt/airflow/dags/youtube_medallion_pipeline.py
[2026-07-27T06:13:39.365+0000] {processor.py:925} INFO - DAG(s) 'youtube_medallion_pipeline' retrieved from /opt/airflow/dags/youtube_medallion_pipeline.py
[2026-07-27T06:13:39.427+0000] {logging_mixin.py:190} INFO - [2026-07-27T06:13:39.427+0000] {dag.py:3239} INFO - Sync 1 DAGs
[2026-07-27T06:13:39.459+0000] {logging_mixin.py:190} INFO - [2026-07-27T06:13:39.459+0000] {dag.py:4180} INFO - Setting next_dagrun for youtube_medallion_pipeline to None, run_after=None
[2026-07-27T06:13:39.508+0000] {processor.py:208} INFO - Processing /opt/airflow/dags/youtube_medallion_pipeline.py took 0.205 seconds
[2026-07-27T06:14:09.601+0000] {processor.py:186} INFO - Started process (PID=805) to work on /opt/airflow/dags/youtube_medallion_pipeline.py
[2026-07-27T06:14:09.603+0000] {processor.py:914} INFO - Processing file /opt/airflow/dags/youtube_medallion_pipeline.py for tasks to queue
[2026-07-27T06:14:09.609+0000] {logging_mixin.py:190} INFO - [2026-07-27T06:14:09.608+0000] {dagbag.py:588} INFO - Filling up the DagBag from /opt/airflow/dags/youtube_medallion_pipeline.py
[2026-07-27T06:14:09.645+0000] {processor.py:925} INFO - DAG(s) 'youtube_medallion_pipeline' retrieved from /opt/airflow/dags/youtube_medallion_pipeline.py
[2026-07-27T06:14:09.708+0000] {logging_mixin.py:190} INFO - [2026-07-27T06:14:09.708+0000] {dag.py:3239} INFO - Sync 1 DAGs
[2026-07-27T06:14:09.746+0000] {logging_mixin.py:190} INFO - [2026-07-27T06:14:09.745+0000] {dag.py:4180} INFO - Setting next_dagrun for youtube_medallion_pipeline to None, run_after=None
[2026-07-27T06:14:09.793+0000] {processor.py:208} INFO - Processing /opt/airflow/dags/youtube_medallion_pipeline.py took 0.203 seconds
[2026-07-27T06:14:40.117+0000] {processor.py:186} INFO - Started process (PID=810) to work on /opt/airflow/dags/youtube_medallion_pipeline.py
[2026-07-27T06:14:40.119+0000] {processor.py:914} INFO - Processing file /opt/airflow/dags/youtube_medallion_pipeline.py for tasks to queue
[2026-07-27T06:14:40.124+0000] {logging_mixin.py:190} INFO - [2026-07-27T06:14:40.123+0000] {dagbag.py:588} INFO - Filling up the DagBag from /opt/airflow/dags/youtube_medallion_pipeline.py
[2026-07-27T06:14:40.156+0000] {processor.py:925} INFO - DAG(s) 'youtube_medallion_pipeline' retrieved from /opt/airflow/dags/youtube_medallion_pipeline.py
[2026-07-27T06:14:40.218+0000] {logging_mixin.py:190} INFO - [2026-07-27T06:14:40.217+0000] {dag.py:3239} INFO - Sync 1 DAGs
[2026-07-27T06:14:40.251+0000] {logging_mixin.py:190} INFO - [2026-07-27T06:14:40.250+0000] {dag.py:4180} INFO - Setting next_dagrun for youtube_medallion_pipeline to None, run_after=None
[2026-07-27T06:14:40.311+0000] {processor.py:208} INFO - Processing /opt/airflow/dags/youtube_medallion_pipeline.py took 0.202 seconds
[2026-07-27T06:15:10.904+0000] {processor.py:186} INFO - Started process (PID=815) to work on /opt/airflow/dags/youtube_medallion_pipeline.py
[2026-07-27T06:15:10.906+0000] {processor.py:914} INFO - Processing file /opt/airflow/dags/youtube_medallion_pipeline.py for tasks to queue
[2026-07-27T06:15:10.910+0000] {logging_mixin.py:190} INFO - [2026-07-27T06:15:10.909+0000] {dagbag.py:588} INFO - Filling up the DagBag from /opt/airflow/dags/youtube_medallion_pipeline.py
[2026-07-27T06:15:10.970+0000] {processor.py:925} INFO - DAG(s) 'youtube_medallion_pipeline' retrieved from /opt/airflow/dags/youtube_medallion_pipeline.py
[2026-07-27T06:15:12.158+0000] {logging_mixin.py:190} INFO - [2026-07-27T06:15:12.158+0000] {dag.py:3239} INFO - Sync 1 DAGs
[2026-07-27T06:15:12.302+0000] {logging_mixin.py:190} INFO - [2026-07-27T06:15:12.301+0000] {dag.py:4180} INFO - Setting next_dagrun for youtube_medallion_pipeline to None, run_after=None
[2026-07-27T06:15:12.643+0000] {processor.py:208} INFO - Processing /opt/airflow/dags/youtube_medallion_pipeline.py took 1.747 seconds
[2026-07-27T06:15:43.564+0000] {processor.py:186} INFO - Started process (PID=820) to work on /opt/airflow/dags/youtube_medallion_pipeline.py
[2026-07-27T06:15:43.566+0000] {processor.py:914} INFO - Processing file /opt/airflow/dags/youtube_medallion_pipeline.py for tasks to queue
[2026-07-27T06:15:43.570+0000] {logging_mixin.py:190} INFO - [2026-07-27T06:15:43.570+0000] {dagbag.py:588} INFO - Filling up the DagBag from /opt/airflow/dags/youtube_medallion_pipeline.py
[2026-07-27T06:15:43.602+0000] {processor.py:925} INFO - DAG(s) 'youtube_medallion_pipeline' retrieved from /opt/airflow/dags/youtube_medallion_pipeline.py
[2026-07-27T06:15:43.687+0000] {logging_mixin.py:190} INFO - [2026-07-27T06:15:43.687+0000] {dag.py:3239} INFO - Sync 1 DAGs
[2026-07-27T06:15:43.758+0000] {logging_mixin.py:190} INFO - [2026-07-27T06:15:43.758+0000] {dag.py:4180} INFO - Setting next_dagrun for youtube_medallion_pipeline to None, run_after=None
[2026-07-27T06:15:43.801+0000] {processor.py:208} INFO - Processing /opt/airflow/dags/youtube_medallion_pipeline.py took 0.245 seconds
[2026-07-27T06:16:14.769+0000] {processor.py:186} INFO - Started process (PID=825) to work on /opt/airflow/dags/youtube_medallion_pipeline.py
[2026-07-27T06:16:14.776+0000] {processor.py:914} INFO - Processing file /opt/airflow/dags/youtube_medallion_pipeline.py for tasks to queue
[2026-07-27T06:16:14.816+0000] {logging_mixin.py:190} INFO - [2026-07-27T06:16:14.811+0000] {dagbag.py:588} INFO - Filling up the DagBag from /opt/airflow/dags/youtube_medallion_pipeline.py
[2026-07-27T06:16:14.986+0000] {processor.py:925} INFO - DAG(s) 'youtube_medallion_pipeline' retrieved from /opt/airflow/dags/youtube_medallion_pipeline.py
[2026-07-27T06:16:15.338+0000] {logging_mixin.py:190} INFO - [2026-07-27T06:16:15.338+0000] {dag.py:3239} INFO - Sync 1 DAGs
[2026-07-27T06:16:15.549+0000] {logging_mixin.py:190} INFO - [2026-07-27T06:16:15.549+0000] {dag.py:4180} INFO - Setting next_dagrun for youtube_medallion_pipeline to None, run_after=None
[2026-07-27T06:16:15.646+0000] {processor.py:208} INFO - Processing /opt/airflow/dags/youtube_medallion_pipeline.py took 1.154 seconds
[2026-07-27T06:16:47.023+0000] {processor.py:186} INFO - Started process (PID=830) to work on /opt/airflow/dags/youtube_medallion_pipeline.py
[2026-07-27T06:16:47.250+0000] {processor.py:914} INFO - Processing file /opt/airflow/dags/youtube_medallion_pipeline.py for tasks to queue
[2026-07-27T06:16:47.460+0000] {logging_mixin.py:190} INFO - [2026-07-27T06:16:47.449+0000] {dagbag.py:588} INFO - Filling up the DagBag from /opt/airflow/dags/youtube_medallion_pipeline.py
[2026-07-27T06:16:47.943+0000] {processor.py:925} INFO - DAG(s) 'youtube_medallion_pipeline' retrieved from /opt/airflow/dags/youtube_medallion_pipeline.py
[2026-07-27T06:16:48.317+0000] {logging_mixin.py:190} INFO - [2026-07-27T06:16:48.316+0000] {dag.py:3239} INFO - Sync 1 DAGs
[2026-07-27T06:16:48.430+0000] {logging_mixin.py:190} INFO - [2026-07-27T06:16:48.430+0000] {dag.py:4180} INFO - Setting next_dagrun for youtube_medallion_pipeline to None, run_after=None
[2026-07-27T06:16:48.548+0000] {processor.py:208} INFO - Processing /opt/airflow/dags/youtube_medallion_pipeline.py took 1.992 seconds
[2026-07-27T06:17:18.960+0000] {processor.py:186} INFO - Started process (PID=835) to work on /opt/airflow/dags/youtube_medallion_pipeline.py
[2026-07-27T06:17:18.963+0000] {processor.py:914} INFO - Processing file /opt/airflow/dags/youtube_medallion_pipeline.py for tasks to queue
[2026-07-27T06:17:18.969+0000] {logging_mixin.py:190} INFO - [2026-07-27T06:17:18.968+0000] {dagbag.py:588} INFO - Filling up the DagBag from /opt/airflow/dags/youtube_medallion_pipeline.py
[2026-07-27T06:17:19.094+0000] {processor.py:925} INFO - DAG(s) 'youtube_medallion_pipeline' retrieved from /opt/airflow/dags/youtube_medallion_pipeline.py
[2026-07-27T06:17:19.384+0000] {logging_mixin.py:190} INFO - [2026-07-27T06:17:19.384+0000] {dag.py:3239} INFO - Sync 1 DAGs
[2026-07-27T06:17:19.428+0000] {logging_mixin.py:190} INFO - [2026-07-27T06:17:19.427+0000] {dag.py:4180} INFO - Setting next_dagrun for youtube_medallion_pipeline to None, run_after=None
[2026-07-27T06:17:19.551+0000] {processor.py:208} INFO - Processing /opt/airflow/dags/youtube_medallion_pipeline.py took 0.604 seconds
[2026-07-27T06:17:49.920+0000] {processor.py:186} INFO - Started process (PID=840) to work on /opt/airflow/dags/youtube_medallion_pipeline.py
[2026-07-27T06:17:49.935+0000] {processor.py:914} INFO - Processing file /opt/airflow/dags/youtube_medallion_pipeline.py for tasks to queue
[2026-07-27T06:17:49.985+0000] {logging_mixin.py:190} INFO - [2026-07-27T06:17:49.975+0000] {dagbag.py:588} INFO - Filling up the DagBag from /opt/airflow/dags/youtube_medallion_pipeline.py
[2026-07-27T06:17:50.209+0000] {processor.py:925} INFO - DAG(s) 'youtube_medallion_pipeline' retrieved from /opt/airflow/dags/youtube_medallion_pipeline.py
[2026-07-27T06:17:50.573+0000] {logging_mixin.py:190} INFO - [2026-07-27T06:17:50.573+0000] {dag.py:3239} INFO - Sync 1 DAGs
[2026-07-27T06:17:50.696+0000] {logging_mixin.py:190} INFO - [2026-07-27T06:17:50.695+0000] {dag.py:4180} INFO - Setting next_dagrun for youtube_medallion_pipeline to None, run_after=None
[2026-07-27T06:17:50.842+0000] {processor.py:208} INFO - Processing /opt/airflow/dags/youtube_medallion_pipeline.py took 1.018 seconds
[2026-07-27T06:18:21.410+0000] {processor.py:186} INFO - Started process (PID=845) to work on /opt/airflow/dags/youtube_medallion_pipeline.py
[2026-07-27T06:18:21.414+0000] {processor.py:914} INFO - Processing file /opt/airflow/dags/youtube_medallion_pipeline.py for tasks to queue
[2026-07-27T06:18:21.455+0000] {logging_mixin.py:190} INFO - [2026-07-27T06:18:21.451+0000] {dagbag.py:588} INFO - Filling up the DagBag from /opt/airflow/dags/youtube_medallion_pipeline.py
[2026-07-27T06:18:21.514+0000] {processor.py:925} INFO - DAG(s) 'youtube_medallion_pipeline' retrieved from /opt/airflow/dags/youtube_medallion_pipeline.py
[2026-07-27T06:18:21.595+0000] {logging_mixin.py:190} INFO - [2026-07-27T06:18:21.595+0000] {dag.py:3239} INFO - Sync 1 DAGs
[2026-07-27T06:18:21.641+0000] {logging_mixin.py:190} INFO - [2026-07-27T06:18:21.641+0000] {dag.py:4180} INFO - Setting next_dagrun for youtube_medallion_pipeline to None, run_after=None
[2026-07-27T06:18:21.744+0000] {processor.py:208} INFO - Processing /opt/airflow/dags/youtube_medallion_pipeline.py took 0.355 seconds
[2026-07-27T06:18:51.935+0000] {processor.py:186} INFO - Started process (PID=850) to work on /opt/airflow/dags/youtube_medallion_pipeline.py
[2026-07-27T06:18:51.937+0000] {processor.py:914} INFO - Processing file /opt/airflow/dags/youtube_medallion_pipeline.py for tasks to queue
[2026-07-27T06:18:51.944+0000] {logging_mixin.py:190} INFO - [2026-07-27T06:18:51.943+0000] {dagbag.py:588} INFO - Filling up the DagBag from /opt/airflow/dags/youtube_medallion_pipeline.py
[2026-07-27T06:18:51.984+0000] {processor.py:925} INFO - DAG(s) 'youtube_medallion_pipeline' retrieved from /opt/airflow/dags/youtube_medallion_pipeline.py
[2026-07-27T06:18:52.057+0000] {logging_mixin.py:190} INFO - [2026-07-27T06:18:52.057+0000] {dag.py:3239} INFO - Sync 1 DAGs
[2026-07-27T06:18:52.142+0000] {logging_mixin.py:190} INFO - [2026-07-27T06:18:52.141+0000] {dag.py:4180} INFO - Setting next_dagrun for youtube_medallion_pipeline to None, run_after=None
[2026-07-27T06:18:52.216+0000] {processor.py:208} INFO - Processing /opt/airflow/dags/youtube_medallion_pipeline.py took 0.292 seconds
[2026-07-27T06:19:22.915+0000] {processor.py:186} INFO - Started process (PID=855) to work on /opt/airflow/dags/youtube_medallion_pipeline.py
[2026-07-27T06:19:22.921+0000] {processor.py:914} INFO - Processing file /opt/airflow/dags/youtube_medallion_pipeline.py for tasks to queue
[2026-07-27T06:19:22.962+0000] {logging_mixin.py:190} INFO - [2026-07-27T06:19:22.959+0000] {dagbag.py:588} INFO - Filling up the DagBag from /opt/airflow/dags/youtube_medallion_pipeline.py
[2026-07-27T06:19:23.092+0000] {processor.py:925} INFO - DAG(s) 'youtube_medallion_pipeline' retrieved from /opt/airflow/dags/youtube_medallion_pipeline.py
[2026-07-27T06:19:23.447+0000] {logging_mixin.py:190} INFO - [2026-07-27T06:19:23.446+0000] {dag.py:3239} INFO - Sync 1 DAGs
[2026-07-27T06:19:23.540+0000] {logging_mixin.py:190} INFO - [2026-07-27T06:19:23.539+0000] {dag.py:4180} INFO - Setting next_dagrun for youtube_medallion_pipeline to None, run_after=None
[2026-07-27T06:19:23.607+0000] {processor.py:208} INFO - Processing /opt/airflow/dags/youtube_medallion_pipeline.py took 0.738 seconds
[2026-07-27T06:19:54.281+0000] {processor.py:186} INFO - Started process (PID=860) to work on /opt/airflow/dags/youtube_medallion_pipeline.py
[2026-07-27T06:19:54.286+0000] {processor.py:914} INFO - Processing file /opt/airflow/dags/youtube_medallion_pipeline.py for tasks to queue
[2026-07-27T06:19:54.310+0000] {logging_mixin.py:190} INFO - [2026-07-27T06:19:54.308+0000] {dagbag.py:588} INFO - Filling up the DagBag from /opt/airflow/dags/youtube_medallion_pipeline.py
[2026-07-27T06:19:54.506+0000] {processor.py:925} INFO - DAG(s) 'youtube_medallion_pipeline' retrieved from /opt/airflow/dags/youtube_medallion_pipeline.py
[2026-07-27T06:19:54.753+0000] {logging_mixin.py:190} INFO - [2026-07-27T06:19:54.752+0000] {dag.py:3239} INFO - Sync 1 DAGs
[2026-07-27T06:19:54.866+0000] {logging_mixin.py:190} INFO - [2026-07-27T06:19:54.866+0000] {dag.py:4180} INFO - Setting next_dagrun for youtube_medallion_pipeline to None, run_after=None
[2026-07-27T06:19:54.937+0000] {processor.py:208} INFO - Processing /opt/airflow/dags/youtube_medallion_pipeline.py took 0.690 seconds
[2026-07-27T06:20:25.453+0000] {processor.py:186} INFO - Started process (PID=865) to work on /opt/airflow/dags/youtube_medallion_pipeline.py
[2026-07-27T06:20:25.456+0000] {processor.py:914} INFO - Processing file /opt/airflow/dags/youtube_medallion_pipeline.py for tasks to queue
[2026-07-27T06:20:25.465+0000] {logging_mixin.py:190} INFO - [2026-07-27T06:20:25.463+0000] {dagbag.py:588} INFO - Filling up the DagBag from /opt/airflow/dags/youtube_medallion_pipeline.py
[2026-07-27T06:20:25.566+0000] {processor.py:925} INFO - DAG(s) 'youtube_medallion_pipeline' retrieved from /opt/airflow/dags/youtube_medallion_pipeline.py
[2026-07-27T06:20:25.839+0000] {logging_mixin.py:190} INFO - [2026-07-27T06:20:25.838+0000] {dag.py:3239} INFO - Sync 1 DAGs
[2026-07-27T06:20:25.875+0000] {logging_mixin.py:190} INFO - [2026-07-27T06:20:25.874+0000] {dag.py:4180} INFO - Setting next_dagrun for youtube_medallion_pipeline to None, run_after=None
[2026-07-27T06:20:25.956+0000] {processor.py:208} INFO - Processing /opt/airflow/dags/youtube_medallion_pipeline.py took 0.517 seconds
[2026-07-27T06:20:56.122+0000] {processor.py:186} INFO - Started process (PID=870) to work on /opt/airflow/dags/youtube_medallion_pipeline.py
[2026-07-27T06:20:56.126+0000] {processor.py:914} INFO - Processing file /opt/airflow/dags/youtube_medallion_pipeline.py for tasks to queue
[2026-07-27T06:20:56.131+0000] {logging_mixin.py:190} INFO - [2026-07-27T06:20:56.131+0000] {dagbag.py:588} INFO - Filling up the DagBag from /opt/airflow/dags/youtube_medallion_pipeline.py
[2026-07-27T06:20:56.162+0000] {processor.py:925} INFO - DAG(s) 'youtube_medallion_pipeline' retrieved from /opt/airflow/dags/youtube_medallion_pipeline.py
[2026-07-27T06:20:56.257+0000] {logging_mixin.py:190} INFO - [2026-07-27T06:20:56.257+0000] {dag.py:3239} INFO - Sync 1 DAGs
[2026-07-27T06:20:56.291+0000] {logging_mixin.py:190} INFO - [2026-07-27T06:20:56.291+0000] {dag.py:4180} INFO - Setting next_dagrun for youtube_medallion_pipeline to None, run_after=None
[2026-07-27T06:20:56.362+0000] {processor.py:208} INFO - Processing /opt/airflow/dags/youtube_medallion_pipeline.py took 0.253 seconds
[2026-07-27T06:21:26.687+0000] {processor.py:186} INFO - Started process (PID=875) to work on /opt/airflow/dags/youtube_medallion_pipeline.py
[2026-07-27T06:21:26.691+0000] {processor.py:914} INFO - Processing file /opt/airflow/dags/youtube_medallion_pipeline.py for tasks to queue
[2026-07-27T06:21:26.697+0000] {logging_mixin.py:190} INFO - [2026-07-27T06:21:26.696+0000] {dagbag.py:588} INFO - Filling up the DagBag from /opt/airflow/dags/youtube_medallion_pipeline.py
[2026-07-27T06:21:26.728+0000] {processor.py:925} INFO - DAG(s) 'youtube_medallion_pipeline' retrieved from /opt/airflow/dags/youtube_medallion_pipeline.py
[2026-07-27T06:21:26.843+0000] {logging_mixin.py:190} INFO - [2026-07-27T06:21:26.843+0000] {dag.py:3239} INFO - Sync 1 DAGs
[2026-07-27T06:21:26.880+0000] {logging_mixin.py:190} INFO - [2026-07-27T06:21:26.880+0000] {dag.py:4180} INFO - Setting next_dagrun for youtube_medallion_pipeline to None, run_after=None
[2026-07-27T06:21:26.949+0000] {processor.py:208} INFO - Processing /opt/airflow/dags/youtube_medallion_pipeline.py took 0.269 seconds
[2026-07-27T06:21:57.653+0000] {processor.py:186} INFO - Started process (PID=880) to work on /opt/airflow/dags/youtube_medallion_pipeline.py
[2026-07-27T06:21:57.658+0000] {processor.py:914} INFO - Processing file /opt/airflow/dags/youtube_medallion_pipeline.py for tasks to queue
[2026-07-27T06:21:57.672+0000] {logging_mixin.py:190} INFO - [2026-07-27T06:21:57.671+0000] {dagbag.py:588} INFO - Filling up the DagBag from /opt/airflow/dags/youtube_medallion_pipeline.py
[2026-07-27T06:21:57.743+0000] {processor.py:925} INFO - DAG(s) 'youtube_medallion_pipeline' retrieved from /opt/airflow/dags/youtube_medallion_pipeline.py
[2026-07-27T06:21:57.938+0000] {logging_mixin.py:190} INFO - [2026-07-27T06:21:57.937+0000] {dag.py:3239} INFO - Sync 1 DAGs
[2026-07-27T06:21:58.017+0000] {logging_mixin.py:190} INFO - [2026-07-27T06:21:58.016+0000] {dag.py:4180} INFO - Setting next_dagrun for youtube_medallion_pipeline to None, run_after=None
[2026-07-27T06:21:58.085+0000] {processor.py:208} INFO - Processing /opt/airflow/dags/youtube_medallion_pipeline.py took 0.461 seconds
[2026-07-27T06:22:28.494+0000] {processor.py:186} INFO - Started process (PID=885) to work on /opt/airflow/dags/youtube_medallion_pipeline.py
[2026-07-27T06:22:28.497+0000] {processor.py:914} INFO - Processing file /opt/airflow/dags/youtube_medallion_pipeline.py for tasks to queue
[2026-07-27T06:22:28.504+0000] {logging_mixin.py:190} INFO - [2026-07-27T06:22:28.503+0000] {dagbag.py:588} INFO - Filling up the DagBag from /opt/airflow/dags/youtube_medallion_pipeline.py
[2026-07-27T06:22:28.545+0000] {processor.py:925} INFO - DAG(s) 'youtube_medallion_pipeline' retrieved from /opt/airflow/dags/youtube_medallion_pipeline.py
[2026-07-27T06:22:28.675+0000] {logging_mixin.py:190} INFO - [2026-07-27T06:22:28.675+0000] {dag.py:3239} INFO - Sync 1 DAGs
[2026-07-27T06:22:28.733+0000] {logging_mixin.py:190} INFO - [2026-07-27T06:22:28.732+0000] {dag.py:4180} INFO - Setting next_dagrun for youtube_medallion_pipeline to None, run_after=None
[2026-07-27T06:22:28.784+0000] {processor.py:208} INFO - Processing /opt/airflow/dags/youtube_medallion_pipeline.py took 0.304 seconds
[2026-07-27T06:22:59.190+0000] {processor.py:186} INFO - Started process (PID=890) to work on /opt/airflow/dags/youtube_medallion_pipeline.py
[2026-07-27T06:22:59.193+0000] {processor.py:914} INFO - Processing file /opt/airflow/dags/youtube_medallion_pipeline.py for tasks to queue
[2026-07-27T06:22:59.202+0000] {logging_mixin.py:190} INFO - [2026-07-27T06:22:59.201+0000] {dagbag.py:588} INFO - Filling up the DagBag from /opt/airflow/dags/youtube_medallion_pipeline.py
[2026-07-27T06:22:59.266+0000] {processor.py:925} INFO - DAG(s) 'youtube_medallion_pipeline' retrieved from /opt/airflow/dags/youtube_medallion_pipeline.py
[2026-07-27T06:22:59.423+0000] {logging_mixin.py:190} INFO - [2026-07-27T06:22:59.423+0000] {dag.py:3239} INFO - Sync 1 DAGs
[2026-07-27T06:22:59.517+0000] {logging_mixin.py:190} INFO - [2026-07-27T06:22:59.516+0000] {dag.py:4180} INFO - Setting next_dagrun for youtube_medallion_pipeline to None, run_after=None
[2026-07-27T06:22:59.619+0000] {processor.py:208} INFO - Processing /opt/airflow/dags/youtube_medallion_pipeline.py took 0.441 seconds
[2026-07-27T06:23:30.032+0000] {processor.py:186} INFO - Started process (PID=895) to work on /opt/airflow/dags/youtube_medallion_pipeline.py
[2026-07-27T06:23:30.035+0000] {processor.py:914} INFO - Processing file /opt/airflow/dags/youtube_medallion_pipeline.py for tasks to queue
[2026-07-27T06:23:30.044+0000] {logging_mixin.py:190} INFO - [2026-07-27T06:23:30.043+0000] {dagbag.py:588} INFO - Filling up the DagBag from /opt/airflow/dags/youtube_medallion_pipeline.py
[2026-07-27T06:23:30.098+0000] {processor.py:925} INFO - DAG(s) 'youtube_medallion_pipeline' retrieved from /opt/airflow/dags/youtube_medallion_pipeline.py
[2026-07-27T06:23:30.189+0000] {logging_mixin.py:190} INFO - [2026-07-27T06:23:30.188+0000] {dag.py:3239} INFO - Sync 1 DAGs
[2026-07-27T06:23:30.216+0000] {logging_mixin.py:190} INFO - [2026-07-27T06:23:30.216+0000] {dag.py:4180} INFO - Setting next_dagrun for youtube_medallion_pipeline to None, run_after=None
[2026-07-27T06:23:30.259+0000] {processor.py:208} INFO - Processing /opt/airflow/dags/youtube_medallion_pipeline.py took 0.237 seconds
[2026-07-27T06:24:00.410+0000] {processor.py:186} INFO - Started process (PID=900) to work on /opt/airflow/dags/youtube_medallion_pipeline.py
[2026-07-27T06:24:00.414+0000] {processor.py:914} INFO - Processing file /opt/airflow/dags/youtube_medallion_pipeline.py for tasks to queue
[2026-07-27T06:24:00.420+0000] {logging_mixin.py:190} INFO - [2026-07-27T06:24:00.420+0000] {dagbag.py:588} INFO - Filling up the DagBag from /opt/airflow/dags/youtube_medallion_pipeline.py
[2026-07-27T06:24:00.487+0000] {processor.py:925} INFO - DAG(s) 'youtube_medallion_pipeline' retrieved from /opt/airflow/dags/youtube_medallion_pipeline.py
[2026-07-27T06:24:00.630+0000] {logging_mixin.py:190} INFO - [2026-07-27T06:24:00.629+0000] {dag.py:3239} INFO - Sync 1 DAGs
[2026-07-27T06:24:00.672+0000] {logging_mixin.py:190} INFO - [2026-07-27T06:24:00.671+0000] {dag.py:4180} INFO - Setting next_dagrun for youtube_medallion_pipeline to None, run_after=None
[2026-07-27T06:24:00.723+0000] {processor.py:208} INFO - Processing /opt/airflow/dags/youtube_medallion_pipeline.py took 0.332 seconds
[2026-07-27T06:24:30.962+0000] {processor.py:186} INFO - Started process (PID=905) to work on /opt/airflow/dags/youtube_medallion_pipeline.py
[2026-07-27T06:24:30.965+0000] {processor.py:914} INFO - Processing file /opt/airflow/dags/youtube_medallion_pipeline.py for tasks to queue
[2026-07-27T06:24:30.974+0000] {logging_mixin.py:190} INFO - [2026-07-27T06:24:30.974+0000] {dagbag.py:588} INFO - Filling up the DagBag from /opt/airflow/dags/youtube_medallion_pipeline.py
[2026-07-27T06:24:31.013+0000] {processor.py:925} INFO - DAG(s) 'youtube_medallion_pipeline' retrieved from /opt/airflow/dags/youtube_medallion_pipeline.py
[2026-07-27T06:24:31.073+0000] {logging_mixin.py:190} INFO - [2026-07-27T06:24:31.073+0000] {dag.py:3239} INFO - Sync 1 DAGs
[2026-07-27T06:24:31.104+0000] {logging_mixin.py:190} INFO - [2026-07-27T06:24:31.104+0000] {dag.py:4180} INFO - Setting next_dagrun for youtube_medallion_pipeline to None, run_after=None
[2026-07-27T06:24:31.142+0000] {processor.py:208} INFO - Processing /opt/airflow/dags/youtube_medallion_pipeline.py took 0.194 seconds
[2026-07-27T06:25:01.348+0000] {processor.py:186} INFO - Started process (PID=910) to work on /opt/airflow/dags/youtube_medallion_pipeline.py
[2026-07-27T06:25:01.352+0000] {processor.py:914} INFO - Processing file /opt/airflow/dags/youtube_medallion_pipeline.py for tasks to queue
[2026-07-27T06:25:01.357+0000] {logging_mixin.py:190} INFO - [2026-07-27T06:25:01.356+0000] {dagbag.py:588} INFO - Filling up the DagBag from /opt/airflow/dags/youtube_medallion_pipeline.py
[2026-07-27T06:25:01.399+0000] {processor.py:925} INFO - DAG(s) 'youtube_medallion_pipeline' retrieved from /opt/airflow/dags/youtube_medallion_pipeline.py
[2026-07-27T06:25:01.464+0000] {logging_mixin.py:190} INFO - [2026-07-27T06:25:01.464+0000] {dag.py:3239} INFO - Sync 1 DAGs
[2026-07-27T06:25:01.494+0000] {logging_mixin.py:190} INFO - [2026-07-27T06:25:01.494+0000] {dag.py:4180} INFO - Setting next_dagrun for youtube_medallion_pipeline to None, run_after=None
[2026-07-27T06:25:01.531+0000] {processor.py:208} INFO - Processing /opt/airflow/dags/youtube_medallion_pipeline.py took 0.194 seconds
[2026-07-27T06:25:31.813+0000] {processor.py:186} INFO - Started process (PID=915) to work on /opt/airflow/dags/youtube_medallion_pipeline.py
[2026-07-27T06:25:31.815+0000] {processor.py:914} INFO - Processing file /opt/airflow/dags/youtube_medallion_pipeline.py for tasks to queue
[2026-07-27T06:25:31.824+0000] {logging_mixin.py:190} INFO - [2026-07-27T06:25:31.823+0000] {dagbag.py:588} INFO - Filling up the DagBag from /opt/airflow/dags/youtube_medallion_pipeline.py
[2026-07-27T06:25:31.853+0000] {processor.py:925} INFO - DAG(s) 'youtube_medallion_pipeline' retrieved from /opt/airflow/dags/youtube_medallion_pipeline.py
[2026-07-27T06:25:31.908+0000] {logging_mixin.py:190} INFO - [2026-07-27T06:25:31.908+0000] {dag.py:3239} INFO - Sync 1 DAGs
[2026-07-27T06:25:31.944+0000] {logging_mixin.py:190} INFO - [2026-07-27T06:25:31.943+0000] {dag.py:4180} INFO - Setting next_dagrun for youtube_medallion_pipeline to None, run_after=None
[2026-07-27T06:25:31.992+0000] {processor.py:208} INFO - Processing /opt/airflow/dags/youtube_medallion_pipeline.py took 0.192 seconds
[2026-07-27T06:26:02.254+0000] {processor.py:186} INFO - Started process (PID=920) to work on /opt/airflow/dags/youtube_medallion_pipeline.py
[2026-07-27T06:26:02.259+0000] {processor.py:914} INFO - Processing file /opt/airflow/dags/youtube_medallion_pipeline.py for tasks to queue
[2026-07-27T06:26:02.274+0000] {logging_mixin.py:190} INFO - [2026-07-27T06:26:02.273+0000] {dagbag.py:588} INFO - Filling up the DagBag from /opt/airflow/dags/youtube_medallion_pipeline.py
[2026-07-27T06:26:02.327+0000] {processor.py:925} INFO - DAG(s) 'youtube_medallion_pipeline' retrieved from /opt/airflow/dags/youtube_medallion_pipeline.py
[2026-07-27T06:26:02.418+0000] {logging_mixin.py:190} INFO - [2026-07-27T06:26:02.417+0000] {dag.py:3239} INFO - Sync 1 DAGs
[2026-07-27T06:26:02.614+0000] {logging_mixin.py:190} INFO - [2026-07-27T06:26:02.614+0000] {dag.py:4180} INFO - Setting next_dagrun for youtube_medallion_pipeline to None, run_after=None
[2026-07-27T06:26:02.769+0000] {processor.py:208} INFO - Processing /opt/airflow/dags/youtube_medallion_pipeline.py took 0.531 seconds
[2026-07-27T06:26:33.381+0000] {processor.py:186} INFO - Started process (PID=925) to work on /opt/airflow/dags/youtube_medallion_pipeline.py
[2026-07-27T06:26:33.396+0000] {processor.py:914} INFO - Processing file /opt/airflow/dags/youtube_medallion_pipeline.py for tasks to queue
[2026-07-27T06:26:33.642+0000] {logging_mixin.py:190} INFO - [2026-07-27T06:26:33.642+0000] {dagbag.py:588} INFO - Filling up the DagBag from /opt/airflow/dags/youtube_medallion_pipeline.py
[2026-07-27T06:26:33.746+0000] {processor.py:925} INFO - DAG(s) 'youtube_medallion_pipeline' retrieved from /opt/airflow/dags/youtube_medallion_pipeline.py
[2026-07-27T06:26:33.852+0000] {logging_mixin.py:190} INFO - [2026-07-27T06:26:33.852+0000] {dag.py:3239} INFO - Sync 1 DAGs
[2026-07-27T06:26:33.886+0000] {logging_mixin.py:190} INFO - [2026-07-27T06:26:33.886+0000] {dag.py:4180} INFO - Setting next_dagrun for youtube_medallion_pipeline to None, run_after=None
[2026-07-27T06:26:34.089+0000] {processor.py:208} INFO - Processing /opt/airflow/dags/youtube_medallion_pipeline.py took 0.717 seconds
[2026-07-27T06:27:04.555+0000] {processor.py:186} INFO - Started process (PID=930) to work on /opt/airflow/dags/youtube_medallion_pipeline.py
[2026-07-27T06:27:04.584+0000] {processor.py:914} INFO - Processing file /opt/airflow/dags/youtube_medallion_pipeline.py for tasks to queue
[2026-07-27T06:27:04.642+0000] {logging_mixin.py:190} INFO - [2026-07-27T06:27:04.638+0000] {dagbag.py:588} INFO - Filling up the DagBag from /opt/airflow/dags/youtube_medallion_pipeline.py
[2026-07-27T06:27:04.964+0000] {processor.py:925} INFO - DAG(s) 'youtube_medallion_pipeline' retrieved from /opt/airflow/dags/youtube_medallion_pipeline.py
[2026-07-27T06:27:05.125+0000] {logging_mixin.py:190} INFO - [2026-07-27T06:27:05.124+0000] {dag.py:3239} INFO - Sync 1 DAGs
[2026-07-27T06:27:05.184+0000] {logging_mixin.py:190} INFO - [2026-07-27T06:27:05.183+0000] {dag.py:4180} INFO - Setting next_dagrun for youtube_medallion_pipeline to None, run_after=None
[2026-07-27T06:27:05.237+0000] {processor.py:208} INFO - Processing /opt/airflow/dags/youtube_medallion_pipeline.py took 0.738 seconds
[2026-07-27T06:27:35.648+0000] {processor.py:186} INFO - Started process (PID=935) to work on /opt/airflow/dags/youtube_medallion_pipeline.py
[2026-07-27T06:27:35.659+0000] {processor.py:914} INFO - Processing file /opt/airflow/dags/youtube_medallion_pipeline.py for tasks to queue
[2026-07-27T06:27:35.696+0000] {logging_mixin.py:190} INFO - [2026-07-27T06:27:35.691+0000] {dagbag.py:588} INFO - Filling up the DagBag from /opt/airflow/dags/youtube_medallion_pipeline.py
[2026-07-27T06:27:35.928+0000] {processor.py:925} INFO - DAG(s) 'youtube_medallion_pipeline' retrieved from /opt/airflow/dags/youtube_medallion_pipeline.py
[2026-07-27T06:27:36.111+0000] {logging_mixin.py:190} INFO - [2026-07-27T06:27:36.111+0000] {dag.py:3239} INFO - Sync 1 DAGs
[2026-07-27T06:27:36.255+0000] {logging_mixin.py:190} INFO - [2026-07-27T06:27:36.255+0000] {dag.py:4180} INFO - Setting next_dagrun for youtube_medallion_pipeline to None, run_after=None
[2026-07-27T06:27:36.533+0000] {processor.py:208} INFO - Processing /opt/airflow/dags/youtube_medallion_pipeline.py took 0.998 seconds
[2026-07-27T06:28:07.516+0000] {processor.py:186} INFO - Started process (PID=940) to work on /opt/airflow/dags/youtube_medallion_pipeline.py
[2026-07-27T06:28:07.518+0000] {processor.py:914} INFO - Processing file /opt/airflow/dags/youtube_medallion_pipeline.py for tasks to queue
[2026-07-27T06:28:07.522+0000] {logging_mixin.py:190} INFO - [2026-07-27T06:28:07.522+0000] {dagbag.py:588} INFO - Filling up the DagBag from /opt/airflow/dags/youtube_medallion_pipeline.py
[2026-07-27T06:28:07.550+0000] {processor.py:925} INFO - DAG(s) 'youtube_medallion_pipeline' retrieved from /opt/airflow/dags/youtube_medallion_pipeline.py
[2026-07-27T06:28:07.718+0000] {logging_mixin.py:190} INFO - [2026-07-27T06:28:07.718+0000] {dag.py:3239} INFO - Sync 1 DAGs
[2026-07-27T06:28:07.819+0000] {logging_mixin.py:190} INFO - [2026-07-27T06:28:07.819+0000] {dag.py:4180} INFO - Setting next_dagrun for youtube_medallion_pipeline to None, run_after=None
[2026-07-27T06:28:07.904+0000] {processor.py:208} INFO - Processing /opt/airflow/dags/youtube_medallion_pipeline.py took 0.398 seconds
[2026-07-27T06:28:38.166+0000] {processor.py:186} INFO - Started process (PID=945) to work on /opt/airflow/dags/youtube_medallion_pipeline.py
[2026-07-27T06:28:38.169+0000] {processor.py:914} INFO - Processing file /opt/airflow/dags/youtube_medallion_pipeline.py for tasks to queue
[2026-07-27T06:28:38.175+0000] {logging_mixin.py:190} INFO - [2026-07-27T06:28:38.175+0000] {dagbag.py:588} INFO - Filling up the DagBag from /opt/airflow/dags/youtube_medallion_pipeline.py
[2026-07-27T06:28:38.240+0000] {processor.py:925} INFO - DAG(s) 'youtube_medallion_pipeline' retrieved from /opt/airflow/dags/youtube_medallion_pipeline.py
[2026-07-27T06:28:38.326+0000] {logging_mixin.py:190} INFO - [2026-07-27T06:28:38.326+0000] {dag.py:3239} INFO - Sync 1 DAGs
[2026-07-27T06:28:38.372+0000] {logging_mixin.py:190} INFO - [2026-07-27T06:28:38.372+0000] {dag.py:4180} INFO - Setting next_dagrun for youtube_medallion_pipeline to None, run_after=None
[2026-07-27T06:28:38.462+0000] {processor.py:208} INFO - Processing /opt/airflow/dags/youtube_medallion_pipeline.py took 0.307 seconds
[2026-07-27T06:29:08.897+0000] {processor.py:186} INFO - Started process (PID=950) to work on /opt/airflow/dags/youtube_medallion_pipeline.py
[2026-07-27T06:29:08.899+0000] {processor.py:914} INFO - Processing file /opt/airflow/dags/youtube_medallion_pipeline.py for tasks to queue
[2026-07-27T06:29:08.906+0000] {logging_mixin.py:190} INFO - [2026-07-27T06:29:08.904+0000] {dagbag.py:588} INFO - Filling up the DagBag from /opt/airflow/dags/youtube_medallion_pipeline.py
[2026-07-27T06:29:09.054+0000] {processor.py:925} INFO - DAG(s) 'youtube_medallion_pipeline' retrieved from /opt/airflow/dags/youtube_medallion_pipeline.py
[2026-07-27T06:29:09.161+0000] {logging_mixin.py:190} INFO - [2026-07-27T06:29:09.160+0000] {dag.py:3239} INFO - Sync 1 DAGs
[2026-07-27T06:29:09.249+0000] {logging_mixin.py:190} INFO - [2026-07-27T06:29:09.248+0000] {dag.py:4180} INFO - Setting next_dagrun for youtube_medallion_pipeline to None, run_after=None
[2026-07-27T06:29:09.584+0000] {processor.py:208} INFO - Processing /opt/airflow/dags/youtube_medallion_pipeline.py took 0.698 seconds
[2026-07-27T06:29:40.055+0000] {processor.py:186} INFO - Started process (PID=955) to work on /opt/airflow/dags/youtube_medallion_pipeline.py
[2026-07-27T06:29:40.059+0000] {processor.py:914} INFO - Processing file /opt/airflow/dags/youtube_medallion_pipeline.py for tasks to queue
[2026-07-27T06:29:40.068+0000] {logging_mixin.py:190} INFO - [2026-07-27T06:29:40.067+0000] {dagbag.py:588} INFO - Filling up the DagBag from /opt/airflow/dags/youtube_medallion_pipeline.py
[2026-07-27T06:29:40.104+0000] {processor.py:925} INFO - DAG(s) 'youtube_medallion_pipeline' retrieved from /opt/airflow/dags/youtube_medallion_pipeline.py
[2026-07-27T06:29:40.162+0000] {logging_mixin.py:190} INFO - [2026-07-27T06:29:40.161+0000] {dag.py:3239} INFO - Sync 1 DAGs
[2026-07-27T06:29:40.191+0000] {logging_mixin.py:190} INFO - [2026-07-27T06:29:40.190+0000] {dag.py:4180} INFO - Setting next_dagrun for youtube_medallion_pipeline to None, run_after=None
[2026-07-27T06:29:40.235+0000] {processor.py:208} INFO - Processing /opt/airflow/dags/youtube_medallion_pipeline.py took 0.190 seconds
[2026-07-27T06:30:10.493+0000] {processor.py:186} INFO - Started process (PID=960) to work on /opt/airflow/dags/youtube_medallion_pipeline.py
[2026-07-27T06:30:10.498+0000] {processor.py:914} INFO - Processing file /opt/airflow/dags/youtube_medallion_pipeline.py for tasks to queue
[2026-07-27T06:30:10.507+0000] {logging_mixin.py:190} INFO - [2026-07-27T06:30:10.506+0000] {dagbag.py:588} INFO - Filling up the DagBag from /opt/airflow/dags/youtube_medallion_pipeline.py
[2026-07-27T06:30:10.549+0000] {processor.py:925} INFO - DAG(s) 'youtube_medallion_pipeline' retrieved from /opt/airflow/dags/youtube_medallion_pipeline.py
[2026-07-27T06:30:10.663+0000] {logging_mixin.py:190} INFO - [2026-07-27T06:30:10.663+0000] {dag.py:3239} INFO - Sync 1 DAGs
[2026-07-27T06:30:10.707+0000] {logging_mixin.py:190} INFO - [2026-07-27T06:30:10.707+0000] {dag.py:4180} INFO - Setting next_dagrun for youtube_medallion_pipeline to None, run_after=None
[2026-07-27T06:30:10.751+0000] {processor.py:208} INFO - Processing /opt/airflow/dags/youtube_medallion_pipeline.py took 0.271 seconds
[2026-07-27T06:30:41.164+0000] {processor.py:186} INFO - Started process (PID=965) to work on /opt/airflow/dags/youtube_medallion_pipeline.py
[2026-07-27T06:30:41.167+0000] {processor.py:914} INFO - Processing file /opt/airflow/dags/youtube_medallion_pipeline.py for tasks to queue
[2026-07-27T06:30:41.175+0000] {logging_mixin.py:190} INFO - [2026-07-27T06:30:41.174+0000] {dagbag.py:588} INFO - Filling up the DagBag from /opt/airflow/dags/youtube_medallion_pipeline.py
[2026-07-27T06:30:41.221+0000] {processor.py:925} INFO - DAG(s) 'youtube_medallion_pipeline' retrieved from /opt/airflow/dags/youtube_medallion_pipeline.py
[2026-07-27T06:30:41.280+0000] {logging_mixin.py:190} INFO - [2026-07-27T06:30:41.279+0000] {dag.py:3239} INFO - Sync 1 DAGs
[2026-07-27T06:30:41.310+0000] {logging_mixin.py:190} INFO - [2026-07-27T06:30:41.310+0000] {dag.py:4180} INFO - Setting next_dagrun for youtube_medallion_pipeline to None, run_after=None
[2026-07-27T06:30:41.495+0000] {processor.py:208} INFO - Processing /opt/airflow/dags/youtube_medallion_pipeline.py took 0.345 seconds
[2026-07-27T06:31:12.106+0000] {processor.py:186} INFO - Started process (PID=970) to work on /opt/airflow/dags/youtube_medallion_pipeline.py
[2026-07-27T06:31:12.111+0000] {processor.py:914} INFO - Processing file /opt/airflow/dags/youtube_medallion_pipeline.py for tasks to queue
[2026-07-27T06:31:12.137+0000] {logging_mixin.py:190} INFO - [2026-07-27T06:31:12.135+0000] {dagbag.py:588} INFO - Filling up the DagBag from /opt/airflow/dags/youtube_medallion_pipeline.py
[2026-07-27T06:31:12.291+0000] {processor.py:925} INFO - DAG(s) 'youtube_medallion_pipeline' retrieved from /opt/airflow/dags/youtube_medallion_pipeline.py
[2026-07-27T06:31:12.563+0000] {logging_mixin.py:190} INFO - [2026-07-27T06:31:12.563+0000] {dag.py:3239} INFO - Sync 1 DAGs
[2026-07-27T06:31:12.671+0000] {logging_mixin.py:190} INFO - [2026-07-27T06:31:12.670+0000] {dag.py:4180} INFO - Setting next_dagrun for youtube_medallion_pipeline to None, run_after=None
[2026-07-27T06:31:13.615+0000] {processor.py:208} INFO - Processing /opt/airflow/dags/youtube_medallion_pipeline.py took 1.583 seconds
[2026-07-27T06:31:43.874+0000] {processor.py:186} INFO - Started process (PID=975) to work on /opt/airflow/dags/youtube_medallion_pipeline.py
[2026-07-27T06:31:43.877+0000] {processor.py:914} INFO - Processing file /opt/airflow/dags/youtube_medallion_pipeline.py for tasks to queue
[2026-07-27T06:31:43.883+0000] {logging_mixin.py:190} INFO - [2026-07-27T06:31:43.882+0000] {dagbag.py:588} INFO - Filling up the DagBag from /opt/airflow/dags/youtube_medallion_pipeline.py
[2026-07-27T06:31:43.914+0000] {processor.py:925} INFO - DAG(s) 'youtube_medallion_pipeline' retrieved from /opt/airflow/dags/youtube_medallion_pipeline.py
[2026-07-27T06:31:43.978+0000] {logging_mixin.py:190} INFO - [2026-07-27T06:31:43.978+0000] {dag.py:3239} INFO - Sync 1 DAGs
[2026-07-27T06:31:44.035+0000] {logging_mixin.py:190} INFO - [2026-07-27T06:31:44.035+0000] {dag.py:4180} INFO - Setting next_dagrun for youtube_medallion_pipeline to None, run_after=None
[2026-07-27T06:31:44.103+0000] {processor.py:208} INFO - Processing /opt/airflow/dags/youtube_medallion_pipeline.py took 0.244 seconds
[2026-07-27T06:32:14.776+0000] {processor.py:186} INFO - Started process (PID=980) to work on /opt/airflow/dags/youtube_medallion_pipeline.py
[2026-07-27T06:32:14.788+0000] {processor.py:914} INFO - Processing file /opt/airflow/dags/youtube_medallion_pipeline.py for tasks to queue
[2026-07-27T06:32:14.847+0000] {logging_mixin.py:190} INFO - [2026-07-27T06:32:14.838+0000] {dagbag.py:588} INFO - Filling up the DagBag from /opt/airflow/dags/youtube_medallion_pipeline.py
[2026-07-27T06:32:15.125+0000] {processor.py:925} INFO - DAG(s) 'youtube_medallion_pipeline' retrieved from /opt/airflow/dags/youtube_medallion_pipeline.py
[2026-07-27T06:32:15.640+0000] {logging_mixin.py:190} INFO - [2026-07-27T06:32:15.639+0000] {dag.py:3239} INFO - Sync 1 DAGs
[2026-07-27T06:32:15.748+0000] {logging_mixin.py:190} INFO - [2026-07-27T06:32:15.747+0000] {dag.py:4180} INFO - Setting next_dagrun for youtube_medallion_pipeline to None, run_after=None
[2026-07-27T06:32:15.845+0000] {processor.py:208} INFO - Processing /opt/airflow/dags/youtube_medallion_pipeline.py took 1.253 seconds
[2026-07-27T06:32:46.387+0000] {processor.py:186} INFO - Started process (PID=985) to work on /opt/airflow/dags/youtube_medallion_pipeline.py
[2026-07-27T06:32:46.398+0000] {processor.py:914} INFO - Processing file /opt/airflow/dags/youtube_medallion_pipeline.py for tasks to queue
[2026-07-27T06:32:46.418+0000] {logging_mixin.py:190} INFO - [2026-07-27T06:32:46.415+0000] {dagbag.py:588} INFO - Filling up the DagBag from /opt/airflow/dags/youtube_medallion_pipeline.py
[2026-07-27T06:32:46.501+0000] {processor.py:925} INFO - DAG(s) 'youtube_medallion_pipeline' retrieved from /opt/airflow/dags/youtube_medallion_pipeline.py
[2026-07-27T06:32:46.706+0000] {logging_mixin.py:190} INFO - [2026-07-27T06:32:46.705+0000] {dag.py:3239} INFO - Sync 1 DAGs
[2026-07-27T06:32:46.797+0000] {logging_mixin.py:190} INFO - [2026-07-27T06:32:46.796+0000] {dag.py:4180} INFO - Setting next_dagrun for youtube_medallion_pipeline to None, run_after=None
[2026-07-27T06:32:46.890+0000] {processor.py:208} INFO - Processing /opt/airflow/dags/youtube_medallion_pipeline.py took 0.549 seconds
[2026-07-27T06:33:17.339+0000] {processor.py:186} INFO - Started process (PID=990) to work on /opt/airflow/dags/youtube_medallion_pipeline.py
[2026-07-27T06:33:17.342+0000] {processor.py:914} INFO - Processing file /opt/airflow/dags/youtube_medallion_pipeline.py for tasks to queue
[2026-07-27T06:33:17.353+0000] {logging_mixin.py:190} INFO - [2026-07-27T06:33:17.352+0000] {dagbag.py:588} INFO - Filling up the DagBag from /opt/airflow/dags/youtube_medallion_pipeline.py
[2026-07-27T06:33:17.451+0000] {processor.py:925} INFO - DAG(s) 'youtube_medallion_pipeline' retrieved from /opt/airflow/dags/youtube_medallion_pipeline.py
[2026-07-27T06:33:17.522+0000] {logging_mixin.py:190} INFO - [2026-07-27T06:33:17.522+0000] {dag.py:3239} INFO - Sync 1 DAGs
[2026-07-27T06:33:17.580+0000] {logging_mixin.py:190} INFO - [2026-07-27T06:33:17.580+0000] {dag.py:4180} INFO - Setting next_dagrun for youtube_medallion_pipeline to None, run_after=None
[2026-07-27T06:33:17.630+0000] {processor.py:208} INFO - Processing /opt/airflow/dags/youtube_medallion_pipeline.py took 0.306 seconds
[2026-07-27T06:33:48.540+0000] {processor.py:186} INFO - Started process (PID=995) to work on /opt/airflow/dags/youtube_medallion_pipeline.py
[2026-07-27T06:33:48.711+0000] {processor.py:914} INFO - Processing file /opt/airflow/dags/youtube_medallion_pipeline.py for tasks to queue
[2026-07-27T06:33:48.717+0000] {logging_mixin.py:190} INFO - [2026-07-27T06:33:48.717+0000] {dagbag.py:588} INFO - Filling up the DagBag from /opt/airflow/dags/youtube_medallion_pipeline.py
[2026-07-27T06:33:48.775+0000] {processor.py:925} INFO - DAG(s) 'youtube_medallion_pipeline' retrieved from /opt/airflow/dags/youtube_medallion_pipeline.py
[2026-07-27T06:33:49.407+0000] {logging_mixin.py:190} INFO - [2026-07-27T06:33:49.407+0000] {dag.py:3239} INFO - Sync 1 DAGs
[2026-07-27T06:33:49.433+0000] {logging_mixin.py:190} INFO - [2026-07-27T06:33:49.433+0000] {dag.py:4180} INFO - Setting next_dagrun for youtube_medallion_pipeline to None, run_after=None
[2026-07-27T06:33:49.466+0000] {processor.py:208} INFO - Processing /opt/airflow/dags/youtube_medallion_pipeline.py took 0.936 seconds
[2026-07-27T06:34:20.428+0000] {processor.py:186} INFO - Started process (PID=1000) to work on /opt/airflow/dags/youtube_medallion_pipeline.py
[2026-07-27T06:34:20.431+0000] {processor.py:914} INFO - Processing file /opt/airflow/dags/youtube_medallion_pipeline.py for tasks to queue
[2026-07-27T06:34:20.439+0000] {logging_mixin.py:190} INFO - [2026-07-27T06:34:20.437+0000] {dagbag.py:588} INFO - Filling up the DagBag from /opt/airflow/dags/youtube_medallion_pipeline.py
[2026-07-27T06:34:20.555+0000] {processor.py:925} INFO - DAG(s) 'youtube_medallion_pipeline' retrieved from /opt/airflow/dags/youtube_medallion_pipeline.py
[2026-07-27T06:34:20.633+0000] {logging_mixin.py:190} INFO - [2026-07-27T06:34:20.632+0000] {dag.py:3239} INFO - Sync 1 DAGs
[2026-07-27T06:34:20.659+0000] {logging_mixin.py:190} INFO - [2026-07-27T06:34:20.659+0000] {dag.py:4180} INFO - Setting next_dagrun for youtube_medallion_pipeline to None, run_after=None
[2026-07-27T06:34:20.717+0000] {processor.py:208} INFO - Processing /opt/airflow/dags/youtube_medallion_pipeline.py took 0.305 seconds
[2026-07-27T06:34:50.903+0000] {processor.py:186} INFO - Started process (PID=1005) to work on /opt/airflow/dags/youtube_medallion_pipeline.py
[2026-07-27T06:34:50.907+0000] {processor.py:914} INFO - Processing file /opt/airflow/dags/youtube_medallion_pipeline.py for tasks to queue
[2026-07-27T06:34:50.916+0000] {logging_mixin.py:190} INFO - [2026-07-27T06:34:50.914+0000] {dagbag.py:588} INFO - Filling up the DagBag from /opt/airflow/dags/youtube_medallion_pipeline.py
[2026-07-27T06:34:50.981+0000] {processor.py:925} INFO - DAG(s) 'youtube_medallion_pipeline' retrieved from /opt/airflow/dags/youtube_medallion_pipeline.py
[2026-07-27T06:34:51.066+0000] {logging_mixin.py:190} INFO - [2026-07-27T06:34:51.066+0000] {dag.py:3239} INFO - Sync 1 DAGs
[2026-07-27T06:34:51.124+0000] {logging_mixin.py:190} INFO - [2026-07-27T06:34:51.123+0000] {dag.py:4180} INFO - Setting next_dagrun for youtube_medallion_pipeline to None, run_after=None
[2026-07-27T06:34:51.180+0000] {processor.py:208} INFO - Processing /opt/airflow/dags/youtube_medallion_pipeline.py took 0.304 seconds
[2026-07-27T06:35:21.310+0000] {processor.py:186} INFO - Started process (PID=1010) to work on /opt/airflow/dags/youtube_medallion_pipeline.py
[2026-07-27T06:35:21.312+0000] {processor.py:914} INFO - Processing file /opt/airflow/dags/youtube_medallion_pipeline.py for tasks to queue
[2026-07-27T06:35:21.316+0000] {logging_mixin.py:190} INFO - [2026-07-27T06:35:21.316+0000] {dagbag.py:588} INFO - Filling up the DagBag from /opt/airflow/dags/youtube_medallion_pipeline.py
[2026-07-27T06:35:21.345+0000] {processor.py:925} INFO - DAG(s) 'youtube_medallion_pipeline' retrieved from /opt/airflow/dags/youtube_medallion_pipeline.py
[2026-07-27T06:35:21.400+0000] {logging_mixin.py:190} INFO - [2026-07-27T06:35:21.400+0000] {dag.py:3239} INFO - Sync 1 DAGs
[2026-07-27T06:35:21.430+0000] {logging_mixin.py:190} INFO - [2026-07-27T06:35:21.430+0000] {dag.py:4180} INFO - Setting next_dagrun for youtube_medallion_pipeline to None, run_after=None
[2026-07-27T06:35:21.467+0000] {processor.py:208} INFO - Processing /opt/airflow/dags/youtube_medallion_pipeline.py took 0.168 seconds
[2026-07-27T06:35:51.717+0000] {processor.py:186} INFO - Started process (PID=1015) to work on /opt/airflow/dags/youtube_medallion_pipeline.py
[2026-07-27T06:35:51.724+0000] {processor.py:914} INFO - Processing file /opt/airflow/dags/youtube_medallion_pipeline.py for tasks to queue
[2026-07-27T06:35:51.744+0000] {logging_mixin.py:190} INFO - [2026-07-27T06:35:51.742+0000] {dagbag.py:588} INFO - Filling up the DagBag from /opt/airflow/dags/youtube_medallion_pipeline.py
[2026-07-27T06:35:51.876+0000] {processor.py:925} INFO - DAG(s) 'youtube_medallion_pipeline' retrieved from /opt/airflow/dags/youtube_medallion_pipeline.py
[2026-07-27T06:35:52.002+0000] {logging_mixin.py:190} INFO - [2026-07-27T06:35:52.002+0000] {dag.py:3239} INFO - Sync 1 DAGs
[2026-07-27T06:35:52.045+0000] {logging_mixin.py:190} INFO - [2026-07-27T06:35:52.045+0000] {dag.py:4180} INFO - Setting next_dagrun for youtube_medallion_pipeline to None, run_after=None
[2026-07-27T06:35:52.087+0000] {processor.py:208} INFO - Processing /opt/airflow/dags/youtube_medallion_pipeline.py took 0.416 seconds
[2026-07-27T06:36:22.411+0000] {processor.py:186} INFO - Started process (PID=1020) to work on /opt/airflow/dags/youtube_medallion_pipeline.py
[2026-07-27T06:36:22.413+0000] {processor.py:914} INFO - Processing file /opt/airflow/dags/youtube_medallion_pipeline.py for tasks to queue
[2026-07-27T06:36:22.419+0000] {logging_mixin.py:190} INFO - [2026-07-27T06:36:22.418+0000] {dagbag.py:588} INFO - Filling up the DagBag from /opt/airflow/dags/youtube_medallion_pipeline.py
[2026-07-27T06:36:22.448+0000] {processor.py:925} INFO - DAG(s) 'youtube_medallion_pipeline' retrieved from /opt/airflow/dags/youtube_medallion_pipeline.py
[2026-07-27T06:36:22.513+0000] {logging_mixin.py:190} INFO - [2026-07-27T06:36:22.513+0000] {dag.py:3239} INFO - Sync 1 DAGs
[2026-07-27T06:36:22.561+0000] {logging_mixin.py:190} INFO - [2026-07-27T06:36:22.560+0000] {dag.py:4180} INFO - Setting next_dagrun for youtube_medallion_pipeline to None, run_after=None
[2026-07-27T06:36:22.598+0000] {processor.py:208} INFO - Processing /opt/airflow/dags/youtube_medallion_pipeline.py took 0.197 seconds
[2026-07-27T06:36:52.727+0000] {processor.py:186} INFO - Started process (PID=1025) to work on /opt/airflow/dags/youtube_medallion_pipeline.py
[2026-07-27T06:36:52.729+0000] {processor.py:914} INFO - Processing file /opt/airflow/dags/youtube_medallion_pipeline.py for tasks to queue
[2026-07-27T06:36:52.735+0000] {logging_mixin.py:190} INFO - [2026-07-27T06:36:52.735+0000] {dagbag.py:588} INFO - Filling up the DagBag from /opt/airflow/dags/youtube_medallion_pipeline.py
[2026-07-27T06:36:52.793+0000] {processor.py:925} INFO - DAG(s) 'youtube_medallion_pipeline' retrieved from /opt/airflow/dags/youtube_medallion_pipeline.py
[2026-07-27T06:36:52.906+0000] {logging_mixin.py:190} INFO - [2026-07-27T06:36:52.905+0000] {dag.py:3239} INFO - Sync 1 DAGs
[2026-07-27T06:36:52.975+0000] {logging_mixin.py:190} INFO - [2026-07-27T06:36:52.974+0000] {dag.py:4180} INFO - Setting next_dagrun for youtube_medallion_pipeline to None, run_after=None
[2026-07-27T06:36:53.060+0000] {processor.py:208} INFO - Processing /opt/airflow/dags/youtube_medallion_pipeline.py took 0.370 seconds
[2026-07-27T06:37:23.217+0000] {processor.py:186} INFO - Started process (PID=1030) to work on /opt/airflow/dags/youtube_medallion_pipeline.py
[2026-07-27T06:37:23.220+0000] {processor.py:914} INFO - Processing file /opt/airflow/dags/youtube_medallion_pipeline.py for tasks to queue
[2026-07-27T06:37:23.230+0000] {logging_mixin.py:190} INFO - [2026-07-27T06:37:23.229+0000] {dagbag.py:588} INFO - Filling up the DagBag from /opt/airflow/dags/youtube_medallion_pipeline.py
[2026-07-27T06:37:23.279+0000] {processor.py:925} INFO - DAG(s) 'youtube_medallion_pipeline' retrieved from /opt/airflow/dags/youtube_medallion_pipeline.py
[2026-07-27T06:37:23.362+0000] {logging_mixin.py:190} INFO - [2026-07-27T06:37:23.362+0000] {dag.py:3239} INFO - Sync 1 DAGs
[2026-07-27T06:37:23.397+0000] {logging_mixin.py:190} INFO - [2026-07-27T06:37:23.396+0000] {dag.py:4180} INFO - Setting next_dagrun for youtube_medallion_pipeline to None, run_after=None
[2026-07-27T06:37:23.434+0000] {processor.py:208} INFO - Processing /opt/airflow/dags/youtube_medallion_pipeline.py took 0.230 seconds
[2026-07-27T06:37:53.885+0000] {processor.py:186} INFO - Started process (PID=1035) to work on /opt/airflow/dags/youtube_medallion_pipeline.py
[2026-07-27T06:37:53.892+0000] {processor.py:914} INFO - Processing file /opt/airflow/dags/youtube_medallion_pipeline.py for tasks to queue
[2026-07-27T06:37:53.921+0000] {logging_mixin.py:190} INFO - [2026-07-27T06:37:53.918+0000] {dagbag.py:588} INFO - Filling up the DagBag from /opt/airflow/dags/youtube_medallion_pipeline.py
[2026-07-27T06:37:54.011+0000] {processor.py:925} INFO - DAG(s) 'youtube_medallion_pipeline' retrieved from /opt/airflow/dags/youtube_medallion_pipeline.py
[2026-07-27T06:37:54.162+0000] {logging_mixin.py:190} INFO - [2026-07-27T06:37:54.161+0000] {dag.py:3239} INFO - Sync 1 DAGs
[2026-07-27T06:37:54.226+0000] {logging_mixin.py:190} INFO - [2026-07-27T06:37:54.225+0000] {dag.py:4180} INFO - Setting next_dagrun for youtube_medallion_pipeline to None, run_after=None
[2026-07-27T06:37:54.283+0000] {processor.py:208} INFO - Processing /opt/airflow/dags/youtube_medallion_pipeline.py took 0.452 seconds
[2026-07-27T06:38:24.751+0000] {processor.py:186} INFO - Started process (PID=1040) to work on /opt/airflow/dags/youtube_medallion_pipeline.py
[2026-07-27T06:38:24.753+0000] {processor.py:914} INFO - Processing file /opt/airflow/dags/youtube_medallion_pipeline.py for tasks to queue
[2026-07-27T06:38:24.759+0000] {logging_mixin.py:190} INFO - [2026-07-27T06:38:24.758+0000] {dagbag.py:588} INFO - Filling up the DagBag from /opt/airflow/dags/youtube_medallion_pipeline.py
[2026-07-27T06:38:24.791+0000] {processor.py:925} INFO - DAG(s) 'youtube_medallion_pipeline' retrieved from /opt/airflow/dags/youtube_medallion_pipeline.py
[2026-07-27T06:38:24.849+0000] {logging_mixin.py:190} INFO - [2026-07-27T06:38:24.848+0000] {dag.py:3239} INFO - Sync 1 DAGs
[2026-07-27T06:38:24.874+0000] {logging_mixin.py:190} INFO - [2026-07-27T06:38:24.873+0000] {dag.py:4180} INFO - Setting next_dagrun for youtube_medallion_pipeline to None, run_after=None
[2026-07-27T06:38:24.908+0000] {processor.py:208} INFO - Processing /opt/airflow/dags/youtube_medallion_pipeline.py took 0.167 seconds
[2026-07-27T06:38:55.099+0000] {processor.py:186} INFO - Started process (PID=1045) to work on /opt/airflow/dags/youtube_medallion_pipeline.py
[2026-07-27T06:38:55.101+0000] {processor.py:914} INFO - Processing file /opt/airflow/dags/youtube_medallion_pipeline.py for tasks to queue
[2026-07-27T06:38:55.106+0000] {logging_mixin.py:190} INFO - [2026-07-27T06:38:55.105+0000] {dagbag.py:588} INFO - Filling up the DagBag from /opt/airflow/dags/youtube_medallion_pipeline.py
[2026-07-27T06:38:55.134+0000] {processor.py:925} INFO - DAG(s) 'youtube_medallion_pipeline' retrieved from /opt/airflow/dags/youtube_medallion_pipeline.py
[2026-07-27T06:38:55.183+0000] {logging_mixin.py:190} INFO - [2026-07-27T06:38:55.182+0000] {dag.py:3239} INFO - Sync 1 DAGs
[2026-07-27T06:38:55.217+0000] {logging_mixin.py:190} INFO - [2026-07-27T06:38:55.217+0000] {dag.py:4180} INFO - Setting next_dagrun for youtube_medallion_pipeline to None, run_after=None
[2026-07-27T06:38:55.259+0000] {processor.py:208} INFO - Processing /opt/airflow/dags/youtube_medallion_pipeline.py took 0.171 seconds
[2026-07-27T06:39:25.907+0000] {processor.py:186} INFO - Started process (PID=1050) to work on /opt/airflow/dags/youtube_medallion_pipeline.py
[2026-07-27T06:39:25.909+0000] {processor.py:914} INFO - Processing file /opt/airflow/dags/youtube_medallion_pipeline.py for tasks to queue
[2026-07-27T06:39:25.914+0000] {logging_mixin.py:190} INFO - [2026-07-27T06:39:25.913+0000] {dagbag.py:588} INFO - Filling up the DagBag from /opt/airflow/dags/youtube_medallion_pipeline.py
[2026-07-27T06:39:25.970+0000] {processor.py:925} INFO - DAG(s) 'youtube_medallion_pipeline' retrieved from /opt/airflow/dags/youtube_medallion_pipeline.py
[2026-07-27T06:39:26.018+0000] {logging_mixin.py:190} INFO - [2026-07-27T06:39:26.018+0000] {dag.py:3239} INFO - Sync 1 DAGs
[2026-07-27T06:39:26.062+0000] {logging_mixin.py:190} INFO - [2026-07-27T06:39:26.062+0000] {dag.py:4180} INFO - Setting next_dagrun for youtube_medallion_pipeline to None, run_after=None
[2026-07-27T06:39:26.117+0000] {processor.py:208} INFO - Processing /opt/airflow/dags/youtube_medallion_pipeline.py took 0.219 seconds
[2026-07-27T06:39:56.484+0000] {processor.py:186} INFO - Started process (PID=1055) to work on /opt/airflow/dags/youtube_medallion_pipeline.py
[2026-07-27T06:39:56.497+0000] {processor.py:914} INFO - Processing file /opt/airflow/dags/youtube_medallion_pipeline.py for tasks to queue
[2026-07-27T06:39:56.519+0000] {logging_mixin.py:190} INFO - [2026-07-27T06:39:56.518+0000] {dagbag.py:588} INFO - Filling up the DagBag from /opt/airflow/dags/youtube_medallion_pipeline.py
[2026-07-27T06:39:56.556+0000] {processor.py:925} INFO - DAG(s) 'youtube_medallion_pipeline' retrieved from /opt/airflow/dags/youtube_medallion_pipeline.py
[2026-07-27T06:39:56.615+0000] {logging_mixin.py:190} INFO - [2026-07-27T06:39:56.615+0000] {dag.py:3239} INFO - Sync 1 DAGs
[2026-07-27T06:39:56.647+0000] {logging_mixin.py:190} INFO - [2026-07-27T06:39:56.646+0000] {dag.py:4180} INFO - Setting next_dagrun for youtube_medallion_pipeline to None, run_after=None
[2026-07-27T06:39:56.698+0000] {processor.py:208} INFO - Processing /opt/airflow/dags/youtube_medallion_pipeline.py took 0.223 seconds
[2026-07-27T06:40:27.044+0000] {processor.py:186} INFO - Started process (PID=1060) to work on /opt/airflow/dags/youtube_medallion_pipeline.py
[2026-07-27T06:40:27.052+0000] {processor.py:914} INFO - Processing file /opt/airflow/dags/youtube_medallion_pipeline.py for tasks to queue
[2026-07-27T06:40:27.081+0000] {logging_mixin.py:190} INFO - [2026-07-27T06:40:27.073+0000] {dagbag.py:588} INFO - Filling up the DagBag from /opt/airflow/dags/youtube_medallion_pipeline.py
[2026-07-27T06:40:27.194+0000] {processor.py:925} INFO - DAG(s) 'youtube_medallion_pipeline' retrieved from /opt/airflow/dags/youtube_medallion_pipeline.py
[2026-07-27T06:40:27.335+0000] {logging_mixin.py:190} INFO - [2026-07-27T06:40:27.335+0000] {dag.py:3239} INFO - Sync 1 DAGs
[2026-07-27T06:40:27.410+0000] {logging_mixin.py:190} INFO - [2026-07-27T06:40:27.410+0000] {dag.py:4180} INFO - Setting next_dagrun for youtube_medallion_pipeline to None, run_after=None
[2026-07-27T06:40:27.504+0000] {processor.py:208} INFO - Processing /opt/airflow/dags/youtube_medallion_pipeline.py took 0.485 seconds
[2026-07-27T06:40:57.815+0000] {processor.py:186} INFO - Started process (PID=1065) to work on /opt/airflow/dags/youtube_medallion_pipeline.py
[2026-07-27T06:40:57.818+0000] {processor.py:914} INFO - Processing file /opt/airflow/dags/youtube_medallion_pipeline.py for tasks to queue
[2026-07-27T06:40:57.825+0000] {logging_mixin.py:190} INFO - [2026-07-27T06:40:57.824+0000] {dagbag.py:588} INFO - Filling up the DagBag from /opt/airflow/dags/youtube_medallion_pipeline.py
[2026-07-27T06:40:57.853+0000] {processor.py:925} INFO - DAG(s) 'youtube_medallion_pipeline' retrieved from /opt/airflow/dags/youtube_medallion_pipeline.py
[2026-07-27T06:40:57.901+0000] {logging_mixin.py:190} INFO - [2026-07-27T06:40:57.901+0000] {dag.py:3239} INFO - Sync 1 DAGs
[2026-07-27T06:40:57.923+0000] {logging_mixin.py:190} INFO - [2026-07-27T06:40:57.922+0000] {dag.py:4180} INFO - Setting next_dagrun for youtube_medallion_pipeline to None, run_after=None
[2026-07-27T06:40:57.956+0000] {processor.py:208} INFO - Processing /opt/airflow/dags/youtube_medallion_pipeline.py took 0.150 seconds
[2026-07-27T06:41:28.133+0000] {processor.py:186} INFO - Started process (PID=1070) to work on /opt/airflow/dags/youtube_medallion_pipeline.py
[2026-07-27T06:41:28.136+0000] {processor.py:914} INFO - Processing file /opt/airflow/dags/youtube_medallion_pipeline.py for tasks to queue
[2026-07-27T06:41:28.141+0000] {logging_mixin.py:190} INFO - [2026-07-27T06:41:28.141+0000] {dagbag.py:588} INFO - Filling up the DagBag from /opt/airflow/dags/youtube_medallion_pipeline.py
[2026-07-27T06:41:28.175+0000] {processor.py:925} INFO - DAG(s) 'youtube_medallion_pipeline' retrieved from /opt/airflow/dags/youtube_medallion_pipeline.py
[2026-07-27T06:41:28.224+0000] {logging_mixin.py:190} INFO - [2026-07-27T06:41:28.223+0000] {dag.py:3239} INFO - Sync 1 DAGs
[2026-07-27T06:41:28.249+0000] {logging_mixin.py:190} INFO - [2026-07-27T06:41:28.249+0000] {dag.py:4180} INFO - Setting next_dagrun for youtube_medallion_pipeline to None, run_after=None
[2026-07-27T06:41:28.279+0000] {processor.py:208} INFO - Processing /opt/airflow/dags/youtube_medallion_pipeline.py took 0.159 seconds
[2026-07-27T06:41:58.529+0000] {processor.py:186} INFO - Started process (PID=1075) to work on /opt/airflow/dags/youtube_medallion_pipeline.py
[2026-07-27T06:41:58.531+0000] {processor.py:914} INFO - Processing file /opt/airflow/dags/youtube_medallion_pipeline.py for tasks to queue
[2026-07-27T06:41:58.536+0000] {logging_mixin.py:190} INFO - [2026-07-27T06:41:58.536+0000] {dagbag.py:588} INFO - Filling up the DagBag from /opt/airflow/dags/youtube_medallion_pipeline.py
[2026-07-27T06:41:58.565+0000] {processor.py:925} INFO - DAG(s) 'youtube_medallion_pipeline' retrieved from /opt/airflow/dags/youtube_medallion_pipeline.py
[2026-07-27T06:41:58.611+0000] {logging_mixin.py:190} INFO - [2026-07-27T06:41:58.611+0000] {dag.py:3239} INFO - Sync 1 DAGs
[2026-07-27T06:41:58.636+0000] {logging_mixin.py:190} INFO - [2026-07-27T06:41:58.636+0000] {dag.py:4180} INFO - Setting next_dagrun for youtube_medallion_pipeline to None, run_after=None
[2026-07-27T06:41:58.670+0000] {processor.py:208} INFO - Processing /opt/airflow/dags/youtube_medallion_pipeline.py took 0.149 seconds
[2026-07-27T06:42:28.809+0000] {processor.py:186} INFO - Started process (PID=1080) to work on /opt/airflow/dags/youtube_medallion_pipeline.py
[2026-07-27T06:42:28.811+0000] {processor.py:914} INFO - Processing file /opt/airflow/dags/youtube_medallion_pipeline.py for tasks to queue
[2026-07-27T06:42:28.815+0000] {logging_mixin.py:190} INFO - [2026-07-27T06:42:28.815+0000] {dagbag.py:588} INFO - Filling up the DagBag from /opt/airflow/dags/youtube_medallion_pipeline.py
[2026-07-27T06:42:28.911+0000] {processor.py:925} INFO - DAG(s) 'youtube_medallion_pipeline' retrieved from /opt/airflow/dags/youtube_medallion_pipeline.py
[2026-07-27T06:42:28.972+0000] {logging_mixin.py:190} INFO - [2026-07-27T06:42:28.972+0000] {dag.py:3239} INFO - Sync 1 DAGs
[2026-07-27T06:42:28.992+0000] {logging_mixin.py:190} INFO - [2026-07-27T06:42:28.992+0000] {dag.py:4180} INFO - Setting next_dagrun for youtube_medallion_pipeline to None, run_after=None
[2026-07-27T06:42:29.023+0000] {processor.py:208} INFO - Processing /opt/airflow/dags/youtube_medallion_pipeline.py took 0.222 seconds
[2026-07-27T06:42:59.397+0000] {processor.py:186} INFO - Started process (PID=1085) to work on /opt/airflow/dags/youtube_medallion_pipeline.py
[2026-07-27T06:42:59.404+0000] {processor.py:914} INFO - Processing file /opt/airflow/dags/youtube_medallion_pipeline.py for tasks to queue
[2026-07-27T06:42:59.429+0000] {logging_mixin.py:190} INFO - [2026-07-27T06:42:59.425+0000] {dagbag.py:588} INFO - Filling up the DagBag from /opt/airflow/dags/youtube_medallion_pipeline.py
[2026-07-27T06:42:59.531+0000] {processor.py:925} INFO - DAG(s) 'youtube_medallion_pipeline' retrieved from /opt/airflow/dags/youtube_medallion_pipeline.py
[2026-07-27T06:42:59.651+0000] {logging_mixin.py:190} INFO - [2026-07-27T06:42:59.651+0000] {dag.py:3239} INFO - Sync 1 DAGs
[2026-07-27T06:42:59.703+0000] {logging_mixin.py:190} INFO - [2026-07-27T06:42:59.702+0000] {dag.py:4180} INFO - Setting next_dagrun for youtube_medallion_pipeline to None, run_after=None
[2026-07-27T06:42:59.752+0000] {processor.py:208} INFO - Processing /opt/airflow/dags/youtube_medallion_pipeline.py took 0.387 seconds
[2026-07-27T06:43:30.101+0000] {processor.py:186} INFO - Started process (PID=1090) to work on /opt/airflow/dags/youtube_medallion_pipeline.py
[2026-07-27T06:43:30.103+0000] {processor.py:914} INFO - Processing file /opt/airflow/dags/youtube_medallion_pipeline.py for tasks to queue
[2026-07-27T06:43:30.111+0000] {logging_mixin.py:190} INFO - [2026-07-27T06:43:30.110+0000] {dagbag.py:588} INFO - Filling up the DagBag from /opt/airflow/dags/youtube_medallion_pipeline.py
[2026-07-27T06:43:30.162+0000] {processor.py:925} INFO - DAG(s) 'youtube_medallion_pipeline' retrieved from /opt/airflow/dags/youtube_medallion_pipeline.py
[2026-07-27T06:43:30.251+0000] {logging_mixin.py:190} INFO - [2026-07-27T06:43:30.250+0000] {dag.py:3239} INFO - Sync 1 DAGs
[2026-07-27T06:43:30.274+0000] {logging_mixin.py:190} INFO - [2026-07-27T06:43:30.274+0000] {dag.py:4180} INFO - Setting next_dagrun for youtube_medallion_pipeline to None, run_after=None
[2026-07-27T06:43:30.348+0000] {processor.py:208} INFO - Processing /opt/airflow/dags/youtube_medallion_pipeline.py took 0.254 seconds
[2026-07-27T06:44:00.796+0000] {processor.py:186} INFO - Started process (PID=1095) to work on /opt/airflow/dags/youtube_medallion_pipeline.py
[2026-07-27T06:44:00.799+0000] {processor.py:914} INFO - Processing file /opt/airflow/dags/youtube_medallion_pipeline.py for tasks to queue
[2026-07-27T06:44:00.805+0000] {logging_mixin.py:190} INFO - [2026-07-27T06:44:00.804+0000] {dagbag.py:588} INFO - Filling up the DagBag from /opt/airflow/dags/youtube_medallion_pipeline.py
[2026-07-27T06:44:00.866+0000] {processor.py:925} INFO - DAG(s) 'youtube_medallion_pipeline' retrieved from /opt/airflow/dags/youtube_medallion_pipeline.py
[2026-07-27T06:44:00.941+0000] {logging_mixin.py:190} INFO - [2026-07-27T06:44:00.941+0000] {dag.py:3239} INFO - Sync 1 DAGs
[2026-07-27T06:44:00.967+0000] {logging_mixin.py:190} INFO - [2026-07-27T06:44:00.967+0000] {dag.py:4180} INFO - Setting next_dagrun for youtube_medallion_pipeline to None, run_after=None
[2026-07-27T06:44:00.998+0000] {processor.py:208} INFO - Processing /opt/airflow/dags/youtube_medallion_pipeline.py took 0.214 seconds
[2026-07-27T06:44:31.321+0000] {processor.py:186} INFO - Started process (PID=1100) to work on /opt/airflow/dags/youtube_medallion_pipeline.py
[2026-07-27T06:44:31.325+0000] {processor.py:914} INFO - Processing file /opt/airflow/dags/youtube_medallion_pipeline.py for tasks to queue
[2026-07-27T06:44:31.334+0000] {logging_mixin.py:190} INFO - [2026-07-27T06:44:31.333+0000] {dagbag.py:588} INFO - Filling up the DagBag from /opt/airflow/dags/youtube_medallion_pipeline.py
[2026-07-27T06:44:31.373+0000] {processor.py:925} INFO - DAG(s) 'youtube_medallion_pipeline' retrieved from /opt/airflow/dags/youtube_medallion_pipeline.py
[2026-07-27T06:44:31.437+0000] {logging_mixin.py:190} INFO - [2026-07-27T06:44:31.437+0000] {dag.py:3239} INFO - Sync 1 DAGs
[2026-07-27T06:44:31.465+0000] {logging_mixin.py:190} INFO - [2026-07-27T06:44:31.465+0000] {dag.py:4180} INFO - Setting next_dagrun for youtube_medallion_pipeline to None, run_after=None
[2026-07-27T06:44:31.519+0000] {processor.py:208} INFO - Processing /opt/airflow/dags/youtube_medallion_pipeline.py took 0.217 seconds
[2026-07-27T06:45:01.844+0000] {processor.py:186} INFO - Started process (PID=1105) to work on /opt/airflow/dags/youtube_medallion_pipeline.py
[2026-07-27T06:45:01.850+0000] {processor.py:914} INFO - Processing file /opt/airflow/dags/youtube_medallion_pipeline.py for tasks to queue
[2026-07-27T06:45:01.860+0000] {logging_mixin.py:190} INFO - [2026-07-27T06:45:01.859+0000] {dagbag.py:588} INFO - Filling up the DagBag from /opt/airflow/dags/youtube_medallion_pipeline.py
[2026-07-27T06:45:01.905+0000] {processor.py:925} INFO - DAG(s) 'youtube_medallion_pipeline' retrieved from /opt/airflow/dags/youtube_medallion_pipeline.py
[2026-07-27T06:45:02.013+0000] {logging_mixin.py:190} INFO - [2026-07-27T06:45:02.013+0000] {dag.py:3239} INFO - Sync 1 DAGs
[2026-07-27T06:45:02.059+0000] {logging_mixin.py:190} INFO - [2026-07-27T06:45:02.059+0000] {dag.py:4180} INFO - Setting next_dagrun for youtube_medallion_pipeline to None, run_after=None
[2026-07-27T06:45:02.103+0000] {processor.py:208} INFO - Processing /opt/airflow/dags/youtube_medallion_pipeline.py took 0.273 seconds
[2026-07-27T06:45:32.775+0000] {processor.py:186} INFO - Started process (PID=1110) to work on /opt/airflow/dags/youtube_medallion_pipeline.py
[2026-07-27T06:45:32.802+0000] {processor.py:914} INFO - Processing file /opt/airflow/dags/youtube_medallion_pipeline.py for tasks to queue
[2026-07-27T06:45:32.850+0000] {logging_mixin.py:190} INFO - [2026-07-27T06:45:32.849+0000] {dagbag.py:588} INFO - Filling up the DagBag from /opt/airflow/dags/youtube_medallion_pipeline.py
[2026-07-27T06:45:32.910+0000] {processor.py:925} INFO - DAG(s) 'youtube_medallion_pipeline' retrieved from /opt/airflow/dags/youtube_medallion_pipeline.py
[2026-07-27T06:45:33.005+0000] {logging_mixin.py:190} INFO - [2026-07-27T06:45:33.005+0000] {dag.py:3239} INFO - Sync 1 DAGs
[2026-07-27T06:45:35.399+0000] {logging_mixin.py:190} INFO - [2026-07-27T06:45:35.399+0000] {dag.py:4180} INFO - Setting next_dagrun for youtube_medallion_pipeline to None, run_after=None
[2026-07-27T06:45:35.463+0000] {processor.py:208} INFO - Processing /opt/airflow/dags/youtube_medallion_pipeline.py took 2.698 seconds
[2026-07-27T06:46:05.667+0000] {processor.py:186} INFO - Started process (PID=1115) to work on /opt/airflow/dags/youtube_medallion_pipeline.py
[2026-07-27T06:46:05.669+0000] {processor.py:914} INFO - Processing file /opt/airflow/dags/youtube_medallion_pipeline.py for tasks to queue
[2026-07-27T06:46:05.673+0000] {logging_mixin.py:190} INFO - [2026-07-27T06:46:05.672+0000] {dagbag.py:588} INFO - Filling up the DagBag from /opt/airflow/dags/youtube_medallion_pipeline.py
[2026-07-27T06:46:05.704+0000] {processor.py:925} INFO - DAG(s) 'youtube_medallion_pipeline' retrieved from /opt/airflow/dags/youtube_medallion_pipeline.py
[2026-07-27T06:46:05.754+0000] {logging_mixin.py:190} INFO - [2026-07-27T06:46:05.754+0000] {dag.py:3239} INFO - Sync 1 DAGs
[2026-07-27T06:46:05.808+0000] {logging_mixin.py:190} INFO - [2026-07-27T06:46:05.808+0000] {dag.py:4180} INFO - Setting next_dagrun for youtube_medallion_pipeline to None, run_after=None
[2026-07-27T06:46:05.863+0000] {processor.py:208} INFO - Processing /opt/airflow/dags/youtube_medallion_pipeline.py took 0.206 seconds
[2026-07-27T06:46:36.228+0000] {processor.py:186} INFO - Started process (PID=1120) to work on /opt/airflow/dags/youtube_medallion_pipeline.py
[2026-07-27T06:46:36.230+0000] {processor.py:914} INFO - Processing file /opt/airflow/dags/youtube_medallion_pipeline.py for tasks to queue
[2026-07-27T06:46:36.838+0000] {logging_mixin.py:190} INFO - [2026-07-27T06:46:36.838+0000] {dagbag.py:588} INFO - Filling up the DagBag from /opt/airflow/dags/youtube_medallion_pipeline.py
[2026-07-27T06:46:36.865+0000] {processor.py:925} INFO - DAG(s) 'youtube_medallion_pipeline' retrieved from /opt/airflow/dags/youtube_medallion_pipeline.py
[2026-07-27T06:46:37.179+0000] {logging_mixin.py:190} INFO - [2026-07-27T06:46:37.178+0000] {dag.py:3239} INFO - Sync 1 DAGs
[2026-07-27T06:46:37.245+0000] {logging_mixin.py:190} INFO - [2026-07-27T06:46:37.245+0000] {dag.py:4180} INFO - Setting next_dagrun for youtube_medallion_pipeline to None, run_after=None
[2026-07-27T06:46:37.342+0000] {processor.py:208} INFO - Processing /opt/airflow/dags/youtube_medallion_pipeline.py took 1.123 seconds
[2026-07-27T06:47:07.662+0000] {processor.py:186} INFO - Started process (PID=1125) to work on /opt/airflow/dags/youtube_medallion_pipeline.py
[2026-07-27T06:47:07.665+0000] {processor.py:914} INFO - Processing file /opt/airflow/dags/youtube_medallion_pipeline.py for tasks to queue
[2026-07-27T06:47:07.669+0000] {logging_mixin.py:190} INFO - [2026-07-27T06:47:07.669+0000] {dagbag.py:588} INFO - Filling up the DagBag from /opt/airflow/dags/youtube_medallion_pipeline.py
[2026-07-27T06:47:07.699+0000] {processor.py:925} INFO - DAG(s) 'youtube_medallion_pipeline' retrieved from /opt/airflow/dags/youtube_medallion_pipeline.py
[2026-07-27T06:47:07.785+0000] {logging_mixin.py:190} INFO - [2026-07-27T06:47:07.784+0000] {dag.py:3239} INFO - Sync 1 DAGs
[2026-07-27T06:47:07.831+0000] {logging_mixin.py:190} INFO - [2026-07-27T06:47:07.830+0000] {dag.py:4180} INFO - Setting next_dagrun for youtube_medallion_pipeline to None, run_after=None
[2026-07-27T06:47:07.880+0000] {processor.py:208} INFO - Processing /opt/airflow/dags/youtube_medallion_pipeline.py took 0.226 seconds
[2026-07-27T06:47:38.213+0000] {processor.py:186} INFO - Started process (PID=1130) to work on /opt/airflow/dags/youtube_medallion_pipeline.py
[2026-07-27T06:47:38.216+0000] {processor.py:914} INFO - Processing file /opt/airflow/dags/youtube_medallion_pipeline.py for tasks to queue
[2026-07-27T06:47:38.227+0000] {logging_mixin.py:190} INFO - [2026-07-27T06:47:38.224+0000] {dagbag.py:588} INFO - Filling up the DagBag from /opt/airflow/dags/youtube_medallion_pipeline.py
[2026-07-27T06:47:38.301+0000] {processor.py:925} INFO - DAG(s) 'youtube_medallion_pipeline' retrieved from /opt/airflow/dags/youtube_medallion_pipeline.py
[2026-07-27T06:47:38.520+0000] {logging_mixin.py:190} INFO - [2026-07-27T06:47:38.519+0000] {dag.py:3239} INFO - Sync 1 DAGs
[2026-07-27T06:47:38.559+0000] {logging_mixin.py:190} INFO - [2026-07-27T06:47:38.558+0000] {dag.py:4180} INFO - Setting next_dagrun for youtube_medallion_pipeline to None, run_after=None
[2026-07-27T06:47:38.653+0000] {processor.py:208} INFO - Processing /opt/airflow/dags/youtube_medallion_pipeline.py took 0.460 seconds
[2026-07-27T06:48:09.009+0000] {processor.py:186} INFO - Started process (PID=1135) to work on /opt/airflow/dags/youtube_medallion_pipeline.py
[2026-07-27T06:48:09.012+0000] {processor.py:914} INFO - Processing file /opt/airflow/dags/youtube_medallion_pipeline.py for tasks to queue
[2026-07-27T06:48:09.073+0000] {logging_mixin.py:190} INFO - [2026-07-27T06:48:09.073+0000] {dagbag.py:588} INFO - Filling up the DagBag from /opt/airflow/dags/youtube_medallion_pipeline.py
[2026-07-27T06:48:09.228+0000] {processor.py:925} INFO - DAG(s) 'youtube_medallion_pipeline' retrieved from /opt/airflow/dags/youtube_medallion_pipeline.py
[2026-07-27T06:48:09.370+0000] {logging_mixin.py:190} INFO - [2026-07-27T06:48:09.370+0000] {dag.py:3239} INFO - Sync 1 DAGs
[2026-07-27T06:48:09.408+0000] {logging_mixin.py:190} INFO - [2026-07-27T06:48:09.408+0000] {dag.py:4180} INFO - Setting next_dagrun for youtube_medallion_pipeline to None, run_after=None
[2026-07-27T06:48:09.514+0000] {processor.py:208} INFO - Processing /opt/airflow/dags/youtube_medallion_pipeline.py took 0.514 seconds
[2026-07-27T06:48:39.931+0000] {processor.py:186} INFO - Started process (PID=1140) to work on /opt/airflow/dags/youtube_medallion_pipeline.py
[2026-07-27T06:48:39.934+0000] {processor.py:914} INFO - Processing file /opt/airflow/dags/youtube_medallion_pipeline.py for tasks to queue
[2026-07-27T06:48:39.937+0000] {logging_mixin.py:190} INFO - [2026-07-27T06:48:39.937+0000] {dagbag.py:588} INFO - Filling up the DagBag from /opt/airflow/dags/youtube_medallion_pipeline.py
[2026-07-27T06:48:39.968+0000] {processor.py:925} INFO - DAG(s) 'youtube_medallion_pipeline' retrieved from /opt/airflow/dags/youtube_medallion_pipeline.py
[2026-07-27T06:48:40.101+0000] {logging_mixin.py:190} INFO - [2026-07-27T06:48:40.101+0000] {dag.py:3239} INFO - Sync 1 DAGs
[2026-07-27T06:48:40.936+0000] {logging_mixin.py:190} INFO - [2026-07-27T06:48:40.936+0000] {dag.py:4180} INFO - Setting next_dagrun for youtube_medallion_pipeline to None, run_after=None
[2026-07-27T06:48:40.992+0000] {processor.py:208} INFO - Processing /opt/airflow/dags/youtube_medallion_pipeline.py took 1.070 seconds
[2026-07-27T06:49:11.211+0000] {processor.py:186} INFO - Started process (PID=1145) to work on /opt/airflow/dags/youtube_medallion_pipeline.py
[2026-07-27T06:49:11.213+0000] {processor.py:914} INFO - Processing file /opt/airflow/dags/youtube_medallion_pipeline.py for tasks to queue
[2026-07-27T06:49:11.218+0000] {logging_mixin.py:190} INFO - [2026-07-27T06:49:11.217+0000] {dagbag.py:588} INFO - Filling up the DagBag from /opt/airflow/dags/youtube_medallion_pipeline.py
[2026-07-27T06:49:11.250+0000] {processor.py:925} INFO - DAG(s) 'youtube_medallion_pipeline' retrieved from /opt/airflow/dags/youtube_medallion_pipeline.py
[2026-07-27T06:49:11.308+0000] {logging_mixin.py:190} INFO - [2026-07-27T06:49:11.307+0000] {dag.py:3239} INFO - Sync 1 DAGs
[2026-07-27T06:49:11.334+0000] {logging_mixin.py:190} INFO - [2026-07-27T06:49:11.333+0000] {dag.py:4180} INFO - Setting next_dagrun for youtube_medallion_pipeline to None, run_after=None
[2026-07-27T06:49:11.377+0000] {processor.py:208} INFO - Processing /opt/airflow/dags/youtube_medallion_pipeline.py took 0.175 seconds
[2026-07-27T06:49:41.649+0000] {processor.py:186} INFO - Started process (PID=1150) to work on /opt/airflow/dags/youtube_medallion_pipeline.py
[2026-07-27T06:49:41.651+0000] {processor.py:914} INFO - Processing file /opt/airflow/dags/youtube_medallion_pipeline.py for tasks to queue
[2026-07-27T06:49:41.658+0000] {logging_mixin.py:190} INFO - [2026-07-27T06:49:41.657+0000] {dagbag.py:588} INFO - Filling up the DagBag from /opt/airflow/dags/youtube_medallion_pipeline.py
[2026-07-27T06:49:41.762+0000] {processor.py:925} INFO - DAG(s) 'youtube_medallion_pipeline' retrieved from /opt/airflow/dags/youtube_medallion_pipeline.py
[2026-07-27T06:49:41.844+0000] {logging_mixin.py:190} INFO - [2026-07-27T06:49:41.843+0000] {dag.py:3239} INFO - Sync 1 DAGs
[2026-07-27T06:49:41.879+0000] {logging_mixin.py:190} INFO - [2026-07-27T06:49:41.879+0000] {dag.py:4180} INFO - Setting next_dagrun for youtube_medallion_pipeline to None, run_after=None
[2026-07-27T06:49:41.934+0000] {processor.py:208} INFO - Processing /opt/airflow/dags/youtube_medallion_pipeline.py took 0.296 seconds
[2026-07-27T06:50:14.274+0000] {processor.py:186} INFO - Started process (PID=1155) to work on /opt/airflow/dags/youtube_medallion_pipeline.py
[2026-07-27T06:50:14.278+0000] {processor.py:914} INFO - Processing file /opt/airflow/dags/youtube_medallion_pipeline.py for tasks to queue
[2026-07-27T06:50:14.286+0000] {logging_mixin.py:190} INFO - [2026-07-27T06:50:14.284+0000] {dagbag.py:588} INFO - Filling up the DagBag from /opt/airflow/dags/youtube_medallion_pipeline.py
[2026-07-27T06:50:14.390+0000] {processor.py:925} INFO - DAG(s) 'youtube_medallion_pipeline' retrieved from /opt/airflow/dags/youtube_medallion_pipeline.py
[2026-07-27T06:50:14.508+0000] {logging_mixin.py:190} INFO - [2026-07-27T06:50:14.508+0000] {dag.py:3239} INFO - Sync 1 DAGs
[2026-07-27T06:50:14.570+0000] {logging_mixin.py:190} INFO - [2026-07-27T06:50:14.570+0000] {dag.py:4180} INFO - Setting next_dagrun for youtube_medallion_pipeline to None, run_after=None
[2026-07-27T06:50:14.646+0000] {processor.py:208} INFO - Processing /opt/airflow/dags/youtube_medallion_pipeline.py took 0.618 seconds
[2026-07-27T06:50:45.104+0000] {processor.py:186} INFO - Started process (PID=1160) to work on /opt/airflow/dags/youtube_medallion_pipeline.py
[2026-07-27T06:50:45.131+0000] {processor.py:914} INFO - Processing file /opt/airflow/dags/youtube_medallion_pipeline.py for tasks to queue
[2026-07-27T06:50:45.149+0000] {logging_mixin.py:190} INFO - [2026-07-27T06:50:45.148+0000] {dagbag.py:588} INFO - Filling up the DagBag from /opt/airflow/dags/youtube_medallion_pipeline.py
[2026-07-27T06:50:45.195+0000] {processor.py:925} INFO - DAG(s) 'youtube_medallion_pipeline' retrieved from /opt/airflow/dags/youtube_medallion_pipeline.py
[2026-07-27T06:50:45.293+0000] {logging_mixin.py:190} INFO - [2026-07-27T06:50:45.293+0000] {dag.py:3239} INFO - Sync 1 DAGs
[2026-07-27T06:50:45.343+0000] {logging_mixin.py:190} INFO - [2026-07-27T06:50:45.343+0000] {dag.py:4180} INFO - Setting next_dagrun for youtube_medallion_pipeline to None, run_after=None
[2026-07-27T06:50:45.382+0000] {processor.py:208} INFO - Processing /opt/airflow/dags/youtube_medallion_pipeline.py took 0.293 seconds
[2026-07-27T06:51:15.657+0000] {processor.py:186} INFO - Started process (PID=1165) to work on /opt/airflow/dags/youtube_medallion_pipeline.py
[2026-07-27T06:51:15.668+0000] {processor.py:914} INFO - Processing file /opt/airflow/dags/youtube_medallion_pipeline.py for tasks to queue
[2026-07-27T06:51:15.692+0000] {logging_mixin.py:190} INFO - [2026-07-27T06:51:15.690+0000] {dagbag.py:588} INFO - Filling up the DagBag from /opt/airflow/dags/youtube_medallion_pipeline.py
[2026-07-27T06:51:15.803+0000] {processor.py:925} INFO - DAG(s) 'youtube_medallion_pipeline' retrieved from /opt/airflow/dags/youtube_medallion_pipeline.py
[2026-07-27T06:51:16.071+0000] {logging_mixin.py:190} INFO - [2026-07-27T06:51:16.070+0000] {dag.py:3239} INFO - Sync 1 DAGs
[2026-07-27T06:51:16.139+0000] {logging_mixin.py:190} INFO - [2026-07-27T06:51:16.138+0000] {dag.py:4180} INFO - Setting next_dagrun for youtube_medallion_pipeline to None, run_after=None
[2026-07-27T06:51:16.200+0000] {processor.py:208} INFO - Processing /opt/airflow/dags/youtube_medallion_pipeline.py took 0.562 seconds
[2026-07-27T06:51:46.555+0000] {processor.py:186} INFO - Started process (PID=1170) to work on /opt/airflow/dags/youtube_medallion_pipeline.py
[2026-07-27T06:51:46.558+0000] {processor.py:914} INFO - Processing file /opt/airflow/dags/youtube_medallion_pipeline.py for tasks to queue
[2026-07-27T06:51:46.563+0000] {logging_mixin.py:190} INFO - [2026-07-27T06:51:46.563+0000] {dagbag.py:588} INFO - Filling up the DagBag from /opt/airflow/dags/youtube_medallion_pipeline.py
[2026-07-27T06:51:46.591+0000] {processor.py:925} INFO - DAG(s) 'youtube_medallion_pipeline' retrieved from /opt/airflow/dags/youtube_medallion_pipeline.py
[2026-07-27T06:51:46.641+0000] {logging_mixin.py:190} INFO - [2026-07-27T06:51:46.640+0000] {dag.py:3239} INFO - Sync 1 DAGs
[2026-07-27T06:51:46.666+0000] {logging_mixin.py:190} INFO - [2026-07-27T06:51:46.666+0000] {dag.py:4180} INFO - Setting next_dagrun for youtube_medallion_pipeline to None, run_after=None
[2026-07-27T06:51:46.702+0000] {processor.py:208} INFO - Processing /opt/airflow/dags/youtube_medallion_pipeline.py took 0.155 seconds
[2026-07-27T06:52:16.836+0000] {processor.py:186} INFO - Started process (PID=1175) to work on /opt/airflow/dags/youtube_medallion_pipeline.py
[2026-07-27T06:52:16.843+0000] {processor.py:914} INFO - Processing file /opt/airflow/dags/youtube_medallion_pipeline.py for tasks to queue
[2026-07-27T06:52:16.848+0000] {logging_mixin.py:190} INFO - [2026-07-27T06:52:16.847+0000] {dagbag.py:588} INFO - Filling up the DagBag from /opt/airflow/dags/youtube_medallion_pipeline.py
[2026-07-27T06:52:16.877+0000] {processor.py:925} INFO - DAG(s) 'youtube_medallion_pipeline' retrieved from /opt/airflow/dags/youtube_medallion_pipeline.py
[2026-07-27T06:52:16.983+0000] {logging_mixin.py:190} INFO - [2026-07-27T06:52:16.982+0000] {dag.py:3239} INFO - Sync 1 DAGs
[2026-07-27T06:52:17.101+0000] {logging_mixin.py:190} INFO - [2026-07-27T06:52:17.101+0000] {dag.py:4180} INFO - Setting next_dagrun for youtube_medallion_pipeline to None, run_after=None
[2026-07-27T06:52:17.191+0000] {processor.py:208} INFO - Processing /opt/airflow/dags/youtube_medallion_pipeline.py took 0.363 seconds
[2026-07-27T06:52:48.664+0000] {processor.py:186} INFO - Started process (PID=1180) to work on /opt/airflow/dags/youtube_medallion_pipeline.py
[2026-07-27T06:52:48.667+0000] {processor.py:914} INFO - Processing file /opt/airflow/dags/youtube_medallion_pipeline.py for tasks to queue
[2026-07-27T06:52:48.677+0000] {logging_mixin.py:190} INFO - [2026-07-27T06:52:48.676+0000] {dagbag.py:588} INFO - Filling up the DagBag from /opt/airflow/dags/youtube_medallion_pipeline.py
[2026-07-27T06:52:48.896+0000] {processor.py:925} INFO - DAG(s) 'youtube_medallion_pipeline' retrieved from /opt/airflow/dags/youtube_medallion_pipeline.py
[2026-07-27T06:52:49.165+0000] {logging_mixin.py:190} INFO - [2026-07-27T06:52:49.164+0000] {dag.py:3239} INFO - Sync 1 DAGs
[2026-07-27T06:52:49.329+0000] {logging_mixin.py:190} INFO - [2026-07-27T06:52:49.328+0000] {dag.py:4180} INFO - Setting next_dagrun for youtube_medallion_pipeline to None, run_after=None
[2026-07-27T06:52:49.435+0000] {processor.py:208} INFO - Processing /opt/airflow/dags/youtube_medallion_pipeline.py took 0.792 seconds
[2026-07-27T06:53:21.516+0000] {processor.py:186} INFO - Started process (PID=1185) to work on /opt/airflow/dags/youtube_medallion_pipeline.py
[2026-07-27T06:53:21.581+0000] {processor.py:914} INFO - Processing file /opt/airflow/dags/youtube_medallion_pipeline.py for tasks to queue
[2026-07-27T06:53:21.751+0000] {logging_mixin.py:190} INFO - [2026-07-27T06:53:21.675+0000] {dagbag.py:588} INFO - Filling up the DagBag from /opt/airflow/dags/youtube_medallion_pipeline.py
[2026-07-27T06:53:23.401+0000] {processor.py:925} INFO - DAG(s) 'youtube_medallion_pipeline' retrieved from /opt/airflow/dags/youtube_medallion_pipeline.py
[2026-07-27T06:53:23.642+0000] {logging_mixin.py:190} INFO - [2026-07-27T06:53:23.642+0000] {dag.py:3239} INFO - Sync 1 DAGs
[2026-07-27T06:53:23.695+0000] {logging_mixin.py:190} INFO - [2026-07-27T06:53:23.695+0000] {dag.py:4180} INFO - Setting next_dagrun for youtube_medallion_pipeline to None, run_after=None
[2026-07-27T06:53:23.854+0000] {processor.py:208} INFO - Processing /opt/airflow/dags/youtube_medallion_pipeline.py took 2.552 seconds
[2026-07-27T06:53:54.161+0000] {processor.py:186} INFO - Started process (PID=1190) to work on /opt/airflow/dags/youtube_medallion_pipeline.py
[2026-07-27T06:53:54.164+0000] {processor.py:914} INFO - Processing file /opt/airflow/dags/youtube_medallion_pipeline.py for tasks to queue
[2026-07-27T06:53:54.168+0000] {logging_mixin.py:190} INFO - [2026-07-27T06:53:54.167+0000] {dagbag.py:588} INFO - Filling up the DagBag from /opt/airflow/dags/youtube_medallion_pipeline.py
[2026-07-27T06:53:54.195+0000] {processor.py:925} INFO - DAG(s) 'youtube_medallion_pipeline' retrieved from /opt/airflow/dags/youtube_medallion_pipeline.py
[2026-07-27T06:53:54.296+0000] {logging_mixin.py:190} INFO - [2026-07-27T06:53:54.295+0000] {dag.py:3239} INFO - Sync 1 DAGs
[2026-07-27T06:53:54.354+0000] {logging_mixin.py:190} INFO - [2026-07-27T06:53:54.354+0000] {dag.py:4180} INFO - Setting next_dagrun for youtube_medallion_pipeline to None, run_after=None
[2026-07-27T06:53:54.424+0000] {processor.py:208} INFO - Processing /opt/airflow/dags/youtube_medallion_pipeline.py took 0.271 seconds
[2026-07-27T06:54:25.136+0000] {processor.py:186} INFO - Started process (PID=1195) to work on /opt/airflow/dags/youtube_medallion_pipeline.py
[2026-07-27T06:54:25.153+0000] {processor.py:914} INFO - Processing file /opt/airflow/dags/youtube_medallion_pipeline.py for tasks to queue
[2026-07-27T06:54:25.160+0000] {logging_mixin.py:190} INFO - [2026-07-27T06:54:25.160+0000] {dagbag.py:588} INFO - Filling up the DagBag from /opt/airflow/dags/youtube_medallion_pipeline.py
[2026-07-27T06:54:25.199+0000] {processor.py:925} INFO - DAG(s) 'youtube_medallion_pipeline' retrieved from /opt/airflow/dags/youtube_medallion_pipeline.py
[2026-07-27T06:54:25.247+0000] {logging_mixin.py:190} INFO - [2026-07-27T06:54:25.247+0000] {dag.py:3239} INFO - Sync 1 DAGs
[2026-07-27T06:54:25.271+0000] {logging_mixin.py:190} INFO - [2026-07-27T06:54:25.271+0000] {dag.py:4180} INFO - Setting next_dagrun for youtube_medallion_pipeline to None, run_after=None
[2026-07-27T06:54:25.302+0000] {processor.py:208} INFO - Processing /opt/airflow/dags/youtube_medallion_pipeline.py took 0.254 seconds
[2026-07-27T06:54:55.520+0000] {processor.py:186} INFO - Started process (PID=1200) to work on /opt/airflow/dags/youtube_medallion_pipeline.py
[2026-07-27T06:54:55.522+0000] {processor.py:914} INFO - Processing file /opt/airflow/dags/youtube_medallion_pipeline.py for tasks to queue
[2026-07-27T06:54:55.529+0000] {logging_mixin.py:190} INFO - [2026-07-27T06:54:55.528+0000] {dagbag.py:588} INFO - Filling up the DagBag from /opt/airflow/dags/youtube_medallion_pipeline.py
[2026-07-27T06:54:55.561+0000] {processor.py:925} INFO - DAG(s) 'youtube_medallion_pipeline' retrieved from /opt/airflow/dags/youtube_medallion_pipeline.py
[2026-07-27T06:54:55.675+0000] {logging_mixin.py:190} INFO - [2026-07-27T06:54:55.674+0000] {dag.py:3239} INFO - Sync 1 DAGs
[2026-07-27T06:54:55.715+0000] {logging_mixin.py:190} INFO - [2026-07-27T06:54:55.715+0000] {dag.py:4180} INFO - Setting next_dagrun for youtube_medallion_pipeline to None, run_after=None
[2026-07-27T06:54:55.782+0000] {processor.py:208} INFO - Processing /opt/airflow/dags/youtube_medallion_pipeline.py took 0.273 seconds
[2026-07-27T06:55:26.482+0000] {processor.py:186} INFO - Started process (PID=1205) to work on /opt/airflow/dags/youtube_medallion_pipeline.py
[2026-07-27T06:55:26.519+0000] {processor.py:914} INFO - Processing file /opt/airflow/dags/youtube_medallion_pipeline.py for tasks to queue
[2026-07-27T06:55:26.597+0000] {logging_mixin.py:190} INFO - [2026-07-27T06:55:26.593+0000] {dagbag.py:588} INFO - Filling up the DagBag from /opt/airflow/dags/youtube_medallion_pipeline.py
[2026-07-27T06:55:26.784+0000] {processor.py:925} INFO - DAG(s) 'youtube_medallion_pipeline' retrieved from /opt/airflow/dags/youtube_medallion_pipeline.py
[2026-07-27T06:55:27.084+0000] {logging_mixin.py:190} INFO - [2026-07-27T06:55:27.083+0000] {dag.py:3239} INFO - Sync 1 DAGs
[2026-07-27T06:55:27.225+0000] {logging_mixin.py:190} INFO - [2026-07-27T06:55:27.224+0000] {dag.py:4180} INFO - Setting next_dagrun for youtube_medallion_pipeline to None, run_after=None
[2026-07-27T06:55:27.367+0000] {processor.py:208} INFO - Processing /opt/airflow/dags/youtube_medallion_pipeline.py took 1.041 seconds
[2026-07-27T06:55:57.591+0000] {processor.py:186} INFO - Started process (PID=1210) to work on /opt/airflow/dags/youtube_medallion_pipeline.py
[2026-07-27T06:55:57.597+0000] {processor.py:914} INFO - Processing file /opt/airflow/dags/youtube_medallion_pipeline.py for tasks to queue
[2026-07-27T06:55:57.620+0000] {logging_mixin.py:190} INFO - [2026-07-27T06:55:57.618+0000] {dagbag.py:588} INFO - Filling up the DagBag from /opt/airflow/dags/youtube_medallion_pipeline.py
[2026-07-27T06:55:57.664+0000] {processor.py:925} INFO - DAG(s) 'youtube_medallion_pipeline' retrieved from /opt/airflow/dags/youtube_medallion_pipeline.py
[2026-07-27T06:55:57.735+0000] {logging_mixin.py:190} INFO - [2026-07-27T06:55:57.734+0000] {dag.py:3239} INFO - Sync 1 DAGs
[2026-07-27T06:55:57.770+0000] {logging_mixin.py:190} INFO - [2026-07-27T06:55:57.769+0000] {dag.py:4180} INFO - Setting next_dagrun for youtube_medallion_pipeline to None, run_after=None
[2026-07-27T06:55:57.817+0000] {processor.py:208} INFO - Processing /opt/airflow/dags/youtube_medallion_pipeline.py took 0.243 seconds
[2026-07-27T06:56:28.007+0000] {processor.py:186} INFO - Started process (PID=1215) to work on /opt/airflow/dags/youtube_medallion_pipeline.py
[2026-07-27T06:56:28.009+0000] {processor.py:914} INFO - Processing file /opt/airflow/dags/youtube_medallion_pipeline.py for tasks to queue
[2026-07-27T06:56:28.015+0000] {logging_mixin.py:190} INFO - [2026-07-27T06:56:28.014+0000] {dagbag.py:588} INFO - Filling up the DagBag from /opt/airflow/dags/youtube_medallion_pipeline.py
[2026-07-27T06:56:28.051+0000] {processor.py:925} INFO - DAG(s) 'youtube_medallion_pipeline' retrieved from /opt/airflow/dags/youtube_medallion_pipeline.py
[2026-07-27T06:56:28.140+0000] {logging_mixin.py:190} INFO - [2026-07-27T06:56:28.139+0000] {dag.py:3239} INFO - Sync 1 DAGs
[2026-07-27T06:56:28.176+0000] {logging_mixin.py:190} INFO - [2026-07-27T06:56:28.175+0000] {dag.py:4180} INFO - Setting next_dagrun for youtube_medallion_pipeline to None, run_after=None
[2026-07-27T06:56:28.239+0000] {processor.py:208} INFO - Processing /opt/airflow/dags/youtube_medallion_pipeline.py took 0.245 seconds
[2026-07-27T06:56:58.366+0000] {processor.py:186} INFO - Started process (PID=1220) to work on /opt/airflow/dags/youtube_medallion_pipeline.py
[2026-07-27T06:56:58.368+0000] {processor.py:914} INFO - Processing file /opt/airflow/dags/youtube_medallion_pipeline.py for tasks to queue
[2026-07-27T06:56:58.372+0000] {logging_mixin.py:190} INFO - [2026-07-27T06:56:58.372+0000] {dagbag.py:588} INFO - Filling up the DagBag from /opt/airflow/dags/youtube_medallion_pipeline.py
[2026-07-27T06:56:58.396+0000] {processor.py:925} INFO - DAG(s) 'youtube_medallion_pipeline' retrieved from /opt/airflow/dags/youtube_medallion_pipeline.py
[2026-07-27T06:56:58.446+0000] {logging_mixin.py:190} INFO - [2026-07-27T06:56:58.446+0000] {dag.py:3239} INFO - Sync 1 DAGs
[2026-07-27T06:56:58.470+0000] {logging_mixin.py:190} INFO - [2026-07-27T06:56:58.469+0000] {dag.py:4180} INFO - Setting next_dagrun for youtube_medallion_pipeline to None, run_after=None
[2026-07-27T06:56:58.505+0000] {processor.py:208} INFO - Processing /opt/airflow/dags/youtube_medallion_pipeline.py took 0.147 seconds
[2026-07-27T06:57:28.805+0000] {processor.py:186} INFO - Started process (PID=1225) to work on /opt/airflow/dags/youtube_medallion_pipeline.py
[2026-07-27T06:57:28.807+0000] {processor.py:914} INFO - Processing file /opt/airflow/dags/youtube_medallion_pipeline.py for tasks to queue
[2026-07-27T06:57:28.813+0000] {logging_mixin.py:190} INFO - [2026-07-27T06:57:28.812+0000] {dagbag.py:588} INFO - Filling up the DagBag from /opt/airflow/dags/youtube_medallion_pipeline.py
[2026-07-27T06:57:28.845+0000] {processor.py:925} INFO - DAG(s) 'youtube_medallion_pipeline' retrieved from /opt/airflow/dags/youtube_medallion_pipeline.py
[2026-07-27T06:57:28.895+0000] {logging_mixin.py:190} INFO - [2026-07-27T06:57:28.894+0000] {dag.py:3239} INFO - Sync 1 DAGs
[2026-07-27T06:57:28.920+0000] {logging_mixin.py:190} INFO - [2026-07-27T06:57:28.920+0000] {dag.py:4180} INFO - Setting next_dagrun for youtube_medallion_pipeline to None, run_after=None
[2026-07-27T06:57:28.955+0000] {processor.py:208} INFO - Processing /opt/airflow/dags/youtube_medallion_pipeline.py took 0.159 seconds
[2026-07-27T06:57:59.083+0000] {processor.py:186} INFO - Started process (PID=1230) to work on /opt/airflow/dags/youtube_medallion_pipeline.py
[2026-07-27T06:57:59.085+0000] {processor.py:914} INFO - Processing file /opt/airflow/dags/youtube_medallion_pipeline.py for tasks to queue
[2026-07-27T06:57:59.090+0000] {logging_mixin.py:190} INFO - [2026-07-27T06:57:59.089+0000] {dagbag.py:588} INFO - Filling up the DagBag from /opt/airflow/dags/youtube_medallion_pipeline.py
[2026-07-27T06:57:59.117+0000] {processor.py:925} INFO - DAG(s) 'youtube_medallion_pipeline' retrieved from /opt/airflow/dags/youtube_medallion_pipeline.py
[2026-07-27T06:57:59.161+0000] {logging_mixin.py:190} INFO - [2026-07-27T06:57:59.161+0000] {dag.py:3239} INFO - Sync 1 DAGs
[2026-07-27T06:57:59.183+0000] {logging_mixin.py:190} INFO - [2026-07-27T06:57:59.183+0000] {dag.py:4180} INFO - Setting next_dagrun for youtube_medallion_pipeline to None, run_after=None
[2026-07-27T06:57:59.212+0000] {processor.py:208} INFO - Processing /opt/airflow/dags/youtube_medallion_pipeline.py took 0.137 seconds
[2026-07-27T06:58:29.497+0000] {processor.py:186} INFO - Started process (PID=1235) to work on /opt/airflow/dags/youtube_medallion_pipeline.py
[2026-07-27T06:58:29.499+0000] {processor.py:914} INFO - Processing file /opt/airflow/dags/youtube_medallion_pipeline.py for tasks to queue
[2026-07-27T06:58:29.506+0000] {logging_mixin.py:190} INFO - [2026-07-27T06:58:29.506+0000] {dagbag.py:588} INFO - Filling up the DagBag from /opt/airflow/dags/youtube_medallion_pipeline.py
[2026-07-27T06:58:29.545+0000] {processor.py:925} INFO - DAG(s) 'youtube_medallion_pipeline' retrieved from /opt/airflow/dags/youtube_medallion_pipeline.py
[2026-07-27T06:58:29.596+0000] {logging_mixin.py:190} INFO - [2026-07-27T06:58:29.596+0000] {dag.py:3239} INFO - Sync 1 DAGs
[2026-07-27T06:58:29.629+0000] {logging_mixin.py:190} INFO - [2026-07-27T06:58:29.628+0000] {dag.py:4180} INFO - Setting next_dagrun for youtube_medallion_pipeline to None, run_after=None
[2026-07-27T06:58:29.679+0000] {processor.py:208} INFO - Processing /opt/airflow/dags/youtube_medallion_pipeline.py took 0.190 seconds
[2026-07-27T06:58:59.776+0000] {processor.py:186} INFO - Started process (PID=1240) to work on /opt/airflow/dags/youtube_medallion_pipeline.py
[2026-07-27T06:58:59.779+0000] {processor.py:914} INFO - Processing file /opt/airflow/dags/youtube_medallion_pipeline.py for tasks to queue
[2026-07-27T06:58:59.787+0000] {logging_mixin.py:190} INFO - [2026-07-27T06:58:59.786+0000] {dagbag.py:588} INFO - Filling up the DagBag from /opt/airflow/dags/youtube_medallion_pipeline.py
[2026-07-27T06:58:59.854+0000] {processor.py:925} INFO - DAG(s) 'youtube_medallion_pipeline' retrieved from /opt/airflow/dags/youtube_medallion_pipeline.py
[2026-07-27T06:58:59.911+0000] {logging_mixin.py:190} INFO - [2026-07-27T06:58:59.911+0000] {dag.py:3239} INFO - Sync 1 DAGs
[2026-07-27T06:58:59.941+0000] {logging_mixin.py:190} INFO - [2026-07-27T06:58:59.941+0000] {dag.py:4180} INFO - Setting next_dagrun for youtube_medallion_pipeline to None, run_after=None
[2026-07-27T06:58:59.974+0000] {processor.py:208} INFO - Processing /opt/airflow/dags/youtube_medallion_pipeline.py took 0.209 seconds
[2026-07-27T06:59:30.219+0000] {processor.py:186} INFO - Started process (PID=1245) to work on /opt/airflow/dags/youtube_medallion_pipeline.py
[2026-07-27T06:59:30.221+0000] {processor.py:914} INFO - Processing file /opt/airflow/dags/youtube_medallion_pipeline.py for tasks to queue
[2026-07-27T06:59:30.226+0000] {logging_mixin.py:190} INFO - [2026-07-27T06:59:30.225+0000] {dagbag.py:588} INFO - Filling up the DagBag from /opt/airflow/dags/youtube_medallion_pipeline.py
[2026-07-27T06:59:30.256+0000] {processor.py:925} INFO - DAG(s) 'youtube_medallion_pipeline' retrieved from /opt/airflow/dags/youtube_medallion_pipeline.py
[2026-07-27T06:59:30.297+0000] {logging_mixin.py:190} INFO - [2026-07-27T06:59:30.296+0000] {dag.py:3239} INFO - Sync 1 DAGs
[2026-07-27T06:59:30.318+0000] {logging_mixin.py:190} INFO - [2026-07-27T06:59:30.318+0000] {dag.py:4180} INFO - Setting next_dagrun for youtube_medallion_pipeline to None, run_after=None
[2026-07-27T06:59:30.348+0000] {processor.py:208} INFO - Processing /opt/airflow/dags/youtube_medallion_pipeline.py took 0.136 seconds
[2026-07-27T07:00:00.505+0000] {processor.py:186} INFO - Started process (PID=1250) to work on /opt/airflow/dags/youtube_medallion_pipeline.py
[2026-07-27T07:00:00.507+0000] {processor.py:914} INFO - Processing file /opt/airflow/dags/youtube_medallion_pipeline.py for tasks to queue
[2026-07-27T07:00:00.513+0000] {logging_mixin.py:190} INFO - [2026-07-27T07:00:00.513+0000] {dagbag.py:588} INFO - Filling up the DagBag from /opt/airflow/dags/youtube_medallion_pipeline.py
[2026-07-27T07:00:00.540+0000] {processor.py:925} INFO - DAG(s) 'youtube_medallion_pipeline' retrieved from /opt/airflow/dags/youtube_medallion_pipeline.py
[2026-07-27T07:00:00.590+0000] {logging_mixin.py:190} INFO - [2026-07-27T07:00:00.590+0000] {dag.py:3239} INFO - Sync 1 DAGs
[2026-07-27T07:00:00.613+0000] {logging_mixin.py:190} INFO - [2026-07-27T07:00:00.613+0000] {dag.py:4180} INFO - Setting next_dagrun for youtube_medallion_pipeline to None, run_after=None
[2026-07-27T07:00:00.647+0000] {processor.py:208} INFO - Processing /opt/airflow/dags/youtube_medallion_pipeline.py took 0.151 seconds
[2026-07-27T07:00:30.889+0000] {processor.py:186} INFO - Started process (PID=1255) to work on /opt/airflow/dags/youtube_medallion_pipeline.py
[2026-07-27T07:00:30.892+0000] {processor.py:914} INFO - Processing file /opt/airflow/dags/youtube_medallion_pipeline.py for tasks to queue
[2026-07-27T07:00:30.896+0000] {logging_mixin.py:190} INFO - [2026-07-27T07:00:30.896+0000] {dagbag.py:588} INFO - Filling up the DagBag from /opt/airflow/dags/youtube_medallion_pipeline.py
[2026-07-27T07:00:30.921+0000] {processor.py:925} INFO - DAG(s) 'youtube_medallion_pipeline' retrieved from /opt/airflow/dags/youtube_medallion_pipeline.py
[2026-07-27T07:00:30.965+0000] {logging_mixin.py:190} INFO - [2026-07-27T07:00:30.964+0000] {dag.py:3239} INFO - Sync 1 DAGs
[2026-07-27T07:00:30.986+0000] {logging_mixin.py:190} INFO - [2026-07-27T07:00:30.986+0000] {dag.py:4180} INFO - Setting next_dagrun for youtube_medallion_pipeline to None, run_after=None
[2026-07-27T07:00:31.021+0000] {processor.py:208} INFO - Processing /opt/airflow/dags/youtube_medallion_pipeline.py took 0.142 seconds
[2026-07-27T07:01:01.178+0000] {processor.py:186} INFO - Started process (PID=1260) to work on /opt/airflow/dags/youtube_medallion_pipeline.py
[2026-07-27T07:01:01.180+0000] {processor.py:914} INFO - Processing file /opt/airflow/dags/youtube_medallion_pipeline.py for tasks to queue
[2026-07-27T07:01:01.184+0000] {logging_mixin.py:190} INFO - [2026-07-27T07:01:01.184+0000] {dagbag.py:588} INFO - Filling up the DagBag from /opt/airflow/dags/youtube_medallion_pipeline.py
[2026-07-27T07:01:01.212+0000] {processor.py:925} INFO - DAG(s) 'youtube_medallion_pipeline' retrieved from /opt/airflow/dags/youtube_medallion_pipeline.py
[2026-07-27T07:01:01.261+0000] {logging_mixin.py:190} INFO - [2026-07-27T07:01:01.260+0000] {dag.py:3239} INFO - Sync 1 DAGs
[2026-07-27T07:01:01.283+0000] {logging_mixin.py:190} INFO - [2026-07-27T07:01:01.282+0000] {dag.py:4180} INFO - Setting next_dagrun for youtube_medallion_pipeline to None, run_after=None
[2026-07-27T07:01:01.312+0000] {processor.py:208} INFO - Processing /opt/airflow/dags/youtube_medallion_pipeline.py took 0.143 seconds
[2026-07-27T07:01:31.567+0000] {processor.py:186} INFO - Started process (PID=1265) to work on /opt/airflow/dags/youtube_medallion_pipeline.py
[2026-07-27T07:01:31.570+0000] {processor.py:914} INFO - Processing file /opt/airflow/dags/youtube_medallion_pipeline.py for tasks to queue
[2026-07-27T07:01:31.575+0000] {logging_mixin.py:190} INFO - [2026-07-27T07:01:31.574+0000] {dagbag.py:588} INFO - Filling up the DagBag from /opt/airflow/dags/youtube_medallion_pipeline.py
[2026-07-27T07:01:31.601+0000] {processor.py:925} INFO - DAG(s) 'youtube_medallion_pipeline' retrieved from /opt/airflow/dags/youtube_medallion_pipeline.py
[2026-07-27T07:01:31.653+0000] {logging_mixin.py:190} INFO - [2026-07-27T07:01:31.653+0000] {dag.py:3239} INFO - Sync 1 DAGs
[2026-07-27T07:01:31.679+0000] {logging_mixin.py:190} INFO - [2026-07-27T07:01:31.679+0000] {dag.py:4180} INFO - Setting next_dagrun for youtube_medallion_pipeline to None, run_after=None
[2026-07-27T07:01:31.724+0000] {processor.py:208} INFO - Processing /opt/airflow/dags/youtube_medallion_pipeline.py took 0.164 seconds
[2026-07-27T07:02:01.866+0000] {processor.py:186} INFO - Started process (PID=1270) to work on /opt/airflow/dags/youtube_medallion_pipeline.py
[2026-07-27T07:02:02.149+0000] {processor.py:914} INFO - Processing file /opt/airflow/dags/youtube_medallion_pipeline.py for tasks to queue
[2026-07-27T07:02:02.392+0000] {logging_mixin.py:190} INFO - [2026-07-27T07:02:02.391+0000] {dagbag.py:588} INFO - Filling up the DagBag from /opt/airflow/dags/youtube_medallion_pipeline.py
[2026-07-27T07:02:02.744+0000] {processor.py:925} INFO - DAG(s) 'youtube_medallion_pipeline' retrieved from /opt/airflow/dags/youtube_medallion_pipeline.py
[2026-07-27T07:02:03.211+0000] {logging_mixin.py:190} INFO - [2026-07-27T07:02:03.210+0000] {dag.py:3239} INFO - Sync 1 DAGs
[2026-07-27T07:02:03.306+0000] {logging_mixin.py:190} INFO - [2026-07-27T07:02:03.306+0000] {dag.py:4180} INFO - Setting next_dagrun for youtube_medallion_pipeline to None, run_after=None
[2026-07-27T07:02:03.393+0000] {processor.py:208} INFO - Processing /opt/airflow/dags/youtube_medallion_pipeline.py took 1.536 seconds
[2026-07-27T07:02:34.329+0000] {processor.py:186} INFO - Started process (PID=1275) to work on /opt/airflow/dags/youtube_medallion_pipeline.py
[2026-07-27T07:02:34.331+0000] {processor.py:914} INFO - Processing file /opt/airflow/dags/youtube_medallion_pipeline.py for tasks to queue
[2026-07-27T07:02:34.337+0000] {logging_mixin.py:190} INFO - [2026-07-27T07:02:34.336+0000] {dagbag.py:588} INFO - Filling up the DagBag from /opt/airflow/dags/youtube_medallion_pipeline.py
[2026-07-27T07:02:34.366+0000] {processor.py:925} INFO - DAG(s) 'youtube_medallion_pipeline' retrieved from /opt/airflow/dags/youtube_medallion_pipeline.py
[2026-07-27T07:02:34.417+0000] {logging_mixin.py:190} INFO - [2026-07-27T07:02:34.417+0000] {dag.py:3239} INFO - Sync 1 DAGs
[2026-07-27T07:02:34.446+0000] {logging_mixin.py:190} INFO - [2026-07-27T07:02:34.445+0000] {dag.py:4180} INFO - Setting next_dagrun for youtube_medallion_pipeline to None, run_after=None
[2026-07-27T07:02:34.477+0000] {processor.py:208} INFO - Processing /opt/airflow/dags/youtube_medallion_pipeline.py took 0.159 seconds
[2026-07-27T07:03:04.879+0000] {processor.py:186} INFO - Started process (PID=1280) to work on /opt/airflow/dags/youtube_medallion_pipeline.py
[2026-07-27T07:03:04.882+0000] {processor.py:914} INFO - Processing file /opt/airflow/dags/youtube_medallion_pipeline.py for tasks to queue
[2026-07-27T07:03:04.891+0000] {logging_mixin.py:190} INFO - [2026-07-27T07:03:04.890+0000] {dagbag.py:588} INFO - Filling up the DagBag from /opt/airflow/dags/youtube_medallion_pipeline.py
[2026-07-27T07:03:04.942+0000] {processor.py:925} INFO - DAG(s) 'youtube_medallion_pipeline' retrieved from /opt/airflow/dags/youtube_medallion_pipeline.py
[2026-07-27T07:03:05.058+0000] {logging_mixin.py:190} INFO - [2026-07-27T07:03:05.057+0000] {dag.py:3239} INFO - Sync 1 DAGs
[2026-07-27T07:03:05.172+0000] {logging_mixin.py:190} INFO - [2026-07-27T07:03:05.171+0000] {dag.py:4180} INFO - Setting next_dagrun for youtube_medallion_pipeline to None, run_after=None
[2026-07-27T07:03:05.273+0000] {processor.py:208} INFO - Processing /opt/airflow/dags/youtube_medallion_pipeline.py took 0.411 seconds
[2026-07-27T07:03:40.516+0000] {processor.py:186} INFO - Started process (PID=1285) to work on /opt/airflow/dags/youtube_medallion_pipeline.py
[2026-07-27T07:03:40.519+0000] {processor.py:914} INFO - Processing file /opt/airflow/dags/youtube_medallion_pipeline.py for tasks to queue
[2026-07-27T07:03:40.612+0000] {logging_mixin.py:190} INFO - [2026-07-27T07:03:40.523+0000] {dagbag.py:588} INFO - Filling up the DagBag from /opt/airflow/dags/youtube_medallion_pipeline.py
[2026-07-27T07:03:41.711+0000] {processor.py:925} INFO - DAG(s) 'youtube_medallion_pipeline' retrieved from /opt/airflow/dags/youtube_medallion_pipeline.py
[2026-07-27T07:03:42.113+0000] {logging_mixin.py:190} INFO - [2026-07-27T07:03:42.113+0000] {dag.py:3239} INFO - Sync 1 DAGs
[2026-07-27T07:03:42.233+0000] {logging_mixin.py:190} INFO - [2026-07-27T07:03:42.232+0000] {dag.py:4180} INFO - Setting next_dagrun for youtube_medallion_pipeline to None, run_after=None
[2026-07-27T07:03:42.390+0000] {processor.py:208} INFO - Processing /opt/airflow/dags/youtube_medallion_pipeline.py took 1.881 seconds
[2026-07-27T07:04:12.917+0000] {processor.py:186} INFO - Started process (PID=1290) to work on /opt/airflow/dags/youtube_medallion_pipeline.py
[2026-07-27T07:04:12.919+0000] {processor.py:914} INFO - Processing file /opt/airflow/dags/youtube_medallion_pipeline.py for tasks to queue
[2026-07-27T07:04:12.927+0000] {logging_mixin.py:190} INFO - [2026-07-27T07:04:12.926+0000] {dagbag.py:588} INFO - Filling up the DagBag from /opt/airflow/dags/youtube_medallion_pipeline.py
[2026-07-27T07:04:12.980+0000] {processor.py:925} INFO - DAG(s) 'youtube_medallion_pipeline' retrieved from /opt/airflow/dags/youtube_medallion_pipeline.py
[2026-07-27T07:04:13.054+0000] {logging_mixin.py:190} INFO - [2026-07-27T07:04:13.053+0000] {dag.py:3239} INFO - Sync 1 DAGs
[2026-07-27T07:04:13.093+0000] {logging_mixin.py:190} INFO - [2026-07-27T07:04:13.093+0000] {dag.py:4180} INFO - Setting next_dagrun for youtube_medallion_pipeline to None, run_after=None
[2026-07-27T07:04:13.128+0000] {processor.py:208} INFO - Processing /opt/airflow/dags/youtube_medallion_pipeline.py took 0.229 seconds
[2026-07-27T07:04:43.447+0000] {processor.py:186} INFO - Started process (PID=1295) to work on /opt/airflow/dags/youtube_medallion_pipeline.py
[2026-07-27T07:04:43.449+0000] {processor.py:914} INFO - Processing file /opt/airflow/dags/youtube_medallion_pipeline.py for tasks to queue
[2026-07-27T07:04:43.454+0000] {logging_mixin.py:190} INFO - [2026-07-27T07:04:43.453+0000] {dagbag.py:588} INFO - Filling up the DagBag from /opt/airflow/dags/youtube_medallion_pipeline.py
[2026-07-27T07:04:43.478+0000] {processor.py:925} INFO - DAG(s) 'youtube_medallion_pipeline' retrieved from /opt/airflow/dags/youtube_medallion_pipeline.py
[2026-07-27T07:04:43.537+0000] {logging_mixin.py:190} INFO - [2026-07-27T07:04:43.536+0000] {dag.py:3239} INFO - Sync 1 DAGs
[2026-07-27T07:04:43.562+0000] {logging_mixin.py:190} INFO - [2026-07-27T07:04:43.562+0000] {dag.py:4180} INFO - Setting next_dagrun for youtube_medallion_pipeline to None, run_after=None
[2026-07-27T07:04:43.609+0000] {processor.py:208} INFO - Processing /opt/airflow/dags/youtube_medallion_pipeline.py took 0.169 seconds
[2026-07-27T07:05:13.753+0000] {processor.py:186} INFO - Started process (PID=1300) to work on /opt/airflow/dags/youtube_medallion_pipeline.py
[2026-07-27T07:05:13.756+0000] {processor.py:914} INFO - Processing file /opt/airflow/dags/youtube_medallion_pipeline.py for tasks to queue
[2026-07-27T07:05:13.761+0000] {logging_mixin.py:190} INFO - [2026-07-27T07:05:13.760+0000] {dagbag.py:588} INFO - Filling up the DagBag from /opt/airflow/dags/youtube_medallion_pipeline.py
[2026-07-27T07:05:13.801+0000] {processor.py:925} INFO - DAG(s) 'youtube_medallion_pipeline' retrieved from /opt/airflow/dags/youtube_medallion_pipeline.py
[2026-07-27T07:05:13.852+0000] {logging_mixin.py:190} INFO - [2026-07-27T07:05:13.852+0000] {dag.py:3239} INFO - Sync 1 DAGs
[2026-07-27T07:05:13.888+0000] {logging_mixin.py:190} INFO - [2026-07-27T07:05:13.888+0000] {dag.py:4180} INFO - Setting next_dagrun for youtube_medallion_pipeline to None, run_after=None
[2026-07-27T07:05:13.920+0000] {processor.py:208} INFO - Processing /opt/airflow/dags/youtube_medallion_pipeline.py took 0.180 seconds
[2026-07-27T07:05:44.396+0000] {processor.py:186} INFO - Started process (PID=1305) to work on /opt/airflow/dags/youtube_medallion_pipeline.py
[2026-07-27T07:05:44.405+0000] {processor.py:914} INFO - Processing file /opt/airflow/dags/youtube_medallion_pipeline.py for tasks to queue
[2026-07-27T07:05:44.417+0000] {logging_mixin.py:190} INFO - [2026-07-27T07:05:44.417+0000] {dagbag.py:588} INFO - Filling up the DagBag from /opt/airflow/dags/youtube_medallion_pipeline.py
[2026-07-27T07:05:44.448+0000] {processor.py:925} INFO - DAG(s) 'youtube_medallion_pipeline' retrieved from /opt/airflow/dags/youtube_medallion_pipeline.py
[2026-07-27T07:05:44.515+0000] {logging_mixin.py:190} INFO - [2026-07-27T07:05:44.515+0000] {dag.py:3239} INFO - Sync 1 DAGs
[2026-07-27T07:05:44.544+0000] {logging_mixin.py:190} INFO - [2026-07-27T07:05:44.543+0000] {dag.py:4180} INFO - Setting next_dagrun for youtube_medallion_pipeline to None, run_after=None
[2026-07-27T07:05:44.595+0000] {processor.py:208} INFO - Processing /opt/airflow/dags/youtube_medallion_pipeline.py took 0.208 seconds
[2026-07-27T07:06:14.681+0000] {processor.py:186} INFO - Started process (PID=1310) to work on /opt/airflow/dags/youtube_medallion_pipeline.py
[2026-07-27T07:06:14.683+0000] {processor.py:914} INFO - Processing file /opt/airflow/dags/youtube_medallion_pipeline.py for tasks to queue
[2026-07-27T07:06:14.688+0000] {logging_mixin.py:190} INFO - [2026-07-27T07:06:14.687+0000] {dagbag.py:588} INFO - Filling up the DagBag from /opt/airflow/dags/youtube_medallion_pipeline.py
[2026-07-27T07:06:14.719+0000] {processor.py:925} INFO - DAG(s) 'youtube_medallion_pipeline' retrieved from /opt/airflow/dags/youtube_medallion_pipeline.py
[2026-07-27T07:06:14.772+0000] {logging_mixin.py:190} INFO - [2026-07-27T07:06:14.772+0000] {dag.py:3239} INFO - Sync 1 DAGs
[2026-07-27T07:06:14.795+0000] {logging_mixin.py:190} INFO - [2026-07-27T07:06:14.795+0000] {dag.py:4180} INFO - Setting next_dagrun for youtube_medallion_pipeline to None, run_after=None
[2026-07-27T07:06:14.826+0000] {processor.py:208} INFO - Processing /opt/airflow/dags/youtube_medallion_pipeline.py took 0.156 seconds
[2026-07-27T07:06:44.979+0000] {processor.py:186} INFO - Started process (PID=1315) to work on /opt/airflow/dags/youtube_medallion_pipeline.py
[2026-07-27T07:06:44.988+0000] {processor.py:914} INFO - Processing file /opt/airflow/dags/youtube_medallion_pipeline.py for tasks to queue
[2026-07-27T07:06:45.004+0000] {logging_mixin.py:190} INFO - [2026-07-27T07:06:45.002+0000] {dagbag.py:588} INFO - Filling up the DagBag from /opt/airflow/dags/youtube_medallion_pipeline.py
[2026-07-27T07:06:45.045+0000] {processor.py:925} INFO - DAG(s) 'youtube_medallion_pipeline' retrieved from /opt/airflow/dags/youtube_medallion_pipeline.py
[2026-07-27T07:06:45.095+0000] {logging_mixin.py:190} INFO - [2026-07-27T07:06:45.095+0000] {dag.py:3239} INFO - Sync 1 DAGs
[2026-07-27T07:06:45.119+0000] {logging_mixin.py:190} INFO - [2026-07-27T07:06:45.119+0000] {dag.py:4180} INFO - Setting next_dagrun for youtube_medallion_pipeline to None, run_after=None
[2026-07-27T07:06:45.153+0000] {processor.py:208} INFO - Processing /opt/airflow/dags/youtube_medallion_pipeline.py took 0.216 seconds
[2026-07-27T07:07:15.420+0000] {processor.py:186} INFO - Started process (PID=1320) to work on /opt/airflow/dags/youtube_medallion_pipeline.py
[2026-07-27T07:07:15.422+0000] {processor.py:914} INFO - Processing file /opt/airflow/dags/youtube_medallion_pipeline.py for tasks to queue
[2026-07-27T07:07:15.429+0000] {logging_mixin.py:190} INFO - [2026-07-27T07:07:15.428+0000] {dagbag.py:588} INFO - Filling up the DagBag from /opt/airflow/dags/youtube_medallion_pipeline.py
[2026-07-27T07:07:15.457+0000] {processor.py:925} INFO - DAG(s) 'youtube_medallion_pipeline' retrieved from /opt/airflow/dags/youtube_medallion_pipeline.py
[2026-07-27T07:07:15.504+0000] {logging_mixin.py:190} INFO - [2026-07-27T07:07:15.504+0000] {dag.py:3239} INFO - Sync 1 DAGs
[2026-07-27T07:07:15.528+0000] {logging_mixin.py:190} INFO - [2026-07-27T07:07:15.528+0000] {dag.py:4180} INFO - Setting next_dagrun for youtube_medallion_pipeline to None, run_after=None
[2026-07-27T07:07:15.563+0000] {processor.py:208} INFO - Processing /opt/airflow/dags/youtube_medallion_pipeline.py took 0.155 seconds
[2026-07-27T07:07:45.728+0000] {processor.py:186} INFO - Started process (PID=1325) to work on /opt/airflow/dags/youtube_medallion_pipeline.py
[2026-07-27T07:07:45.730+0000] {processor.py:914} INFO - Processing file /opt/airflow/dags/youtube_medallion_pipeline.py for tasks to queue
[2026-07-27T07:07:45.735+0000] {logging_mixin.py:190} INFO - [2026-07-27T07:07:45.735+0000] {dagbag.py:588} INFO - Filling up the DagBag from /opt/airflow/dags/youtube_medallion_pipeline.py
[2026-07-27T07:07:45.768+0000] {processor.py:925} INFO - DAG(s) 'youtube_medallion_pipeline' retrieved from /opt/airflow/dags/youtube_medallion_pipeline.py
[2026-07-27T07:07:45.829+0000] {logging_mixin.py:190} INFO - [2026-07-27T07:07:45.829+0000] {dag.py:3239} INFO - Sync 1 DAGs
[2026-07-27T07:07:45.857+0000] {logging_mixin.py:190} INFO - [2026-07-27T07:07:45.857+0000] {dag.py:4180} INFO - Setting next_dagrun for youtube_medallion_pipeline to None, run_after=None
[2026-07-27T07:07:45.905+0000] {processor.py:208} INFO - Processing /opt/airflow/dags/youtube_medallion_pipeline.py took 0.187 seconds
[2026-07-27T07:08:16.204+0000] {processor.py:186} INFO - Started process (PID=1330) to work on /opt/airflow/dags/youtube_medallion_pipeline.py
[2026-07-27T07:08:16.206+0000] {processor.py:914} INFO - Processing file /opt/airflow/dags/youtube_medallion_pipeline.py for tasks to queue
[2026-07-27T07:08:16.211+0000] {logging_mixin.py:190} INFO - [2026-07-27T07:08:16.211+0000] {dagbag.py:588} INFO - Filling up the DagBag from /opt/airflow/dags/youtube_medallion_pipeline.py
[2026-07-27T07:08:16.238+0000] {processor.py:925} INFO - DAG(s) 'youtube_medallion_pipeline' retrieved from /opt/airflow/dags/youtube_medallion_pipeline.py
[2026-07-27T07:08:16.288+0000] {logging_mixin.py:190} INFO - [2026-07-27T07:08:16.288+0000] {dag.py:3239} INFO - Sync 1 DAGs
[2026-07-27T07:08:16.310+0000] {logging_mixin.py:190} INFO - [2026-07-27T07:08:16.310+0000] {dag.py:4180} INFO - Setting next_dagrun for youtube_medallion_pipeline to None, run_after=None
[2026-07-27T07:08:16.342+0000] {processor.py:208} INFO - Processing /opt/airflow/dags/youtube_medallion_pipeline.py took 0.145 seconds
[2026-07-27T07:08:46.553+0000] {processor.py:186} INFO - Started process (PID=1335) to work on /opt/airflow/dags/youtube_medallion_pipeline.py
[2026-07-27T07:08:46.557+0000] {processor.py:914} INFO - Processing file /opt/airflow/dags/youtube_medallion_pipeline.py for tasks to queue
[2026-07-27T07:08:46.563+0000] {logging_mixin.py:190} INFO - [2026-07-27T07:08:46.562+0000] {dagbag.py:588} INFO - Filling up the DagBag from /opt/airflow/dags/youtube_medallion_pipeline.py
[2026-07-27T07:08:46.599+0000] {processor.py:925} INFO - DAG(s) 'youtube_medallion_pipeline' retrieved from /opt/airflow/dags/youtube_medallion_pipeline.py
[2026-07-27T07:08:46.668+0000] {logging_mixin.py:190} INFO - [2026-07-27T07:08:46.667+0000] {dag.py:3239} INFO - Sync 1 DAGs
[2026-07-27T07:08:46.690+0000] {logging_mixin.py:190} INFO - [2026-07-27T07:08:46.689+0000] {dag.py:4180} INFO - Setting next_dagrun for youtube_medallion_pipeline to None, run_after=None
[2026-07-27T07:08:46.723+0000] {processor.py:208} INFO - Processing /opt/airflow/dags/youtube_medallion_pipeline.py took 0.178 seconds
[2026-07-27T07:09:16.878+0000] {processor.py:186} INFO - Started process (PID=1340) to work on /opt/airflow/dags/youtube_medallion_pipeline.py
[2026-07-27T07:09:16.880+0000] {processor.py:914} INFO - Processing file /opt/airflow/dags/youtube_medallion_pipeline.py for tasks to queue
[2026-07-27T07:09:16.884+0000] {logging_mixin.py:190} INFO - [2026-07-27T07:09:16.884+0000] {dagbag.py:588} INFO - Filling up the DagBag from /opt/airflow/dags/youtube_medallion_pipeline.py
[2026-07-27T07:09:16.912+0000] {processor.py:925} INFO - DAG(s) 'youtube_medallion_pipeline' retrieved from /opt/airflow/dags/youtube_medallion_pipeline.py
[2026-07-27T07:09:16.960+0000] {logging_mixin.py:190} INFO - [2026-07-27T07:09:16.960+0000] {dag.py:3239} INFO - Sync 1 DAGs
[2026-07-27T07:09:16.985+0000] {logging_mixin.py:190} INFO - [2026-07-27T07:09:16.984+0000] {dag.py:4180} INFO - Setting next_dagrun for youtube_medallion_pipeline to None, run_after=None
[2026-07-27T07:09:17.026+0000] {processor.py:208} INFO - Processing /opt/airflow/dags/youtube_medallion_pipeline.py took 0.158 seconds
[2026-07-27T07:09:47.477+0000] {processor.py:186} INFO - Started process (PID=1345) to work on /opt/airflow/dags/youtube_medallion_pipeline.py
[2026-07-27T07:09:47.479+0000] {processor.py:914} INFO - Processing file /opt/airflow/dags/youtube_medallion_pipeline.py for tasks to queue
[2026-07-27T07:09:47.484+0000] {logging_mixin.py:190} INFO - [2026-07-27T07:09:47.483+0000] {dagbag.py:588} INFO - Filling up the DagBag from /opt/airflow/dags/youtube_medallion_pipeline.py
[2026-07-27T07:09:47.628+0000] {processor.py:925} INFO - DAG(s) 'youtube_medallion_pipeline' retrieved from /opt/airflow/dags/youtube_medallion_pipeline.py
[2026-07-27T07:09:48.064+0000] {logging_mixin.py:190} INFO - [2026-07-27T07:09:48.064+0000] {dag.py:3239} INFO - Sync 1 DAGs
[2026-07-27T07:09:48.238+0000] {logging_mixin.py:190} INFO - [2026-07-27T07:09:48.238+0000] {dag.py:4180} INFO - Setting next_dagrun for youtube_medallion_pipeline to None, run_after=None
[2026-07-27T07:09:48.341+0000] {processor.py:208} INFO - Processing /opt/airflow/dags/youtube_medallion_pipeline.py took 0.873 seconds
[2026-07-27T07:10:18.814+0000] {processor.py:186} INFO - Started process (PID=1350) to work on /opt/airflow/dags/youtube_medallion_pipeline.py
[2026-07-27T07:10:18.816+0000] {processor.py:914} INFO - Processing file /opt/airflow/dags/youtube_medallion_pipeline.py for tasks to queue
[2026-07-27T07:10:18.820+0000] {logging_mixin.py:190} INFO - [2026-07-27T07:10:18.820+0000] {dagbag.py:588} INFO - Filling up the DagBag from /opt/airflow/dags/youtube_medallion_pipeline.py
[2026-07-27T07:10:18.848+0000] {processor.py:925} INFO - DAG(s) 'youtube_medallion_pipeline' retrieved from /opt/airflow/dags/youtube_medallion_pipeline.py
[2026-07-27T07:10:19.033+0000] {logging_mixin.py:190} INFO - [2026-07-27T07:10:19.033+0000] {dag.py:3239} INFO - Sync 1 DAGs
[2026-07-27T07:10:19.055+0000] {logging_mixin.py:190} INFO - [2026-07-27T07:10:19.055+0000] {dag.py:4180} INFO - Setting next_dagrun for youtube_medallion_pipeline to None, run_after=None
[2026-07-27T07:10:19.095+0000] {processor.py:208} INFO - Processing /opt/airflow/dags/youtube_medallion_pipeline.py took 0.290 seconds
[2026-07-27T07:10:49.760+0000] {processor.py:186} INFO - Started process (PID=1355) to work on /opt/airflow/dags/youtube_medallion_pipeline.py
[2026-07-27T07:10:49.773+0000] {processor.py:914} INFO - Processing file /opt/airflow/dags/youtube_medallion_pipeline.py for tasks to queue
[2026-07-27T07:10:50.055+0000] {logging_mixin.py:190} INFO - [2026-07-27T07:10:50.031+0000] {dagbag.py:588} INFO - Filling up the DagBag from /opt/airflow/dags/youtube_medallion_pipeline.py
[2026-07-27T07:10:50.081+0000] {processor.py:925} INFO - DAG(s) 'youtube_medallion_pipeline' retrieved from /opt/airflow/dags/youtube_medallion_pipeline.py
[2026-07-27T07:10:50.229+0000] {logging_mixin.py:190} INFO - [2026-07-27T07:10:50.229+0000] {dag.py:3239} INFO - Sync 1 DAGs
[2026-07-27T07:10:50.251+0000] {logging_mixin.py:190} INFO - [2026-07-27T07:10:50.251+0000] {dag.py:4180} INFO - Setting next_dagrun for youtube_medallion_pipeline to None, run_after=None
[2026-07-27T07:10:50.343+0000] {processor.py:208} INFO - Processing /opt/airflow/dags/youtube_medallion_pipeline.py took 1.076 seconds
[2026-07-27T07:11:20.630+0000] {processor.py:186} INFO - Started process (PID=1360) to work on /opt/airflow/dags/youtube_medallion_pipeline.py
[2026-07-27T07:11:20.632+0000] {processor.py:914} INFO - Processing file /opt/airflow/dags/youtube_medallion_pipeline.py for tasks to queue
[2026-07-27T07:11:20.637+0000] {logging_mixin.py:190} INFO - [2026-07-27T07:11:20.636+0000] {dagbag.py:588} INFO - Filling up the DagBag from /opt/airflow/dags/youtube_medallion_pipeline.py
[2026-07-27T07:11:20.665+0000] {processor.py:925} INFO - DAG(s) 'youtube_medallion_pipeline' retrieved from /opt/airflow/dags/youtube_medallion_pipeline.py
[2026-07-27T07:11:20.712+0000] {logging_mixin.py:190} INFO - [2026-07-27T07:11:20.712+0000] {dag.py:3239} INFO - Sync 1 DAGs
[2026-07-27T07:11:20.742+0000] {logging_mixin.py:190} INFO - [2026-07-27T07:11:20.742+0000] {dag.py:4180} INFO - Setting next_dagrun for youtube_medallion_pipeline to None, run_after=None
[2026-07-27T07:11:20.787+0000] {processor.py:208} INFO - Processing /opt/airflow/dags/youtube_medallion_pipeline.py took 0.166 seconds
[2026-07-27T07:11:51.082+0000] {processor.py:186} INFO - Started process (PID=1365) to work on /opt/airflow/dags/youtube_medallion_pipeline.py
[2026-07-27T07:11:51.084+0000] {processor.py:914} INFO - Processing file /opt/airflow/dags/youtube_medallion_pipeline.py for tasks to queue
[2026-07-27T07:11:51.090+0000] {logging_mixin.py:190} INFO - [2026-07-27T07:11:51.089+0000] {dagbag.py:588} INFO - Filling up the DagBag from /opt/airflow/dags/youtube_medallion_pipeline.py
[2026-07-27T07:11:51.116+0000] {processor.py:925} INFO - DAG(s) 'youtube_medallion_pipeline' retrieved from /opt/airflow/dags/youtube_medallion_pipeline.py
[2026-07-27T07:11:51.168+0000] {logging_mixin.py:190} INFO - [2026-07-27T07:11:51.168+0000] {dag.py:3239} INFO - Sync 1 DAGs
[2026-07-27T07:11:51.219+0000] {logging_mixin.py:190} INFO - [2026-07-27T07:11:51.219+0000] {dag.py:4180} INFO - Setting next_dagrun for youtube_medallion_pipeline to None, run_after=None
[2026-07-27T07:11:51.258+0000] {processor.py:208} INFO - Processing /opt/airflow/dags/youtube_medallion_pipeline.py took 0.183 seconds
[2026-07-27T07:12:21.333+0000] {processor.py:186} INFO - Started process (PID=1370) to work on /opt/airflow/dags/youtube_medallion_pipeline.py
[2026-07-27T07:12:21.335+0000] {processor.py:914} INFO - Processing file /opt/airflow/dags/youtube_medallion_pipeline.py for tasks to queue
[2026-07-27T07:12:21.341+0000] {logging_mixin.py:190} INFO - [2026-07-27T07:12:21.340+0000] {dagbag.py:588} INFO - Filling up the DagBag from /opt/airflow/dags/youtube_medallion_pipeline.py
[2026-07-27T07:12:21.367+0000] {processor.py:925} INFO - DAG(s) 'youtube_medallion_pipeline' retrieved from /opt/airflow/dags/youtube_medallion_pipeline.py
[2026-07-27T07:12:21.415+0000] {logging_mixin.py:190} INFO - [2026-07-27T07:12:21.415+0000] {dag.py:3239} INFO - Sync 1 DAGs
[2026-07-27T07:12:21.438+0000] {logging_mixin.py:190} INFO - [2026-07-27T07:12:21.437+0000] {dag.py:4180} INFO - Setting next_dagrun for youtube_medallion_pipeline to None, run_after=None
[2026-07-27T07:12:21.480+0000] {processor.py:208} INFO - Processing /opt/airflow/dags/youtube_medallion_pipeline.py took 0.157 seconds
[2026-07-27T07:12:53.173+0000] {processor.py:186} INFO - Started process (PID=1375) to work on /opt/airflow/dags/youtube_medallion_pipeline.py
[2026-07-27T07:12:53.176+0000] {processor.py:914} INFO - Processing file /opt/airflow/dags/youtube_medallion_pipeline.py for tasks to queue
[2026-07-27T07:12:53.182+0000] {logging_mixin.py:190} INFO - [2026-07-27T07:12:53.181+0000] {dagbag.py:588} INFO - Filling up the DagBag from /opt/airflow/dags/youtube_medallion_pipeline.py
[2026-07-27T07:12:53.408+0000] {processor.py:925} INFO - DAG(s) 'youtube_medallion_pipeline' retrieved from /opt/airflow/dags/youtube_medallion_pipeline.py
[2026-07-27T07:12:55.451+0000] {logging_mixin.py:190} INFO - [2026-07-27T07:12:55.451+0000] {dag.py:3239} INFO - Sync 1 DAGs
[2026-07-27T07:12:56.479+0000] {logging_mixin.py:190} INFO - [2026-07-27T07:12:56.479+0000] {dag.py:4180} INFO - Setting next_dagrun for youtube_medallion_pipeline to None, run_after=None
[2026-07-27T07:12:57.994+0000] {processor.py:208} INFO - Processing /opt/airflow/dags/youtube_medallion_pipeline.py took 4.830 seconds
[2026-07-27T07:13:28.100+0000] {processor.py:186} INFO - Started process (PID=1380) to work on /opt/airflow/dags/youtube_medallion_pipeline.py
[2026-07-27T07:13:28.102+0000] {processor.py:914} INFO - Processing file /opt/airflow/dags/youtube_medallion_pipeline.py for tasks to queue
[2026-07-27T07:13:28.106+0000] {logging_mixin.py:190} INFO - [2026-07-27T07:13:28.105+0000] {dagbag.py:588} INFO - Filling up the DagBag from /opt/airflow/dags/youtube_medallion_pipeline.py
[2026-07-27T07:13:28.169+0000] {processor.py:925} INFO - DAG(s) 'youtube_medallion_pipeline' retrieved from /opt/airflow/dags/youtube_medallion_pipeline.py
[2026-07-27T07:13:28.299+0000] {logging_mixin.py:190} INFO - [2026-07-27T07:13:28.299+0000] {dag.py:3239} INFO - Sync 1 DAGs
[2026-07-27T07:13:28.320+0000] {logging_mixin.py:190} INFO - [2026-07-27T07:13:28.320+0000] {dag.py:4180} INFO - Setting next_dagrun for youtube_medallion_pipeline to None, run_after=None
[2026-07-27T07:13:28.353+0000] {processor.py:208} INFO - Processing /opt/airflow/dags/youtube_medallion_pipeline.py took 0.260 seconds
[2026-07-27T07:13:58.651+0000] {processor.py:186} INFO - Started process (PID=1385) to work on /opt/airflow/dags/youtube_medallion_pipeline.py
[2026-07-27T07:13:58.653+0000] {processor.py:914} INFO - Processing file /opt/airflow/dags/youtube_medallion_pipeline.py for tasks to queue
[2026-07-27T07:13:58.657+0000] {logging_mixin.py:190} INFO - [2026-07-27T07:13:58.656+0000] {dagbag.py:588} INFO - Filling up the DagBag from /opt/airflow/dags/youtube_medallion_pipeline.py
[2026-07-27T07:13:58.683+0000] {processor.py:925} INFO - DAG(s) 'youtube_medallion_pipeline' retrieved from /opt/airflow/dags/youtube_medallion_pipeline.py
[2026-07-27T07:13:58.728+0000] {logging_mixin.py:190} INFO - [2026-07-27T07:13:58.727+0000] {dag.py:3239} INFO - Sync 1 DAGs
[2026-07-27T07:13:58.752+0000] {logging_mixin.py:190} INFO - [2026-07-27T07:13:58.752+0000] {dag.py:4180} INFO - Setting next_dagrun for youtube_medallion_pipeline to None, run_after=None
[2026-07-27T07:13:58.809+0000] {processor.py:208} INFO - Processing /opt/airflow/dags/youtube_medallion_pipeline.py took 0.165 seconds
[2026-07-27T07:14:28.924+0000] {processor.py:186} INFO - Started process (PID=1390) to work on /opt/airflow/dags/youtube_medallion_pipeline.py
[2026-07-27T07:14:28.926+0000] {processor.py:914} INFO - Processing file /opt/airflow/dags/youtube_medallion_pipeline.py for tasks to queue
[2026-07-27T07:14:28.931+0000] {logging_mixin.py:190} INFO - [2026-07-27T07:14:28.929+0000] {dagbag.py:588} INFO - Filling up the DagBag from /opt/airflow/dags/youtube_medallion_pipeline.py
[2026-07-27T07:14:28.959+0000] {processor.py:925} INFO - DAG(s) 'youtube_medallion_pipeline' retrieved from /opt/airflow/dags/youtube_medallion_pipeline.py
[2026-07-27T07:14:29.016+0000] {logging_mixin.py:190} INFO - [2026-07-27T07:14:29.015+0000] {dag.py:3239} INFO - Sync 1 DAGs
[2026-07-27T07:14:29.039+0000] {logging_mixin.py:190} INFO - [2026-07-27T07:14:29.038+0000] {dag.py:4180} INFO - Setting next_dagrun for youtube_medallion_pipeline to None, run_after=None
[2026-07-27T07:14:29.072+0000] {processor.py:208} INFO - Processing /opt/airflow/dags/youtube_medallion_pipeline.py took 0.155 seconds
[2026-07-27T07:14:59.365+0000] {processor.py:186} INFO - Started process (PID=1395) to work on /opt/airflow/dags/youtube_medallion_pipeline.py
[2026-07-27T07:14:59.367+0000] {processor.py:914} INFO - Processing file /opt/airflow/dags/youtube_medallion_pipeline.py for tasks to queue
[2026-07-27T07:14:59.372+0000] {logging_mixin.py:190} INFO - [2026-07-27T07:14:59.371+0000] {dagbag.py:588} INFO - Filling up the DagBag from /opt/airflow/dags/youtube_medallion_pipeline.py
[2026-07-27T07:14:59.397+0000] {processor.py:925} INFO - DAG(s) 'youtube_medallion_pipeline' retrieved from /opt/airflow/dags/youtube_medallion_pipeline.py
[2026-07-27T07:14:59.446+0000] {logging_mixin.py:190} INFO - [2026-07-27T07:14:59.446+0000] {dag.py:3239} INFO - Sync 1 DAGs
[2026-07-27T07:14:59.470+0000] {logging_mixin.py:190} INFO - [2026-07-27T07:14:59.470+0000] {dag.py:4180} INFO - Setting next_dagrun for youtube_medallion_pipeline to None, run_after=None
[2026-07-27T07:14:59.507+0000] {processor.py:208} INFO - Processing /opt/airflow/dags/youtube_medallion_pipeline.py took 0.151 seconds
[2026-07-27T07:15:29.628+0000] {processor.py:186} INFO - Started process (PID=1400) to work on /opt/airflow/dags/youtube_medallion_pipeline.py
[2026-07-27T07:15:29.630+0000] {processor.py:914} INFO - Processing file /opt/airflow/dags/youtube_medallion_pipeline.py for tasks to queue
[2026-07-27T07:15:29.638+0000] {logging_mixin.py:190} INFO - [2026-07-27T07:15:29.637+0000] {dagbag.py:588} INFO - Filling up the DagBag from /opt/airflow/dags/youtube_medallion_pipeline.py
[2026-07-27T07:15:29.669+0000] {processor.py:925} INFO - DAG(s) 'youtube_medallion_pipeline' retrieved from /opt/airflow/dags/youtube_medallion_pipeline.py
[2026-07-27T07:15:29.720+0000] {logging_mixin.py:190} INFO - [2026-07-27T07:15:29.719+0000] {dag.py:3239} INFO - Sync 1 DAGs
[2026-07-27T07:15:29.756+0000] {logging_mixin.py:190} INFO - [2026-07-27T07:15:29.756+0000] {dag.py:4180} INFO - Setting next_dagrun for youtube_medallion_pipeline to None, run_after=None
[2026-07-27T07:15:29.794+0000] {processor.py:208} INFO - Processing /opt/airflow/dags/youtube_medallion_pipeline.py took 0.175 seconds
[2026-07-27T07:16:00.071+0000] {processor.py:186} INFO - Started process (PID=1405) to work on /opt/airflow/dags/youtube_medallion_pipeline.py
[2026-07-27T07:16:00.077+0000] {processor.py:914} INFO - Processing file /opt/airflow/dags/youtube_medallion_pipeline.py for tasks to queue
[2026-07-27T07:16:00.090+0000] {logging_mixin.py:190} INFO - [2026-07-27T07:16:00.089+0000] {dagbag.py:588} INFO - Filling up the DagBag from /opt/airflow/dags/youtube_medallion_pipeline.py
[2026-07-27T07:16:00.126+0000] {processor.py:925} INFO - DAG(s) 'youtube_medallion_pipeline' retrieved from /opt/airflow/dags/youtube_medallion_pipeline.py
[2026-07-27T07:16:00.186+0000] {logging_mixin.py:190} INFO - [2026-07-27T07:16:00.185+0000] {dag.py:3239} INFO - Sync 1 DAGs
[2026-07-27T07:16:00.216+0000] {logging_mixin.py:190} INFO - [2026-07-27T07:16:00.216+0000] {dag.py:4180} INFO - Setting next_dagrun for youtube_medallion_pipeline to None, run_after=None
[2026-07-27T07:16:00.250+0000] {processor.py:208} INFO - Processing /opt/airflow/dags/youtube_medallion_pipeline.py took 0.199 seconds
[2026-07-27T07:16:30.515+0000] {processor.py:186} INFO - Started process (PID=1410) to work on /opt/airflow/dags/youtube_medallion_pipeline.py
[2026-07-27T07:16:30.524+0000] {processor.py:914} INFO - Processing file /opt/airflow/dags/youtube_medallion_pipeline.py for tasks to queue
[2026-07-27T07:16:30.548+0000] {logging_mixin.py:190} INFO - [2026-07-27T07:16:30.545+0000] {dagbag.py:588} INFO - Filling up the DagBag from /opt/airflow/dags/youtube_medallion_pipeline.py
[2026-07-27T07:16:30.656+0000] {processor.py:925} INFO - DAG(s) 'youtube_medallion_pipeline' retrieved from /opt/airflow/dags/youtube_medallion_pipeline.py
[2026-07-27T07:16:30.855+0000] {logging_mixin.py:190} INFO - [2026-07-27T07:16:30.854+0000] {dag.py:3239} INFO - Sync 1 DAGs
[2026-07-27T07:16:30.949+0000] {logging_mixin.py:190} INFO - [2026-07-27T07:16:30.948+0000] {dag.py:4180} INFO - Setting next_dagrun for youtube_medallion_pipeline to None, run_after=None
[2026-07-27T07:16:31.025+0000] {processor.py:208} INFO - Processing /opt/airflow/dags/youtube_medallion_pipeline.py took 0.579 seconds
[2026-07-27T07:17:01.383+0000] {processor.py:186} INFO - Started process (PID=1415) to work on /opt/airflow/dags/youtube_medallion_pipeline.py
[2026-07-27T07:17:01.385+0000] {processor.py:914} INFO - Processing file /opt/airflow/dags/youtube_medallion_pipeline.py for tasks to queue
[2026-07-27T07:17:01.390+0000] {logging_mixin.py:190} INFO - [2026-07-27T07:17:01.389+0000] {dagbag.py:588} INFO - Filling up the DagBag from /opt/airflow/dags/youtube_medallion_pipeline.py
[2026-07-27T07:17:01.419+0000] {processor.py:925} INFO - DAG(s) 'youtube_medallion_pipeline' retrieved from /opt/airflow/dags/youtube_medallion_pipeline.py
[2026-07-27T07:17:01.472+0000] {logging_mixin.py:190} INFO - [2026-07-27T07:17:01.472+0000] {dag.py:3239} INFO - Sync 1 DAGs
[2026-07-27T07:17:01.511+0000] {logging_mixin.py:190} INFO - [2026-07-27T07:17:01.510+0000] {dag.py:4180} INFO - Setting next_dagrun for youtube_medallion_pipeline to None, run_after=None
[2026-07-27T07:17:01.568+0000] {processor.py:208} INFO - Processing /opt/airflow/dags/youtube_medallion_pipeline.py took 0.194 seconds
[2026-07-27T07:17:31.675+0000] {processor.py:186} INFO - Started process (PID=1420) to work on /opt/airflow/dags/youtube_medallion_pipeline.py
[2026-07-27T07:17:31.678+0000] {processor.py:914} INFO - Processing file /opt/airflow/dags/youtube_medallion_pipeline.py for tasks to queue
[2026-07-27T07:17:31.685+0000] {logging_mixin.py:190} INFO - [2026-07-27T07:17:31.684+0000] {dagbag.py:588} INFO - Filling up the DagBag from /opt/airflow/dags/youtube_medallion_pipeline.py
[2026-07-27T07:17:31.728+0000] {processor.py:925} INFO - DAG(s) 'youtube_medallion_pipeline' retrieved from /opt/airflow/dags/youtube_medallion_pipeline.py
[2026-07-27T07:17:31.831+0000] {logging_mixin.py:190} INFO - [2026-07-27T07:17:31.830+0000] {dag.py:3239} INFO - Sync 1 DAGs
[2026-07-27T07:17:31.874+0000] {logging_mixin.py:190} INFO - [2026-07-27T07:17:31.874+0000] {dag.py:4180} INFO - Setting next_dagrun for youtube_medallion_pipeline to None, run_after=None
[2026-07-27T07:17:31.912+0000] {processor.py:208} INFO - Processing /opt/airflow/dags/youtube_medallion_pipeline.py took 0.249 seconds
[2026-07-27T07:18:02.220+0000] {processor.py:186} INFO - Started process (PID=1425) to work on /opt/airflow/dags/youtube_medallion_pipeline.py
[2026-07-27T07:18:02.226+0000] {processor.py:914} INFO - Processing file /opt/airflow/dags/youtube_medallion_pipeline.py for tasks to queue
[2026-07-27T07:18:02.242+0000] {logging_mixin.py:190} INFO - [2026-07-27T07:18:02.241+0000] {dagbag.py:588} INFO - Filling up the DagBag from /opt/airflow/dags/youtube_medallion_pipeline.py
[2026-07-27T07:18:02.311+0000] {processor.py:925} INFO - DAG(s) 'youtube_medallion_pipeline' retrieved from /opt/airflow/dags/youtube_medallion_pipeline.py
[2026-07-27T07:18:02.410+0000] {logging_mixin.py:190} INFO - [2026-07-27T07:18:02.410+0000] {dag.py:3239} INFO - Sync 1 DAGs
[2026-07-27T07:18:02.461+0000] {logging_mixin.py:190} INFO - [2026-07-27T07:18:02.461+0000] {dag.py:4180} INFO - Setting next_dagrun for youtube_medallion_pipeline to None, run_after=None
[2026-07-27T07:18:02.516+0000] {processor.py:208} INFO - Processing /opt/airflow/dags/youtube_medallion_pipeline.py took 0.321 seconds
[2026-07-27T07:18:32.846+0000] {processor.py:186} INFO - Started process (PID=1430) to work on /opt/airflow/dags/youtube_medallion_pipeline.py
[2026-07-27T07:18:32.849+0000] {processor.py:914} INFO - Processing file /opt/airflow/dags/youtube_medallion_pipeline.py for tasks to queue
[2026-07-27T07:18:32.857+0000] {logging_mixin.py:190} INFO - [2026-07-27T07:18:32.857+0000] {dagbag.py:588} INFO - Filling up the DagBag from /opt/airflow/dags/youtube_medallion_pipeline.py
[2026-07-27T07:18:32.895+0000] {processor.py:925} INFO - DAG(s) 'youtube_medallion_pipeline' retrieved from /opt/airflow/dags/youtube_medallion_pipeline.py
[2026-07-27T07:18:32.959+0000] {logging_mixin.py:190} INFO - [2026-07-27T07:18:32.959+0000] {dag.py:3239} INFO - Sync 1 DAGs
[2026-07-27T07:18:32.985+0000] {logging_mixin.py:190} INFO - [2026-07-27T07:18:32.984+0000] {dag.py:4180} INFO - Setting next_dagrun for youtube_medallion_pipeline to None, run_after=None
[2026-07-27T07:18:33.019+0000] {processor.py:208} INFO - Processing /opt/airflow/dags/youtube_medallion_pipeline.py took 0.184 seconds
[2026-07-27T07:19:03.089+0000] {processor.py:186} INFO - Started process (PID=1435) to work on /opt/airflow/dags/youtube_medallion_pipeline.py
[2026-07-27T07:19:03.091+0000] {processor.py:914} INFO - Processing file /opt/airflow/dags/youtube_medallion_pipeline.py for tasks to queue
[2026-07-27T07:19:03.096+0000] {logging_mixin.py:190} INFO - [2026-07-27T07:19:03.095+0000] {dagbag.py:588} INFO - Filling up the DagBag from /opt/airflow/dags/youtube_medallion_pipeline.py
[2026-07-27T07:19:03.116+0000] {processor.py:925} INFO - DAG(s) 'youtube_medallion_pipeline' retrieved from /opt/airflow/dags/youtube_medallion_pipeline.py
[2026-07-27T07:19:03.161+0000] {logging_mixin.py:190} INFO - [2026-07-27T07:19:03.160+0000] {dag.py:3239} INFO - Sync 1 DAGs
[2026-07-27T07:19:03.187+0000] {logging_mixin.py:190} INFO - [2026-07-27T07:19:03.187+0000] {dag.py:4180} INFO - Setting next_dagrun for youtube_medallion_pipeline to None, run_after=None
[2026-07-27T07:19:03.216+0000] {processor.py:208} INFO - Processing /opt/airflow/dags/youtube_medallion_pipeline.py took 0.135 seconds
[2026-07-27T07:19:33.336+0000] {processor.py:186} INFO - Started process (PID=1440) to work on /opt/airflow/dags/youtube_medallion_pipeline.py
[2026-07-27T07:19:33.339+0000] {processor.py:914} INFO - Processing file /opt/airflow/dags/youtube_medallion_pipeline.py for tasks to queue
[2026-07-27T07:19:33.344+0000] {logging_mixin.py:190} INFO - [2026-07-27T07:19:33.344+0000] {dagbag.py:588} INFO - Filling up the DagBag from /opt/airflow/dags/youtube_medallion_pipeline.py
[2026-07-27T07:19:33.366+0000] {processor.py:925} INFO - DAG(s) 'youtube_medallion_pipeline' retrieved from /opt/airflow/dags/youtube_medallion_pipeline.py
[2026-07-27T07:19:33.445+0000] {logging_mixin.py:190} INFO - [2026-07-27T07:19:33.445+0000] {dag.py:3239} INFO - Sync 1 DAGs
[2026-07-27T07:19:33.499+0000] {logging_mixin.py:190} INFO - [2026-07-27T07:19:33.499+0000] {dag.py:4180} INFO - Setting next_dagrun for youtube_medallion_pipeline to None, run_after=None
[2026-07-27T07:19:33.550+0000] {processor.py:208} INFO - Processing /opt/airflow/dags/youtube_medallion_pipeline.py took 0.222 seconds
[2026-07-27T07:20:03.751+0000] {processor.py:186} INFO - Started process (PID=1445) to work on /opt/airflow/dags/youtube_medallion_pipeline.py
[2026-07-27T07:20:03.754+0000] {processor.py:914} INFO - Processing file /opt/airflow/dags/youtube_medallion_pipeline.py for tasks to queue
[2026-07-27T07:20:03.762+0000] {logging_mixin.py:190} INFO - [2026-07-27T07:20:03.761+0000] {dagbag.py:588} INFO - Filling up the DagBag from /opt/airflow/dags/youtube_medallion_pipeline.py
[2026-07-27T07:20:03.814+0000] {processor.py:925} INFO - DAG(s) 'youtube_medallion_pipeline' retrieved from /opt/airflow/dags/youtube_medallion_pipeline.py
[2026-07-27T07:20:03.896+0000] {logging_mixin.py:190} INFO - [2026-07-27T07:20:03.896+0000] {dag.py:3239} INFO - Sync 1 DAGs
[2026-07-27T07:20:03.939+0000] {logging_mixin.py:190} INFO - [2026-07-27T07:20:03.939+0000] {dag.py:4180} INFO - Setting next_dagrun for youtube_medallion_pipeline to None, run_after=None
[2026-07-27T07:20:03.995+0000] {processor.py:208} INFO - Processing /opt/airflow/dags/youtube_medallion_pipeline.py took 0.263 seconds
[2026-07-27T07:20:34.089+0000] {processor.py:186} INFO - Started process (PID=1450) to work on /opt/airflow/dags/youtube_medallion_pipeline.py
[2026-07-27T07:20:34.091+0000] {processor.py:914} INFO - Processing file /opt/airflow/dags/youtube_medallion_pipeline.py for tasks to queue
[2026-07-27T07:20:34.096+0000] {logging_mixin.py:190} INFO - [2026-07-27T07:20:34.095+0000] {dagbag.py:588} INFO - Filling up the DagBag from /opt/airflow/dags/youtube_medallion_pipeline.py
[2026-07-27T07:20:34.123+0000] {processor.py:925} INFO - DAG(s) 'youtube_medallion_pipeline' retrieved from /opt/airflow/dags/youtube_medallion_pipeline.py
[2026-07-27T07:20:34.172+0000] {logging_mixin.py:190} INFO - [2026-07-27T07:20:34.171+0000] {dag.py:3239} INFO - Sync 1 DAGs
[2026-07-27T07:20:34.195+0000] {logging_mixin.py:190} INFO - [2026-07-27T07:20:34.195+0000] {dag.py:4180} INFO - Setting next_dagrun for youtube_medallion_pipeline to None, run_after=None
[2026-07-27T07:20:34.228+0000] {processor.py:208} INFO - Processing /opt/airflow/dags/youtube_medallion_pipeline.py took 0.148 seconds
[2026-07-27T07:21:04.533+0000] {processor.py:186} INFO - Started process (PID=1455) to work on /opt/airflow/dags/youtube_medallion_pipeline.py
[2026-07-27T07:21:04.535+0000] {processor.py:914} INFO - Processing file /opt/airflow/dags/youtube_medallion_pipeline.py for tasks to queue
[2026-07-27T07:21:04.539+0000] {logging_mixin.py:190} INFO - [2026-07-27T07:21:04.539+0000] {dagbag.py:588} INFO - Filling up the DagBag from /opt/airflow/dags/youtube_medallion_pipeline.py
[2026-07-27T07:21:04.564+0000] {processor.py:925} INFO - DAG(s) 'youtube_medallion_pipeline' retrieved from /opt/airflow/dags/youtube_medallion_pipeline.py
[2026-07-27T07:21:04.607+0000] {logging_mixin.py:190} INFO - [2026-07-27T07:21:04.606+0000] {dag.py:3239} INFO - Sync 1 DAGs
[2026-07-27T07:21:04.629+0000] {logging_mixin.py:190} INFO - [2026-07-27T07:21:04.628+0000] {dag.py:4180} INFO - Setting next_dagrun for youtube_medallion_pipeline to None, run_after=None
[2026-07-27T07:21:04.658+0000] {processor.py:208} INFO - Processing /opt/airflow/dags/youtube_medallion_pipeline.py took 0.134 seconds
[2026-07-27T08:20:19.497+0000] {processor.py:186} INFO - Started process (PID=1460) to work on /opt/airflow/dags/youtube_medallion_pipeline.py
[2026-07-27T08:20:19.517+0000] {processor.py:914} INFO - Processing file /opt/airflow/dags/youtube_medallion_pipeline.py for tasks to queue
[2026-07-27T08:20:19.694+0000] {logging_mixin.py:190} INFO - [2026-07-27T08:20:19.672+0000] {dagbag.py:588} INFO - Filling up the DagBag from /opt/airflow/dags/youtube_medallion_pipeline.py
[2026-07-27T08:20:20.454+0000] {processor.py:925} INFO - DAG(s) 'youtube_medallion_pipeline' retrieved from /opt/airflow/dags/youtube_medallion_pipeline.py
[2026-07-27T08:20:21.607+0000] {logging_mixin.py:190} INFO - [2026-07-27T08:20:21.605+0000] {dag.py:3239} INFO - Sync 1 DAGs
[2026-07-27T08:20:21.931+0000] {logging_mixin.py:190} INFO - [2026-07-27T08:20:21.930+0000] {dag.py:4180} INFO - Setting next_dagrun for youtube_medallion_pipeline to None, run_after=None
[2026-07-27T08:20:22.100+0000] {processor.py:208} INFO - Processing /opt/airflow/dags/youtube_medallion_pipeline.py took 3.071 seconds
[2026-07-27T08:20:54.735+0000] {processor.py:186} INFO - Started process (PID=1466) to work on /opt/airflow/dags/youtube_medallion_pipeline.py
[2026-07-27T08:20:54.745+0000] {processor.py:914} INFO - Processing file /opt/airflow/dags/youtube_medallion_pipeline.py for tasks to queue
[2026-07-27T08:20:54.803+0000] {logging_mixin.py:190} INFO - [2026-07-27T08:20:54.793+0000] {dagbag.py:588} INFO - Filling up the DagBag from /opt/airflow/dags/youtube_medallion_pipeline.py
[2026-07-27T08:20:55.070+0000] {processor.py:925} INFO - DAG(s) 'youtube_medallion_pipeline' retrieved from /opt/airflow/dags/youtube_medallion_pipeline.py
[2026-07-27T08:20:55.491+0000] {logging_mixin.py:190} INFO - [2026-07-27T08:20:55.490+0000] {dag.py:3239} INFO - Sync 1 DAGs
[2026-07-27T08:20:55.727+0000] {logging_mixin.py:190} INFO - [2026-07-27T08:20:55.727+0000] {dag.py:4180} INFO - Setting next_dagrun for youtube_medallion_pipeline to None, run_after=None
[2026-07-27T08:20:55.888+0000] {processor.py:208} INFO - Processing /opt/airflow/dags/youtube_medallion_pipeline.py took 1.285 seconds
[2026-07-27T08:21:21.545+0000] {processor.py:186} INFO - Started process (PID=1474) to work on /opt/airflow/dags/youtube_medallion_pipeline.py
[2026-07-27T08:21:21.549+0000] {processor.py:914} INFO - Processing file /opt/airflow/dags/youtube_medallion_pipeline.py for tasks to queue
[2026-07-27T08:21:21.561+0000] {logging_mixin.py:190} INFO - [2026-07-27T08:21:21.559+0000] {dagbag.py:588} INFO - Filling up the DagBag from /opt/airflow/dags/youtube_medallion_pipeline.py
[2026-07-27T08:21:21.687+0000] {processor.py:925} INFO - DAG(s) 'youtube_medallion_pipeline' retrieved from /opt/airflow/dags/youtube_medallion_pipeline.py
[2026-07-27T08:21:21.877+0000] {logging_mixin.py:190} INFO - [2026-07-27T08:21:21.876+0000] {dag.py:3239} INFO - Sync 1 DAGs
[2026-07-27T08:21:21.957+0000] {logging_mixin.py:190} INFO - [2026-07-27T08:21:21.957+0000] {dag.py:4180} INFO - Setting next_dagrun for youtube_medallion_pipeline to None, run_after=None
[2026-07-27T08:21:22.060+0000] {processor.py:208} INFO - Processing /opt/airflow/dags/youtube_medallion_pipeline.py took 0.554 seconds
[2026-07-27T08:21:52.598+0000] {processor.py:186} INFO - Started process (PID=1479) to work on /opt/airflow/dags/youtube_medallion_pipeline.py
[2026-07-27T08:21:52.600+0000] {processor.py:914} INFO - Processing file /opt/airflow/dags/youtube_medallion_pipeline.py for tasks to queue
[2026-07-27T08:21:52.605+0000] {logging_mixin.py:190} INFO - [2026-07-27T08:21:52.604+0000] {dagbag.py:588} INFO - Filling up the DagBag from /opt/airflow/dags/youtube_medallion_pipeline.py
[2026-07-27T08:21:52.763+0000] {processor.py:925} INFO - DAG(s) 'youtube_medallion_pipeline' retrieved from /opt/airflow/dags/youtube_medallion_pipeline.py
[2026-07-27T08:21:53.090+0000] {logging_mixin.py:190} INFO - [2026-07-27T08:21:53.090+0000] {dag.py:3239} INFO - Sync 1 DAGs
[2026-07-27T08:21:53.218+0000] {logging_mixin.py:190} INFO - [2026-07-27T08:21:53.218+0000] {dag.py:4180} INFO - Setting next_dagrun for youtube_medallion_pipeline to None, run_after=None
[2026-07-27T08:21:53.255+0000] {processor.py:208} INFO - Processing /opt/airflow/dags/youtube_medallion_pipeline.py took 0.666 seconds
[2026-07-27T08:22:23.444+0000] {processor.py:186} INFO - Started process (PID=1484) to work on /opt/airflow/dags/youtube_medallion_pipeline.py
[2026-07-27T08:22:23.447+0000] {processor.py:914} INFO - Processing file /opt/airflow/dags/youtube_medallion_pipeline.py for tasks to queue
[2026-07-27T08:22:23.455+0000] {logging_mixin.py:190} INFO - [2026-07-27T08:22:23.454+0000] {dagbag.py:588} INFO - Filling up the DagBag from /opt/airflow/dags/youtube_medallion_pipeline.py
[2026-07-27T08:22:23.492+0000] {processor.py:925} INFO - DAG(s) 'youtube_medallion_pipeline' retrieved from /opt/airflow/dags/youtube_medallion_pipeline.py
[2026-07-27T08:22:23.543+0000] {logging_mixin.py:190} INFO - [2026-07-27T08:22:23.543+0000] {dag.py:3239} INFO - Sync 1 DAGs
[2026-07-27T08:22:23.568+0000] {logging_mixin.py:190} INFO - [2026-07-27T08:22:23.568+0000] {dag.py:4180} INFO - Setting next_dagrun for youtube_medallion_pipeline to None, run_after=None
[2026-07-27T08:22:23.603+0000] {processor.py:208} INFO - Processing /opt/airflow/dags/youtube_medallion_pipeline.py took 0.168 seconds
[2026-07-27T08:22:53.700+0000] {processor.py:186} INFO - Started process (PID=1489) to work on /opt/airflow/dags/youtube_medallion_pipeline.py
[2026-07-27T08:22:53.702+0000] {processor.py:914} INFO - Processing file /opt/airflow/dags/youtube_medallion_pipeline.py for tasks to queue
[2026-07-27T08:22:53.720+0000] {logging_mixin.py:190} INFO - [2026-07-27T08:22:53.716+0000] {dagbag.py:588} INFO - Filling up the DagBag from /opt/airflow/dags/youtube_medallion_pipeline.py
[2026-07-27T08:22:53.854+0000] {processor.py:925} INFO - DAG(s) 'youtube_medallion_pipeline' retrieved from /opt/airflow/dags/youtube_medallion_pipeline.py
[2026-07-27T08:22:53.909+0000] {logging_mixin.py:190} INFO - [2026-07-27T08:22:53.908+0000] {dag.py:3239} INFO - Sync 1 DAGs
[2026-07-27T08:22:53.931+0000] {logging_mixin.py:190} INFO - [2026-07-27T08:22:53.931+0000] {dag.py:4180} INFO - Setting next_dagrun for youtube_medallion_pipeline to None, run_after=None
[2026-07-27T08:22:53.961+0000] {processor.py:208} INFO - Processing /opt/airflow/dags/youtube_medallion_pipeline.py took 0.270 seconds
[2026-07-27T08:23:24.194+0000] {processor.py:186} INFO - Started process (PID=1494) to work on /opt/airflow/dags/youtube_medallion_pipeline.py
[2026-07-27T08:23:24.209+0000] {processor.py:914} INFO - Processing file /opt/airflow/dags/youtube_medallion_pipeline.py for tasks to queue
[2026-07-27T08:23:24.228+0000] {logging_mixin.py:190} INFO - [2026-07-27T08:23:24.227+0000] {dagbag.py:588} INFO - Filling up the DagBag from /opt/airflow/dags/youtube_medallion_pipeline.py
[2026-07-27T08:23:24.332+0000] {processor.py:925} INFO - DAG(s) 'youtube_medallion_pipeline' retrieved from /opt/airflow/dags/youtube_medallion_pipeline.py
[2026-07-27T08:23:24.454+0000] {logging_mixin.py:190} INFO - [2026-07-27T08:23:24.453+0000] {dag.py:3239} INFO - Sync 1 DAGs
[2026-07-27T08:23:24.474+0000] {logging_mixin.py:190} INFO - [2026-07-27T08:23:24.474+0000] {dag.py:4180} INFO - Setting next_dagrun for youtube_medallion_pipeline to None, run_after=None
[2026-07-27T08:23:24.504+0000] {processor.py:208} INFO - Processing /opt/airflow/dags/youtube_medallion_pipeline.py took 0.365 seconds
[2026-07-27T08:23:54.737+0000] {processor.py:186} INFO - Started process (PID=1499) to work on /opt/airflow/dags/youtube_medallion_pipeline.py
[2026-07-27T08:23:54.741+0000] {processor.py:914} INFO - Processing file /opt/airflow/dags/youtube_medallion_pipeline.py for tasks to queue
[2026-07-27T08:23:54.750+0000] {logging_mixin.py:190} INFO - [2026-07-27T08:23:54.749+0000] {dagbag.py:588} INFO - Filling up the DagBag from /opt/airflow/dags/youtube_medallion_pipeline.py
[2026-07-27T08:23:54.803+0000] {processor.py:925} INFO - DAG(s) 'youtube_medallion_pipeline' retrieved from /opt/airflow/dags/youtube_medallion_pipeline.py
[2026-07-27T08:23:54.989+0000] {logging_mixin.py:190} INFO - [2026-07-27T08:23:54.988+0000] {dag.py:3239} INFO - Sync 1 DAGs
[2026-07-27T08:23:55.137+0000] {logging_mixin.py:190} INFO - [2026-07-27T08:23:55.137+0000] {dag.py:4180} INFO - Setting next_dagrun for youtube_medallion_pipeline to None, run_after=None
[2026-07-27T08:23:55.260+0000] {processor.py:208} INFO - Processing /opt/airflow/dags/youtube_medallion_pipeline.py took 0.536 seconds
[2026-07-27T08:24:25.727+0000] {processor.py:186} INFO - Started process (PID=1504) to work on /opt/airflow/dags/youtube_medallion_pipeline.py
[2026-07-27T08:24:25.739+0000] {processor.py:914} INFO - Processing file /opt/airflow/dags/youtube_medallion_pipeline.py for tasks to queue
[2026-07-27T08:24:25.769+0000] {logging_mixin.py:190} INFO - [2026-07-27T08:24:25.766+0000] {dagbag.py:588} INFO - Filling up the DagBag from /opt/airflow/dags/youtube_medallion_pipeline.py
[2026-07-27T08:24:25.910+0000] {processor.py:925} INFO - DAG(s) 'youtube_medallion_pipeline' retrieved from /opt/airflow/dags/youtube_medallion_pipeline.py
[2026-07-27T08:24:26.176+0000] {logging_mixin.py:190} INFO - [2026-07-27T08:24:26.176+0000] {dag.py:3239} INFO - Sync 1 DAGs
[2026-07-27T08:24:26.297+0000] {logging_mixin.py:190} INFO - [2026-07-27T08:24:26.297+0000] {dag.py:4180} INFO - Setting next_dagrun for youtube_medallion_pipeline to None, run_after=None
[2026-07-27T08:24:26.402+0000] {processor.py:208} INFO - Processing /opt/airflow/dags/youtube_medallion_pipeline.py took 0.749 seconds
[2026-07-27T08:24:56.721+0000] {processor.py:186} INFO - Started process (PID=1509) to work on /opt/airflow/dags/youtube_medallion_pipeline.py
[2026-07-27T08:24:56.725+0000] {processor.py:914} INFO - Processing file /opt/airflow/dags/youtube_medallion_pipeline.py for tasks to queue
[2026-07-27T08:24:56.730+0000] {logging_mixin.py:190} INFO - [2026-07-27T08:24:56.730+0000] {dagbag.py:588} INFO - Filling up the DagBag from /opt/airflow/dags/youtube_medallion_pipeline.py
[2026-07-27T08:24:56.771+0000] {processor.py:925} INFO - DAG(s) 'youtube_medallion_pipeline' retrieved from /opt/airflow/dags/youtube_medallion_pipeline.py
[2026-07-27T08:24:56.829+0000] {logging_mixin.py:190} INFO - [2026-07-27T08:24:56.829+0000] {dag.py:3239} INFO - Sync 1 DAGs
[2026-07-27T08:24:56.857+0000] {logging_mixin.py:190} INFO - [2026-07-27T08:24:56.856+0000] {dag.py:4180} INFO - Setting next_dagrun for youtube_medallion_pipeline to None, run_after=None
[2026-07-27T08:24:56.895+0000] {processor.py:208} INFO - Processing /opt/airflow/dags/youtube_medallion_pipeline.py took 0.188 seconds
[2026-07-27T08:25:27.164+0000] {processor.py:186} INFO - Started process (PID=1514) to work on /opt/airflow/dags/youtube_medallion_pipeline.py
[2026-07-27T08:25:27.167+0000] {processor.py:914} INFO - Processing file /opt/airflow/dags/youtube_medallion_pipeline.py for tasks to queue
[2026-07-27T08:25:27.179+0000] {logging_mixin.py:190} INFO - [2026-07-27T08:25:27.178+0000] {dagbag.py:588} INFO - Filling up the DagBag from /opt/airflow/dags/youtube_medallion_pipeline.py
[2026-07-27T08:25:27.434+0000] {processor.py:925} INFO - DAG(s) 'youtube_medallion_pipeline' retrieved from /opt/airflow/dags/youtube_medallion_pipeline.py
[2026-07-27T08:25:27.716+0000] {logging_mixin.py:190} INFO - [2026-07-27T08:25:27.716+0000] {dag.py:3239} INFO - Sync 1 DAGs
[2026-07-27T08:25:27.827+0000] {logging_mixin.py:190} INFO - [2026-07-27T08:25:27.827+0000] {dag.py:4180} INFO - Setting next_dagrun for youtube_medallion_pipeline to None, run_after=None
[2026-07-27T08:25:27.897+0000] {processor.py:208} INFO - Processing /opt/airflow/dags/youtube_medallion_pipeline.py took 0.763 seconds
[2026-07-27T08:25:58.277+0000] {processor.py:186} INFO - Started process (PID=1519) to work on /opt/airflow/dags/youtube_medallion_pipeline.py
[2026-07-27T08:25:58.279+0000] {processor.py:914} INFO - Processing file /opt/airflow/dags/youtube_medallion_pipeline.py for tasks to queue
[2026-07-27T08:25:58.293+0000] {logging_mixin.py:190} INFO - [2026-07-27T08:25:58.291+0000] {dagbag.py:588} INFO - Filling up the DagBag from /opt/airflow/dags/youtube_medallion_pipeline.py
[2026-07-27T08:25:58.381+0000] {processor.py:925} INFO - DAG(s) 'youtube_medallion_pipeline' retrieved from /opt/airflow/dags/youtube_medallion_pipeline.py
[2026-07-27T08:25:58.557+0000] {logging_mixin.py:190} INFO - [2026-07-27T08:25:58.556+0000] {dag.py:3239} INFO - Sync 1 DAGs
[2026-07-27T08:25:58.635+0000] {logging_mixin.py:190} INFO - [2026-07-27T08:25:58.635+0000] {dag.py:4180} INFO - Setting next_dagrun for youtube_medallion_pipeline to None, run_after=None
[2026-07-27T08:25:58.714+0000] {processor.py:208} INFO - Processing /opt/airflow/dags/youtube_medallion_pipeline.py took 0.456 seconds
[2026-07-27T08:26:29.176+0000] {processor.py:186} INFO - Started process (PID=1524) to work on /opt/airflow/dags/youtube_medallion_pipeline.py
[2026-07-27T08:26:29.200+0000] {processor.py:914} INFO - Processing file /opt/airflow/dags/youtube_medallion_pipeline.py for tasks to queue
[2026-07-27T08:26:29.230+0000] {logging_mixin.py:190} INFO - [2026-07-27T08:26:29.229+0000] {dagbag.py:588} INFO - Filling up the DagBag from /opt/airflow/dags/youtube_medallion_pipeline.py
[2026-07-27T08:26:29.359+0000] {processor.py:925} INFO - DAG(s) 'youtube_medallion_pipeline' retrieved from /opt/airflow/dags/youtube_medallion_pipeline.py
[2026-07-27T08:26:29.513+0000] {logging_mixin.py:190} INFO - [2026-07-27T08:26:29.512+0000] {dag.py:3239} INFO - Sync 1 DAGs
[2026-07-27T08:26:29.597+0000] {logging_mixin.py:190} INFO - [2026-07-27T08:26:29.597+0000] {dag.py:4180} INFO - Setting next_dagrun for youtube_medallion_pipeline to None, run_after=None
[2026-07-27T08:26:29.671+0000] {processor.py:208} INFO - Processing /opt/airflow/dags/youtube_medallion_pipeline.py took 0.510 seconds
[2026-07-27T08:27:00.156+0000] {processor.py:186} INFO - Started process (PID=1529) to work on /opt/airflow/dags/youtube_medallion_pipeline.py
[2026-07-27T08:27:00.161+0000] {processor.py:914} INFO - Processing file /opt/airflow/dags/youtube_medallion_pipeline.py for tasks to queue
[2026-07-27T08:27:00.171+0000] {logging_mixin.py:190} INFO - [2026-07-27T08:27:00.170+0000] {dagbag.py:588} INFO - Filling up the DagBag from /opt/airflow/dags/youtube_medallion_pipeline.py
[2026-07-27T08:27:00.218+0000] {processor.py:925} INFO - DAG(s) 'youtube_medallion_pipeline' retrieved from /opt/airflow/dags/youtube_medallion_pipeline.py
[2026-07-27T08:27:00.331+0000] {logging_mixin.py:190} INFO - [2026-07-27T08:27:00.330+0000] {dag.py:3239} INFO - Sync 1 DAGs
[2026-07-27T08:27:00.414+0000] {logging_mixin.py:190} INFO - [2026-07-27T08:27:00.414+0000] {dag.py:4180} INFO - Setting next_dagrun for youtube_medallion_pipeline to None, run_after=None
[2026-07-27T08:27:00.464+0000] {processor.py:208} INFO - Processing /opt/airflow/dags/youtube_medallion_pipeline.py took 0.317 seconds
[2026-07-27T08:27:30.814+0000] {processor.py:186} INFO - Started process (PID=1534) to work on /opt/airflow/dags/youtube_medallion_pipeline.py
[2026-07-27T08:27:30.817+0000] {processor.py:914} INFO - Processing file /opt/airflow/dags/youtube_medallion_pipeline.py for tasks to queue
[2026-07-27T08:27:30.826+0000] {logging_mixin.py:190} INFO - [2026-07-27T08:27:30.825+0000] {dagbag.py:588} INFO - Filling up the DagBag from /opt/airflow/dags/youtube_medallion_pipeline.py
[2026-07-27T08:27:30.873+0000] {processor.py:925} INFO - DAG(s) 'youtube_medallion_pipeline' retrieved from /opt/airflow/dags/youtube_medallion_pipeline.py
[2026-07-27T08:27:30.961+0000] {logging_mixin.py:190} INFO - [2026-07-27T08:27:30.960+0000] {dag.py:3239} INFO - Sync 1 DAGs
[2026-07-27T08:27:31.000+0000] {logging_mixin.py:190} INFO - [2026-07-27T08:27:30.999+0000] {dag.py:4180} INFO - Setting next_dagrun for youtube_medallion_pipeline to None, run_after=None
[2026-07-27T08:27:31.075+0000] {processor.py:208} INFO - Processing /opt/airflow/dags/youtube_medallion_pipeline.py took 0.307 seconds
[2026-07-27T08:28:01.398+0000] {processor.py:186} INFO - Started process (PID=1539) to work on /opt/airflow/dags/youtube_medallion_pipeline.py
[2026-07-27T08:28:01.400+0000] {processor.py:914} INFO - Processing file /opt/airflow/dags/youtube_medallion_pipeline.py for tasks to queue
[2026-07-27T08:28:01.404+0000] {logging_mixin.py:190} INFO - [2026-07-27T08:28:01.403+0000] {dagbag.py:588} INFO - Filling up the DagBag from /opt/airflow/dags/youtube_medallion_pipeline.py
[2026-07-27T08:28:01.439+0000] {processor.py:925} INFO - DAG(s) 'youtube_medallion_pipeline' retrieved from /opt/airflow/dags/youtube_medallion_pipeline.py
[2026-07-27T08:28:01.576+0000] {logging_mixin.py:190} INFO - [2026-07-27T08:28:01.576+0000] {dag.py:3239} INFO - Sync 1 DAGs
[2026-07-27T08:28:01.658+0000] {logging_mixin.py:190} INFO - [2026-07-27T08:28:01.657+0000] {dag.py:4180} INFO - Setting next_dagrun for youtube_medallion_pipeline to None, run_after=None
[2026-07-27T08:28:01.728+0000] {processor.py:208} INFO - Processing /opt/airflow/dags/youtube_medallion_pipeline.py took 0.337 seconds
[2026-07-27T08:28:32.066+0000] {processor.py:186} INFO - Started process (PID=1544) to work on /opt/airflow/dags/youtube_medallion_pipeline.py
[2026-07-27T08:28:32.069+0000] {processor.py:914} INFO - Processing file /opt/airflow/dags/youtube_medallion_pipeline.py for tasks to queue
[2026-07-27T08:28:32.082+0000] {logging_mixin.py:190} INFO - [2026-07-27T08:28:32.076+0000] {dagbag.py:588} INFO - Filling up the DagBag from /opt/airflow/dags/youtube_medallion_pipeline.py
[2026-07-27T08:28:32.208+0000] {processor.py:925} INFO - DAG(s) 'youtube_medallion_pipeline' retrieved from /opt/airflow/dags/youtube_medallion_pipeline.py
[2026-07-27T08:28:32.292+0000] {logging_mixin.py:190} INFO - [2026-07-27T08:28:32.291+0000] {dag.py:3239} INFO - Sync 1 DAGs
[2026-07-27T08:28:32.317+0000] {logging_mixin.py:190} INFO - [2026-07-27T08:28:32.317+0000] {dag.py:4180} INFO - Setting next_dagrun for youtube_medallion_pipeline to None, run_after=None
[2026-07-27T08:28:32.359+0000] {processor.py:208} INFO - Processing /opt/airflow/dags/youtube_medallion_pipeline.py took 0.302 seconds
[2026-07-27T08:29:02.654+0000] {processor.py:186} INFO - Started process (PID=1549) to work on /opt/airflow/dags/youtube_medallion_pipeline.py
[2026-07-27T08:29:02.656+0000] {processor.py:914} INFO - Processing file /opt/airflow/dags/youtube_medallion_pipeline.py for tasks to queue
[2026-07-27T08:29:02.660+0000] {logging_mixin.py:190} INFO - [2026-07-27T08:29:02.660+0000] {dagbag.py:588} INFO - Filling up the DagBag from /opt/airflow/dags/youtube_medallion_pipeline.py
[2026-07-27T08:29:02.682+0000] {processor.py:925} INFO - DAG(s) 'youtube_medallion_pipeline' retrieved from /opt/airflow/dags/youtube_medallion_pipeline.py
[2026-07-27T08:29:02.729+0000] {logging_mixin.py:190} INFO - [2026-07-27T08:29:02.729+0000] {dag.py:3239} INFO - Sync 1 DAGs
[2026-07-27T08:29:02.752+0000] {logging_mixin.py:190} INFO - [2026-07-27T08:29:02.752+0000] {dag.py:4180} INFO - Setting next_dagrun for youtube_medallion_pipeline to None, run_after=None
[2026-07-27T08:29:02.783+0000] {processor.py:208} INFO - Processing /opt/airflow/dags/youtube_medallion_pipeline.py took 0.136 seconds
[2026-07-27T08:29:32.932+0000] {processor.py:186} INFO - Started process (PID=1554) to work on /opt/airflow/dags/youtube_medallion_pipeline.py
[2026-07-27T08:29:32.940+0000] {processor.py:914} INFO - Processing file /opt/airflow/dags/youtube_medallion_pipeline.py for tasks to queue
[2026-07-27T08:29:32.967+0000] {logging_mixin.py:190} INFO - [2026-07-27T08:29:32.964+0000] {dagbag.py:588} INFO - Filling up the DagBag from /opt/airflow/dags/youtube_medallion_pipeline.py
[2026-07-27T08:29:33.046+0000] {processor.py:925} INFO - DAG(s) 'youtube_medallion_pipeline' retrieved from /opt/airflow/dags/youtube_medallion_pipeline.py
[2026-07-27T08:29:33.103+0000] {logging_mixin.py:190} INFO - [2026-07-27T08:29:33.103+0000] {dag.py:3239} INFO - Sync 1 DAGs
[2026-07-27T08:29:33.126+0000] {logging_mixin.py:190} INFO - [2026-07-27T08:29:33.126+0000] {dag.py:4180} INFO - Setting next_dagrun for youtube_medallion_pipeline to None, run_after=None
[2026-07-27T08:29:33.157+0000] {processor.py:208} INFO - Processing /opt/airflow/dags/youtube_medallion_pipeline.py took 0.251 seconds
[2026-07-27T08:30:03.344+0000] {processor.py:186} INFO - Started process (PID=1559) to work on /opt/airflow/dags/youtube_medallion_pipeline.py
[2026-07-27T08:30:03.347+0000] {processor.py:914} INFO - Processing file /opt/airflow/dags/youtube_medallion_pipeline.py for tasks to queue
[2026-07-27T08:30:03.353+0000] {logging_mixin.py:190} INFO - [2026-07-27T08:30:03.353+0000] {dagbag.py:588} INFO - Filling up the DagBag from /opt/airflow/dags/youtube_medallion_pipeline.py
[2026-07-27T08:30:03.419+0000] {processor.py:925} INFO - DAG(s) 'youtube_medallion_pipeline' retrieved from /opt/airflow/dags/youtube_medallion_pipeline.py
[2026-07-27T08:30:03.466+0000] {logging_mixin.py:190} INFO - [2026-07-27T08:30:03.466+0000] {dag.py:3239} INFO - Sync 1 DAGs
[2026-07-27T08:30:03.490+0000] {logging_mixin.py:190} INFO - [2026-07-27T08:30:03.490+0000] {dag.py:4180} INFO - Setting next_dagrun for youtube_medallion_pipeline to None, run_after=None
[2026-07-27T08:30:03.528+0000] {processor.py:208} INFO - Processing /opt/airflow/dags/youtube_medallion_pipeline.py took 0.193 seconds
[2026-07-27T08:30:33.780+0000] {processor.py:186} INFO - Started process (PID=1564) to work on /opt/airflow/dags/youtube_medallion_pipeline.py
[2026-07-27T08:30:33.782+0000] {processor.py:914} INFO - Processing file /opt/airflow/dags/youtube_medallion_pipeline.py for tasks to queue
[2026-07-27T08:30:33.786+0000] {logging_mixin.py:190} INFO - [2026-07-27T08:30:33.786+0000] {dagbag.py:588} INFO - Filling up the DagBag from /opt/airflow/dags/youtube_medallion_pipeline.py
[2026-07-27T08:30:33.808+0000] {processor.py:925} INFO - DAG(s) 'youtube_medallion_pipeline' retrieved from /opt/airflow/dags/youtube_medallion_pipeline.py
[2026-07-27T08:30:33.856+0000] {logging_mixin.py:190} INFO - [2026-07-27T08:30:33.855+0000] {dag.py:3239} INFO - Sync 1 DAGs
[2026-07-27T08:30:33.878+0000] {logging_mixin.py:190} INFO - [2026-07-27T08:30:33.878+0000] {dag.py:4180} INFO - Setting next_dagrun for youtube_medallion_pipeline to None, run_after=None
[2026-07-27T08:30:33.922+0000] {processor.py:208} INFO - Processing /opt/airflow/dags/youtube_medallion_pipeline.py took 0.148 seconds
[2026-07-27T08:31:04.101+0000] {processor.py:186} INFO - Started process (PID=1569) to work on /opt/airflow/dags/youtube_medallion_pipeline.py
[2026-07-27T08:31:04.104+0000] {processor.py:914} INFO - Processing file /opt/airflow/dags/youtube_medallion_pipeline.py for tasks to queue
[2026-07-27T08:31:04.111+0000] {logging_mixin.py:190} INFO - [2026-07-27T08:31:04.110+0000] {dagbag.py:588} INFO - Filling up the DagBag from /opt/airflow/dags/youtube_medallion_pipeline.py
[2026-07-27T08:31:04.150+0000] {processor.py:925} INFO - DAG(s) 'youtube_medallion_pipeline' retrieved from /opt/airflow/dags/youtube_medallion_pipeline.py
[2026-07-27T08:31:04.209+0000] {logging_mixin.py:190} INFO - [2026-07-27T08:31:04.208+0000] {dag.py:3239} INFO - Sync 1 DAGs
[2026-07-27T08:31:04.231+0000] {logging_mixin.py:190} INFO - [2026-07-27T08:31:04.230+0000] {dag.py:4180} INFO - Setting next_dagrun for youtube_medallion_pipeline to None, run_after=None
[2026-07-27T08:31:04.262+0000] {processor.py:208} INFO - Processing /opt/airflow/dags/youtube_medallion_pipeline.py took 0.177 seconds
[2026-07-27T08:31:34.680+0000] {processor.py:186} INFO - Started process (PID=1574) to work on /opt/airflow/dags/youtube_medallion_pipeline.py
[2026-07-27T08:31:34.683+0000] {processor.py:914} INFO - Processing file /opt/airflow/dags/youtube_medallion_pipeline.py for tasks to queue
[2026-07-27T08:31:34.688+0000] {logging_mixin.py:190} INFO - [2026-07-27T08:31:34.687+0000] {dagbag.py:588} INFO - Filling up the DagBag from /opt/airflow/dags/youtube_medallion_pipeline.py
[2026-07-27T08:31:34.714+0000] {processor.py:925} INFO - DAG(s) 'youtube_medallion_pipeline' retrieved from /opt/airflow/dags/youtube_medallion_pipeline.py
[2026-07-27T08:31:34.764+0000] {logging_mixin.py:190} INFO - [2026-07-27T08:31:34.763+0000] {dag.py:3239} INFO - Sync 1 DAGs
[2026-07-27T08:31:34.788+0000] {logging_mixin.py:190} INFO - [2026-07-27T08:31:34.788+0000] {dag.py:4180} INFO - Setting next_dagrun for youtube_medallion_pipeline to None, run_after=None
[2026-07-27T08:31:34.826+0000] {processor.py:208} INFO - Processing /opt/airflow/dags/youtube_medallion_pipeline.py took 0.155 seconds
[2026-07-27T08:32:05.005+0000] {processor.py:186} INFO - Started process (PID=1579) to work on /opt/airflow/dags/youtube_medallion_pipeline.py
[2026-07-27T08:32:05.007+0000] {processor.py:914} INFO - Processing file /opt/airflow/dags/youtube_medallion_pipeline.py for tasks to queue
[2026-07-27T08:32:05.011+0000] {logging_mixin.py:190} INFO - [2026-07-27T08:32:05.011+0000] {dagbag.py:588} INFO - Filling up the DagBag from /opt/airflow/dags/youtube_medallion_pipeline.py
[2026-07-27T08:32:05.038+0000] {processor.py:925} INFO - DAG(s) 'youtube_medallion_pipeline' retrieved from /opt/airflow/dags/youtube_medallion_pipeline.py
[2026-07-27T08:32:05.085+0000] {logging_mixin.py:190} INFO - [2026-07-27T08:32:05.085+0000] {dag.py:3239} INFO - Sync 1 DAGs
[2026-07-27T08:32:05.108+0000] {logging_mixin.py:190} INFO - [2026-07-27T08:32:05.108+0000] {dag.py:4180} INFO - Setting next_dagrun for youtube_medallion_pipeline to None, run_after=None
[2026-07-27T08:32:05.143+0000] {processor.py:208} INFO - Processing /opt/airflow/dags/youtube_medallion_pipeline.py took 0.147 seconds
[2026-07-27T08:32:35.386+0000] {processor.py:186} INFO - Started process (PID=1584) to work on /opt/airflow/dags/youtube_medallion_pipeline.py
[2026-07-27T08:32:35.388+0000] {processor.py:914} INFO - Processing file /opt/airflow/dags/youtube_medallion_pipeline.py for tasks to queue
[2026-07-27T08:32:35.393+0000] {logging_mixin.py:190} INFO - [2026-07-27T08:32:35.392+0000] {dagbag.py:588} INFO - Filling up the DagBag from /opt/airflow/dags/youtube_medallion_pipeline.py
[2026-07-27T08:32:35.417+0000] {processor.py:925} INFO - DAG(s) 'youtube_medallion_pipeline' retrieved from /opt/airflow/dags/youtube_medallion_pipeline.py
[2026-07-27T08:32:35.456+0000] {logging_mixin.py:190} INFO - [2026-07-27T08:32:35.456+0000] {dag.py:3239} INFO - Sync 1 DAGs
[2026-07-27T08:32:35.475+0000] {logging_mixin.py:190} INFO - [2026-07-27T08:32:35.475+0000] {dag.py:4180} INFO - Setting next_dagrun for youtube_medallion_pipeline to None, run_after=None
[2026-07-27T08:32:35.505+0000] {processor.py:208} INFO - Processing /opt/airflow/dags/youtube_medallion_pipeline.py took 0.127 seconds
[2026-07-27T08:33:05.704+0000] {processor.py:186} INFO - Started process (PID=1589) to work on /opt/airflow/dags/youtube_medallion_pipeline.py
[2026-07-27T08:33:05.706+0000] {processor.py:914} INFO - Processing file /opt/airflow/dags/youtube_medallion_pipeline.py for tasks to queue
[2026-07-27T08:33:05.711+0000] {logging_mixin.py:190} INFO - [2026-07-27T08:33:05.711+0000] {dagbag.py:588} INFO - Filling up the DagBag from /opt/airflow/dags/youtube_medallion_pipeline.py
[2026-07-27T08:33:05.768+0000] {processor.py:925} INFO - DAG(s) 'youtube_medallion_pipeline' retrieved from /opt/airflow/dags/youtube_medallion_pipeline.py
[2026-07-27T08:33:05.853+0000] {logging_mixin.py:190} INFO - [2026-07-27T08:33:05.853+0000] {dag.py:3239} INFO - Sync 1 DAGs
[2026-07-27T08:33:05.888+0000] {logging_mixin.py:190} INFO - [2026-07-27T08:33:05.887+0000] {dag.py:4180} INFO - Setting next_dagrun for youtube_medallion_pipeline to None, run_after=None
[2026-07-27T08:33:05.936+0000] {processor.py:208} INFO - Processing /opt/airflow/dags/youtube_medallion_pipeline.py took 0.242 seconds
[2026-07-27T08:33:36.042+0000] {processor.py:186} INFO - Started process (PID=1594) to work on /opt/airflow/dags/youtube_medallion_pipeline.py
[2026-07-27T08:33:36.044+0000] {processor.py:914} INFO - Processing file /opt/airflow/dags/youtube_medallion_pipeline.py for tasks to queue
[2026-07-27T08:33:36.053+0000] {logging_mixin.py:190} INFO - [2026-07-27T08:33:36.052+0000] {dagbag.py:588} INFO - Filling up the DagBag from /opt/airflow/dags/youtube_medallion_pipeline.py
[2026-07-27T08:33:36.078+0000] {processor.py:925} INFO - DAG(s) 'youtube_medallion_pipeline' retrieved from /opt/airflow/dags/youtube_medallion_pipeline.py
[2026-07-27T08:33:36.134+0000] {logging_mixin.py:190} INFO - [2026-07-27T08:33:36.134+0000] {dag.py:3239} INFO - Sync 1 DAGs
[2026-07-27T08:33:36.182+0000] {logging_mixin.py:190} INFO - [2026-07-27T08:33:36.181+0000] {dag.py:4180} INFO - Setting next_dagrun for youtube_medallion_pipeline to None, run_after=None
[2026-07-27T08:33:36.221+0000] {processor.py:208} INFO - Processing /opt/airflow/dags/youtube_medallion_pipeline.py took 0.186 seconds
[2026-07-27T08:34:06.474+0000] {processor.py:186} INFO - Started process (PID=1599) to work on /opt/airflow/dags/youtube_medallion_pipeline.py
[2026-07-27T08:34:06.476+0000] {processor.py:914} INFO - Processing file /opt/airflow/dags/youtube_medallion_pipeline.py for tasks to queue
[2026-07-27T08:34:06.482+0000] {logging_mixin.py:190} INFO - [2026-07-27T08:34:06.481+0000] {dagbag.py:588} INFO - Filling up the DagBag from /opt/airflow/dags/youtube_medallion_pipeline.py
[2026-07-27T08:34:06.522+0000] {processor.py:925} INFO - DAG(s) 'youtube_medallion_pipeline' retrieved from /opt/airflow/dags/youtube_medallion_pipeline.py
[2026-07-27T08:34:06.591+0000] {logging_mixin.py:190} INFO - [2026-07-27T08:34:06.591+0000] {dag.py:3239} INFO - Sync 1 DAGs
[2026-07-27T08:34:06.623+0000] {logging_mixin.py:190} INFO - [2026-07-27T08:34:06.623+0000] {dag.py:4180} INFO - Setting next_dagrun for youtube_medallion_pipeline to None, run_after=None
[2026-07-27T08:34:06.653+0000] {processor.py:208} INFO - Processing /opt/airflow/dags/youtube_medallion_pipeline.py took 0.195 seconds
[2026-07-27T08:34:36.754+0000] {processor.py:186} INFO - Started process (PID=1604) to work on /opt/airflow/dags/youtube_medallion_pipeline.py
[2026-07-27T08:34:36.756+0000] {processor.py:914} INFO - Processing file /opt/airflow/dags/youtube_medallion_pipeline.py for tasks to queue
[2026-07-27T08:34:36.765+0000] {logging_mixin.py:190} INFO - [2026-07-27T08:34:36.763+0000] {dagbag.py:588} INFO - Filling up the DagBag from /opt/airflow/dags/youtube_medallion_pipeline.py
[2026-07-27T08:34:36.796+0000] {processor.py:925} INFO - DAG(s) 'youtube_medallion_pipeline' retrieved from /opt/airflow/dags/youtube_medallion_pipeline.py
[2026-07-27T08:34:36.844+0000] {logging_mixin.py:190} INFO - [2026-07-27T08:34:36.843+0000] {dag.py:3239} INFO - Sync 1 DAGs
[2026-07-27T08:34:36.869+0000] {logging_mixin.py:190} INFO - [2026-07-27T08:34:36.869+0000] {dag.py:4180} INFO - Setting next_dagrun for youtube_medallion_pipeline to None, run_after=None
[2026-07-27T08:34:36.907+0000] {processor.py:208} INFO - Processing /opt/airflow/dags/youtube_medallion_pipeline.py took 0.163 seconds
[2026-07-27T08:35:07.186+0000] {processor.py:186} INFO - Started process (PID=1609) to work on /opt/airflow/dags/youtube_medallion_pipeline.py
[2026-07-27T08:35:07.189+0000] {processor.py:914} INFO - Processing file /opt/airflow/dags/youtube_medallion_pipeline.py for tasks to queue
[2026-07-27T08:35:07.197+0000] {logging_mixin.py:190} INFO - [2026-07-27T08:35:07.195+0000] {dagbag.py:588} INFO - Filling up the DagBag from /opt/airflow/dags/youtube_medallion_pipeline.py
[2026-07-27T08:35:07.243+0000] {processor.py:925} INFO - DAG(s) 'youtube_medallion_pipeline' retrieved from /opt/airflow/dags/youtube_medallion_pipeline.py
[2026-07-27T08:35:07.292+0000] {logging_mixin.py:190} INFO - [2026-07-27T08:35:07.292+0000] {dag.py:3239} INFO - Sync 1 DAGs
[2026-07-27T08:35:07.334+0000] {logging_mixin.py:190} INFO - [2026-07-27T08:35:07.334+0000] {dag.py:4180} INFO - Setting next_dagrun for youtube_medallion_pipeline to None, run_after=None
[2026-07-27T08:35:07.374+0000] {processor.py:208} INFO - Processing /opt/airflow/dags/youtube_medallion_pipeline.py took 0.200 seconds
[2026-07-27T08:35:37.656+0000] {processor.py:186} INFO - Started process (PID=1614) to work on /opt/airflow/dags/youtube_medallion_pipeline.py
[2026-07-27T08:35:37.659+0000] {processor.py:914} INFO - Processing file /opt/airflow/dags/youtube_medallion_pipeline.py for tasks to queue
[2026-07-27T08:35:37.663+0000] {logging_mixin.py:190} INFO - [2026-07-27T08:35:37.662+0000] {dagbag.py:588} INFO - Filling up the DagBag from /opt/airflow/dags/youtube_medallion_pipeline.py
[2026-07-27T08:35:37.685+0000] {processor.py:925} INFO - DAG(s) 'youtube_medallion_pipeline' retrieved from /opt/airflow/dags/youtube_medallion_pipeline.py
[2026-07-27T08:35:37.729+0000] {logging_mixin.py:190} INFO - [2026-07-27T08:35:37.729+0000] {dag.py:3239} INFO - Sync 1 DAGs
[2026-07-27T08:35:37.750+0000] {logging_mixin.py:190} INFO - [2026-07-27T08:35:37.749+0000] {dag.py:4180} INFO - Setting next_dagrun for youtube_medallion_pipeline to None, run_after=None
[2026-07-27T08:35:37.780+0000] {processor.py:208} INFO - Processing /opt/airflow/dags/youtube_medallion_pipeline.py took 0.133 seconds
[2026-07-27T08:36:07.921+0000] {processor.py:186} INFO - Started process (PID=1619) to work on /opt/airflow/dags/youtube_medallion_pipeline.py
[2026-07-27T08:36:07.924+0000] {processor.py:914} INFO - Processing file /opt/airflow/dags/youtube_medallion_pipeline.py for tasks to queue
[2026-07-27T08:36:07.931+0000] {logging_mixin.py:190} INFO - [2026-07-27T08:36:07.930+0000] {dagbag.py:588} INFO - Filling up the DagBag from /opt/airflow/dags/youtube_medallion_pipeline.py
[2026-07-27T08:36:07.990+0000] {processor.py:925} INFO - DAG(s) 'youtube_medallion_pipeline' retrieved from /opt/airflow/dags/youtube_medallion_pipeline.py
[2026-07-27T08:36:08.063+0000] {logging_mixin.py:190} INFO - [2026-07-27T08:36:08.062+0000] {dag.py:3239} INFO - Sync 1 DAGs
[2026-07-27T08:36:08.086+0000] {logging_mixin.py:190} INFO - [2026-07-27T08:36:08.085+0000] {dag.py:4180} INFO - Setting next_dagrun for youtube_medallion_pipeline to None, run_after=None
[2026-07-27T08:36:08.116+0000] {processor.py:208} INFO - Processing /opt/airflow/dags/youtube_medallion_pipeline.py took 0.206 seconds
[2026-07-27T08:36:38.356+0000] {processor.py:186} INFO - Started process (PID=1624) to work on /opt/airflow/dags/youtube_medallion_pipeline.py
[2026-07-27T08:36:38.358+0000] {processor.py:914} INFO - Processing file /opt/airflow/dags/youtube_medallion_pipeline.py for tasks to queue
[2026-07-27T08:36:38.363+0000] {logging_mixin.py:190} INFO - [2026-07-27T08:36:38.362+0000] {dagbag.py:588} INFO - Filling up the DagBag from /opt/airflow/dags/youtube_medallion_pipeline.py
[2026-07-27T08:36:38.387+0000] {processor.py:925} INFO - DAG(s) 'youtube_medallion_pipeline' retrieved from /opt/airflow/dags/youtube_medallion_pipeline.py
[2026-07-27T08:36:38.433+0000] {logging_mixin.py:190} INFO - [2026-07-27T08:36:38.433+0000] {dag.py:3239} INFO - Sync 1 DAGs
[2026-07-27T08:36:38.457+0000] {logging_mixin.py:190} INFO - [2026-07-27T08:36:38.456+0000] {dag.py:4180} INFO - Setting next_dagrun for youtube_medallion_pipeline to None, run_after=None
[2026-07-27T08:36:38.488+0000] {processor.py:208} INFO - Processing /opt/airflow/dags/youtube_medallion_pipeline.py took 0.140 seconds
[2026-07-27T08:37:08.913+0000] {processor.py:186} INFO - Started process (PID=1629) to work on /opt/airflow/dags/youtube_medallion_pipeline.py
[2026-07-27T08:37:08.935+0000] {processor.py:914} INFO - Processing file /opt/airflow/dags/youtube_medallion_pipeline.py for tasks to queue
[2026-07-27T08:37:09.011+0000] {logging_mixin.py:190} INFO - [2026-07-27T08:37:09.003+0000] {dagbag.py:588} INFO - Filling up the DagBag from /opt/airflow/dags/youtube_medallion_pipeline.py
[2026-07-27T08:37:09.284+0000] {processor.py:925} INFO - DAG(s) 'youtube_medallion_pipeline' retrieved from /opt/airflow/dags/youtube_medallion_pipeline.py
[2026-07-27T08:37:09.700+0000] {logging_mixin.py:190} INFO - [2026-07-27T08:37:09.700+0000] {dag.py:3239} INFO - Sync 1 DAGs
[2026-07-27T08:37:09.873+0000] {logging_mixin.py:190} INFO - [2026-07-27T08:37:09.873+0000] {dag.py:4180} INFO - Setting next_dagrun for youtube_medallion_pipeline to None, run_after=None
[2026-07-27T08:37:10.010+0000] {processor.py:208} INFO - Processing /opt/airflow/dags/youtube_medallion_pipeline.py took 1.179 seconds
[2026-07-27T08:37:40.190+0000] {processor.py:186} INFO - Started process (PID=1634) to work on /opt/airflow/dags/youtube_medallion_pipeline.py
[2026-07-27T08:37:40.318+0000] {processor.py:914} INFO - Processing file /opt/airflow/dags/youtube_medallion_pipeline.py for tasks to queue
[2026-07-27T08:37:40.432+0000] {logging_mixin.py:190} INFO - [2026-07-27T08:37:40.431+0000] {dagbag.py:588} INFO - Filling up the DagBag from /opt/airflow/dags/youtube_medallion_pipeline.py
[2026-07-27T08:37:40.593+0000] {processor.py:925} INFO - DAG(s) 'youtube_medallion_pipeline' retrieved from /opt/airflow/dags/youtube_medallion_pipeline.py
[2026-07-27T08:37:40.712+0000] {logging_mixin.py:190} INFO - [2026-07-27T08:37:40.712+0000] {dag.py:3239} INFO - Sync 1 DAGs
[2026-07-27T08:37:40.755+0000] {logging_mixin.py:190} INFO - [2026-07-27T08:37:40.755+0000] {dag.py:4180} INFO - Setting next_dagrun for youtube_medallion_pipeline to None, run_after=None
[2026-07-27T08:37:40.812+0000] {processor.py:208} INFO - Processing /opt/airflow/dags/youtube_medallion_pipeline.py took 0.633 seconds
[2026-07-27T08:38:14.193+0000] {processor.py:186} INFO - Started process (PID=1639) to work on /opt/airflow/dags/youtube_medallion_pipeline.py
[2026-07-27T08:38:14.391+0000] {processor.py:914} INFO - Processing file /opt/airflow/dags/youtube_medallion_pipeline.py for tasks to queue
[2026-07-27T08:38:14.458+0000] {logging_mixin.py:190} INFO - [2026-07-27T08:38:14.457+0000] {dagbag.py:588} INFO - Filling up the DagBag from /opt/airflow/dags/youtube_medallion_pipeline.py
[2026-07-27T08:38:14.819+0000] {processor.py:925} INFO - DAG(s) 'youtube_medallion_pipeline' retrieved from /opt/airflow/dags/youtube_medallion_pipeline.py
[2026-07-27T08:38:15.222+0000] {logging_mixin.py:190} INFO - [2026-07-27T08:38:15.221+0000] {dag.py:3239} INFO - Sync 1 DAGs
[2026-07-27T08:38:15.281+0000] {logging_mixin.py:190} INFO - [2026-07-27T08:38:15.281+0000] {dag.py:4180} INFO - Setting next_dagrun for youtube_medallion_pipeline to None, run_after=None
[2026-07-27T08:38:16.016+0000] {processor.py:208} INFO - Processing /opt/airflow/dags/youtube_medallion_pipeline.py took 1.830 seconds
[2026-07-27T08:38:47.242+0000] {processor.py:186} INFO - Started process (PID=1644) to work on /opt/airflow/dags/youtube_medallion_pipeline.py
[2026-07-27T08:38:47.244+0000] {processor.py:914} INFO - Processing file /opt/airflow/dags/youtube_medallion_pipeline.py for tasks to queue
[2026-07-27T08:38:47.248+0000] {logging_mixin.py:190} INFO - [2026-07-27T08:38:47.247+0000] {dagbag.py:588} INFO - Filling up the DagBag from /opt/airflow/dags/youtube_medallion_pipeline.py
[2026-07-27T08:38:47.286+0000] {processor.py:925} INFO - DAG(s) 'youtube_medallion_pipeline' retrieved from /opt/airflow/dags/youtube_medallion_pipeline.py
[2026-07-27T08:38:47.388+0000] {logging_mixin.py:190} INFO - [2026-07-27T08:38:47.387+0000] {dag.py:3239} INFO - Sync 1 DAGs
[2026-07-27T08:38:47.499+0000] {logging_mixin.py:190} INFO - [2026-07-27T08:38:47.498+0000] {dag.py:4180} INFO - Setting next_dagrun for youtube_medallion_pipeline to None, run_after=None
[2026-07-27T08:38:47.611+0000] {processor.py:208} INFO - Processing /opt/airflow/dags/youtube_medallion_pipeline.py took 0.375 seconds
[2026-07-27T08:39:18.102+0000] {processor.py:186} INFO - Started process (PID=1649) to work on /opt/airflow/dags/youtube_medallion_pipeline.py
[2026-07-27T08:39:18.105+0000] {processor.py:914} INFO - Processing file /opt/airflow/dags/youtube_medallion_pipeline.py for tasks to queue
[2026-07-27T08:39:18.112+0000] {logging_mixin.py:190} INFO - [2026-07-27T08:39:18.110+0000] {dagbag.py:588} INFO - Filling up the DagBag from /opt/airflow/dags/youtube_medallion_pipeline.py
[2026-07-27T08:39:18.147+0000] {processor.py:925} INFO - DAG(s) 'youtube_medallion_pipeline' retrieved from /opt/airflow/dags/youtube_medallion_pipeline.py
[2026-07-27T08:39:18.251+0000] {logging_mixin.py:190} INFO - [2026-07-27T08:39:18.250+0000] {dag.py:3239} INFO - Sync 1 DAGs
[2026-07-27T08:39:18.293+0000] {logging_mixin.py:190} INFO - [2026-07-27T08:39:18.293+0000] {dag.py:4180} INFO - Setting next_dagrun for youtube_medallion_pipeline to None, run_after=None
[2026-07-27T08:39:18.340+0000] {processor.py:208} INFO - Processing /opt/airflow/dags/youtube_medallion_pipeline.py took 0.252 seconds
[2026-07-27T08:39:48.649+0000] {processor.py:186} INFO - Started process (PID=1654) to work on /opt/airflow/dags/youtube_medallion_pipeline.py
[2026-07-27T08:39:48.674+0000] {processor.py:914} INFO - Processing file /opt/airflow/dags/youtube_medallion_pipeline.py for tasks to queue
[2026-07-27T08:39:48.728+0000] {logging_mixin.py:190} INFO - [2026-07-27T08:39:48.724+0000] {dagbag.py:588} INFO - Filling up the DagBag from /opt/airflow/dags/youtube_medallion_pipeline.py
[2026-07-27T08:39:48.814+0000] {processor.py:925} INFO - DAG(s) 'youtube_medallion_pipeline' retrieved from /opt/airflow/dags/youtube_medallion_pipeline.py
[2026-07-27T08:39:48.996+0000] {logging_mixin.py:190} INFO - [2026-07-27T08:39:48.996+0000] {dag.py:3239} INFO - Sync 1 DAGs
[2026-07-27T08:39:49.130+0000] {logging_mixin.py:190} INFO - [2026-07-27T08:39:49.129+0000] {dag.py:4180} INFO - Setting next_dagrun for youtube_medallion_pipeline to None, run_after=None
[2026-07-27T08:39:49.226+0000] {processor.py:208} INFO - Processing /opt/airflow/dags/youtube_medallion_pipeline.py took 0.680 seconds
[2026-07-27T08:40:19.395+0000] {processor.py:186} INFO - Started process (PID=1659) to work on /opt/airflow/dags/youtube_medallion_pipeline.py
[2026-07-27T08:40:19.398+0000] {processor.py:914} INFO - Processing file /opt/airflow/dags/youtube_medallion_pipeline.py for tasks to queue
[2026-07-27T08:40:19.417+0000] {logging_mixin.py:190} INFO - [2026-07-27T08:40:19.415+0000] {dagbag.py:588} INFO - Filling up the DagBag from /opt/airflow/dags/youtube_medallion_pipeline.py
[2026-07-27T08:40:19.478+0000] {processor.py:925} INFO - DAG(s) 'youtube_medallion_pipeline' retrieved from /opt/airflow/dags/youtube_medallion_pipeline.py
[2026-07-27T08:40:19.585+0000] {logging_mixin.py:190} INFO - [2026-07-27T08:40:19.585+0000] {dag.py:3239} INFO - Sync 1 DAGs
[2026-07-27T08:40:19.665+0000] {logging_mixin.py:190} INFO - [2026-07-27T08:40:19.664+0000] {dag.py:4180} INFO - Setting next_dagrun for youtube_medallion_pipeline to None, run_after=None
[2026-07-27T08:40:19.723+0000] {processor.py:208} INFO - Processing /opt/airflow/dags/youtube_medallion_pipeline.py took 0.349 seconds
[2026-07-27T08:40:53.173+0000] {processor.py:186} INFO - Started process (PID=1664) to work on /opt/airflow/dags/youtube_medallion_pipeline.py
[2026-07-27T08:40:53.242+0000] {processor.py:914} INFO - Processing file /opt/airflow/dags/youtube_medallion_pipeline.py for tasks to queue
[2026-07-27T08:40:53.515+0000] {logging_mixin.py:190} INFO - [2026-07-27T08:40:53.515+0000] {dagbag.py:588} INFO - Filling up the DagBag from /opt/airflow/dags/youtube_medallion_pipeline.py
[2026-07-27T08:40:53.675+0000] {processor.py:925} INFO - DAG(s) 'youtube_medallion_pipeline' retrieved from /opt/airflow/dags/youtube_medallion_pipeline.py
[2026-07-27T08:40:53.806+0000] {logging_mixin.py:190} INFO - [2026-07-27T08:40:53.806+0000] {dag.py:3239} INFO - Sync 1 DAGs
[2026-07-27T08:40:53.875+0000] {logging_mixin.py:190} INFO - [2026-07-27T08:40:53.875+0000] {dag.py:4180} INFO - Setting next_dagrun for youtube_medallion_pipeline to None, run_after=None
[2026-07-27T08:40:54.104+0000] {processor.py:208} INFO - Processing /opt/airflow/dags/youtube_medallion_pipeline.py took 1.145 seconds
[2026-07-27T08:41:24.361+0000] {processor.py:186} INFO - Started process (PID=1669) to work on /opt/airflow/dags/youtube_medallion_pipeline.py
[2026-07-27T08:41:24.364+0000] {processor.py:914} INFO - Processing file /opt/airflow/dags/youtube_medallion_pipeline.py for tasks to queue
[2026-07-27T08:41:24.369+0000] {logging_mixin.py:190} INFO - [2026-07-27T08:41:24.369+0000] {dagbag.py:588} INFO - Filling up the DagBag from /opt/airflow/dags/youtube_medallion_pipeline.py
[2026-07-27T08:41:24.400+0000] {processor.py:925} INFO - DAG(s) 'youtube_medallion_pipeline' retrieved from /opt/airflow/dags/youtube_medallion_pipeline.py
[2026-07-27T08:41:24.451+0000] {logging_mixin.py:190} INFO - [2026-07-27T08:41:24.451+0000] {dag.py:3239} INFO - Sync 1 DAGs
[2026-07-27T08:41:24.475+0000] {logging_mixin.py:190} INFO - [2026-07-27T08:41:24.475+0000] {dag.py:4180} INFO - Setting next_dagrun for youtube_medallion_pipeline to None, run_after=None
[2026-07-27T08:41:24.510+0000] {processor.py:208} INFO - Processing /opt/airflow/dags/youtube_medallion_pipeline.py took 0.160 seconds
[2026-07-27T08:41:54.759+0000] {processor.py:186} INFO - Started process (PID=1674) to work on /opt/airflow/dags/youtube_medallion_pipeline.py
[2026-07-27T08:41:54.761+0000] {processor.py:914} INFO - Processing file /opt/airflow/dags/youtube_medallion_pipeline.py for tasks to queue
[2026-07-27T08:41:54.766+0000] {logging_mixin.py:190} INFO - [2026-07-27T08:41:54.765+0000] {dagbag.py:588} INFO - Filling up the DagBag from /opt/airflow/dags/youtube_medallion_pipeline.py
[2026-07-27T08:41:54.802+0000] {processor.py:925} INFO - DAG(s) 'youtube_medallion_pipeline' retrieved from /opt/airflow/dags/youtube_medallion_pipeline.py
[2026-07-27T08:41:54.855+0000] {logging_mixin.py:190} INFO - [2026-07-27T08:41:54.854+0000] {dag.py:3239} INFO - Sync 1 DAGs
[2026-07-27T08:41:54.881+0000] {logging_mixin.py:190} INFO - [2026-07-27T08:41:54.880+0000] {dag.py:4180} INFO - Setting next_dagrun for youtube_medallion_pipeline to None, run_after=None
[2026-07-27T08:41:54.925+0000] {processor.py:208} INFO - Processing /opt/airflow/dags/youtube_medallion_pipeline.py took 0.175 seconds
[2026-07-27T08:42:25.101+0000] {processor.py:186} INFO - Started process (PID=1679) to work on /opt/airflow/dags/youtube_medallion_pipeline.py
[2026-07-27T08:42:25.103+0000] {processor.py:914} INFO - Processing file /opt/airflow/dags/youtube_medallion_pipeline.py for tasks to queue
[2026-07-27T08:42:25.108+0000] {logging_mixin.py:190} INFO - [2026-07-27T08:42:25.107+0000] {dagbag.py:588} INFO - Filling up the DagBag from /opt/airflow/dags/youtube_medallion_pipeline.py
[2026-07-27T08:42:25.178+0000] {processor.py:925} INFO - DAG(s) 'youtube_medallion_pipeline' retrieved from /opt/airflow/dags/youtube_medallion_pipeline.py
[2026-07-27T08:42:25.230+0000] {logging_mixin.py:190} INFO - [2026-07-27T08:42:25.229+0000] {dag.py:3239} INFO - Sync 1 DAGs
[2026-07-27T08:42:25.257+0000] {logging_mixin.py:190} INFO - [2026-07-27T08:42:25.257+0000] {dag.py:4180} INFO - Setting next_dagrun for youtube_medallion_pipeline to None, run_after=None
[2026-07-27T08:42:25.288+0000] {processor.py:208} INFO - Processing /opt/airflow/dags/youtube_medallion_pipeline.py took 0.198 seconds
[2026-07-27T08:42:55.790+0000] {processor.py:186} INFO - Started process (PID=1684) to work on /opt/airflow/dags/youtube_medallion_pipeline.py
[2026-07-27T08:42:55.794+0000] {processor.py:914} INFO - Processing file /opt/airflow/dags/youtube_medallion_pipeline.py for tasks to queue
[2026-07-27T08:42:55.821+0000] {logging_mixin.py:190} INFO - [2026-07-27T08:42:55.817+0000] {dagbag.py:588} INFO - Filling up the DagBag from /opt/airflow/dags/youtube_medallion_pipeline.py
[2026-07-27T08:42:55.959+0000] {processor.py:925} INFO - DAG(s) 'youtube_medallion_pipeline' retrieved from /opt/airflow/dags/youtube_medallion_pipeline.py
[2026-07-27T08:42:56.294+0000] {logging_mixin.py:190} INFO - [2026-07-27T08:42:56.293+0000] {dag.py:3239} INFO - Sync 1 DAGs
[2026-07-27T08:42:56.437+0000] {logging_mixin.py:190} INFO - [2026-07-27T08:42:56.436+0000] {dag.py:4180} INFO - Setting next_dagrun for youtube_medallion_pipeline to None, run_after=None
[2026-07-27T08:42:56.526+0000] {processor.py:208} INFO - Processing /opt/airflow/dags/youtube_medallion_pipeline.py took 0.797 seconds
[2026-07-27T08:43:26.857+0000] {processor.py:186} INFO - Started process (PID=1689) to work on /opt/airflow/dags/youtube_medallion_pipeline.py
[2026-07-27T08:43:26.859+0000] {processor.py:914} INFO - Processing file /opt/airflow/dags/youtube_medallion_pipeline.py for tasks to queue
[2026-07-27T08:43:26.863+0000] {logging_mixin.py:190} INFO - [2026-07-27T08:43:26.862+0000] {dagbag.py:588} INFO - Filling up the DagBag from /opt/airflow/dags/youtube_medallion_pipeline.py
[2026-07-27T08:43:26.915+0000] {processor.py:925} INFO - DAG(s) 'youtube_medallion_pipeline' retrieved from /opt/airflow/dags/youtube_medallion_pipeline.py
[2026-07-27T08:43:26.974+0000] {logging_mixin.py:190} INFO - [2026-07-27T08:43:26.974+0000] {dag.py:3239} INFO - Sync 1 DAGs
[2026-07-27T08:43:26.995+0000] {logging_mixin.py:190} INFO - [2026-07-27T08:43:26.995+0000] {dag.py:4180} INFO - Setting next_dagrun for youtube_medallion_pipeline to None, run_after=None
[2026-07-27T08:43:27.025+0000] {processor.py:208} INFO - Processing /opt/airflow/dags/youtube_medallion_pipeline.py took 0.176 seconds
[2026-07-27T08:43:57.233+0000] {processor.py:186} INFO - Started process (PID=1694) to work on /opt/airflow/dags/youtube_medallion_pipeline.py
[2026-07-27T08:43:57.235+0000] {processor.py:914} INFO - Processing file /opt/airflow/dags/youtube_medallion_pipeline.py for tasks to queue
[2026-07-27T08:43:57.240+0000] {logging_mixin.py:190} INFO - [2026-07-27T08:43:57.239+0000] {dagbag.py:588} INFO - Filling up the DagBag from /opt/airflow/dags/youtube_medallion_pipeline.py
[2026-07-27T08:43:57.269+0000] {processor.py:925} INFO - DAG(s) 'youtube_medallion_pipeline' retrieved from /opt/airflow/dags/youtube_medallion_pipeline.py
[2026-07-27T08:43:57.321+0000] {logging_mixin.py:190} INFO - [2026-07-27T08:43:57.321+0000] {dag.py:3239} INFO - Sync 1 DAGs
[2026-07-27T08:43:57.344+0000] {logging_mixin.py:190} INFO - [2026-07-27T08:43:57.344+0000] {dag.py:4180} INFO - Setting next_dagrun for youtube_medallion_pipeline to None, run_after=None
[2026-07-27T08:43:57.376+0000] {processor.py:208} INFO - Processing /opt/airflow/dags/youtube_medallion_pipeline.py took 0.154 seconds
[2026-07-27T08:44:27.591+0000] {processor.py:186} INFO - Started process (PID=1699) to work on /opt/airflow/dags/youtube_medallion_pipeline.py
[2026-07-27T08:44:27.593+0000] {processor.py:914} INFO - Processing file /opt/airflow/dags/youtube_medallion_pipeline.py for tasks to queue
[2026-07-27T08:44:27.600+0000] {logging_mixin.py:190} INFO - [2026-07-27T08:44:27.598+0000] {dagbag.py:588} INFO - Filling up the DagBag from /opt/airflow/dags/youtube_medallion_pipeline.py
[2026-07-27T08:44:27.668+0000] {processor.py:925} INFO - DAG(s) 'youtube_medallion_pipeline' retrieved from /opt/airflow/dags/youtube_medallion_pipeline.py
[2026-07-27T08:44:27.738+0000] {logging_mixin.py:190} INFO - [2026-07-27T08:44:27.737+0000] {dag.py:3239} INFO - Sync 1 DAGs
[2026-07-27T08:44:27.788+0000] {logging_mixin.py:190} INFO - [2026-07-27T08:44:27.788+0000] {dag.py:4180} INFO - Setting next_dagrun for youtube_medallion_pipeline to None, run_after=None
[2026-07-27T08:44:27.819+0000] {processor.py:208} INFO - Processing /opt/airflow/dags/youtube_medallion_pipeline.py took 0.238 seconds
[2026-07-27T08:44:57.956+0000] {processor.py:186} INFO - Started process (PID=1704) to work on /opt/airflow/dags/youtube_medallion_pipeline.py
[2026-07-27T08:44:57.959+0000] {processor.py:914} INFO - Processing file /opt/airflow/dags/youtube_medallion_pipeline.py for tasks to queue
[2026-07-27T08:44:57.964+0000] {logging_mixin.py:190} INFO - [2026-07-27T08:44:57.963+0000] {dagbag.py:588} INFO - Filling up the DagBag from /opt/airflow/dags/youtube_medallion_pipeline.py
[2026-07-27T08:44:57.992+0000] {processor.py:925} INFO - DAG(s) 'youtube_medallion_pipeline' retrieved from /opt/airflow/dags/youtube_medallion_pipeline.py
[2026-07-27T08:44:58.041+0000] {logging_mixin.py:190} INFO - [2026-07-27T08:44:58.041+0000] {dag.py:3239} INFO - Sync 1 DAGs
[2026-07-27T08:44:58.062+0000] {logging_mixin.py:190} INFO - [2026-07-27T08:44:58.062+0000] {dag.py:4180} INFO - Setting next_dagrun for youtube_medallion_pipeline to None, run_after=None
[2026-07-27T08:44:58.097+0000] {processor.py:208} INFO - Processing /opt/airflow/dags/youtube_medallion_pipeline.py took 0.152 seconds
[2026-07-27T08:45:28.423+0000] {processor.py:186} INFO - Started process (PID=1709) to work on /opt/airflow/dags/youtube_medallion_pipeline.py
[2026-07-27T08:45:28.426+0000] {processor.py:914} INFO - Processing file /opt/airflow/dags/youtube_medallion_pipeline.py for tasks to queue
[2026-07-27T08:45:28.431+0000] {logging_mixin.py:190} INFO - [2026-07-27T08:45:28.431+0000] {dagbag.py:588} INFO - Filling up the DagBag from /opt/airflow/dags/youtube_medallion_pipeline.py
[2026-07-27T08:45:28.467+0000] {processor.py:925} INFO - DAG(s) 'youtube_medallion_pipeline' retrieved from /opt/airflow/dags/youtube_medallion_pipeline.py
[2026-07-27T08:45:28.522+0000] {logging_mixin.py:190} INFO - [2026-07-27T08:45:28.522+0000] {dag.py:3239} INFO - Sync 1 DAGs
[2026-07-27T08:45:28.551+0000] {logging_mixin.py:190} INFO - [2026-07-27T08:45:28.551+0000] {dag.py:4180} INFO - Setting next_dagrun for youtube_medallion_pipeline to None, run_after=None
[2026-07-27T08:45:28.586+0000] {processor.py:208} INFO - Processing /opt/airflow/dags/youtube_medallion_pipeline.py took 0.175 seconds
[2026-07-27T08:45:58.704+0000] {processor.py:186} INFO - Started process (PID=1714) to work on /opt/airflow/dags/youtube_medallion_pipeline.py
[2026-07-27T08:45:58.707+0000] {processor.py:914} INFO - Processing file /opt/airflow/dags/youtube_medallion_pipeline.py for tasks to queue
[2026-07-27T08:45:58.713+0000] {logging_mixin.py:190} INFO - [2026-07-27T08:45:58.712+0000] {dagbag.py:588} INFO - Filling up the DagBag from /opt/airflow/dags/youtube_medallion_pipeline.py
[2026-07-27T08:45:58.751+0000] {processor.py:925} INFO - DAG(s) 'youtube_medallion_pipeline' retrieved from /opt/airflow/dags/youtube_medallion_pipeline.py
[2026-07-27T08:45:58.812+0000] {logging_mixin.py:190} INFO - [2026-07-27T08:45:58.811+0000] {dag.py:3239} INFO - Sync 1 DAGs
[2026-07-27T08:45:58.838+0000] {logging_mixin.py:190} INFO - [2026-07-27T08:45:58.837+0000] {dag.py:4180} INFO - Setting next_dagrun for youtube_medallion_pipeline to None, run_after=None
[2026-07-27T08:45:58.868+0000] {processor.py:208} INFO - Processing /opt/airflow/dags/youtube_medallion_pipeline.py took 0.190 seconds
[2026-07-27T08:46:29.242+0000] {processor.py:186} INFO - Started process (PID=1719) to work on /opt/airflow/dags/youtube_medallion_pipeline.py
[2026-07-27T08:46:29.246+0000] {processor.py:914} INFO - Processing file /opt/airflow/dags/youtube_medallion_pipeline.py for tasks to queue
[2026-07-27T08:46:29.256+0000] {logging_mixin.py:190} INFO - [2026-07-27T08:46:29.255+0000] {dagbag.py:588} INFO - Filling up the DagBag from /opt/airflow/dags/youtube_medallion_pipeline.py
[2026-07-27T08:46:29.327+0000] {processor.py:925} INFO - DAG(s) 'youtube_medallion_pipeline' retrieved from /opt/airflow/dags/youtube_medallion_pipeline.py
[2026-07-27T08:46:29.455+0000] {logging_mixin.py:190} INFO - [2026-07-27T08:46:29.454+0000] {dag.py:3239} INFO - Sync 1 DAGs
[2026-07-27T08:46:29.496+0000] {logging_mixin.py:190} INFO - [2026-07-27T08:46:29.496+0000] {dag.py:4180} INFO - Setting next_dagrun for youtube_medallion_pipeline to None, run_after=None
[2026-07-27T08:46:29.531+0000] {processor.py:208} INFO - Processing /opt/airflow/dags/youtube_medallion_pipeline.py took 0.309 seconds
[2026-07-27T08:47:00.726+0000] {processor.py:186} INFO - Started process (PID=1724) to work on /opt/airflow/dags/youtube_medallion_pipeline.py
[2026-07-27T08:47:00.735+0000] {processor.py:914} INFO - Processing file /opt/airflow/dags/youtube_medallion_pipeline.py for tasks to queue
[2026-07-27T08:47:00.778+0000] {logging_mixin.py:190} INFO - [2026-07-27T08:47:00.772+0000] {dagbag.py:588} INFO - Filling up the DagBag from /opt/airflow/dags/youtube_medallion_pipeline.py
[2026-07-27T08:47:00.941+0000] {processor.py:925} INFO - DAG(s) 'youtube_medallion_pipeline' retrieved from /opt/airflow/dags/youtube_medallion_pipeline.py
[2026-07-27T08:47:01.119+0000] {logging_mixin.py:190} INFO - [2026-07-27T08:47:01.119+0000] {dag.py:3239} INFO - Sync 1 DAGs
[2026-07-27T08:47:01.158+0000] {logging_mixin.py:190} INFO - [2026-07-27T08:47:01.157+0000] {dag.py:4180} INFO - Setting next_dagrun for youtube_medallion_pipeline to None, run_after=None
[2026-07-27T08:47:01.206+0000] {processor.py:208} INFO - Processing /opt/airflow/dags/youtube_medallion_pipeline.py took 0.659 seconds
[2026-07-27T08:47:32.016+0000] {processor.py:186} INFO - Started process (PID=1729) to work on /opt/airflow/dags/youtube_medallion_pipeline.py
[2026-07-27T08:47:32.019+0000] {processor.py:914} INFO - Processing file /opt/airflow/dags/youtube_medallion_pipeline.py for tasks to queue
[2026-07-27T08:47:32.026+0000] {logging_mixin.py:190} INFO - [2026-07-27T08:47:32.025+0000] {dagbag.py:588} INFO - Filling up the DagBag from /opt/airflow/dags/youtube_medallion_pipeline.py
[2026-07-27T08:47:32.084+0000] {processor.py:925} INFO - DAG(s) 'youtube_medallion_pipeline' retrieved from /opt/airflow/dags/youtube_medallion_pipeline.py
[2026-07-27T08:47:32.717+0000] {logging_mixin.py:190} INFO - [2026-07-27T08:47:32.717+0000] {dag.py:3239} INFO - Sync 1 DAGs
[2026-07-27T08:47:33.491+0000] {logging_mixin.py:190} INFO - [2026-07-27T08:47:33.490+0000] {dag.py:4180} INFO - Setting next_dagrun for youtube_medallion_pipeline to None, run_after=None
[2026-07-27T08:47:33.615+0000] {processor.py:208} INFO - Processing /opt/airflow/dags/youtube_medallion_pipeline.py took 1.608 seconds
[2026-07-27T08:48:03.770+0000] {processor.py:186} INFO - Started process (PID=1734) to work on /opt/airflow/dags/youtube_medallion_pipeline.py
[2026-07-27T08:48:03.772+0000] {processor.py:914} INFO - Processing file /opt/airflow/dags/youtube_medallion_pipeline.py for tasks to queue
[2026-07-27T08:48:03.778+0000] {logging_mixin.py:190} INFO - [2026-07-27T08:48:03.778+0000] {dagbag.py:588} INFO - Filling up the DagBag from /opt/airflow/dags/youtube_medallion_pipeline.py
[2026-07-27T08:48:03.825+0000] {processor.py:925} INFO - DAG(s) 'youtube_medallion_pipeline' retrieved from /opt/airflow/dags/youtube_medallion_pipeline.py
[2026-07-27T08:48:03.952+0000] {logging_mixin.py:190} INFO - [2026-07-27T08:48:03.951+0000] {dag.py:3239} INFO - Sync 1 DAGs
[2026-07-27T08:48:03.983+0000] {logging_mixin.py:190} INFO - [2026-07-27T08:48:03.983+0000] {dag.py:4180} INFO - Setting next_dagrun for youtube_medallion_pipeline to None, run_after=None
[2026-07-27T08:48:04.022+0000] {processor.py:208} INFO - Processing /opt/airflow/dags/youtube_medallion_pipeline.py took 0.264 seconds
[2026-07-27T08:48:42.750+0000] {processor.py:186} INFO - Started process (PID=1739) to work on /opt/airflow/dags/youtube_medallion_pipeline.py
[2026-07-27T08:48:43.014+0000] {processor.py:914} INFO - Processing file /opt/airflow/dags/youtube_medallion_pipeline.py for tasks to queue
[2026-07-27T08:48:43.297+0000] {logging_mixin.py:190} INFO - [2026-07-27T08:48:43.294+0000] {dagbag.py:588} INFO - Filling up the DagBag from /opt/airflow/dags/youtube_medallion_pipeline.py
[2026-07-27T08:48:43.430+0000] {processor.py:925} INFO - DAG(s) 'youtube_medallion_pipeline' retrieved from /opt/airflow/dags/youtube_medallion_pipeline.py
[2026-07-27T08:48:43.538+0000] {logging_mixin.py:190} INFO - [2026-07-27T08:48:43.538+0000] {dag.py:3239} INFO - Sync 1 DAGs
[2026-07-27T08:48:43.576+0000] {logging_mixin.py:190} INFO - [2026-07-27T08:48:43.575+0000] {dag.py:4180} INFO - Setting next_dagrun for youtube_medallion_pipeline to None, run_after=None
[2026-07-27T08:48:43.622+0000] {processor.py:208} INFO - Processing /opt/airflow/dags/youtube_medallion_pipeline.py took 2.916 seconds
[2026-07-27T08:49:13.966+0000] {processor.py:186} INFO - Started process (PID=1744) to work on /opt/airflow/dags/youtube_medallion_pipeline.py
[2026-07-27T08:49:13.969+0000] {processor.py:914} INFO - Processing file /opt/airflow/dags/youtube_medallion_pipeline.py for tasks to queue
[2026-07-27T08:49:13.974+0000] {logging_mixin.py:190} INFO - [2026-07-27T08:49:13.973+0000] {dagbag.py:588} INFO - Filling up the DagBag from /opt/airflow/dags/youtube_medallion_pipeline.py
[2026-07-27T08:49:14.002+0000] {processor.py:925} INFO - DAG(s) 'youtube_medallion_pipeline' retrieved from /opt/airflow/dags/youtube_medallion_pipeline.py
[2026-07-27T08:49:14.049+0000] {logging_mixin.py:190} INFO - [2026-07-27T08:49:14.048+0000] {dag.py:3239} INFO - Sync 1 DAGs
[2026-07-27T08:49:14.071+0000] {logging_mixin.py:190} INFO - [2026-07-27T08:49:14.071+0000] {dag.py:4180} INFO - Setting next_dagrun for youtube_medallion_pipeline to None, run_after=None
[2026-07-27T08:49:14.102+0000] {processor.py:208} INFO - Processing /opt/airflow/dags/youtube_medallion_pipeline.py took 0.150 seconds
[2026-07-27T08:49:44.378+0000] {processor.py:186} INFO - Started process (PID=1749) to work on /opt/airflow/dags/youtube_medallion_pipeline.py
[2026-07-27T08:49:44.382+0000] {processor.py:914} INFO - Processing file /opt/airflow/dags/youtube_medallion_pipeline.py for tasks to queue
[2026-07-27T08:49:44.394+0000] {logging_mixin.py:190} INFO - [2026-07-27T08:49:44.393+0000] {dagbag.py:588} INFO - Filling up the DagBag from /opt/airflow/dags/youtube_medallion_pipeline.py
[2026-07-27T08:49:44.521+0000] {processor.py:925} INFO - DAG(s) 'youtube_medallion_pipeline' retrieved from /opt/airflow/dags/youtube_medallion_pipeline.py
[2026-07-27T08:49:44.725+0000] {logging_mixin.py:190} INFO - [2026-07-27T08:49:44.725+0000] {dag.py:3239} INFO - Sync 1 DAGs
[2026-07-27T08:49:44.886+0000] {logging_mixin.py:190} INFO - [2026-07-27T08:49:44.885+0000] {dag.py:4180} INFO - Setting next_dagrun for youtube_medallion_pipeline to None, run_after=None
[2026-07-27T08:49:44.964+0000] {processor.py:208} INFO - Processing /opt/airflow/dags/youtube_medallion_pipeline.py took 0.610 seconds
[2026-07-27T08:50:15.354+0000] {processor.py:186} INFO - Started process (PID=1754) to work on /opt/airflow/dags/youtube_medallion_pipeline.py
[2026-07-27T08:50:15.356+0000] {processor.py:914} INFO - Processing file /opt/airflow/dags/youtube_medallion_pipeline.py for tasks to queue
[2026-07-27T08:50:15.395+0000] {logging_mixin.py:190} INFO - [2026-07-27T08:50:15.389+0000] {dagbag.py:588} INFO - Filling up the DagBag from /opt/airflow/dags/youtube_medallion_pipeline.py
[2026-07-27T08:50:15.512+0000] {processor.py:925} INFO - DAG(s) 'youtube_medallion_pipeline' retrieved from /opt/airflow/dags/youtube_medallion_pipeline.py
[2026-07-27T08:50:15.610+0000] {logging_mixin.py:190} INFO - [2026-07-27T08:50:15.609+0000] {dag.py:3239} INFO - Sync 1 DAGs
[2026-07-27T08:50:15.646+0000] {logging_mixin.py:190} INFO - [2026-07-27T08:50:15.645+0000] {dag.py:4180} INFO - Setting next_dagrun for youtube_medallion_pipeline to None, run_after=None
[2026-07-27T08:50:15.690+0000] {processor.py:208} INFO - Processing /opt/airflow/dags/youtube_medallion_pipeline.py took 0.344 seconds
[2026-07-27T08:50:46.159+0000] {processor.py:186} INFO - Started process (PID=1759) to work on /opt/airflow/dags/youtube_medallion_pipeline.py
[2026-07-27T08:50:46.162+0000] {processor.py:914} INFO - Processing file /opt/airflow/dags/youtube_medallion_pipeline.py for tasks to queue
[2026-07-27T08:50:46.190+0000] {logging_mixin.py:190} INFO - [2026-07-27T08:50:46.186+0000] {dagbag.py:588} INFO - Filling up the DagBag from /opt/airflow/dags/youtube_medallion_pipeline.py
[2026-07-27T08:50:46.318+0000] {processor.py:925} INFO - DAG(s) 'youtube_medallion_pipeline' retrieved from /opt/airflow/dags/youtube_medallion_pipeline.py
[2026-07-27T08:50:46.499+0000] {logging_mixin.py:190} INFO - [2026-07-27T08:50:46.499+0000] {dag.py:3239} INFO - Sync 1 DAGs
[2026-07-27T08:50:46.545+0000] {logging_mixin.py:190} INFO - [2026-07-27T08:50:46.544+0000] {dag.py:4180} INFO - Setting next_dagrun for youtube_medallion_pipeline to None, run_after=None
[2026-07-27T08:50:46.593+0000] {processor.py:208} INFO - Processing /opt/airflow/dags/youtube_medallion_pipeline.py took 0.488 seconds
[2026-07-27T08:51:16.890+0000] {processor.py:186} INFO - Started process (PID=1764) to work on /opt/airflow/dags/youtube_medallion_pipeline.py
[2026-07-27T08:51:16.892+0000] {processor.py:914} INFO - Processing file /opt/airflow/dags/youtube_medallion_pipeline.py for tasks to queue
[2026-07-27T08:51:16.897+0000] {logging_mixin.py:190} INFO - [2026-07-27T08:51:16.896+0000] {dagbag.py:588} INFO - Filling up the DagBag from /opt/airflow/dags/youtube_medallion_pipeline.py
[2026-07-27T08:51:16.929+0000] {processor.py:925} INFO - DAG(s) 'youtube_medallion_pipeline' retrieved from /opt/airflow/dags/youtube_medallion_pipeline.py
[2026-07-27T08:51:16.989+0000] {logging_mixin.py:190} INFO - [2026-07-27T08:51:16.988+0000] {dag.py:3239} INFO - Sync 1 DAGs
[2026-07-27T08:51:17.019+0000] {logging_mixin.py:190} INFO - [2026-07-27T08:51:17.019+0000] {dag.py:4180} INFO - Setting next_dagrun for youtube_medallion_pipeline to None, run_after=None
[2026-07-27T08:51:17.054+0000] {processor.py:208} INFO - Processing /opt/airflow/dags/youtube_medallion_pipeline.py took 0.172 seconds
[2026-07-27T08:51:47.525+0000] {processor.py:186} INFO - Started process (PID=1769) to work on /opt/airflow/dags/youtube_medallion_pipeline.py
[2026-07-27T08:51:47.534+0000] {processor.py:914} INFO - Processing file /opt/airflow/dags/youtube_medallion_pipeline.py for tasks to queue
[2026-07-27T08:51:47.591+0000] {logging_mixin.py:190} INFO - [2026-07-27T08:51:47.585+0000] {dagbag.py:588} INFO - Filling up the DagBag from /opt/airflow/dags/youtube_medallion_pipeline.py
[2026-07-27T08:51:47.818+0000] {processor.py:925} INFO - DAG(s) 'youtube_medallion_pipeline' retrieved from /opt/airflow/dags/youtube_medallion_pipeline.py
[2026-07-27T08:51:48.278+0000] {logging_mixin.py:190} INFO - [2026-07-27T08:51:48.277+0000] {dag.py:3239} INFO - Sync 1 DAGs
[2026-07-27T08:51:48.428+0000] {logging_mixin.py:190} INFO - [2026-07-27T08:51:48.428+0000] {dag.py:4180} INFO - Setting next_dagrun for youtube_medallion_pipeline to None, run_after=None
[2026-07-27T08:51:48.551+0000] {processor.py:208} INFO - Processing /opt/airflow/dags/youtube_medallion_pipeline.py took 1.123 seconds
[2026-07-27T08:52:18.834+0000] {processor.py:186} INFO - Started process (PID=1774) to work on /opt/airflow/dags/youtube_medallion_pipeline.py
[2026-07-27T08:52:18.843+0000] {processor.py:914} INFO - Processing file /opt/airflow/dags/youtube_medallion_pipeline.py for tasks to queue
[2026-07-27T08:52:18.866+0000] {logging_mixin.py:190} INFO - [2026-07-27T08:52:18.862+0000] {dagbag.py:588} INFO - Filling up the DagBag from /opt/airflow/dags/youtube_medallion_pipeline.py
[2026-07-27T08:52:18.931+0000] {processor.py:925} INFO - DAG(s) 'youtube_medallion_pipeline' retrieved from /opt/airflow/dags/youtube_medallion_pipeline.py
[2026-07-27T08:52:18.991+0000] {logging_mixin.py:190} INFO - [2026-07-27T08:52:18.991+0000] {dag.py:3239} INFO - Sync 1 DAGs
[2026-07-27T08:52:19.027+0000] {logging_mixin.py:190} INFO - [2026-07-27T08:52:19.027+0000] {dag.py:4180} INFO - Setting next_dagrun for youtube_medallion_pipeline to None, run_after=None
[2026-07-27T08:52:19.086+0000] {processor.py:208} INFO - Processing /opt/airflow/dags/youtube_medallion_pipeline.py took 0.267 seconds
[2026-07-27T08:52:49.385+0000] {processor.py:186} INFO - Started process (PID=1779) to work on /opt/airflow/dags/youtube_medallion_pipeline.py
[2026-07-27T08:52:49.388+0000] {processor.py:914} INFO - Processing file /opt/airflow/dags/youtube_medallion_pipeline.py for tasks to queue
[2026-07-27T08:52:49.417+0000] {logging_mixin.py:190} INFO - [2026-07-27T08:52:49.410+0000] {dagbag.py:588} INFO - Filling up the DagBag from /opt/airflow/dags/youtube_medallion_pipeline.py
[2026-07-27T08:52:49.518+0000] {processor.py:925} INFO - DAG(s) 'youtube_medallion_pipeline' retrieved from /opt/airflow/dags/youtube_medallion_pipeline.py
[2026-07-27T08:52:49.683+0000] {logging_mixin.py:190} INFO - [2026-07-27T08:52:49.683+0000] {dag.py:3239} INFO - Sync 1 DAGs
[2026-07-27T08:52:49.761+0000] {logging_mixin.py:190} INFO - [2026-07-27T08:52:49.761+0000] {dag.py:4180} INFO - Setting next_dagrun for youtube_medallion_pipeline to None, run_after=None
[2026-07-27T08:52:49.828+0000] {processor.py:208} INFO - Processing /opt/airflow/dags/youtube_medallion_pipeline.py took 0.480 seconds
[2026-07-27T08:53:20.142+0000] {processor.py:186} INFO - Started process (PID=1784) to work on /opt/airflow/dags/youtube_medallion_pipeline.py
[2026-07-27T08:53:20.147+0000] {processor.py:914} INFO - Processing file /opt/airflow/dags/youtube_medallion_pipeline.py for tasks to queue
[2026-07-27T08:53:20.166+0000] {logging_mixin.py:190} INFO - [2026-07-27T08:53:20.164+0000] {dagbag.py:588} INFO - Filling up the DagBag from /opt/airflow/dags/youtube_medallion_pipeline.py
[2026-07-27T08:53:20.243+0000] {processor.py:925} INFO - DAG(s) 'youtube_medallion_pipeline' retrieved from /opt/airflow/dags/youtube_medallion_pipeline.py
[2026-07-27T08:53:20.317+0000] {logging_mixin.py:190} INFO - [2026-07-27T08:53:20.316+0000] {dag.py:3239} INFO - Sync 1 DAGs
[2026-07-27T08:53:20.379+0000] {logging_mixin.py:190} INFO - [2026-07-27T08:53:20.379+0000] {dag.py:4180} INFO - Setting next_dagrun for youtube_medallion_pipeline to None, run_after=None
[2026-07-27T08:53:20.418+0000] {processor.py:208} INFO - Processing /opt/airflow/dags/youtube_medallion_pipeline.py took 0.290 seconds
[2026-07-27T08:53:50.798+0000] {processor.py:186} INFO - Started process (PID=1789) to work on /opt/airflow/dags/youtube_medallion_pipeline.py
[2026-07-27T08:53:50.800+0000] {processor.py:914} INFO - Processing file /opt/airflow/dags/youtube_medallion_pipeline.py for tasks to queue
[2026-07-27T08:53:50.805+0000] {logging_mixin.py:190} INFO - [2026-07-27T08:53:50.804+0000] {dagbag.py:588} INFO - Filling up the DagBag from /opt/airflow/dags/youtube_medallion_pipeline.py
[2026-07-27T08:53:50.834+0000] {processor.py:925} INFO - DAG(s) 'youtube_medallion_pipeline' retrieved from /opt/airflow/dags/youtube_medallion_pipeline.py
[2026-07-27T08:53:50.880+0000] {logging_mixin.py:190} INFO - [2026-07-27T08:53:50.879+0000] {dag.py:3239} INFO - Sync 1 DAGs
[2026-07-27T08:53:50.901+0000] {logging_mixin.py:190} INFO - [2026-07-27T08:53:50.900+0000] {dag.py:4180} INFO - Setting next_dagrun for youtube_medallion_pipeline to None, run_after=None
[2026-07-27T08:53:50.932+0000] {processor.py:208} INFO - Processing /opt/airflow/dags/youtube_medallion_pipeline.py took 0.142 seconds
[2026-07-27T08:54:21.075+0000] {processor.py:186} INFO - Started process (PID=1794) to work on /opt/airflow/dags/youtube_medallion_pipeline.py
[2026-07-27T08:54:21.078+0000] {processor.py:914} INFO - Processing file /opt/airflow/dags/youtube_medallion_pipeline.py for tasks to queue
[2026-07-27T08:54:21.082+0000] {logging_mixin.py:190} INFO - [2026-07-27T08:54:21.081+0000] {dagbag.py:588} INFO - Filling up the DagBag from /opt/airflow/dags/youtube_medallion_pipeline.py
[2026-07-27T08:54:21.105+0000] {processor.py:925} INFO - DAG(s) 'youtube_medallion_pipeline' retrieved from /opt/airflow/dags/youtube_medallion_pipeline.py
[2026-07-27T08:54:21.206+0000] {logging_mixin.py:190} INFO - [2026-07-27T08:54:21.205+0000] {dag.py:3239} INFO - Sync 1 DAGs
[2026-07-27T08:54:21.286+0000] {logging_mixin.py:190} INFO - [2026-07-27T08:54:21.286+0000] {dag.py:4180} INFO - Setting next_dagrun for youtube_medallion_pipeline to None, run_after=None
[2026-07-27T08:54:21.363+0000] {processor.py:208} INFO - Processing /opt/airflow/dags/youtube_medallion_pipeline.py took 0.295 seconds
[2026-07-27T08:54:51.482+0000] {processor.py:186} INFO - Started process (PID=1799) to work on /opt/airflow/dags/youtube_medallion_pipeline.py
[2026-07-27T08:54:51.484+0000] {processor.py:914} INFO - Processing file /opt/airflow/dags/youtube_medallion_pipeline.py for tasks to queue
[2026-07-27T08:54:51.489+0000] {logging_mixin.py:190} INFO - [2026-07-27T08:54:51.488+0000] {dagbag.py:588} INFO - Filling up the DagBag from /opt/airflow/dags/youtube_medallion_pipeline.py
[2026-07-27T08:54:51.514+0000] {processor.py:925} INFO - DAG(s) 'youtube_medallion_pipeline' retrieved from /opt/airflow/dags/youtube_medallion_pipeline.py
[2026-07-27T08:54:51.560+0000] {logging_mixin.py:190} INFO - [2026-07-27T08:54:51.560+0000] {dag.py:3239} INFO - Sync 1 DAGs
[2026-07-27T08:54:51.609+0000] {logging_mixin.py:190} INFO - [2026-07-27T08:54:51.609+0000] {dag.py:4180} INFO - Setting next_dagrun for youtube_medallion_pipeline to None, run_after=None
[2026-07-27T08:54:51.635+0000] {processor.py:208} INFO - Processing /opt/airflow/dags/youtube_medallion_pipeline.py took 0.160 seconds
[2026-07-27T08:55:21.909+0000] {processor.py:186} INFO - Started process (PID=1804) to work on /opt/airflow/dags/youtube_medallion_pipeline.py
[2026-07-27T08:55:21.911+0000] {processor.py:914} INFO - Processing file /opt/airflow/dags/youtube_medallion_pipeline.py for tasks to queue
[2026-07-27T08:55:21.915+0000] {logging_mixin.py:190} INFO - [2026-07-27T08:55:21.915+0000] {dagbag.py:588} INFO - Filling up the DagBag from /opt/airflow/dags/youtube_medallion_pipeline.py
[2026-07-27T08:55:21.942+0000] {processor.py:925} INFO - DAG(s) 'youtube_medallion_pipeline' retrieved from /opt/airflow/dags/youtube_medallion_pipeline.py
[2026-07-27T08:55:21.995+0000] {logging_mixin.py:190} INFO - [2026-07-27T08:55:21.995+0000] {dag.py:3239} INFO - Sync 1 DAGs
[2026-07-27T08:55:22.019+0000] {logging_mixin.py:190} INFO - [2026-07-27T08:55:22.019+0000] {dag.py:4180} INFO - Setting next_dagrun for youtube_medallion_pipeline to None, run_after=None
[2026-07-27T08:55:22.050+0000] {processor.py:208} INFO - Processing /opt/airflow/dags/youtube_medallion_pipeline.py took 0.148 seconds
[2026-07-27T08:55:52.208+0000] {processor.py:186} INFO - Started process (PID=1809) to work on /opt/airflow/dags/youtube_medallion_pipeline.py
[2026-07-27T08:55:52.210+0000] {processor.py:914} INFO - Processing file /opt/airflow/dags/youtube_medallion_pipeline.py for tasks to queue
[2026-07-27T08:55:52.217+0000] {logging_mixin.py:190} INFO - [2026-07-27T08:55:52.216+0000] {dagbag.py:588} INFO - Filling up the DagBag from /opt/airflow/dags/youtube_medallion_pipeline.py
[2026-07-27T08:55:52.248+0000] {processor.py:925} INFO - DAG(s) 'youtube_medallion_pipeline' retrieved from /opt/airflow/dags/youtube_medallion_pipeline.py
[2026-07-27T08:55:52.301+0000] {logging_mixin.py:190} INFO - [2026-07-27T08:55:52.300+0000] {dag.py:3239} INFO - Sync 1 DAGs
[2026-07-27T08:55:52.321+0000] {logging_mixin.py:190} INFO - [2026-07-27T08:55:52.321+0000] {dag.py:4180} INFO - Setting next_dagrun for youtube_medallion_pipeline to None, run_after=None
[2026-07-27T08:55:52.355+0000] {processor.py:208} INFO - Processing /opt/airflow/dags/youtube_medallion_pipeline.py took 0.160 seconds
[2026-07-27T08:56:22.708+0000] {processor.py:186} INFO - Started process (PID=1814) to work on /opt/airflow/dags/youtube_medallion_pipeline.py
[2026-07-27T08:56:22.714+0000] {processor.py:914} INFO - Processing file /opt/airflow/dags/youtube_medallion_pipeline.py for tasks to queue
[2026-07-27T08:56:22.735+0000] {logging_mixin.py:190} INFO - [2026-07-27T08:56:22.732+0000] {dagbag.py:588} INFO - Filling up the DagBag from /opt/airflow/dags/youtube_medallion_pipeline.py
[2026-07-27T08:56:22.815+0000] {processor.py:925} INFO - DAG(s) 'youtube_medallion_pipeline' retrieved from /opt/airflow/dags/youtube_medallion_pipeline.py
[2026-07-27T08:56:22.937+0000] {logging_mixin.py:190} INFO - [2026-07-27T08:56:22.936+0000] {dag.py:3239} INFO - Sync 1 DAGs
[2026-07-27T08:56:22.995+0000] {logging_mixin.py:190} INFO - [2026-07-27T08:56:22.995+0000] {dag.py:4180} INFO - Setting next_dagrun for youtube_medallion_pipeline to None, run_after=None
[2026-07-27T08:56:23.057+0000] {processor.py:208} INFO - Processing /opt/airflow/dags/youtube_medallion_pipeline.py took 0.398 seconds
[2026-07-27T08:56:53.489+0000] {processor.py:186} INFO - Started process (PID=1819) to work on /opt/airflow/dags/youtube_medallion_pipeline.py
[2026-07-27T08:56:53.491+0000] {processor.py:914} INFO - Processing file /opt/airflow/dags/youtube_medallion_pipeline.py for tasks to queue
[2026-07-27T08:56:53.502+0000] {logging_mixin.py:190} INFO - [2026-07-27T08:56:53.501+0000] {dagbag.py:588} INFO - Filling up the DagBag from /opt/airflow/dags/youtube_medallion_pipeline.py
[2026-07-27T08:56:53.568+0000] {processor.py:925} INFO - DAG(s) 'youtube_medallion_pipeline' retrieved from /opt/airflow/dags/youtube_medallion_pipeline.py
[2026-07-27T08:56:53.744+0000] {logging_mixin.py:190} INFO - [2026-07-27T08:56:53.744+0000] {dag.py:3239} INFO - Sync 1 DAGs
[2026-07-27T08:56:53.823+0000] {logging_mixin.py:190} INFO - [2026-07-27T08:56:53.823+0000] {dag.py:4180} INFO - Setting next_dagrun for youtube_medallion_pipeline to None, run_after=None
[2026-07-27T08:56:53.894+0000] {processor.py:208} INFO - Processing /opt/airflow/dags/youtube_medallion_pipeline.py took 0.452 seconds
[2026-07-27T08:57:24.349+0000] {processor.py:186} INFO - Started process (PID=1824) to work on /opt/airflow/dags/youtube_medallion_pipeline.py
[2026-07-27T08:57:24.352+0000] {processor.py:914} INFO - Processing file /opt/airflow/dags/youtube_medallion_pipeline.py for tasks to queue
[2026-07-27T08:57:24.356+0000] {logging_mixin.py:190} INFO - [2026-07-27T08:57:24.355+0000] {dagbag.py:588} INFO - Filling up the DagBag from /opt/airflow/dags/youtube_medallion_pipeline.py
[2026-07-27T08:57:24.383+0000] {processor.py:925} INFO - DAG(s) 'youtube_medallion_pipeline' retrieved from /opt/airflow/dags/youtube_medallion_pipeline.py
[2026-07-27T08:57:24.436+0000] {logging_mixin.py:190} INFO - [2026-07-27T08:57:24.435+0000] {dag.py:3239} INFO - Sync 1 DAGs
[2026-07-27T08:57:24.460+0000] {logging_mixin.py:190} INFO - [2026-07-27T08:57:24.460+0000] {dag.py:4180} INFO - Setting next_dagrun for youtube_medallion_pipeline to None, run_after=None
[2026-07-27T08:57:24.489+0000] {processor.py:208} INFO - Processing /opt/airflow/dags/youtube_medallion_pipeline.py took 0.148 seconds
[2026-07-27T08:57:54.911+0000] {processor.py:186} INFO - Started process (PID=1829) to work on /opt/airflow/dags/youtube_medallion_pipeline.py
[2026-07-27T08:57:54.917+0000] {processor.py:914} INFO - Processing file /opt/airflow/dags/youtube_medallion_pipeline.py for tasks to queue
[2026-07-27T08:57:54.938+0000] {logging_mixin.py:190} INFO - [2026-07-27T08:57:54.935+0000] {dagbag.py:588} INFO - Filling up the DagBag from /opt/airflow/dags/youtube_medallion_pipeline.py
[2026-07-27T08:57:55.034+0000] {processor.py:925} INFO - DAG(s) 'youtube_medallion_pipeline' retrieved from /opt/airflow/dags/youtube_medallion_pipeline.py
[2026-07-27T08:57:55.197+0000] {logging_mixin.py:190} INFO - [2026-07-27T08:57:55.196+0000] {dag.py:3239} INFO - Sync 1 DAGs
[2026-07-27T08:57:55.272+0000] {logging_mixin.py:190} INFO - [2026-07-27T08:57:55.271+0000] {dag.py:4180} INFO - Setting next_dagrun for youtube_medallion_pipeline to None, run_after=None
[2026-07-27T08:57:55.344+0000] {processor.py:208} INFO - Processing /opt/airflow/dags/youtube_medallion_pipeline.py took 0.488 seconds
[2026-07-27T08:58:25.663+0000] {processor.py:186} INFO - Started process (PID=1834) to work on /opt/airflow/dags/youtube_medallion_pipeline.py
[2026-07-27T08:58:25.665+0000] {processor.py:914} INFO - Processing file /opt/airflow/dags/youtube_medallion_pipeline.py for tasks to queue
[2026-07-27T08:58:25.674+0000] {logging_mixin.py:190} INFO - [2026-07-27T08:58:25.673+0000] {dagbag.py:588} INFO - Filling up the DagBag from /opt/airflow/dags/youtube_medallion_pipeline.py
[2026-07-27T08:58:25.703+0000] {processor.py:925} INFO - DAG(s) 'youtube_medallion_pipeline' retrieved from /opt/airflow/dags/youtube_medallion_pipeline.py
[2026-07-27T08:58:25.758+0000] {logging_mixin.py:190} INFO - [2026-07-27T08:58:25.758+0000] {dag.py:3239} INFO - Sync 1 DAGs
[2026-07-27T08:58:25.780+0000] {logging_mixin.py:190} INFO - [2026-07-27T08:58:25.780+0000] {dag.py:4180} INFO - Setting next_dagrun for youtube_medallion_pipeline to None, run_after=None
[2026-07-27T08:58:25.812+0000] {processor.py:208} INFO - Processing /opt/airflow/dags/youtube_medallion_pipeline.py took 0.166 seconds
[2026-07-27T08:58:55.905+0000] {processor.py:186} INFO - Started process (PID=1839) to work on /opt/airflow/dags/youtube_medallion_pipeline.py
[2026-07-27T08:58:55.907+0000] {processor.py:914} INFO - Processing file /opt/airflow/dags/youtube_medallion_pipeline.py for tasks to queue
[2026-07-27T08:58:55.911+0000] {logging_mixin.py:190} INFO - [2026-07-27T08:58:55.910+0000] {dagbag.py:588} INFO - Filling up the DagBag from /opt/airflow/dags/youtube_medallion_pipeline.py
[2026-07-27T08:58:55.937+0000] {processor.py:925} INFO - DAG(s) 'youtube_medallion_pipeline' retrieved from /opt/airflow/dags/youtube_medallion_pipeline.py
[2026-07-27T08:58:55.981+0000] {logging_mixin.py:190} INFO - [2026-07-27T08:58:55.980+0000] {dag.py:3239} INFO - Sync 1 DAGs
[2026-07-27T08:58:56.001+0000] {logging_mixin.py:190} INFO - [2026-07-27T08:58:56.001+0000] {dag.py:4180} INFO - Setting next_dagrun for youtube_medallion_pipeline to None, run_after=None
[2026-07-27T08:58:56.031+0000] {processor.py:208} INFO - Processing /opt/airflow/dags/youtube_medallion_pipeline.py took 0.136 seconds
[2026-07-27T08:59:26.144+0000] {processor.py:186} INFO - Started process (PID=1844) to work on /opt/airflow/dags/youtube_medallion_pipeline.py
[2026-07-27T08:59:26.146+0000] {processor.py:914} INFO - Processing file /opt/airflow/dags/youtube_medallion_pipeline.py for tasks to queue
[2026-07-27T08:59:26.150+0000] {logging_mixin.py:190} INFO - [2026-07-27T08:59:26.150+0000] {dagbag.py:588} INFO - Filling up the DagBag from /opt/airflow/dags/youtube_medallion_pipeline.py
[2026-07-27T08:59:26.173+0000] {processor.py:925} INFO - DAG(s) 'youtube_medallion_pipeline' retrieved from /opt/airflow/dags/youtube_medallion_pipeline.py
[2026-07-27T08:59:26.215+0000] {logging_mixin.py:190} INFO - [2026-07-27T08:59:26.215+0000] {dag.py:3239} INFO - Sync 1 DAGs
[2026-07-27T08:59:26.235+0000] {logging_mixin.py:190} INFO - [2026-07-27T08:59:26.235+0000] {dag.py:4180} INFO - Setting next_dagrun for youtube_medallion_pipeline to None, run_after=None
[2026-07-27T08:59:26.264+0000] {processor.py:208} INFO - Processing /opt/airflow/dags/youtube_medallion_pipeline.py took 0.128 seconds
[2026-07-27T08:59:56.560+0000] {processor.py:186} INFO - Started process (PID=1849) to work on /opt/airflow/dags/youtube_medallion_pipeline.py
[2026-07-27T08:59:56.562+0000] {processor.py:914} INFO - Processing file /opt/airflow/dags/youtube_medallion_pipeline.py for tasks to queue
[2026-07-27T08:59:56.566+0000] {logging_mixin.py:190} INFO - [2026-07-27T08:59:56.566+0000] {dagbag.py:588} INFO - Filling up the DagBag from /opt/airflow/dags/youtube_medallion_pipeline.py
[2026-07-27T08:59:56.590+0000] {processor.py:925} INFO - DAG(s) 'youtube_medallion_pipeline' retrieved from /opt/airflow/dags/youtube_medallion_pipeline.py
[2026-07-27T08:59:56.704+0000] {logging_mixin.py:190} INFO - [2026-07-27T08:59:56.703+0000] {dag.py:3239} INFO - Sync 1 DAGs
[2026-07-27T08:59:56.776+0000] {logging_mixin.py:190} INFO - [2026-07-27T08:59:56.776+0000] {dag.py:4180} INFO - Setting next_dagrun for youtube_medallion_pipeline to None, run_after=None
[2026-07-27T08:59:56.818+0000] {processor.py:208} INFO - Processing /opt/airflow/dags/youtube_medallion_pipeline.py took 0.266 seconds
[2026-07-27T09:00:27.295+0000] {processor.py:186} INFO - Started process (PID=1854) to work on /opt/airflow/dags/youtube_medallion_pipeline.py
[2026-07-27T09:00:27.299+0000] {processor.py:914} INFO - Processing file /opt/airflow/dags/youtube_medallion_pipeline.py for tasks to queue
[2026-07-27T09:00:27.309+0000] {logging_mixin.py:190} INFO - [2026-07-27T09:00:27.308+0000] {dagbag.py:588} INFO - Filling up the DagBag from /opt/airflow/dags/youtube_medallion_pipeline.py
[2026-07-27T09:00:27.385+0000] {processor.py:925} INFO - DAG(s) 'youtube_medallion_pipeline' retrieved from /opt/airflow/dags/youtube_medallion_pipeline.py
[2026-07-27T09:00:27.502+0000] {logging_mixin.py:190} INFO - [2026-07-27T09:00:27.502+0000] {dag.py:3239} INFO - Sync 1 DAGs
[2026-07-27T09:00:27.545+0000] {logging_mixin.py:190} INFO - [2026-07-27T09:00:27.545+0000] {dag.py:4180} INFO - Setting next_dagrun for youtube_medallion_pipeline to None, run_after=None
[2026-07-27T09:00:27.583+0000] {processor.py:208} INFO - Processing /opt/airflow/dags/youtube_medallion_pipeline.py took 0.327 seconds
[2026-07-27T09:00:58.149+0000] {processor.py:186} INFO - Started process (PID=1859) to work on /opt/airflow/dags/youtube_medallion_pipeline.py
[2026-07-27T09:00:58.155+0000] {processor.py:914} INFO - Processing file /opt/airflow/dags/youtube_medallion_pipeline.py for tasks to queue
[2026-07-27T09:00:58.208+0000] {logging_mixin.py:190} INFO - [2026-07-27T09:00:58.203+0000] {dagbag.py:588} INFO - Filling up the DagBag from /opt/airflow/dags/youtube_medallion_pipeline.py
[2026-07-27T09:00:58.308+0000] {processor.py:925} INFO - DAG(s) 'youtube_medallion_pipeline' retrieved from /opt/airflow/dags/youtube_medallion_pipeline.py
[2026-07-27T09:00:58.490+0000] {logging_mixin.py:190} INFO - [2026-07-27T09:00:58.490+0000] {dag.py:3239} INFO - Sync 1 DAGs
[2026-07-27T09:00:58.837+0000] {logging_mixin.py:190} INFO - [2026-07-27T09:00:58.837+0000] {dag.py:4180} INFO - Setting next_dagrun for youtube_medallion_pipeline to None, run_after=None
[2026-07-27T09:00:58.971+0000] {processor.py:208} INFO - Processing /opt/airflow/dags/youtube_medallion_pipeline.py took 0.887 seconds
[2026-07-27T09:01:29.384+0000] {processor.py:186} INFO - Started process (PID=1864) to work on /opt/airflow/dags/youtube_medallion_pipeline.py
[2026-07-27T09:01:29.388+0000] {processor.py:914} INFO - Processing file /opt/airflow/dags/youtube_medallion_pipeline.py for tasks to queue
[2026-07-27T09:01:29.397+0000] {logging_mixin.py:190} INFO - [2026-07-27T09:01:29.396+0000] {dagbag.py:588} INFO - Filling up the DagBag from /opt/airflow/dags/youtube_medallion_pipeline.py
[2026-07-27T09:01:29.447+0000] {processor.py:925} INFO - DAG(s) 'youtube_medallion_pipeline' retrieved from /opt/airflow/dags/youtube_medallion_pipeline.py
[2026-07-27T09:01:29.502+0000] {logging_mixin.py:190} INFO - [2026-07-27T09:01:29.501+0000] {dag.py:3239} INFO - Sync 1 DAGs
[2026-07-27T09:01:29.606+0000] {logging_mixin.py:190} INFO - [2026-07-27T09:01:29.605+0000] {dag.py:4180} INFO - Setting next_dagrun for youtube_medallion_pipeline to None, run_after=None
[2026-07-27T09:01:29.689+0000] {processor.py:208} INFO - Processing /opt/airflow/dags/youtube_medallion_pipeline.py took 0.332 seconds
[2026-07-27T09:02:00.179+0000] {processor.py:186} INFO - Started process (PID=1869) to work on /opt/airflow/dags/youtube_medallion_pipeline.py
[2026-07-27T09:02:00.183+0000] {processor.py:914} INFO - Processing file /opt/airflow/dags/youtube_medallion_pipeline.py for tasks to queue
[2026-07-27T09:02:00.201+0000] {logging_mixin.py:190} INFO - [2026-07-27T09:02:00.198+0000] {dagbag.py:588} INFO - Filling up the DagBag from /opt/airflow/dags/youtube_medallion_pipeline.py
[2026-07-27T09:02:00.287+0000] {processor.py:925} INFO - DAG(s) 'youtube_medallion_pipeline' retrieved from /opt/airflow/dags/youtube_medallion_pipeline.py
[2026-07-27T09:02:00.448+0000] {logging_mixin.py:190} INFO - [2026-07-27T09:02:00.447+0000] {dag.py:3239} INFO - Sync 1 DAGs
[2026-07-27T09:02:00.480+0000] {logging_mixin.py:190} INFO - [2026-07-27T09:02:00.480+0000] {dag.py:4180} INFO - Setting next_dagrun for youtube_medallion_pipeline to None, run_after=None
[2026-07-27T09:02:00.519+0000] {processor.py:208} INFO - Processing /opt/airflow/dags/youtube_medallion_pipeline.py took 0.359 seconds
[2026-07-27T09:02:31.167+0000] {processor.py:186} INFO - Started process (PID=1874) to work on /opt/airflow/dags/youtube_medallion_pipeline.py
[2026-07-27T09:02:31.178+0000] {processor.py:914} INFO - Processing file /opt/airflow/dags/youtube_medallion_pipeline.py for tasks to queue
[2026-07-27T09:02:31.225+0000] {logging_mixin.py:190} INFO - [2026-07-27T09:02:31.220+0000] {dagbag.py:588} INFO - Filling up the DagBag from /opt/airflow/dags/youtube_medallion_pipeline.py
[2026-07-27T09:02:31.436+0000] {processor.py:925} INFO - DAG(s) 'youtube_medallion_pipeline' retrieved from /opt/airflow/dags/youtube_medallion_pipeline.py
[2026-07-27T09:02:31.680+0000] {logging_mixin.py:190} INFO - [2026-07-27T09:02:31.679+0000] {dag.py:3239} INFO - Sync 1 DAGs
[2026-07-27T09:02:31.800+0000] {logging_mixin.py:190} INFO - [2026-07-27T09:02:31.799+0000] {dag.py:4180} INFO - Setting next_dagrun for youtube_medallion_pipeline to None, run_after=None
[2026-07-27T09:02:32.305+0000] {processor.py:208} INFO - Processing /opt/airflow/dags/youtube_medallion_pipeline.py took 1.231 seconds
[2026-07-27T09:03:03.419+0000] {processor.py:186} INFO - Started process (PID=1879) to work on /opt/airflow/dags/youtube_medallion_pipeline.py
[2026-07-27T09:03:03.434+0000] {processor.py:914} INFO - Processing file /opt/airflow/dags/youtube_medallion_pipeline.py for tasks to queue
[2026-07-27T09:03:03.482+0000] {logging_mixin.py:190} INFO - [2026-07-27T09:03:03.477+0000] {dagbag.py:588} INFO - Filling up the DagBag from /opt/airflow/dags/youtube_medallion_pipeline.py
[2026-07-27T09:03:03.636+0000] {processor.py:925} INFO - DAG(s) 'youtube_medallion_pipeline' retrieved from /opt/airflow/dags/youtube_medallion_pipeline.py
[2026-07-27T09:03:04.006+0000] {logging_mixin.py:190} INFO - [2026-07-27T09:03:04.006+0000] {dag.py:3239} INFO - Sync 1 DAGs
[2026-07-27T09:03:04.096+0000] {logging_mixin.py:190} INFO - [2026-07-27T09:03:04.096+0000] {dag.py:4180} INFO - Setting next_dagrun for youtube_medallion_pipeline to None, run_after=None
[2026-07-27T09:03:04.136+0000] {processor.py:208} INFO - Processing /opt/airflow/dags/youtube_medallion_pipeline.py took 0.908 seconds
[2026-07-27T09:03:34.394+0000] {processor.py:186} INFO - Started process (PID=1884) to work on /opt/airflow/dags/youtube_medallion_pipeline.py
[2026-07-27T09:03:34.396+0000] {processor.py:914} INFO - Processing file /opt/airflow/dags/youtube_medallion_pipeline.py for tasks to queue
[2026-07-27T09:03:34.402+0000] {logging_mixin.py:190} INFO - [2026-07-27T09:03:34.401+0000] {dagbag.py:588} INFO - Filling up the DagBag from /opt/airflow/dags/youtube_medallion_pipeline.py
[2026-07-27T09:03:34.432+0000] {processor.py:925} INFO - DAG(s) 'youtube_medallion_pipeline' retrieved from /opt/airflow/dags/youtube_medallion_pipeline.py
[2026-07-27T09:03:34.559+0000] {logging_mixin.py:190} INFO - [2026-07-27T09:03:34.559+0000] {dag.py:3239} INFO - Sync 1 DAGs
[2026-07-27T09:03:34.643+0000] {logging_mixin.py:190} INFO - [2026-07-27T09:03:34.642+0000] {dag.py:4180} INFO - Setting next_dagrun for youtube_medallion_pipeline to None, run_after=None
[2026-07-27T09:03:34.756+0000] {processor.py:208} INFO - Processing /opt/airflow/dags/youtube_medallion_pipeline.py took 0.377 seconds
[2026-07-27T09:04:05.161+0000] {processor.py:186} INFO - Started process (PID=1889) to work on /opt/airflow/dags/youtube_medallion_pipeline.py
[2026-07-27T09:04:05.164+0000] {processor.py:914} INFO - Processing file /opt/airflow/dags/youtube_medallion_pipeline.py for tasks to queue
[2026-07-27T09:04:05.171+0000] {logging_mixin.py:190} INFO - [2026-07-27T09:04:05.170+0000] {dagbag.py:588} INFO - Filling up the DagBag from /opt/airflow/dags/youtube_medallion_pipeline.py
[2026-07-27T09:04:05.210+0000] {processor.py:925} INFO - DAG(s) 'youtube_medallion_pipeline' retrieved from /opt/airflow/dags/youtube_medallion_pipeline.py
[2026-07-27T09:04:05.271+0000] {logging_mixin.py:190} INFO - [2026-07-27T09:04:05.270+0000] {dag.py:3239} INFO - Sync 1 DAGs
[2026-07-27T09:04:05.313+0000] {logging_mixin.py:190} INFO - [2026-07-27T09:04:05.312+0000] {dag.py:4180} INFO - Setting next_dagrun for youtube_medallion_pipeline to None, run_after=None
[2026-07-27T09:04:05.390+0000] {processor.py:208} INFO - Processing /opt/airflow/dags/youtube_medallion_pipeline.py took 0.243 seconds
[2026-07-27T09:04:35.755+0000] {processor.py:186} INFO - Started process (PID=1894) to work on /opt/airflow/dags/youtube_medallion_pipeline.py
[2026-07-27T09:04:35.761+0000] {processor.py:914} INFO - Processing file /opt/airflow/dags/youtube_medallion_pipeline.py for tasks to queue
[2026-07-27T09:04:35.771+0000] {logging_mixin.py:190} INFO - [2026-07-27T09:04:35.770+0000] {dagbag.py:588} INFO - Filling up the DagBag from /opt/airflow/dags/youtube_medallion_pipeline.py
[2026-07-27T09:04:35.822+0000] {processor.py:925} INFO - DAG(s) 'youtube_medallion_pipeline' retrieved from /opt/airflow/dags/youtube_medallion_pipeline.py
[2026-07-27T09:04:35.884+0000] {logging_mixin.py:190} INFO - [2026-07-27T09:04:35.884+0000] {dag.py:3239} INFO - Sync 1 DAGs
[2026-07-27T09:04:35.909+0000] {logging_mixin.py:190} INFO - [2026-07-27T09:04:35.908+0000] {dag.py:4180} INFO - Setting next_dagrun for youtube_medallion_pipeline to None, run_after=None
[2026-07-27T09:04:35.946+0000] {processor.py:208} INFO - Processing /opt/airflow/dags/youtube_medallion_pipeline.py took 0.205 seconds
[2026-07-27T09:05:06.058+0000] {processor.py:186} INFO - Started process (PID=1899) to work on /opt/airflow/dags/youtube_medallion_pipeline.py
[2026-07-27T09:05:06.060+0000] {processor.py:914} INFO - Processing file /opt/airflow/dags/youtube_medallion_pipeline.py for tasks to queue
[2026-07-27T09:05:06.066+0000] {logging_mixin.py:190} INFO - [2026-07-27T09:05:06.065+0000] {dagbag.py:588} INFO - Filling up the DagBag from /opt/airflow/dags/youtube_medallion_pipeline.py
[2026-07-27T09:05:06.103+0000] {processor.py:925} INFO - DAG(s) 'youtube_medallion_pipeline' retrieved from /opt/airflow/dags/youtube_medallion_pipeline.py
[2026-07-27T09:05:06.195+0000] {logging_mixin.py:190} INFO - [2026-07-27T09:05:06.195+0000] {dag.py:3239} INFO - Sync 1 DAGs
[2026-07-27T09:05:06.235+0000] {logging_mixin.py:190} INFO - [2026-07-27T09:05:06.234+0000] {dag.py:4180} INFO - Setting next_dagrun for youtube_medallion_pipeline to None, run_after=None
[2026-07-27T09:05:06.289+0000] {processor.py:208} INFO - Processing /opt/airflow/dags/youtube_medallion_pipeline.py took 0.240 seconds
[2026-07-27T09:05:36.552+0000] {processor.py:186} INFO - Started process (PID=1904) to work on /opt/airflow/dags/youtube_medallion_pipeline.py
[2026-07-27T09:05:36.555+0000] {processor.py:914} INFO - Processing file /opt/airflow/dags/youtube_medallion_pipeline.py for tasks to queue
[2026-07-27T09:05:36.560+0000] {logging_mixin.py:190} INFO - [2026-07-27T09:05:36.559+0000] {dagbag.py:588} INFO - Filling up the DagBag from /opt/airflow/dags/youtube_medallion_pipeline.py
[2026-07-27T09:05:36.594+0000] {processor.py:925} INFO - DAG(s) 'youtube_medallion_pipeline' retrieved from /opt/airflow/dags/youtube_medallion_pipeline.py
[2026-07-27T09:05:36.665+0000] {logging_mixin.py:190} INFO - [2026-07-27T09:05:36.665+0000] {dag.py:3239} INFO - Sync 1 DAGs
[2026-07-27T09:05:36.742+0000] {logging_mixin.py:190} INFO - [2026-07-27T09:05:36.742+0000] {dag.py:4180} INFO - Setting next_dagrun for youtube_medallion_pipeline to None, run_after=None
[2026-07-27T09:05:36.795+0000] {processor.py:208} INFO - Processing /opt/airflow/dags/youtube_medallion_pipeline.py took 0.253 seconds
[2026-07-27T09:06:07.274+0000] {processor.py:186} INFO - Started process (PID=1909) to work on /opt/airflow/dags/youtube_medallion_pipeline.py
[2026-07-27T09:06:07.283+0000] {processor.py:914} INFO - Processing file /opt/airflow/dags/youtube_medallion_pipeline.py for tasks to queue
[2026-07-27T09:06:07.341+0000] {logging_mixin.py:190} INFO - [2026-07-27T09:06:07.331+0000] {dagbag.py:588} INFO - Filling up the DagBag from /opt/airflow/dags/youtube_medallion_pipeline.py
[2026-07-27T09:06:07.566+0000] {processor.py:925} INFO - DAG(s) 'youtube_medallion_pipeline' retrieved from /opt/airflow/dags/youtube_medallion_pipeline.py
[2026-07-27T09:06:07.820+0000] {logging_mixin.py:190} INFO - [2026-07-27T09:06:07.820+0000] {dag.py:3239} INFO - Sync 1 DAGs
[2026-07-27T09:06:08.019+0000] {logging_mixin.py:190} INFO - [2026-07-27T09:06:08.018+0000] {dag.py:4180} INFO - Setting next_dagrun for youtube_medallion_pipeline to None, run_after=None
[2026-07-27T09:06:08.108+0000] {processor.py:208} INFO - Processing /opt/airflow/dags/youtube_medallion_pipeline.py took 0.893 seconds
[2026-07-27T09:06:38.493+0000] {processor.py:186} INFO - Started process (PID=1914) to work on /opt/airflow/dags/youtube_medallion_pipeline.py
[2026-07-27T09:06:38.496+0000] {processor.py:914} INFO - Processing file /opt/airflow/dags/youtube_medallion_pipeline.py for tasks to queue
[2026-07-27T09:06:38.502+0000] {logging_mixin.py:190} INFO - [2026-07-27T09:06:38.502+0000] {dagbag.py:588} INFO - Filling up the DagBag from /opt/airflow/dags/youtube_medallion_pipeline.py
[2026-07-27T09:06:38.573+0000] {processor.py:925} INFO - DAG(s) 'youtube_medallion_pipeline' retrieved from /opt/airflow/dags/youtube_medallion_pipeline.py
[2026-07-27T09:06:38.637+0000] {logging_mixin.py:190} INFO - [2026-07-27T09:06:38.636+0000] {dag.py:3239} INFO - Sync 1 DAGs
[2026-07-27T09:06:38.666+0000] {logging_mixin.py:190} INFO - [2026-07-27T09:06:38.666+0000] {dag.py:4180} INFO - Setting next_dagrun for youtube_medallion_pipeline to None, run_after=None
[2026-07-27T09:06:38.705+0000] {processor.py:208} INFO - Processing /opt/airflow/dags/youtube_medallion_pipeline.py took 0.224 seconds
[2026-07-27T09:07:08.942+0000] {processor.py:186} INFO - Started process (PID=1919) to work on /opt/airflow/dags/youtube_medallion_pipeline.py
[2026-07-27T09:07:08.959+0000] {processor.py:914} INFO - Processing file /opt/airflow/dags/youtube_medallion_pipeline.py for tasks to queue
[2026-07-27T09:07:09.004+0000] {logging_mixin.py:190} INFO - [2026-07-27T09:07:09.001+0000] {dagbag.py:588} INFO - Filling up the DagBag from /opt/airflow/dags/youtube_medallion_pipeline.py
[2026-07-27T09:07:09.141+0000] {processor.py:925} INFO - DAG(s) 'youtube_medallion_pipeline' retrieved from /opt/airflow/dags/youtube_medallion_pipeline.py
[2026-07-27T09:07:09.297+0000] {logging_mixin.py:190} INFO - [2026-07-27T09:07:09.296+0000] {dag.py:3239} INFO - Sync 1 DAGs
[2026-07-27T09:07:09.350+0000] {logging_mixin.py:190} INFO - [2026-07-27T09:07:09.350+0000] {dag.py:4180} INFO - Setting next_dagrun for youtube_medallion_pipeline to None, run_after=None
[2026-07-27T09:07:09.417+0000] {processor.py:208} INFO - Processing /opt/airflow/dags/youtube_medallion_pipeline.py took 0.604 seconds
[2026-07-27T09:07:40.025+0000] {processor.py:186} INFO - Started process (PID=1924) to work on /opt/airflow/dags/youtube_medallion_pipeline.py
[2026-07-27T09:07:40.033+0000] {processor.py:914} INFO - Processing file /opt/airflow/dags/youtube_medallion_pipeline.py for tasks to queue
[2026-07-27T09:07:40.084+0000] {logging_mixin.py:190} INFO - [2026-07-27T09:07:40.077+0000] {dagbag.py:588} INFO - Filling up the DagBag from /opt/airflow/dags/youtube_medallion_pipeline.py
[2026-07-27T09:07:40.200+0000] {processor.py:925} INFO - DAG(s) 'youtube_medallion_pipeline' retrieved from /opt/airflow/dags/youtube_medallion_pipeline.py
[2026-07-27T09:07:40.360+0000] {logging_mixin.py:190} INFO - [2026-07-27T09:07:40.359+0000] {dag.py:3239} INFO - Sync 1 DAGs
[2026-07-27T09:07:40.428+0000] {logging_mixin.py:190} INFO - [2026-07-27T09:07:40.427+0000] {dag.py:4180} INFO - Setting next_dagrun for youtube_medallion_pipeline to None, run_after=None
[2026-07-27T09:07:40.503+0000] {processor.py:208} INFO - Processing /opt/airflow/dags/youtube_medallion_pipeline.py took 0.550 seconds
[2026-07-27T09:08:10.852+0000] {processor.py:186} INFO - Started process (PID=1929) to work on /opt/airflow/dags/youtube_medallion_pipeline.py
[2026-07-27T09:08:10.856+0000] {processor.py:914} INFO - Processing file /opt/airflow/dags/youtube_medallion_pipeline.py for tasks to queue
[2026-07-27T09:08:10.865+0000] {logging_mixin.py:190} INFO - [2026-07-27T09:08:10.863+0000] {dagbag.py:588} INFO - Filling up the DagBag from /opt/airflow/dags/youtube_medallion_pipeline.py
[2026-07-27T09:08:10.952+0000] {processor.py:925} INFO - DAG(s) 'youtube_medallion_pipeline' retrieved from /opt/airflow/dags/youtube_medallion_pipeline.py
[2026-07-27T09:08:11.104+0000] {logging_mixin.py:190} INFO - [2026-07-27T09:08:11.103+0000] {dag.py:3239} INFO - Sync 1 DAGs
[2026-07-27T09:08:11.202+0000] {logging_mixin.py:190} INFO - [2026-07-27T09:08:11.201+0000] {dag.py:4180} INFO - Setting next_dagrun for youtube_medallion_pipeline to None, run_after=None
[2026-07-27T09:08:11.301+0000] {processor.py:208} INFO - Processing /opt/airflow/dags/youtube_medallion_pipeline.py took 0.460 seconds
[2026-07-27T09:08:41.663+0000] {processor.py:186} INFO - Started process (PID=1934) to work on /opt/airflow/dags/youtube_medallion_pipeline.py
[2026-07-27T09:08:41.686+0000] {processor.py:914} INFO - Processing file /opt/airflow/dags/youtube_medallion_pipeline.py for tasks to queue
[2026-07-27T09:08:41.722+0000] {logging_mixin.py:190} INFO - [2026-07-27T09:08:41.719+0000] {dagbag.py:588} INFO - Filling up the DagBag from /opt/airflow/dags/youtube_medallion_pipeline.py
[2026-07-27T09:08:41.766+0000] {processor.py:925} INFO - DAG(s) 'youtube_medallion_pipeline' retrieved from /opt/airflow/dags/youtube_medallion_pipeline.py
[2026-07-27T09:08:41.919+0000] {logging_mixin.py:190} INFO - [2026-07-27T09:08:41.919+0000] {dag.py:3239} INFO - Sync 1 DAGs
[2026-07-27T09:08:41.994+0000] {logging_mixin.py:190} INFO - [2026-07-27T09:08:41.993+0000] {dag.py:4180} INFO - Setting next_dagrun for youtube_medallion_pipeline to None, run_after=None
[2026-07-27T09:08:42.069+0000] {processor.py:208} INFO - Processing /opt/airflow/dags/youtube_medallion_pipeline.py took 0.452 seconds
[2026-07-27T09:09:12.395+0000] {processor.py:186} INFO - Started process (PID=1939) to work on /opt/airflow/dags/youtube_medallion_pipeline.py
[2026-07-27T09:09:12.397+0000] {processor.py:914} INFO - Processing file /opt/airflow/dags/youtube_medallion_pipeline.py for tasks to queue
[2026-07-27T09:09:12.401+0000] {logging_mixin.py:190} INFO - [2026-07-27T09:09:12.400+0000] {dagbag.py:588} INFO - Filling up the DagBag from /opt/airflow/dags/youtube_medallion_pipeline.py
[2026-07-27T09:09:12.425+0000] {processor.py:925} INFO - DAG(s) 'youtube_medallion_pipeline' retrieved from /opt/airflow/dags/youtube_medallion_pipeline.py
[2026-07-27T09:09:12.470+0000] {logging_mixin.py:190} INFO - [2026-07-27T09:09:12.470+0000] {dag.py:3239} INFO - Sync 1 DAGs
[2026-07-27T09:09:12.491+0000] {logging_mixin.py:190} INFO - [2026-07-27T09:09:12.490+0000] {dag.py:4180} INFO - Setting next_dagrun for youtube_medallion_pipeline to None, run_after=None
[2026-07-27T09:09:12.527+0000] {processor.py:208} INFO - Processing /opt/airflow/dags/youtube_medallion_pipeline.py took 0.147 seconds
[2026-07-27T09:09:48.630+0000] {processor.py:186} INFO - Started process (PID=1944) to work on /opt/airflow/dags/youtube_medallion_pipeline.py
[2026-07-27T09:09:48.634+0000] {processor.py:914} INFO - Processing file /opt/airflow/dags/youtube_medallion_pipeline.py for tasks to queue
[2026-07-27T09:09:48.641+0000] {logging_mixin.py:190} INFO - [2026-07-27T09:09:48.640+0000] {dagbag.py:588} INFO - Filling up the DagBag from /opt/airflow/dags/youtube_medallion_pipeline.py
[2026-07-27T09:09:48.695+0000] {processor.py:925} INFO - DAG(s) 'youtube_medallion_pipeline' retrieved from /opt/airflow/dags/youtube_medallion_pipeline.py
[2026-07-27T09:09:48.747+0000] {logging_mixin.py:190} INFO - [2026-07-27T09:09:48.746+0000] {dag.py:3239} INFO - Sync 1 DAGs
[2026-07-27T09:09:48.768+0000] {logging_mixin.py:190} INFO - [2026-07-27T09:09:48.768+0000] {dag.py:4180} INFO - Setting next_dagrun for youtube_medallion_pipeline to None, run_after=None
[2026-07-27T09:09:48.898+0000] {processor.py:208} INFO - Processing /opt/airflow/dags/youtube_medallion_pipeline.py took 0.280 seconds
[2026-07-27T09:10:19.206+0000] {processor.py:186} INFO - Started process (PID=1949) to work on /opt/airflow/dags/youtube_medallion_pipeline.py
[2026-07-27T09:10:19.208+0000] {processor.py:914} INFO - Processing file /opt/airflow/dags/youtube_medallion_pipeline.py for tasks to queue
[2026-07-27T09:10:19.213+0000] {logging_mixin.py:190} INFO - [2026-07-27T09:10:19.213+0000] {dagbag.py:588} INFO - Filling up the DagBag from /opt/airflow/dags/youtube_medallion_pipeline.py
[2026-07-27T09:10:19.240+0000] {processor.py:925} INFO - DAG(s) 'youtube_medallion_pipeline' retrieved from /opt/airflow/dags/youtube_medallion_pipeline.py
[2026-07-27T09:10:19.287+0000] {logging_mixin.py:190} INFO - [2026-07-27T09:10:19.287+0000] {dag.py:3239} INFO - Sync 1 DAGs
[2026-07-27T09:10:19.311+0000] {logging_mixin.py:190} INFO - [2026-07-27T09:10:19.311+0000] {dag.py:4180} INFO - Setting next_dagrun for youtube_medallion_pipeline to None, run_after=None
[2026-07-27T09:10:19.343+0000] {processor.py:208} INFO - Processing /opt/airflow/dags/youtube_medallion_pipeline.py took 0.147 seconds
[2026-07-27T09:10:49.472+0000] {processor.py:186} INFO - Started process (PID=1954) to work on /opt/airflow/dags/youtube_medallion_pipeline.py
[2026-07-27T09:10:49.474+0000] {processor.py:914} INFO - Processing file /opt/airflow/dags/youtube_medallion_pipeline.py for tasks to queue
[2026-07-27T09:10:49.480+0000] {logging_mixin.py:190} INFO - [2026-07-27T09:10:49.479+0000] {dagbag.py:588} INFO - Filling up the DagBag from /opt/airflow/dags/youtube_medallion_pipeline.py
[2026-07-27T09:10:49.506+0000] {processor.py:925} INFO - DAG(s) 'youtube_medallion_pipeline' retrieved from /opt/airflow/dags/youtube_medallion_pipeline.py
[2026-07-27T09:10:49.567+0000] {logging_mixin.py:190} INFO - [2026-07-27T09:10:49.567+0000] {dag.py:3239} INFO - Sync 1 DAGs
[2026-07-27T09:10:49.610+0000] {logging_mixin.py:190} INFO - [2026-07-27T09:10:49.609+0000] {dag.py:4180} INFO - Setting next_dagrun for youtube_medallion_pipeline to None, run_after=None
[2026-07-27T09:10:49.672+0000] {processor.py:208} INFO - Processing /opt/airflow/dags/youtube_medallion_pipeline.py took 0.209 seconds
[2026-07-27T09:11:19.902+0000] {processor.py:186} INFO - Started process (PID=1959) to work on /opt/airflow/dags/youtube_medallion_pipeline.py
[2026-07-27T09:11:19.905+0000] {processor.py:914} INFO - Processing file /opt/airflow/dags/youtube_medallion_pipeline.py for tasks to queue
[2026-07-27T09:11:19.911+0000] {logging_mixin.py:190} INFO - [2026-07-27T09:11:19.911+0000] {dagbag.py:588} INFO - Filling up the DagBag from /opt/airflow/dags/youtube_medallion_pipeline.py
[2026-07-27T09:11:19.942+0000] {processor.py:925} INFO - DAG(s) 'youtube_medallion_pipeline' retrieved from /opt/airflow/dags/youtube_medallion_pipeline.py
[2026-07-27T09:11:19.996+0000] {logging_mixin.py:190} INFO - [2026-07-27T09:11:19.995+0000] {dag.py:3239} INFO - Sync 1 DAGs
[2026-07-27T09:11:20.020+0000] {logging_mixin.py:190} INFO - [2026-07-27T09:11:20.019+0000] {dag.py:4180} INFO - Setting next_dagrun for youtube_medallion_pipeline to None, run_after=None
[2026-07-27T09:11:20.056+0000] {processor.py:208} INFO - Processing /opt/airflow/dags/youtube_medallion_pipeline.py took 0.164 seconds
[2026-07-27T09:11:50.302+0000] {processor.py:186} INFO - Started process (PID=1964) to work on /opt/airflow/dags/youtube_medallion_pipeline.py
[2026-07-27T09:11:50.304+0000] {processor.py:914} INFO - Processing file /opt/airflow/dags/youtube_medallion_pipeline.py for tasks to queue
[2026-07-27T09:11:50.307+0000] {logging_mixin.py:190} INFO - [2026-07-27T09:11:50.307+0000] {dagbag.py:588} INFO - Filling up the DagBag from /opt/airflow/dags/youtube_medallion_pipeline.py
[2026-07-27T09:11:50.338+0000] {processor.py:925} INFO - DAG(s) 'youtube_medallion_pipeline' retrieved from /opt/airflow/dags/youtube_medallion_pipeline.py
[2026-07-27T09:11:50.383+0000] {logging_mixin.py:190} INFO - [2026-07-27T09:11:50.383+0000] {dag.py:3239} INFO - Sync 1 DAGs
[2026-07-27T09:11:50.406+0000] {logging_mixin.py:190} INFO - [2026-07-27T09:11:50.406+0000] {dag.py:4180} INFO - Setting next_dagrun for youtube_medallion_pipeline to None, run_after=None
[2026-07-27T09:11:50.444+0000] {processor.py:208} INFO - Processing /opt/airflow/dags/youtube_medallion_pipeline.py took 0.151 seconds
[2026-07-27T09:12:20.593+0000] {processor.py:186} INFO - Started process (PID=1969) to work on /opt/airflow/dags/youtube_medallion_pipeline.py
[2026-07-27T09:12:20.596+0000] {processor.py:914} INFO - Processing file /opt/airflow/dags/youtube_medallion_pipeline.py for tasks to queue
[2026-07-27T09:12:20.600+0000] {logging_mixin.py:190} INFO - [2026-07-27T09:12:20.599+0000] {dagbag.py:588} INFO - Filling up the DagBag from /opt/airflow/dags/youtube_medallion_pipeline.py
[2026-07-27T09:12:20.624+0000] {processor.py:925} INFO - DAG(s) 'youtube_medallion_pipeline' retrieved from /opt/airflow/dags/youtube_medallion_pipeline.py
[2026-07-27T09:12:20.678+0000] {logging_mixin.py:190} INFO - [2026-07-27T09:12:20.677+0000] {dag.py:3239} INFO - Sync 1 DAGs
[2026-07-27T09:12:20.703+0000] {logging_mixin.py:190} INFO - [2026-07-27T09:12:20.703+0000] {dag.py:4180} INFO - Setting next_dagrun for youtube_medallion_pipeline to None, run_after=None
[2026-07-27T09:12:20.733+0000] {processor.py:208} INFO - Processing /opt/airflow/dags/youtube_medallion_pipeline.py took 0.150 seconds
[2026-07-27T09:12:51.105+0000] {processor.py:186} INFO - Started process (PID=1974) to work on /opt/airflow/dags/youtube_medallion_pipeline.py
[2026-07-27T09:12:51.111+0000] {processor.py:914} INFO - Processing file /opt/airflow/dags/youtube_medallion_pipeline.py for tasks to queue
[2026-07-27T09:12:51.125+0000] {logging_mixin.py:190} INFO - [2026-07-27T09:12:51.123+0000] {dagbag.py:588} INFO - Filling up the DagBag from /opt/airflow/dags/youtube_medallion_pipeline.py
[2026-07-27T09:12:51.200+0000] {processor.py:925} INFO - DAG(s) 'youtube_medallion_pipeline' retrieved from /opt/airflow/dags/youtube_medallion_pipeline.py
[2026-07-27T09:12:51.459+0000] {logging_mixin.py:190} INFO - [2026-07-27T09:12:51.459+0000] {dag.py:3239} INFO - Sync 1 DAGs
[2026-07-27T09:12:51.532+0000] {logging_mixin.py:190} INFO - [2026-07-27T09:12:51.532+0000] {dag.py:4180} INFO - Setting next_dagrun for youtube_medallion_pipeline to None, run_after=None
[2026-07-27T09:12:51.606+0000] {processor.py:208} INFO - Processing /opt/airflow/dags/youtube_medallion_pipeline.py took 0.540 seconds
[2026-07-27T09:13:21.981+0000] {processor.py:186} INFO - Started process (PID=1979) to work on /opt/airflow/dags/youtube_medallion_pipeline.py
[2026-07-27T09:13:21.984+0000] {processor.py:914} INFO - Processing file /opt/airflow/dags/youtube_medallion_pipeline.py for tasks to queue
[2026-07-27T09:13:21.990+0000] {logging_mixin.py:190} INFO - [2026-07-27T09:13:21.989+0000] {dagbag.py:588} INFO - Filling up the DagBag from /opt/airflow/dags/youtube_medallion_pipeline.py
[2026-07-27T09:13:22.063+0000] {processor.py:925} INFO - DAG(s) 'youtube_medallion_pipeline' retrieved from /opt/airflow/dags/youtube_medallion_pipeline.py
[2026-07-27T09:13:22.162+0000] {logging_mixin.py:190} INFO - [2026-07-27T09:13:22.162+0000] {dag.py:3239} INFO - Sync 1 DAGs
[2026-07-27T09:13:22.194+0000] {logging_mixin.py:190} INFO - [2026-07-27T09:13:22.194+0000] {dag.py:4180} INFO - Setting next_dagrun for youtube_medallion_pipeline to None, run_after=None
[2026-07-27T09:13:22.231+0000] {processor.py:208} INFO - Processing /opt/airflow/dags/youtube_medallion_pipeline.py took 0.263 seconds
[2026-07-27T09:13:52.558+0000] {processor.py:186} INFO - Started process (PID=1984) to work on /opt/airflow/dags/youtube_medallion_pipeline.py
[2026-07-27T09:13:52.561+0000] {processor.py:914} INFO - Processing file /opt/airflow/dags/youtube_medallion_pipeline.py for tasks to queue
[2026-07-27T09:13:52.567+0000] {logging_mixin.py:190} INFO - [2026-07-27T09:13:52.565+0000] {dagbag.py:588} INFO - Filling up the DagBag from /opt/airflow/dags/youtube_medallion_pipeline.py
[2026-07-27T09:13:52.600+0000] {processor.py:925} INFO - DAG(s) 'youtube_medallion_pipeline' retrieved from /opt/airflow/dags/youtube_medallion_pipeline.py
[2026-07-27T09:13:52.739+0000] {logging_mixin.py:190} INFO - [2026-07-27T09:13:52.738+0000] {dag.py:3239} INFO - Sync 1 DAGs
[2026-07-27T09:13:52.818+0000] {logging_mixin.py:190} INFO - [2026-07-27T09:13:52.817+0000] {dag.py:4180} INFO - Setting next_dagrun for youtube_medallion_pipeline to None, run_after=None
[2026-07-27T09:13:52.874+0000] {processor.py:208} INFO - Processing /opt/airflow/dags/youtube_medallion_pipeline.py took 0.327 seconds
[2026-07-27T09:14:23.330+0000] {processor.py:186} INFO - Started process (PID=1989) to work on /opt/airflow/dags/youtube_medallion_pipeline.py
[2026-07-27T09:14:23.334+0000] {processor.py:914} INFO - Processing file /opt/airflow/dags/youtube_medallion_pipeline.py for tasks to queue
[2026-07-27T09:14:23.359+0000] {logging_mixin.py:190} INFO - [2026-07-27T09:14:23.357+0000] {dagbag.py:588} INFO - Filling up the DagBag from /opt/airflow/dags/youtube_medallion_pipeline.py
[2026-07-27T09:14:23.503+0000] {processor.py:925} INFO - DAG(s) 'youtube_medallion_pipeline' retrieved from /opt/airflow/dags/youtube_medallion_pipeline.py
[2026-07-27T09:14:23.749+0000] {logging_mixin.py:190} INFO - [2026-07-27T09:14:23.748+0000] {dag.py:3239} INFO - Sync 1 DAGs
[2026-07-27T09:14:23.837+0000] {logging_mixin.py:190} INFO - [2026-07-27T09:14:23.836+0000] {dag.py:4180} INFO - Setting next_dagrun for youtube_medallion_pipeline to None, run_after=None
[2026-07-27T09:14:23.910+0000] {processor.py:208} INFO - Processing /opt/airflow/dags/youtube_medallion_pipeline.py took 0.639 seconds
[2026-07-27T09:14:54.093+0000] {processor.py:186} INFO - Started process (PID=1994) to work on /opt/airflow/dags/youtube_medallion_pipeline.py
[2026-07-27T09:14:54.095+0000] {processor.py:914} INFO - Processing file /opt/airflow/dags/youtube_medallion_pipeline.py for tasks to queue
[2026-07-27T09:14:54.100+0000] {logging_mixin.py:190} INFO - [2026-07-27T09:14:54.100+0000] {dagbag.py:588} INFO - Filling up the DagBag from /opt/airflow/dags/youtube_medallion_pipeline.py
[2026-07-27T09:14:54.129+0000] {processor.py:925} INFO - DAG(s) 'youtube_medallion_pipeline' retrieved from /opt/airflow/dags/youtube_medallion_pipeline.py
[2026-07-27T09:14:54.192+0000] {logging_mixin.py:190} INFO - [2026-07-27T09:14:54.191+0000] {dag.py:3239} INFO - Sync 1 DAGs
[2026-07-27T09:14:54.222+0000] {logging_mixin.py:190} INFO - [2026-07-27T09:14:54.222+0000] {dag.py:4180} INFO - Setting next_dagrun for youtube_medallion_pipeline to None, run_after=None
[2026-07-27T09:14:54.257+0000] {processor.py:208} INFO - Processing /opt/airflow/dags/youtube_medallion_pipeline.py took 0.174 seconds
[2026-07-27T09:15:24.454+0000] {processor.py:186} INFO - Started process (PID=1999) to work on /opt/airflow/dags/youtube_medallion_pipeline.py
[2026-07-27T09:15:24.456+0000] {processor.py:914} INFO - Processing file /opt/airflow/dags/youtube_medallion_pipeline.py for tasks to queue
[2026-07-27T09:15:24.461+0000] {logging_mixin.py:190} INFO - [2026-07-27T09:15:24.461+0000] {dagbag.py:588} INFO - Filling up the DagBag from /opt/airflow/dags/youtube_medallion_pipeline.py
[2026-07-27T09:15:24.491+0000] {processor.py:925} INFO - DAG(s) 'youtube_medallion_pipeline' retrieved from /opt/airflow/dags/youtube_medallion_pipeline.py
[2026-07-27T09:15:24.543+0000] {logging_mixin.py:190} INFO - [2026-07-27T09:15:24.542+0000] {dag.py:3239} INFO - Sync 1 DAGs
[2026-07-27T09:15:24.564+0000] {logging_mixin.py:190} INFO - [2026-07-27T09:15:24.564+0000] {dag.py:4180} INFO - Setting next_dagrun for youtube_medallion_pipeline to None, run_after=None
[2026-07-27T09:15:24.594+0000] {processor.py:208} INFO - Processing /opt/airflow/dags/youtube_medallion_pipeline.py took 0.149 seconds
[2026-07-27T09:15:54.814+0000] {processor.py:186} INFO - Started process (PID=2004) to work on /opt/airflow/dags/youtube_medallion_pipeline.py
[2026-07-27T09:15:54.819+0000] {processor.py:914} INFO - Processing file /opt/airflow/dags/youtube_medallion_pipeline.py for tasks to queue
[2026-07-27T09:15:54.828+0000] {logging_mixin.py:190} INFO - [2026-07-27T09:15:54.825+0000] {dagbag.py:588} INFO - Filling up the DagBag from /opt/airflow/dags/youtube_medallion_pipeline.py
[2026-07-27T09:15:54.880+0000] {processor.py:925} INFO - DAG(s) 'youtube_medallion_pipeline' retrieved from /opt/airflow/dags/youtube_medallion_pipeline.py
[2026-07-27T09:15:55.043+0000] {logging_mixin.py:190} INFO - [2026-07-27T09:15:55.042+0000] {dag.py:3239} INFO - Sync 1 DAGs
[2026-07-27T09:15:55.188+0000] {logging_mixin.py:190} INFO - [2026-07-27T09:15:55.187+0000] {dag.py:4180} INFO - Setting next_dagrun for youtube_medallion_pipeline to None, run_after=None
[2026-07-27T09:15:55.259+0000] {processor.py:208} INFO - Processing /opt/airflow/dags/youtube_medallion_pipeline.py took 0.462 seconds
[2026-07-27T09:16:25.622+0000] {processor.py:186} INFO - Started process (PID=2009) to work on /opt/airflow/dags/youtube_medallion_pipeline.py
[2026-07-27T09:16:25.633+0000] {processor.py:914} INFO - Processing file /opt/airflow/dags/youtube_medallion_pipeline.py for tasks to queue
[2026-07-27T09:16:25.660+0000] {logging_mixin.py:190} INFO - [2026-07-27T09:16:25.657+0000] {dagbag.py:588} INFO - Filling up the DagBag from /opt/airflow/dags/youtube_medallion_pipeline.py
[2026-07-27T09:16:25.795+0000] {processor.py:925} INFO - DAG(s) 'youtube_medallion_pipeline' retrieved from /opt/airflow/dags/youtube_medallion_pipeline.py
[2026-07-27T09:16:25.889+0000] {logging_mixin.py:190} INFO - [2026-07-27T09:16:25.889+0000] {dag.py:3239} INFO - Sync 1 DAGs
[2026-07-27T09:16:25.912+0000] {logging_mixin.py:190} INFO - [2026-07-27T09:16:25.912+0000] {dag.py:4180} INFO - Setting next_dagrun for youtube_medallion_pipeline to None, run_after=None
[2026-07-27T09:16:25.946+0000] {processor.py:208} INFO - Processing /opt/airflow/dags/youtube_medallion_pipeline.py took 0.353 seconds
[2026-07-27T09:16:56.282+0000] {processor.py:186} INFO - Started process (PID=2014) to work on /opt/airflow/dags/youtube_medallion_pipeline.py
[2026-07-27T09:16:56.285+0000] {processor.py:914} INFO - Processing file /opt/airflow/dags/youtube_medallion_pipeline.py for tasks to queue
[2026-07-27T09:16:56.292+0000] {logging_mixin.py:190} INFO - [2026-07-27T09:16:56.291+0000] {dagbag.py:588} INFO - Filling up the DagBag from /opt/airflow/dags/youtube_medallion_pipeline.py
[2026-07-27T09:16:56.330+0000] {processor.py:925} INFO - DAG(s) 'youtube_medallion_pipeline' retrieved from /opt/airflow/dags/youtube_medallion_pipeline.py
[2026-07-27T09:16:56.417+0000] {logging_mixin.py:190} INFO - [2026-07-27T09:16:56.417+0000] {dag.py:3239} INFO - Sync 1 DAGs
[2026-07-27T09:16:56.465+0000] {logging_mixin.py:190} INFO - [2026-07-27T09:16:56.465+0000] {dag.py:4180} INFO - Setting next_dagrun for youtube_medallion_pipeline to None, run_after=None
[2026-07-27T09:16:56.515+0000] {processor.py:208} INFO - Processing /opt/airflow/dags/youtube_medallion_pipeline.py took 0.242 seconds
[2026-07-27T09:17:26.885+0000] {processor.py:186} INFO - Started process (PID=2019) to work on /opt/airflow/dags/youtube_medallion_pipeline.py
[2026-07-27T09:17:26.888+0000] {processor.py:914} INFO - Processing file /opt/airflow/dags/youtube_medallion_pipeline.py for tasks to queue
[2026-07-27T09:17:26.894+0000] {logging_mixin.py:190} INFO - [2026-07-27T09:17:26.893+0000] {dagbag.py:588} INFO - Filling up the DagBag from /opt/airflow/dags/youtube_medallion_pipeline.py
[2026-07-27T09:17:26.936+0000] {processor.py:925} INFO - DAG(s) 'youtube_medallion_pipeline' retrieved from /opt/airflow/dags/youtube_medallion_pipeline.py
[2026-07-27T09:17:27.023+0000] {logging_mixin.py:190} INFO - [2026-07-27T09:17:27.023+0000] {dag.py:3239} INFO - Sync 1 DAGs
[2026-07-27T09:17:27.076+0000] {logging_mixin.py:190} INFO - [2026-07-27T09:17:27.076+0000] {dag.py:4180} INFO - Setting next_dagrun for youtube_medallion_pipeline to None, run_after=None
[2026-07-27T09:17:27.160+0000] {processor.py:208} INFO - Processing /opt/airflow/dags/youtube_medallion_pipeline.py took 0.287 seconds
[2026-07-27T09:17:57.547+0000] {processor.py:186} INFO - Started process (PID=2024) to work on /opt/airflow/dags/youtube_medallion_pipeline.py
[2026-07-27T09:17:57.551+0000] {processor.py:914} INFO - Processing file /opt/airflow/dags/youtube_medallion_pipeline.py for tasks to queue
[2026-07-27T09:17:57.560+0000] {logging_mixin.py:190} INFO - [2026-07-27T09:17:57.559+0000] {dagbag.py:588} INFO - Filling up the DagBag from /opt/airflow/dags/youtube_medallion_pipeline.py
[2026-07-27T09:17:57.618+0000] {processor.py:925} INFO - DAG(s) 'youtube_medallion_pipeline' retrieved from /opt/airflow/dags/youtube_medallion_pipeline.py
[2026-07-27T09:17:57.703+0000] {logging_mixin.py:190} INFO - [2026-07-27T09:17:57.703+0000] {dag.py:3239} INFO - Sync 1 DAGs
[2026-07-27T09:17:57.738+0000] {logging_mixin.py:190} INFO - [2026-07-27T09:17:57.737+0000] {dag.py:4180} INFO - Setting next_dagrun for youtube_medallion_pipeline to None, run_after=None
[2026-07-27T09:17:57.781+0000] {processor.py:208} INFO - Processing /opt/airflow/dags/youtube_medallion_pipeline.py took 0.253 seconds
[2026-07-27T09:18:28.176+0000] {processor.py:186} INFO - Started process (PID=2029) to work on /opt/airflow/dags/youtube_medallion_pipeline.py
[2026-07-27T09:18:28.179+0000] {processor.py:914} INFO - Processing file /opt/airflow/dags/youtube_medallion_pipeline.py for tasks to queue
[2026-07-27T09:18:28.185+0000] {logging_mixin.py:190} INFO - [2026-07-27T09:18:28.184+0000] {dagbag.py:588} INFO - Filling up the DagBag from /opt/airflow/dags/youtube_medallion_pipeline.py
[2026-07-27T09:18:28.218+0000] {processor.py:925} INFO - DAG(s) 'youtube_medallion_pipeline' retrieved from /opt/airflow/dags/youtube_medallion_pipeline.py
[2026-07-27T09:18:28.371+0000] {logging_mixin.py:190} INFO - [2026-07-27T09:18:28.370+0000] {dag.py:3239} INFO - Sync 1 DAGs
[2026-07-27T09:18:28.422+0000] {logging_mixin.py:190} INFO - [2026-07-27T09:18:28.422+0000] {dag.py:4180} INFO - Setting next_dagrun for youtube_medallion_pipeline to None, run_after=None
[2026-07-27T09:18:28.478+0000] {processor.py:208} INFO - Processing /opt/airflow/dags/youtube_medallion_pipeline.py took 0.316 seconds
[2026-07-27T09:18:58.768+0000] {processor.py:186} INFO - Started process (PID=2034) to work on /opt/airflow/dags/youtube_medallion_pipeline.py
[2026-07-27T09:18:58.770+0000] {processor.py:914} INFO - Processing file /opt/airflow/dags/youtube_medallion_pipeline.py for tasks to queue
[2026-07-27T09:18:58.775+0000] {logging_mixin.py:190} INFO - [2026-07-27T09:18:58.774+0000] {dagbag.py:588} INFO - Filling up the DagBag from /opt/airflow/dags/youtube_medallion_pipeline.py
[2026-07-27T09:18:58.828+0000] {processor.py:925} INFO - DAG(s) 'youtube_medallion_pipeline' retrieved from /opt/airflow/dags/youtube_medallion_pipeline.py
[2026-07-27T09:18:58.878+0000] {logging_mixin.py:190} INFO - [2026-07-27T09:18:58.878+0000] {dag.py:3239} INFO - Sync 1 DAGs
[2026-07-27T09:18:58.900+0000] {logging_mixin.py:190} INFO - [2026-07-27T09:18:58.900+0000] {dag.py:4180} INFO - Setting next_dagrun for youtube_medallion_pipeline to None, run_after=None
[2026-07-27T09:18:58.932+0000] {processor.py:208} INFO - Processing /opt/airflow/dags/youtube_medallion_pipeline.py took 0.173 seconds
[2026-07-27T09:19:29.008+0000] {processor.py:186} INFO - Started process (PID=2039) to work on /opt/airflow/dags/youtube_medallion_pipeline.py
[2026-07-27T09:19:29.011+0000] {processor.py:914} INFO - Processing file /opt/airflow/dags/youtube_medallion_pipeline.py for tasks to queue
[2026-07-27T09:19:29.017+0000] {logging_mixin.py:190} INFO - [2026-07-27T09:19:29.016+0000] {dagbag.py:588} INFO - Filling up the DagBag from /opt/airflow/dags/youtube_medallion_pipeline.py
[2026-07-27T09:19:29.055+0000] {processor.py:925} INFO - DAG(s) 'youtube_medallion_pipeline' retrieved from /opt/airflow/dags/youtube_medallion_pipeline.py
[2026-07-27T09:19:29.152+0000] {logging_mixin.py:190} INFO - [2026-07-27T09:19:29.152+0000] {dag.py:3239} INFO - Sync 1 DAGs
[2026-07-27T09:19:29.209+0000] {logging_mixin.py:190} INFO - [2026-07-27T09:19:29.209+0000] {dag.py:4180} INFO - Setting next_dagrun for youtube_medallion_pipeline to None, run_after=None
[2026-07-27T09:19:29.263+0000] {processor.py:208} INFO - Processing /opt/airflow/dags/youtube_medallion_pipeline.py took 0.264 seconds
[2026-07-27T09:19:59.450+0000] {processor.py:186} INFO - Started process (PID=2044) to work on /opt/airflow/dags/youtube_medallion_pipeline.py
[2026-07-27T09:19:59.452+0000] {processor.py:914} INFO - Processing file /opt/airflow/dags/youtube_medallion_pipeline.py for tasks to queue
[2026-07-27T09:19:59.456+0000] {logging_mixin.py:190} INFO - [2026-07-27T09:19:59.456+0000] {dagbag.py:588} INFO - Filling up the DagBag from /opt/airflow/dags/youtube_medallion_pipeline.py
[2026-07-27T09:19:59.482+0000] {processor.py:925} INFO - DAG(s) 'youtube_medallion_pipeline' retrieved from /opt/airflow/dags/youtube_medallion_pipeline.py
[2026-07-27T09:19:59.570+0000] {logging_mixin.py:190} INFO - [2026-07-27T09:19:59.570+0000] {dag.py:3239} INFO - Sync 1 DAGs
[2026-07-27T09:19:59.601+0000] {logging_mixin.py:190} INFO - [2026-07-27T09:19:59.600+0000] {dag.py:4180} INFO - Setting next_dagrun for youtube_medallion_pipeline to None, run_after=None
[2026-07-27T09:19:59.652+0000] {processor.py:208} INFO - Processing /opt/airflow/dags/youtube_medallion_pipeline.py took 0.211 seconds
[2026-07-27T09:20:30.407+0000] {processor.py:186} INFO - Started process (PID=2049) to work on /opt/airflow/dags/youtube_medallion_pipeline.py
[2026-07-27T09:20:30.410+0000] {processor.py:914} INFO - Processing file /opt/airflow/dags/youtube_medallion_pipeline.py for tasks to queue
[2026-07-27T09:20:30.417+0000] {logging_mixin.py:190} INFO - [2026-07-27T09:20:30.416+0000] {dagbag.py:588} INFO - Filling up the DagBag from /opt/airflow/dags/youtube_medallion_pipeline.py
[2026-07-27T09:20:30.457+0000] {processor.py:925} INFO - DAG(s) 'youtube_medallion_pipeline' retrieved from /opt/airflow/dags/youtube_medallion_pipeline.py
[2026-07-27T09:20:30.515+0000] {logging_mixin.py:190} INFO - [2026-07-27T09:20:30.515+0000] {dag.py:3239} INFO - Sync 1 DAGs
[2026-07-27T09:20:30.538+0000] {logging_mixin.py:190} INFO - [2026-07-27T09:20:30.538+0000] {dag.py:4180} INFO - Setting next_dagrun for youtube_medallion_pipeline to None, run_after=None
[2026-07-27T09:20:30.569+0000] {processor.py:208} INFO - Processing /opt/airflow/dags/youtube_medallion_pipeline.py took 0.175 seconds
[2026-07-27T09:21:00.726+0000] {processor.py:186} INFO - Started process (PID=2054) to work on /opt/airflow/dags/youtube_medallion_pipeline.py
[2026-07-27T09:21:00.730+0000] {processor.py:914} INFO - Processing file /opt/airflow/dags/youtube_medallion_pipeline.py for tasks to queue
[2026-07-27T09:21:00.735+0000] {logging_mixin.py:190} INFO - [2026-07-27T09:21:00.734+0000] {dagbag.py:588} INFO - Filling up the DagBag from /opt/airflow/dags/youtube_medallion_pipeline.py
[2026-07-27T09:21:00.761+0000] {processor.py:925} INFO - DAG(s) 'youtube_medallion_pipeline' retrieved from /opt/airflow/dags/youtube_medallion_pipeline.py
[2026-07-27T09:21:00.819+0000] {logging_mixin.py:190} INFO - [2026-07-27T09:21:00.819+0000] {dag.py:3239} INFO - Sync 1 DAGs
[2026-07-27T09:21:00.846+0000] {logging_mixin.py:190} INFO - [2026-07-27T09:21:00.846+0000] {dag.py:4180} INFO - Setting next_dagrun for youtube_medallion_pipeline to None, run_after=None
[2026-07-27T09:21:00.880+0000] {processor.py:208} INFO - Processing /opt/airflow/dags/youtube_medallion_pipeline.py took 0.168 seconds
[2026-07-27T09:21:31.225+0000] {processor.py:186} INFO - Started process (PID=2059) to work on /opt/airflow/dags/youtube_medallion_pipeline.py
[2026-07-27T09:21:31.229+0000] {processor.py:914} INFO - Processing file /opt/airflow/dags/youtube_medallion_pipeline.py for tasks to queue
[2026-07-27T09:21:31.239+0000] {logging_mixin.py:190} INFO - [2026-07-27T09:21:31.238+0000] {dagbag.py:588} INFO - Filling up the DagBag from /opt/airflow/dags/youtube_medallion_pipeline.py
[2026-07-27T09:21:31.281+0000] {processor.py:925} INFO - DAG(s) 'youtube_medallion_pipeline' retrieved from /opt/airflow/dags/youtube_medallion_pipeline.py
[2026-07-27T09:21:31.344+0000] {logging_mixin.py:190} INFO - [2026-07-27T09:21:31.344+0000] {dag.py:3239} INFO - Sync 1 DAGs
[2026-07-27T09:21:31.368+0000] {logging_mixin.py:190} INFO - [2026-07-27T09:21:31.368+0000] {dag.py:4180} INFO - Setting next_dagrun for youtube_medallion_pipeline to None, run_after=None
[2026-07-27T09:21:31.404+0000] {processor.py:208} INFO - Processing /opt/airflow/dags/youtube_medallion_pipeline.py took 0.196 seconds
[2026-07-27T09:22:01.580+0000] {processor.py:186} INFO - Started process (PID=2064) to work on /opt/airflow/dags/youtube_medallion_pipeline.py
[2026-07-27T09:22:01.582+0000] {processor.py:914} INFO - Processing file /opt/airflow/dags/youtube_medallion_pipeline.py for tasks to queue
[2026-07-27T09:22:01.587+0000] {logging_mixin.py:190} INFO - [2026-07-27T09:22:01.586+0000] {dagbag.py:588} INFO - Filling up the DagBag from /opt/airflow/dags/youtube_medallion_pipeline.py
[2026-07-27T09:22:01.614+0000] {processor.py:925} INFO - DAG(s) 'youtube_medallion_pipeline' retrieved from /opt/airflow/dags/youtube_medallion_pipeline.py
[2026-07-27T09:22:01.665+0000] {logging_mixin.py:190} INFO - [2026-07-27T09:22:01.664+0000] {dag.py:3239} INFO - Sync 1 DAGs
[2026-07-27T09:22:01.685+0000] {logging_mixin.py:190} INFO - [2026-07-27T09:22:01.685+0000] {dag.py:4180} INFO - Setting next_dagrun for youtube_medallion_pipeline to None, run_after=None
[2026-07-27T09:22:01.717+0000] {processor.py:208} INFO - Processing /opt/airflow/dags/youtube_medallion_pipeline.py took 0.146 seconds
[2026-07-27T09:22:31.946+0000] {processor.py:186} INFO - Started process (PID=2069) to work on /opt/airflow/dags/youtube_medallion_pipeline.py
[2026-07-27T09:22:31.955+0000] {processor.py:914} INFO - Processing file /opt/airflow/dags/youtube_medallion_pipeline.py for tasks to queue
[2026-07-27T09:22:31.965+0000] {logging_mixin.py:190} INFO - [2026-07-27T09:22:31.963+0000] {dagbag.py:588} INFO - Filling up the DagBag from /opt/airflow/dags/youtube_medallion_pipeline.py
[2026-07-27T09:22:32.026+0000] {processor.py:925} INFO - DAG(s) 'youtube_medallion_pipeline' retrieved from /opt/airflow/dags/youtube_medallion_pipeline.py
[2026-07-27T09:22:32.079+0000] {logging_mixin.py:190} INFO - [2026-07-27T09:22:32.079+0000] {dag.py:3239} INFO - Sync 1 DAGs
[2026-07-27T09:22:32.104+0000] {logging_mixin.py:190} INFO - [2026-07-27T09:22:32.104+0000] {dag.py:4180} INFO - Setting next_dagrun for youtube_medallion_pipeline to None, run_after=None
[2026-07-27T09:22:32.146+0000] {processor.py:208} INFO - Processing /opt/airflow/dags/youtube_medallion_pipeline.py took 0.216 seconds
[2026-07-27T09:23:02.245+0000] {processor.py:186} INFO - Started process (PID=2074) to work on /opt/airflow/dags/youtube_medallion_pipeline.py
[2026-07-27T09:23:02.247+0000] {processor.py:914} INFO - Processing file /opt/airflow/dags/youtube_medallion_pipeline.py for tasks to queue
[2026-07-27T09:23:02.253+0000] {logging_mixin.py:190} INFO - [2026-07-27T09:23:02.252+0000] {dagbag.py:588} INFO - Filling up the DagBag from /opt/airflow/dags/youtube_medallion_pipeline.py
[2026-07-27T09:23:02.284+0000] {processor.py:925} INFO - DAG(s) 'youtube_medallion_pipeline' retrieved from /opt/airflow/dags/youtube_medallion_pipeline.py
[2026-07-27T09:23:02.333+0000] {logging_mixin.py:190} INFO - [2026-07-27T09:23:02.333+0000] {dag.py:3239} INFO - Sync 1 DAGs
[2026-07-27T09:23:02.358+0000] {logging_mixin.py:190} INFO - [2026-07-27T09:23:02.358+0000] {dag.py:4180} INFO - Setting next_dagrun for youtube_medallion_pipeline to None, run_after=None
[2026-07-27T09:23:02.391+0000] {processor.py:208} INFO - Processing /opt/airflow/dags/youtube_medallion_pipeline.py took 0.155 seconds
[2026-07-27T09:23:32.760+0000] {processor.py:186} INFO - Started process (PID=2079) to work on /opt/airflow/dags/youtube_medallion_pipeline.py
[2026-07-27T09:23:32.762+0000] {processor.py:914} INFO - Processing file /opt/airflow/dags/youtube_medallion_pipeline.py for tasks to queue
[2026-07-27T09:23:32.765+0000] {logging_mixin.py:190} INFO - [2026-07-27T09:23:32.765+0000] {dagbag.py:588} INFO - Filling up the DagBag from /opt/airflow/dags/youtube_medallion_pipeline.py
[2026-07-27T09:23:32.797+0000] {processor.py:925} INFO - DAG(s) 'youtube_medallion_pipeline' retrieved from /opt/airflow/dags/youtube_medallion_pipeline.py
[2026-07-27T09:23:32.886+0000] {logging_mixin.py:190} INFO - [2026-07-27T09:23:32.886+0000] {dag.py:3239} INFO - Sync 1 DAGs
[2026-07-27T09:23:32.953+0000] {logging_mixin.py:190} INFO - [2026-07-27T09:23:32.953+0000] {dag.py:4180} INFO - Setting next_dagrun for youtube_medallion_pipeline to None, run_after=None
[2026-07-27T09:23:32.984+0000] {processor.py:208} INFO - Processing /opt/airflow/dags/youtube_medallion_pipeline.py took 0.232 seconds
[2026-07-27T09:24:04.125+0000] {processor.py:186} INFO - Started process (PID=2084) to work on /opt/airflow/dags/youtube_medallion_pipeline.py
[2026-07-27T09:24:04.132+0000] {processor.py:914} INFO - Processing file /opt/airflow/dags/youtube_medallion_pipeline.py for tasks to queue
[2026-07-27T09:24:04.143+0000] {logging_mixin.py:190} INFO - [2026-07-27T09:24:04.142+0000] {dagbag.py:588} INFO - Filling up the DagBag from /opt/airflow/dags/youtube_medallion_pipeline.py
[2026-07-27T09:24:04.218+0000] {processor.py:925} INFO - DAG(s) 'youtube_medallion_pipeline' retrieved from /opt/airflow/dags/youtube_medallion_pipeline.py
[2026-07-27T09:24:05.014+0000] {logging_mixin.py:190} INFO - [2026-07-27T09:24:05.014+0000] {dag.py:3239} INFO - Sync 1 DAGs
[2026-07-27T09:24:05.267+0000] {logging_mixin.py:190} INFO - [2026-07-27T09:24:05.266+0000] {dag.py:4180} INFO - Setting next_dagrun for youtube_medallion_pipeline to None, run_after=None
[2026-07-27T09:24:05.348+0000] {processor.py:208} INFO - Processing /opt/airflow/dags/youtube_medallion_pipeline.py took 1.331 seconds
