channel_id,channel_name,total_videos,total_views,total_likes,total_dislikes,total_comments,estimated_revenue,average_engagement_rate,updated_at
UC--Cdi30fDNN-BUAaYrINIw,Dogru Film,9,19990218,68302,10719,0,39980.43,0.0048,2026-07-25 11:35:17.479934
UC--amDlIfsJ6m_W56xp9bQg,Golf92094,1,246175,108,16,0,492.35,0.0005,2026-07-25 11:35:17.479934
UC-0CzRZeML8zw4pFTVDq65Q,SarahBethYoga,1,113519,2700,51,0,227.04,0.0242,2026-07-25 11:35:17.479934
UC-0DMDCFk9skBTlTafYvR9w,erolkasetcilik,1,112154,156,16,0,224.31,0.0015,2026-07-25 11:35:17.479934
UC-0L2oxC3JgG8d2QGwufUfw,Galaxy KooRa TV,3,4546669,35200,2611,0,9093.34,0.0075,2026-07-25 11:35:17.479934
UC-0XgdFGA0v6ulFbopfboPQ,misscano55,1,11436852,35000,1500,0,22873.7,0.0032,2026-07-25 11:35:17.479934
UC-0_aCN0_CSiJ6s7ryG2EtA,Beauty by Sweet Angel,2,20138,928,28,0,40.28,0.0502,2026-07-25 11:35:17.479934
UC-0aJwyePvyWxxh9RPjU2yQ,Her Açıdan TV,4,327882,4715,380,0,655.76,0.0156,2026-07-25 11:35:17.479934
UC-0ow7EjE96DhSVpC19IOVg,Тинькофф,1,226237,3400,837,0,452.47,0.0187,2026-07-25 11:35:17.479934
UC-1-zPmT368J8JRbsK_1keA,TheMakeupChair,6,3879159,66401,1909,0,7758.33,0.0183,2026-07-25 11:35:17.479934
UC-18JYe5i9uPVXWjjMMPQKg,Emre Sunay Gebeş,3,496533,4087,93,0,993.06,0.0061,2026-07-25 11:35:17.479934
UC-1Oh8iXi6Mobd3XTo0apUQ,مامان تي وي,47,2199422,34662,2542,0,4398.85,0.0201,2026-07-25 11:35:17.479934
UC-1ejguH-5vUzRFpd4AthfA,Divan Müzik,1,1594722,4500,735,0,3189.44,0.0033,2026-07-25 11:35:17.479934
UC-1rx8j9Ggp8mp4uD0ZdEIA,TheCGBros,2,8156766,115000,6100,0,16313.53,0.0149,2026-07-25 11:35:17.479934
UC-1vhUyTPwJWDz7Sd9oEcPw,61SAAT TV,1,334265,524,140,0,668.53,0.002,2026-07-25 11:35:17.479934
UC-25qBZjgu3LxzTAt8Igciw,özlem taner,3,770512,3084,115,0,1541.02,0.0043,2026-07-25 11:35:17.479934
UC-2DlRkC6QSpzRBTcub6c5g,Gripin,1,22643511,154000,3000,0,45287.02,0.0069,2026-07-25 11:35:17.479934
UC-2U4lzUgraYplDHm4DDwvA,haberin ka,1,865554,1800,481,0,1731.11,0.0026,2026-07-25 11:35:17.479934
UC-2YHgc363EdcusLIBbgxzg,Joe Scott,3,1720226,36473,4041,0,3440.45,0.0195,2026-07-25 11:35:17.479934
UC-371UEAg6gpr8S82Gvsb8A,ibo Abd,2,248138,6000,429,0,496.27,0.0263,2026-07-25 11:35:17.479934
UC-3RZ5SIB7HvJMGWhic140Q,Sezer Arslan,2,10333280,19300,4000,0,20666.56,0.0024,2026-07-25 11:35:17.479934
UC-3wdrqgk6WjCdkXc3W1nIQ,Анна Измайлова,1,298741,9300,234,0,597.48,0.0319,2026-07-25 11:35:17.479934
UC-4B7qmul1UM8TzuJLeXoIg,Bilardo Salonu,1,63417,247,12,0,126.83,0.0041,2026-07-25 11:35:17.479934
UC-4Bjok0NYgAA0P5CJd3Axg,cengiz barlak,1,125295,289,18,0,250.59,0.0025,2026-07-25 11:35:17.479934
UC-4EFfR0fw0okyRZ3jlqhgQ,Seyyarsanat,1,37664,375,19,0,75.33,0.0105,2026-07-25 11:35:17.479934
UC-4avYb_4OkuP0casp3QOiA,Grup Altineller,1,34977,46,6,0,69.95,0.0015,2026-07-25 11:35:17.479934
UC-5-Fl31FZgg2gqiABZonZQ,abdelkrim kaoula,1,1109573,4600,463,0,2219.15,0.0046,2026-07-25 11:35:17.479934
UC-57zLknkoYMw5lRHHETkmQ,Selin Seyhan,1,7064,120,12,0,14.13,0.0187,2026-07-25 11:35:17.479934
UC-5BUhGtK2HMgwvfosdod2w,AzerKlip,1,2103039,7900,880,0,4206.08,0.0042,2026-07-25 11:35:17.479934
UC-5ClXmS34bN4J19Ur2wtiQ,Tuğçe Yılmaz,3,18084,326,32,0,36.17,0.0332,2026-07-25 11:35:17.479934
UC-5Kr2sFSJf8jGjyRJ-4H8Q,AFV Classic,2,5455405,11800,1471,0,10910.81,0.0025,2026-07-25 11:35:17.479934
UC-5PWLolsVKbaAwkvFQvxFQ,Vern Chap,1,42568,163,23,0,85.14,0.0044,2026-07-25 11:35:17.479934
UC-5Vg7lmY_ui9liUBVEmwqg,Bayram Nurlu,8,325711,1720,853,0,651.41,0.0108,2026-07-25 11:35:17.479934
UC-5fdSAk3Mq9dsGtM4nwMiQ,MMA Mixed Music Arts,2,7368236,49035,1205,0,14736.47,0.0123,2026-07-25 11:35:17.479934
UC-5mFYAm6m7KdAtsdJr0W0w,Eren GENAR,1,19319,91,14,0,38.64,0.0054,2026-07-25 11:35:17.479934
UC-5on5_kcZtvG99ODvPY5yQ,Rıdvan Yavuz -Yavuz Mirza-,1,778688,2300,267,0,1557.38,0.0033,2026-07-25 11:35:17.479934
UC-63NfPNyBkHcwKG4e2101g,Ata Benli,2,249471,5100,836,0,498.94,0.0233,2026-07-25 11:35:17.479934
UC-68yVCdXC2ZJSypRV4FmVQ,T-STUDIO ES,1,8991214,36000,9700,0,17982.43,0.0051,2026-07-25 11:35:17.479934
UC-6X8C6aKa1FGWzcI_GXkFg,SON MESAJ,1,605759,0,0,0,1211.52,0.0,2026-07-25 11:35:17.479934
UC-6mynVWHtw8iX_-EWj1JGA,CrosOOvr,3,7118919,41100,3856,0,14237.84,0.0067,2026-07-25 11:35:17.479934
UC-7IbiiBCqumU4FtQb_xW8A,Jarrett and Sable,1,1356608,12000,5000,0,2713.22,0.0125,2026-07-25 11:35:17.479934
UC-7Mj8NcxQfT8WR_otr7jqA,Yakari Matata Plus,1,70575,576,249,0,141.15,0.0117,2026-07-25 11:35:17.479934
UC-7P2hQfh7INEB2XlWKNJKg,Papo de Donzela,1,1489085,93000,1700,0,2978.17,0.0636,2026-07-25 11:35:17.479934
UC-7XFLlr49QrxLMTbvZCrrA,Gönlümün orta yeri,1,2466295,8800,770,0,4932.59,0.0039,2026-07-25 11:35:17.479934
UC-7weozdy0CtU7MTVlU919g,KirklarCemEvi1,1,23331,127,8,0,46.66,0.0058,2026-07-25 11:35:17.479934
UC-83gQLItMKXlzP0GYlzIlg,testdelisi,1,1269374,4900,296,0,2538.75,0.0041,2026-07-25 11:35:17.479934
UC-8LwcrqOb-LAVPKZWhVPPA,Acts of Kindness,1,266525,3400,63,0,533.05,0.013,2026-07-25 11:35:17.479934
UC-8SfuJVvcZ6eXsG0M9W1pQ,Mənzər Nənənin Mətbəxi,1,121491,900,379,0,242.98,0.0105,2026-07-25 11:35:17.479934
UC-8iutGCkl8-14KEz7BRECA,Barbie Hacks and Toy Crafts,1,2530247,24000,1600,0,5060.49,0.0101,2026-07-25 11:35:17.479934
UC-8mR95SfIVQzDrAu3769eg,gercegecagri1,2,58224,173,12,0,116.45,0.0029,2026-07-25 11:35:17.479934
UC-8n1LsxTQwOJ0qNorTiDKg,Ayfer-3,1,61170,427,12,0,122.34,0.0072,2026-07-25 11:35:17.479934
UC-96-wylQSjBNAshmPHPIKA,DemirBıyık,1,12523,967,262,0,25.05,0.0981,2026-07-25 11:35:17.479934
UC-97_yTqmHXU3u0j5nCUsNA,haci murteza,1,59405,188,22,0,118.81,0.0035,2026-07-25 11:35:17.479934
UC-98P1HknuXGxDYNwlxsKwQ,The Great Courses Plus,1,16241,73,3,0,32.48,0.0047,2026-07-25 11:35:17.479934
UC-9b7aDP6ZN0coj9-xFnrtw,Astrum,2,4334122,58903,2588,0,8668.25,0.0147,2026-07-25 11:35:17.479934
UC-9up0-0_2NPJPBbTP0SJ-A,Kürsüdeki Mücadele,1,230606,2400,226,0,461.21,0.0114,2026-07-25 11:35:17.479934
UC-9wTSeu7H9ln8rPk-W1wzg,ElectromaMV,1,49190,1000,58,0,98.38,0.0215,2026-07-25 11:35:17.479934
UC-9yCe3OWpsSUCJRpJVVUNQ,Yağmur Ertuğrul,1,471,18,2,0,0.94,0.0425,2026-07-25 11:35:17.479934
UC-A-BRM67RPF5ia93PbvAtw,ANKARA RUKYE,3,51382,399,46,0,102.76,0.0099,2026-07-25 11:35:17.479934
UC-A1lyYerRo-7_FWuDIrvAw,Nordgruppe Association,1,758615,2800,519,0,1517.23,0.0044,2026-07-25 11:35:17.479934
UC-AJulITnJiARqCEHZk4uoQ,EFRAD RABBANİ TV,1,21572,117,13,0,43.14,0.006,2026-07-25 11:35:17.479934
UC-AirOG20AQDGqGEL_bbVsg,Kluermoi,1,514750,9900,410,0,1029.5,0.02,2026-07-25 11:35:17.479934
UC-B3YpRrvE3lFUO4C04iOEg,İhsan Şenocak,1,118955,1300,280,0,237.91,0.0133,2026-07-25 11:35:17.479934
UC-BMln9Ze9JMtPGeAHoKoZA,srsnbmb,1,5231392,42000,730,0,10462.78,0.0082,2026-07-25 11:35:17.479934
UC-Bd2KIelG33T7s4C4YfJlA,Rmsss C,1,2193673,3600,999,0,4387.35,0.0021,2026-07-25 11:35:17.479934
UC-BkH7GVoMP5ecV7Uf4KeDA,alidide,1,3801,6,0,0,7.6,0.0016,2026-07-25 11:35:17.479934
UC-CBjQ2gfIFsVel7VF1xLLQ,monapera,1,7764,106,35,0,15.53,0.0182,2026-07-25 11:35:17.479934
UC-CD5E3ck9aqzIrUGZt83-Q,Skypictures_de,1,109962,942,34,0,219.92,0.0089,2026-07-25 11:35:17.479934
UC-CItM1ImpGdfSkMGoakj0w,Soy Production,3,367623,2161,282,0,735.25,0.0071,2026-07-25 11:35:17.479934
UC-CSiYK1-L5ZkJOB--eB2qw,Elif Eylül Yurt,2,6489541,30094,14013,0,12979.09,0.0158,2026-07-25 11:35:17.479934
UC-C_5Hl_XiXVZVXZewNQ4Zw,Selcuk Kullu,1,24479,66,9,0,48.96,0.0031,2026-07-25 11:35:17.479934
UC-CxEwlKAKHuY-PKm0xXU4Q,Mickey Da Barber,1,329620,3300,113,0,659.24,0.0104,2026-07-25 11:35:17.479934
UC-DUrA-h7-s_C57ECJ1BFPA,Coby Persin,8,117755147,1361400,73009,0,235510.29,0.0219,2026-07-25 11:35:17.479934
UC-D_liYwPDAKWWkz9cSIqdA,Mahdi Tirgar,1,575559,2600,168,0,1151.12,0.0048,2026-07-25 11:35:17.479934
UC-Do5dQJv4_3fhTaYWdImKQ,Emine Ilkay Turgut,1,865781,1000,145,0,1731.56,0.0013,2026-07-25 11:35:17.479934
UC-DwoDuh-SrVW9PGv8t72pA,1kitap1film1ipek,1,4179,283,5,0,8.36,0.0689,2026-07-25 11:35:17.479934
UC-E4G4kwODLmmAkUV6KLfBw,Radyo Siyah,1,1867493,13000,395,0,3734.99,0.0072,2026-07-25 11:35:17.479934
UC-EBW7QoxgVJ41LBCZBrUcg,PeriscopeTürkiye,1,9581,175,2,0,19.16,0.0185,2026-07-25 11:35:17.479934
UC-E_B9IChKBzYGMfZ3NRFVQ,garipbeyli,2,51896,161,11,0,103.79,0.0083,2026-07-25 11:35:17.479934
UC-Eb11uUVvoMiYC0Q5fE5yA,Fuad İskenderov,1,576821,20000,664,0,1153.64,0.0358,2026-07-25 11:35:17.479934
UC-_RZigsVDgZnXJiqM8d85w,Okan Bayülgen,2,356266,1181,137,4,712.53,0.0037,2026-07-25 11:35:17.479934
UC-_k9QZAfuAM2jeuR-otINg,Dr. Turhan GÜLDAŞ,1,7630,174,10,0,15.26,0.0241,2026-07-25 11:35:17.479934
UC-_nSDa8-jCXmeEv1xXcYZw,Fit Mission Makeup Jocelyn McClellan,1,306269,3200,170,0,612.54,0.011,2026-07-25 11:35:17.479934
UC-aE_WrNN9notBKNAqaYQCA,No Luggage / Bez Bagaj,1,18381,68,6,0,36.76,0.004,2026-07-25 11:35:17.479934
UC-aQVs2BnXKQsIOKDYC4pdQ,Trabzon - Bosna,4,799103,3423,434,0,1598.2,0.0053,2026-07-25 11:35:17.479934
UC-aZ9MkpWVjndNtaE8dpeMQ,Octavian TV,1,6810081,8900,2500,0,13620.16,0.0017,2026-07-25 11:35:17.479934
UC-ab2iW13jJj4hEgldoe8tw,Serhat Irmak,1,107631,733,18,0,215.26,0.007,2026-07-25 11:35:17.479934
UC-af0JQRMXwDEVNR4d-S1Xg,MotopiXel Tv,2,43818,1139,43,0,87.63,0.0331,2026-07-25 11:35:17.479934
UC-afn-MWUkn2hAItCyxVjwA,منعطف Mun3ataf,1,1810584,12000,1000,0,3621.17,0.0072,2026-07-25 11:35:17.479934
UC-ax9HxwZwVjewL79QAwi9Q,mustafakaradeniz2011,5,2529090,5638,862,0,5058.19,0.0027,2026-07-25 11:35:17.479934
UC-b-N_SNmDJWQncRWworR7g,Taxi,1,396437,1200,149,0,792.87,0.0034,2026-07-25 11:35:17.479934
UC-b5H5OfdV6gcAM7OjFTZFg,Ahmed Fathi | أحمد فتحي,1,1118224,6500,391,0,2236.45,0.0062,2026-07-25 11:35:17.479934
UC-bPVRWlnuM__qlpGPABjYw,SUZU POP,1,1163405,4800,998,0,2326.81,0.005,2026-07-25 11:35:17.479934
UC-bSbUiVd8g1xJKbZsp0C3w,Sven Raiza,1,49367,411,17,0,98.73,0.0087,2026-07-25 11:35:17.479934
UC-bbHiTZGWKbsCjpzUfrk6Q,NOS Jeugdjournaal,18,6711416,53161,4023,0,13422.84,0.0093,2026-07-25 11:35:17.479934
UC-bxtBkk7wNsA5T1Po1fcHQ,Jansen's DIY,2,2355722,21100,1572,0,4711.44,0.0096,2026-07-25 11:35:17.479934
UC-bzjtM56jxNPHKUq6RyBhQ,NEŞE Yelken,1,276106,437,59,0,552.21,0.0018,2026-07-25 11:35:17.479934
UC-c-Bg_SUZemSvBkjnABtWQ,Kuzey Günceleri,2,9168,248,9,0,18.34,0.0292,2026-07-25 11:35:17.479934
UC-cAbG35srz5kz70gs4lI_Q,Orkun Okur - Müzik Kanalı,4,22765,177,0,0,45.54,0.0092,2026-07-25 11:35:17.479934
UC-cFEo6Vqf79GxEOCZ8Y-mA,izy beatz,1,15873379,142000,3100,0,31746.76,0.0091,2026-07-25 11:35:17.479934
UC-cOt_697UhRQDSYPaY_jVg,The Dole Institute of Politics,1,7241,23,10,0,14.48,0.0046,2026-07-25 11:35:17.479934
UC-clKW9fVDUvIwQyEeB3nJA,JohnFriedaUK,1,3406413,18000,1400,0,6812.83,0.0057,2026-07-25 11:35:17.479934
UC-cq6kvnKdnZ4LcaunB9Ozg,Snrys Tv,2,273702,3064,226,0,547.4,0.01,2026-07-25 11:35:17.479934
UC-crknF3ZeA41v1XdD3zQXg,Ateş Müzik,11,25403888,66755,9780,0,50807.76,0.0042,2026-07-25 11:35:17.479934
UC-cxqz-2fBOekclLlaERLJQ,John Boehner,1,59593,739,45,0,119.19,0.0132,2026-07-25 11:35:17.479934
UC-dDLkdpguzL_ffMIZ_tvOw,Crafty Panda Bubbly,1,7069670,41000,7200,0,14139.34,0.0068,2026-07-25 11:35:17.479934
UC-dNkLJUXJvWFTehWg1iPTQ,YapBi,2,5843244,35030,5403,0,11686.49,0.0206,2026-07-25 11:35:17.479934
UC-dmJ79518WlKMbsu50eMTQ,Clark Kegley - Refusing to Settle,2,2426096,51000,1447,0,4852.19,0.0217,2026-07-25 11:35:17.479934
UC-dpTZW1S1hSPmc-5ETwmMw,huseyingunay34,1,172340,771,26,0,344.68,0.0046,2026-07-25 11:35:17.479934
UC-dxlCijk41ZxR2aUc3kinQ,ModernMom,1,4870,25,6,0,9.74,0.0064,2026-07-25 11:35:17.479934
UC-eIR9TJ-qGgRXGlrUmUWlg,Lindsay Adkinson,2,1320874,37000,787,0,2641.74,0.0144,2026-07-25 11:35:17.479934
UC0-JGKSc-PTatVYn8K-b4Vw,Саша М,1,455691,1300,318,0,911.38,0.0036,2026-07-25 11:35:17.479934
UC0-NJppncK960H3gfQ3vbmQ,Important for the World,1,1982648,31000,1700,0,3965.3,0.0165,2026-07-25 11:35:17.479934
UC0-XQtz_N8DgxTq8Zu6LdnQ,Ert Adya,2,665295,2100,122,0,1330.59,0.0035,2026-07-25 11:35:17.479934
UC0-h9fa58JU2EKLL4GiQunA,TymetheInfamous,2,1305240,20100,1572,0,2610.48,0.0514,2026-07-25 11:35:17.479934
UC0-rffNWr5b9y48GtlvKhtg,ferdican90,1,5298303,6900,968,0,10596.61,0.0015,2026-07-25 11:35:17.479934
UC0042PQDhkNqVnj1hU5xJ3w,LiveBaku,1,86910,727,24,0,173.82,0.0086,2026-07-25 11:35:17.479934
UC00LEcknopICxyghUArwjXw,Српска напредна странка,1,35128,0,0,0,70.26,0.0,2026-07-25 11:35:17.479934
UC00TntdcFSy3LtRxZrQAKcg,Saddler leader,2,2281200,44737,4527,0,4562.4,0.0147,2026-07-25 11:35:17.479934
UC00_EJld087j0fDZfGX9Hlg,MiniBiz,2,8666423,24400,9700,0,17332.84,0.0041,2026-07-25 11:35:17.479934
UC00y-hZ2MQBOljZdtc0tMVg,ruax54,2,561592,2032,89,0,1123.19,0.0036,2026-07-25 11:35:17.479934
UC01D5XucOVuDUkd12qaxHGw,Игорь Томилов,1,1177,2,4,0,2.35,0.0051,2026-07-25 11:35:17.479934
UC01DV0R3ag-WCrUMskuKBvQ,Ensari Yılmaz,1,896592,4000,431,0,1793.18,0.0049,2026-07-25 11:35:17.479934
UC01E0uy0eRUFJs71fc2XvMQ,Monkeys 999,1,2808852,7700,2200,0,5617.7,0.0035,2026-07-25 11:35:17.479934
UC01ExU77xw-RBBpIqass2Yw,Cehira Farm,1,12884,501,29,0,25.77,0.0411,2026-07-25 11:35:17.479934
UC01JFylY0IaCHmTy2mJHcBg,Sevinc Kaynar,1,339,18,2,0,0.68,0.059,2026-07-25 11:35:17.479934
UC01ba_7rBf9xOEz5tJlPDSQ,MediaViral,1,1302291,8300,843,0,2604.58,0.007,2026-07-25 11:35:17.479934
UC02Ap0pTtlO4xVC38PoVRXQ,HELLO! Canada Magazine,1,1261578,4700,498,0,2523.16,0.0041,2026-07-25 11:35:17.479934
UC02FWV3q86Q2xdk1ViIImUA,Selçuk Harput,1,205172,385,75,0,410.34,0.0022,2026-07-25 11:35:17.479934
UC02LL97-o7Kw3meFT37h9bg,epiii02,1,7750221,33000,948,0,15500.44,0.0044,2026-07-25 11:35:17.479934
UC02WTu1yRhtxUFsf51_fPRQ,Yasir Çobanoğlu,1,17304,116,4,0,34.61,0.0069,2026-07-25 11:35:17.479934
UC02lx0N8yTYoPF9HsSGTdVA,irsamusicvevo,1,8902,24,4,0,17.8,0.0031,2026-07-25 11:35:17.479934
UC036Ql1gm-erwYaWYRb-j4Q,Param ve Ben,1,102396,717,37,0,204.79,0.0074,2026-07-25 11:35:17.479934
UC03CNdyxxHIuaLOPC849rQQ,YanniTurkey,1,11203,68,4,0,22.41,0.0064,2026-07-25 11:35:17.479934
UC03KSLWpUrtW003izrev2Uw,Urim Lika,2,209682,272,38,0,419.37,0.0015,2026-07-25 11:35:17.479934
UC03RvJoIhm_fMwlUpm9ZvFw,Crafty Panda,17,186427048,1423000,217700,130,372854.11,0.0097,2026-07-25 11:35:17.479934
UC03ZzeVbooO6mC5cUbfZxWA,KAMAZ-master,1,50847,253,13,0,101.69,0.0052,2026-07-25 11:35:17.479934
UC040abZIzuJncxfMHfdVEoA,imaycallyou beauty channel,1,110033,2500,31,0,220.07,0.023,2026-07-25 11:35:17.479934
UC04DOj6VT9nmpBNPqzvwQGw,İsmail Şahinkaya,5,9933656,19997,4403,0,19867.3,0.0025,2026-07-25 11:35:17.479934
UC04KsGq3npibMCE9Td3mVDg,Cheddar,2,1254312,21629,1030,0,2508.62,0.0223,2026-07-25 11:35:17.479934
UC04PcRsbCZM5JrbanIwdQtQ,BADEMİN GÜNLÜĞÜ,1,10572,147,18,0,21.14,0.0156,2026-07-25 11:35:17.479934
UC04V_2saVPCjjERDAfs9NUQ,Muntazer Türk,1,698191,13000,134,0,1396.38,0.0188,2026-07-25 11:35:17.479934
UC04WibZN4Pp2481QBYM9Zbw,Eldar Nabiev,1,135116,1100,81,0,270.23,0.0087,2026-07-25 11:35:17.479934
UC04cPAH-irfZkF6EtFGrhhQ,Webrazzi,5,567850,5801,672,0,1135.71,0.0131,2026-07-25 11:35:17.479934
UC04fVSabLm1hUSIoyJqttAg,attropine,2,2660454,15400,450,0,5320.9,0.0052,2026-07-25 11:35:17.479934
UC04wHDsGh8HFAogMSBI89-g,Storm Darkspider,1,2347566,8900,270,0,4695.13,0.0039,2026-07-25 11:35:17.479934
UC050A7AAf8BkrK_9IDZ5Iqg,jackboyone,1,1020590,4400,279,0,2041.18,0.0046,2026-07-25 11:35:17.479934
UC054-DYVipipUs77InC8OeA,s r,1,131430,141,11,0,262.86,0.0012,2026-07-25 11:35:17.479934
UC05FYp9Z0hn43R1ZYZO4nxQ,TLC Deutschland,1,866695,4500,442,0,1733.39,0.0057,2026-07-25 11:35:17.479934
UC05lhpl9yAEvFRh8zPMH2kw,arifvebeyazgulu,1,605285,1200,144,0,1210.57,0.0022,2026-07-25 11:35:17.479934
UC05mHIxrD6IG7dc3c1lEaJg,Discovery Channel Россия,9,6111358,30973,4928,0,12222.72,0.0073,2026-07-25 11:35:17.479934
UC05vHiaQv8byuUCWQMbbLPA,Metin ACAR,1,4329,5,0,0,8.66,0.0012,2026-07-25 11:35:17.479934
UC062uqbct_vra4h2ysJWI_w,Leylunehar,3,59360,3605,41,0,118.72,0.0602,2026-07-25 11:35:17.479934
UC06Bq3d9C1X262Ko7onJ1rw,Tıka Basa Müzik,1,182258,596,96,0,364.52,0.0038,2026-07-25 11:35:17.479934
UC06KvP9JrPTQTwW3YcBBU3Q,Ghost Front,1,815559,7900,839,0,1631.12,0.0107,2026-07-25 11:35:17.479934
UC06NhWhUhPbFOIMF0eLkTSg,ThePoLemick,1,1068771,2200,344,0,2137.54,0.0024,2026-07-25 11:35:17.479934
UC07IulKfxHy13WIM-vD6vmw,Tic Cmontmorency,1,497377,3200,348,10,994.75,0.0072,2026-07-25 11:35:17.479934
UC07Kxew-cMIaykMOkzqHtBQ,LadyGagaVEVO,1,740035758,4700000,149000,0,1480071.52,0.0066,2026-07-25 11:35:17.479934
UC07b5Bof5Z3PMJHG4zQyo9A,OfficialHoophall,1,40776,174,160,0,81.55,0.0082,2026-07-25 11:35:17.479934
UC07dKUapaty_crqypCtvI9A,Tarih Kanalı,5,476386,2904,748,0,952.78,0.0132,2026-07-25 11:35:17.479934
UC07orE5xtDlnV8ik0y8agOg,Tainara Reis,5,17551431,256000,11887,0,35102.87,0.0345,2026-07-25 11:35:17.479934
UC07qAfGd_Tqu8xRG6yPtw3A,DLM Model Lifestyle,1,1485515,46000,614,0,2971.03,0.0314,2026-07-25 11:35:17.479934
UC082HCKcCwJ-AIz3APGbwQg,Spas Kakarchev,1,73939,446,18,0,147.88,0.0063,2026-07-25 11:35:17.479934
UC084zOc5knHoHr81teIziwQ,Tasty Travel,2,2939081,12200,935,0,5878.16,0.0053,2026-07-25 11:35:17.479934
UC089dSA-1NJYQ9geCIHbneg,Yılmaz Karakaya,2,1538527,4748,634,0,3077.05,0.004,2026-07-25 11:35:17.479934
UC08Kck_FUDDzF2LT8VM0xFg,Ricky B,1,1828136,4500,945,0,3656.27,0.003,2026-07-25 11:35:17.479934
UC08L4M_o_MRAb4laPWP8MZQ,Anar Ferhadoglu,2,16834,188,14,0,33.67,0.0174,2026-07-25 11:35:17.479934
UC08P7Wsz9Xpp987w7PCjvSw,eka3063,1,600431,2200,348,0,1200.86,0.0042,2026-07-25 11:35:17.479934
UC08_N7KZO5Uqh3Ro_iVYASg,JN Football,1,51350377,316000,21000,0,102700.75,0.0066,2026-07-25 11:35:17.479934
UC08uyA-P6S5ibmxeiV51ULg,拍客手记丨Video,1,2043039,3200,726,0,4086.08,0.0019,2026-07-25 11:35:17.479934
UC0932iALo5O8I2PU35DqACw,Президентский Полк,2,2184548,24067,867,0,4369.1,0.008,2026-07-25 11:35:17.479934
UC093gQ2ek1-EGgZgq1SNAJA,Bravo Studio,2,2628044,18100,899,0,5256.09,0.0073,2026-07-25 11:35:17.479934
UC098TaybT2qEL-n5X4TUlQg,MURAT MERT,1,27018,130,22,0,54.04,0.0056,2026-07-25 11:35:17.479934
UC09IvZwjpunzrdHH1EHok-w,Funny Animals' Life,5,21960272,128700,10607,503,43920.55,0.007,2026-07-25 11:35:17.479934
UC09RGLk7BNmJ0YLpUgIlPSQ,Sır Kaşifi,1,333,13,2,0,0.67,0.045,2026-07-25 11:35:17.479934
UC09uMgso7KURmoc7FghZ_hw,kilpachino43,2,60545,51,8,0,121.09,0.001,2026-07-25 11:35:17.479934
UC0A7Frw2CLs8f1lUvAjMJgg,MUSTAFA TERECİ,18,4483774,17870,2573,15,8967.55,0.0067,2026-07-25 11:35:17.479934
UC0A9t41Wga7j9rCXLPRaySA,Braincam,1,6412214,12000,497,0,12824.43,0.0019,2026-07-25 11:35:17.479934
UC0AUIKXrMJNvjfWvISbPf1g,Zeybek Dansları,1,168626,457,33,0,337.25,0.0029,2026-07-25 11:35:17.479934
UC0AYgoHTz5CHphEXKCJG_IA,Ve Kazanan,1,69685,360,13,0,139.37,0.0054,2026-07-25 11:35:17.479934
UC0Al2yX9jdLaZjxgH1bF5jQ,FatmaNeseli,1,11979,58,2,0,23.96,0.005,2026-07-25 11:35:17.479934
UC0B4l05O1G5-K6Iz7SDh_ug,Javed Chaudhry,1,1266280,33000,1700,0,2532.56,0.0274,2026-07-25 11:35:17.479934
UC0BO3fbxTXKFmMT-3qlo4-g,Рассмеши Комика - Официальный Канал,22,58478954,457500,39589,0,116957.93,0.0084,2026-07-25 11:35:17.479934
UC0BSJnx8FbmeXAx2dtGjLjg,My Hotchocolate [Preeti Shah],11,4940755,77790,4246,0,9881.5,0.0377,2026-07-25 11:35:17.479934
UC0Brh18tOq9ybHyw4GV0sUw,Elena Besser,1,139,7,0,0,0.28,0.0504,2026-07-25 11:35:17.479934
UC0BtRH-Yeac-OORXmxWgTbA,Divine Channel ( Breath Productions ),1,588344,4600,175,0,1176.69,0.0081,2026-07-25 11:35:17.479934
UC0CA0ze2mPGI4S1iiXWvr4Q,Hassan AH.Zadeh,1,487919,1100,134,0,975.84,0.0025,2026-07-25 11:35:17.479934
UC0CJYfApE1axKMB06gPBGjw,B.Selçuk ÖKSÜZ,2,2452790,7515,588,0,4905.58,0.0027,2026-07-25 11:35:17.479934
UC0CNrRVlOB9hxz9AhnUYKrA,PINOY BOXING PRODIGY,5,14858721,66200,7312,0,29717.44,0.0052,2026-07-25 11:35:17.479934
UC0CO2yrqUzSG-R-BwUcc--A,Zeynep Baksi Karatag,5,4555762,17659,828,0,9111.53,0.0056,2026-07-25 11:35:17.479934
UC0C_x7eL_XfskDGHeBli8kA,medipoluniversitesi,2,463670,1706,157,0,927.34,0.0038,2026-07-25 11:35:17.479934
UC0Cqd5-nK2qBwGdYZTSC-VA,Çapakçur Gazetesi,1,535214,4300,558,0,1070.43,0.0091,2026-07-25 11:35:17.479934
UC0CtN5-69fgrb5rId-cOZYQ,AZAD AYSAL,1,18074,58,29,0,36.15,0.0048,2026-07-25 11:35:17.479934
UC0CzAoFcP5ZjD5FJXouNx0Q,barışcan özay,5,2929063,18019,497,0,5858.13,0.008,2026-07-25 11:35:17.479934
UC0DHsQccwD4XUSCq5SDcq_Q,Cubbeli Ahmet Hoca Videolari,3,20246,140,13,0,40.49,0.0066,2026-07-25 11:35:17.479934
UC0DM_mHV2u6dj8ig51GkQwg,El Trece,1,6099714,19000,2900,0,12199.43,0.0036,2026-07-25 11:35:17.479934
UC0DUcmTVlCRiTatnnW9nnDA,MuratDalkilicVEVO,1,6862618,20000,775,0,13725.24,0.003,2026-07-25 11:35:17.479934
UC0DXqFmQCNmiCuw_QmH8cnw,AJ WorlD,1,598432,8900,335,0,1196.86,0.0154,2026-07-25 11:35:17.479934
UC0DpIF_udIprM7V67GrOQyw,kimata4227,1,56555,92,12,0,113.11,0.0018,2026-07-25 11:35:17.479934
UC0E-ArHuLfM8c6qqBRDozdQ,FISHT MEDIA,1,1449730,7300,408,0,2899.46,0.0053,2026-07-25 11:35:17.479934
UC0E1IJUqqbSa9h25S-v0rJQ,Makeupbydenys,1,7357,330,50,0,14.71,0.0517,2026-07-25 11:35:17.479934
UC0E6CayuoFMCehqdqDCOmcQ,Sabrina van Beek-Barten,1,24009,84,6,0,48.02,0.0037,2026-07-25 11:35:17.479934
UC0EIcCkd0P0sViETrQ93AXQ,SukriyeTutkunVEVO,3,1645518,5482,287,0,3291.03,0.0043,2026-07-25 11:35:17.479934
UC0EKnd0EWBefw9Wrqw_wrAA,algi channel,1,35049,436,53,0,70.1,0.014,2026-07-25 11:35:17.479934
UC0EZOuqtfuIumzghvi0J2Bw,aleviorg,1,534206,1100,180,0,1068.41,0.0024,2026-07-25 11:35:17.479934
UC0EdwFGqZcWG5z-ek7v0LOg,keramettin çelik,1,69957,142,22,0,139.91,0.0023,2026-07-25 11:35:17.479934
UC0EnlriQSUUtAGrEDdVoyNA,Ali Ayşe'yi Seviyor,1,13490,44,7,0,26.98,0.0038,2026-07-25 11:35:17.479934
UC0EpedkBG2k7kd8UGJuYShQ,케미TV KemiTV,1,1237420,6900,485,0,2474.84,0.006,2026-07-25 11:35:17.479934
UC0EyR3SxOn6hWwu6hF1DlTQ,sonar2050.org,5,4295834,37611,3046,0,8591.67,0.016,2026-07-25 11:35:17.479934
UC0FFExY13qFRznbFyrPTDjg,Wyoming PBS,1,855,11,0,0,1.71,0.0129,2026-07-25 11:35:17.479934
UC0G7LIBzdwS-RMT1IF30X3A,Sale and purchase of apartments,3,187732,1355,119,0,375.47,0.0083,2026-07-25 11:35:17.479934
UC0GKelxahF1nHwKyGhfJVYA,Sevda Kuşun Kanadında,1,503334,2500,100,0,1006.67,0.0052,2026-07-25 11:35:17.479934
UC0GNfQ86lzXSrcZFOYsk_0Q,HAMİT Çıraklı,1,1777,16,2,0,3.55,0.0101,2026-07-25 11:35:17.479934
UC0GaL30ndpBeIC0sIttIKYw,Asil Türkmen,1,182078,2900,58,0,364.16,0.0162,2026-07-25 11:35:17.479934
UC0Gc2IgAKlLb3vJ4SWDyjzA,Edu Solsona TT,2,13278246,91724,5394,0,26556.49,0.0108,2026-07-25 11:35:17.479934
UC0GkEyks1Nnzhsi9bCZTIjA,Dr Mona Vand,1,3529194,67000,3800,0,7058.39,0.0201,2026-07-25 11:35:17.479934
UC0H-wXcgsDsDfMeEwZymnqQ,Cars Overview,1,3696578,26000,1000,0,7393.16,0.0073,2026-07-25 11:35:17.479934
UC0H4IGyB-bpKvralbeTFVwQ,Sushi Bomber TV クッキング最前線,2,3382689,15600,1632,0,6765.37,0.0045,2026-07-25 11:35:17.479934
UC0H5KYkcqp0SJlyO2ovf0eQ,Harut Asatryan,1,276849,2800,273,0,553.7,0.0111,2026-07-25 11:35:17.479934
UC0HC4eEwtziWj1w-tJ83VGA,Elyorbek Malikov,1,6090765,23000,2500,0,12181.53,0.0042,2026-07-25 11:35:17.479934
UC0HCqatdSnpmd_U3mpuwcRw,Dünya TV Şou,2,89602,651,105,0,179.2,0.0142,2026-07-25 11:35:17.479934
UC0HHVCYaQPvyzqOgG-kOfEw,2 Dakika İzlermisin ?,1,390988,2900,251,0,781.98,0.0081,2026-07-25 11:35:17.479934
UC0HMa6X3iMhMq96kkRLLTog,GohmertTX01,2,10664,165,10,0,21.33,0.033,2026-07-25 11:35:17.479934
UC0HX4qLI3uDOWY7-6Rzkr6g,MusiqiKarvani,4,616489,7396,185,0,1232.98,0.0109,2026-07-25 11:35:17.479934
UC0Hg2Ks00kCekyjZG_LxOmg,English Like A Native,2,1130227,27500,482,0,2260.45,0.0272,2026-07-25 11:35:17.479934
UC0HqEAJcsfNaqOWP9Cluv-g,Minik Mutfakta,1,43267,517,39,0,86.53,0.0129,2026-07-25 11:35:17.479934
UC0HqccA9_V7FUShl9WuUNSw,Stajyer Gezgin,1,83302,369,24,0,166.6,0.0047,2026-07-25 11:35:17.479934
UC0Hv8a-BX6gsT-h8VumGxDQ,Jovin Ramos,1,3035671,33000,1700,0,6071.34,0.0114,2026-07-25 11:35:17.479934
UC0HwLU0nqctFyNJOu6giV0Q,X-Spot Aviation,1,15590,83,18,0,31.18,0.0065,2026-07-25 11:35:17.479934
UC0IBfStQWeHcs9saRUiyhpg,Hüseyin Dağlıoğlu,1,1425112,7700,481,0,2850.22,0.0057,2026-07-25 11:35:17.479934
UC0IE_iRFgMQfabQxnc5G9wg,Sahteleştirme İhanettir,1,212100,898,310,0,424.2,0.0057,2026-07-25 11:35:17.479934
UC0IVIjkvC8jyj0BIu1fUodQ,Pr. Rachid Eljay chaine officielle 1,4,2713353,50000,2636,0,5426.71,0.0364,2026-07-25 11:35:17.479934
UC0IeRWcMjhu6VK9k29xmqlg,emceereefer,1,731888,628,55,0,1463.78,0.0009,2026-07-25 11:35:17.479934
UC0J9MiY5mKFTPVSU_nBHxlw,Kuaforuzcomtr,1,267376,57,31,0,534.75,0.0003,2026-07-25 11:35:17.479934
UC0Jo515wZOA0e7UhoHZ6Zdw,MagatLoad,1,44916,99,16,0,89.83,0.0026,2026-07-25 11:35:17.479934
UC0JypFmHP-9wh5A3JjJLpcA,BBC News Azərbaycanca,17,3620248,33110,3534,0,7240.52,0.0138,2026-07-25 11:35:17.479934
UC0K-1_31jfkcA4Nd294gMyA,Alejandro Fernández,1,9058055,55000,2800,0,18116.11,0.0064,2026-07-25 11:35:17.479934
UC0KiGuCTrehqzSQ7ikjxSQw,Patricia Bright,17,23319341,740400,16700,0,46638.69,0.0346,2026-07-25 11:35:17.479934
UC0KlsrtlG7nOtGFzCr-Py1Q,Suat Başam,2,201427,1804,850,0,402.85,0.0313,2026-07-25 11:35:17.479934
UC0L1suV8pVgO4pCAIBNGx5w,60 Minutes Australia,20,43948863,340350,109453,0,87897.74,0.0105,2026-07-25 11:35:17.479934
UC0L5YmRdQEySWhIzR_iPcaQ,Bereket TV,8,296114,1460,207,0,592.23,0.007,2026-07-25 11:35:17.479934
UC0L5ymujv1wPuka8DofJVYg,Gülümse Yeter,2,5696157,21000,3378,0,11392.32,0.0048,2026-07-25 11:35:17.479934
UC0LSnSIgOW2zRLkIXkzhnXQ,Turkmg89,1,492337,826,60,0,984.67,0.0018,2026-07-25 11:35:17.479934
UC0LSnqrwqtMwl2YwfUpO66g,Al Jazeera Documentary الجزيرة الوثائقية,1,2987575,15000,2200,0,5975.15,0.0058,2026-07-25 11:35:17.479934
UC0LYY1T2tIC7TDmooR5jutA,sabah41100,1,713744,1500,117,0,1427.49,0.0023,2026-07-25 11:35:17.479934
UC0LYYF0GBBDxzjmETL_DSzA,Eski Diziler,1,16842,59,11,0,33.68,0.0042,2026-07-25 11:35:17.479934
UC0LkfZNCMIg0dalutWT9g3w,Beşkazanın Sesi,24,5166866,11499,2189,0,10333.72,0.0053,2026-07-25 11:35:17.479934
UC0Lwfb-FgYiMBOjo8xJryLQ,Engel,2,14402420,36191,1811,0,28804.84,0.0041,2026-07-25 11:35:17.479934
UC0MWrtIfMQt7x8bGH95fPPQ,esse arslan,1,87840,334,18,0,175.68,0.004,2026-07-25 11:35:17.479934
UC0Mb08S3569jJHMldFNFERw,Makyaj Trendi,13,637789,4427,354,0,1275.6,0.0113,2026-07-25 11:35:17.479934
UC0MnjLaonE2xA5eGIEFjy5w,Natalia Evseeva,1,815701,12000,388,0,1631.4,0.0152,2026-07-25 11:35:17.479934
UC0MpRLzPTBzNOrF_O5jlGhA,Hasan Sonmez,1,773972,3000,154,0,1547.94,0.0041,2026-07-25 11:35:17.479934
UC0Mpd1WnxCz9PXCZZjBVGOQ,Live Healthy Life,1,11575629,53000,7300,0,23151.26,0.0052,2026-07-25 11:35:17.479934
UC0N2JCPta-vcvfffDZRTykw,Grand Ole Opry,1,66841,851,19,0,133.68,0.013,2026-07-25 11:35:17.479934
UC0NC_OoZD0vI8sqwdz9Im0Q,Phil Box,2,364652,1531,358,0,729.3,0.0059,2026-07-25 11:35:17.479934
UC0NOP6DUr696viuEY8sDvWg,Efsane_43 İLe BiLinmedik Sanatcılar,10,268331,825,95,0,536.67,0.0049,2026-07-25 11:35:17.479934
UC0NQyIgXa1HhLYGTxcIgiSg,Elen Pruefer,1,43053,103,27,0,86.11,0.003,2026-07-25 11:35:17.479934
UC0NTNCNPR3n2YPWIlyCPWcA,Reşo Zelal,1,4354033,13000,995,0,8708.07,0.0032,2026-07-25 11:35:17.479934
UC0NZJv2Mm4piI5TMqyhHuHg,Bracia Lasu,1,173353,439,140,0,346.71,0.0033,2026-07-25 11:35:17.479934
UC0NaWwWghJD37rMK2AYDidg,Jeff Dunham,7,38096649,273000,6305,0,76193.31,0.0097,2026-07-25 11:35:17.479934
UC0Nd39RL04BJzyhp6LJe_Hw,POWER ENERJİ,1,20076,249,24,0,40.15,0.0136,2026-07-25 11:35:17.479934
UC0NfWsPEcrX8Y_s00IcEEeQ,Uzm.Dr.Mustafa Ekin,4,946367,15300,829,21,1892.73,0.0443,2026-07-25 11:35:17.479934
UC0O1TRLjJXT0YnRm9vMfoKw,Leanardo davinçhi,1,105414,322,23,0,210.83,0.0033,2026-07-25 11:35:17.479934
UC0OEAZvJZRupRjjIlwYgLZA,Pauline Wahyuni,5,1276773,23143,1061,0,2553.54,0.033,2026-07-25 11:35:17.479934
UC0P0sx4mcj_I27TyCsJPdOg,exclaren1907,1,2356524,5300,168,0,4713.05,0.0023,2026-07-25 11:35:17.479934
UC0P4_2nrwEMw2A1TCsfQYdg,Mega News,2,1370771,8772,1039,0,2741.55,0.0087,2026-07-25 11:35:17.479934
UC0PCOpjUzGyKtaS0a03wGHg,SELO ACAR VİDEO- KLİP,4,2021525,10841,1523,0,4043.05,0.0056,2026-07-25 11:35:17.479934
UC0PRUDfs_19NqggXrgVedEQ,Art In Fusion,1,4819382,9800,2300,0,9638.76,0.0025,2026-07-25 11:35:17.479934
UC0PV0K9Z5a9p3D5917KF5fw,Senator Bob Menendez,1,4951,38,4,0,9.9,0.0085,2026-07-25 11:35:17.479934
UC0PYn4-0FW3LD6U2uQ8JF8w,Betting TV,2,18819,1075,31,0,37.63,0.0585,2026-07-25 11:35:17.479934
UC0PqIjcGX3Hu9nsUrN-PT9A,MEA India File,1,2039311,6400,997,0,4078.62,0.0036,2026-07-25 11:35:17.479934
UC0Prp2LjSZe-pTb4KUO5rLg,BRN G,1,10500,92,2,0,21.0,0.009,2026-07-25 11:35:17.479934
UC0Q58J-wzS9uymRlqjVu-TQ,Gelinim Mutfakta,3,210237,947,105,0,420.47,0.0059,2026-07-25 11:35:17.479934
UC0QLIL3J1o61LzuQzz45Gmg,Habil İlhan,1,1647555,2600,328,0,3295.11,0.0018,2026-07-25 11:35:17.479934
UC0QQjBE4Rso-qbbQKduTHBg,Nostalji Kuşağı,5,8899557,23176,2276,0,17799.11,0.0045,2026-07-25 11:35:17.479934
UC0Q_S3hAHvfGpTGPZX6_aoQ,ASLI GULER,2,384008,9700,811,0,768.01,0.0294,2026-07-25 11:35:17.479934
UC0QbpRO4AcSFOlBi53R-i_w,Clown Joker,2,265643,1573,82,0,531.29,0.0063,2026-07-25 11:35:17.479934
UC0Qiri5cU_rd0N38Mv68JMg,Motorhane Norveç,2,20428,467,21,0,40.86,0.0233,2026-07-25 11:35:17.479934
UC0Qju82LW7749gOo6UgrliQ,Two-Point-Four,1,1854912,28000,677,0,3709.82,0.0155,2026-07-25 11:35:17.479934
UC0QrWjy3cIHHaPqtT-Aukfg,GRUP ŞAFAK DÜĞÜN ORGANİZASYON,2,30178,57,6,0,60.35,0.0025,2026-07-25 11:35:17.479934
UC0QwC7V2SOaOm4i_m1XJwjw,MURAT HADİSE BOZ ASK,1,127686,1000,32,0,255.37,0.0081,2026-07-25 11:35:17.479934
UC0RJwgAqGNphU4armVMMOZg,Adanalı Tarihçi,1,423,3,0,0,0.85,0.0071,2026-07-25 11:35:17.479934
UC0RKPIqgL98gqKmYlr-V5-A,Solrac Etnevic,1,6621910,56000,1900,0,13243.82,0.0087,2026-07-25 11:35:17.479934
UC0S1vYE44vPOJdR4-T5AXZg,Oğuz Odabaşı,1,34020,263,19,0,68.04,0.0083,2026-07-25 11:35:17.479934
UC0S6tvDwevgaZNWghmeJUAQ,MiniMouns,2,138294,4600,127,0,276.59,0.047,2026-07-25 11:35:17.479934
UC0S7hNds2HJqU3ycXiox2fw,NESLİ,3,10436,108,4,0,20.87,0.014,2026-07-25 11:35:17.479934
UC0SWDGhWyw3kxxFK-AmLLjQ,jense6,1,7807500,27000,876,0,15615.0,0.0036,2026-07-25 11:35:17.479934
UC0ShzlwEoXe-NsW2Ua_OqMg,hknmlhakn4168,1,6743629,21000,1400,0,13487.26,0.0033,2026-07-25 11:35:17.479934
UC0SjJfeTd45aMnkNBJAeFSA,Kmbb Kmbb,2,369247,6445,350,0,738.5,0.0189,2026-07-25 11:35:17.479934
UC0TBG61sV07-epXmkyOI8fA,Çiçekli Mutfağım,6,2106332,25131,1766,0,4212.66,0.0135,2026-07-25 11:35:17.479934
UC0TJMLgzfQt-5blR9SFNxSQ,You And Me,5,5004584,76100,4469,0,10009.17,0.0193,2026-07-25 11:35:17.479934
UC0TwN0OHG5W2cuxMwBa9jpA,Handcraft TV,1,12855,159,11,0,25.71,0.0132,2026-07-25 11:35:17.479934
UC0U6shfv2qdb0HpCa_V3pYg,Uğur Önür &amp; Umut Sülünoğlu,12,2457861,19281,659,0,4915.71,0.0137,2026-07-25 11:35:17.479934
UC0U8aNUGGiyb3bQCVa4c1PA,07ido,3,9565779,21200,1846,21,19131.56,0.0025,2026-07-25 11:35:17.479934
UC0UJu6SxrBnALkR-BZPHYRg,МЯЧ Production,1,1148105,33000,866,0,2296.21,0.0295,2026-07-25 11:35:17.479934
UC0UK9eo_m6v4DDGXQKQf5Ww,Андрей Петров,1,1892831,101000,31000,177,3785.66,0.0698,2026-07-25 11:35:17.479934
UC0UecwriAVVm0gyyEFpakDQ,SuperSofi,2,198078527,852000,310000,0,396157.05,0.0056,2026-07-25 11:35:17.479934
UC0Uk8NnnFUtzzqGKmF54b6w,EnjoyFirefighting - International Emergency Response Videos,1,109857,500,111,0,219.71,0.0056,2026-07-25 11:35:17.479934
UC0UqLxvH7l-lAdm-VgvJZRQ,ilhan66000,1,1098900,2700,189,0,2197.8,0.0026,2026-07-25 11:35:17.479934
UC0V8gmCHji3O0tqlJy86BTA,NeyseNe,7,637595,24000,725,0,1275.19,0.0443,2026-07-25 11:35:17.479934
UC0VODCzvSCIckvFycHmsZng,ayz07,1,59515,196,22,0,119.03,0.0037,2026-07-25 11:35:17.479934
UC0VSMyLISEG9p5npsNHCTug,Turnalar Medya,1,5990,60,13,0,11.98,0.0122,2026-07-25 11:35:17.479934
UC0VzUWt_ehz4K5JFOM9gfJQ,ÜNÜVAR PRODUCTION,1,1453966,14000,856,0,2907.93,0.0102,2026-07-25 11:35:17.479934
UC0W5Ff8yWRLCKOrUEhIuLlg,Auto.bg,15,271983,2742,98,0,543.98,0.0115,2026-07-25 11:35:17.479934
UC0WOYJu3UqlZzA94GjpRMrA,GSR fm,1,134298,930,91,0,268.6,0.0076,2026-07-25 11:35:17.479934
UC0WTOtiT8ENTvpmCl4LWm9g,Mehmet Duman,1,24485,46,6,0,48.97,0.0021,2026-07-25 11:35:17.479934
UC0WWXUPDUhMDzRhJ59ssPtw,Rewşan Çeliker,1,3302325,18000,725,0,6604.65,0.0057,2026-07-25 11:35:17.479934
UC0X-OmOqbrm4IdxSza1tPfw,Юрий Ахметзянов,1,4450160,48000,1700,0,8900.32,0.0112,2026-07-25 11:35:17.479934
UC0X4rhY3oTk4YvQxVIdOXvA,HartAndBonamassa,1,93524,529,55,0,187.05,0.0062,2026-07-25 11:35:17.479934
UC0XMWSwoetYP4rBa7YBT4pg,NE YAPSAK ?,1,9990115,38000,2300,0,19980.23,0.004,2026-07-25 11:35:17.479934
UC0XUO6r5a9Rh8sGeDyX-TBg,Chris Papakon,1,68187,266,36,0,136.37,0.0044,2026-07-25 11:35:17.479934
UC0XZpoAPTm_1UJvFQiVg_hg,Müge Anlı ile Tatlı Sert,41,20567654,74940,12055,18,41135.35,0.0047,2026-07-25 11:35:17.479934
UC0XmN6bmxltMFnvAr_kL8CQ,Farina Jo,2,509482,17300,225,39,1018.96,0.0394,2026-07-25 11:35:17.479934
UC0Y5cd_Wt6u9HitE2-F1NiA,Glitzer Else,2,1207109,161,21,0,2414.22,0.0035,2026-07-25 11:35:17.479934
UC0Y62rWsUzycZWazu9wd5OQ,Saskia Ciliberto,1,48881,500,29,0,97.76,0.0108,2026-07-25 11:35:17.479934
UC0YSJefju-PIM7r4_W8-KgQ,Suskun Aşık,1,445221,1600,208,0,890.44,0.0041,2026-07-25 11:35:17.479934
UC0Yh8QMPQBlqs0Du2Su0prQ,Esra Aksoy,3,1578037,2662,216,0,3156.07,0.002,2026-07-25 11:35:17.479934
UC0YqRMzfqbWbAX7cyvxQd1g,Seda Sayan'la,8,7085522,17405,5124,0,14171.06,0.0035,2026-07-25 11:35:17.479934
UC0YvTCy1I4_a-3pn47_5DBA,"SaraBeautyCorner - DIY, Comedy, Makeup, Nail Art",1,55830986,364000,23000,0,111661.97,0.0069,2026-07-25 11:35:17.479934
UC0YwDACXwX6HgyYoYo18i0g,nihatHatipoglu1453,5,693700,3365,216,0,1387.39,0.0055,2026-07-25 11:35:17.479934
UC0ZCnbkqsss3k8qxZe3Y36Q,Recep Altinoz,1,1629,8,0,0,3.26,0.0049,2026-07-25 11:35:17.479934
UC0ZIk4sn7ag1pZBO0JkA3cw,Marilyn Monroe Video Archives,1,3192357,32000,1300,0,6384.71,0.0104,2026-07-25 11:35:17.479934
UC0_3mjT0rQswUz8q-OCS5VQ,NHTUNG,1,11358608,40000,20000,0,22717.22,0.0053,2026-07-25 11:35:17.479934
UC0_DjY8Y_mJEsNqTQlbk2Lw,Habip gündoğdu,1,6575,74,2,0,13.15,0.0116,2026-07-25 11:35:17.479934
UC0_Fe6KK6L1VhLz-t_8p5Dw,Firdevs Haytaoğlu,2,590099,4714,1013,0,1180.19,0.0114,2026-07-25 11:35:17.479934
UC0_LJ1oJtR5keARJWupA3_g,The Voice of Germany - Offiziell,5,12094284,331000,5458,0,24188.57,0.0236,2026-07-25 11:35:17.479934
UC0_cyfoE3n85cC5YsP3Hhkw,Aydın Müzik,13,4145139,15320,1155,0,8290.28,0.0075,2026-07-25 11:35:17.479934
UC0_zD1jAJzragnPVClj8hbA,Эльнур Гусейнов,1,88847,599,68,0,177.69,0.0075,2026-07-25 11:35:17.479934
UC0a2rYlQ3TFzwoTIKe8rlmA,TheTatlidiken,1,2163831,15000,639,0,4327.66,0.0072,2026-07-25 11:35:17.479934
UC0aaG1E47SYgyg678OKA7jg,Vitrinhaber Vitrin Haber,2,130840,284,37,0,261.68,0.0026,2026-07-25 11:35:17.479934
UC0ah3v1H7gVdVFtxsmx4D8g,ismet emrula merak,1,251091,861,50,0,502.18,0.0036,2026-07-25 11:35:17.479934
UC0bBo-VpDVKEQnRiY-B_g8Q,Rüstem Avcı,1,234235,433,38,0,468.47,0.002,2026-07-25 11:35:17.479934
UC0bSORQEdO65DhR3-gTtXYA,BÜŞRA MERCAN,1,15222,172,29,0,30.44,0.0132,2026-07-25 11:35:17.479934
UC0bVelo7-uxtyhiO6JpcB2A,clarinetist,1,38471,160,10,0,76.94,0.0044,2026-07-25 11:35:17.479934
UC0bjzQTdxJBG3zJYZvtOdJw,Tevhid Medya Merkezi,1,315983,5100,225,0,631.97,0.0169,2026-07-25 11:35:17.479934
UC0buje9K_9GArg4raoQP0vQ,3prof33,1,69132,384,38,0,138.26,0.0061,2026-07-25 11:35:17.479934
UC0c14FpT6svOYdt1g6EepeA,Rohan.India.USA.Nicolina,1,1078036,4500,144,0,2156.07,0.0043,2026-07-25 11:35:17.479934
UC0c56PQYn0d-YJ9wNw-U1VQ,Kazıklı Maria,1,320841,11000,1300,0,641.68,0.0383,2026-07-25 11:35:17.479934
UC0cKFxCQHpoh-5rZotdA2bQ,M2B,2,2931705,71000,5918,0,5863.41,0.0346,2026-07-25 11:35:17.479934
UC0cXCSrIXV37ESdehz3rGIg,Samet Kartal,1,20925,44,10,0,41.85,0.0026,2026-07-25 11:35:17.479934
UC0cxMY7jZ_kiE2bvykJffZA,Caitlin Shoemaker,1,1812524,74000,601,0,3625.05,0.0412,2026-07-25 11:35:17.479934
UC0dcCISmgepE1dDdKBErx1Q,Christie Ressel,2,662459,21800,623,0,1324.92,0.0387,2026-07-25 11:35:17.479934
UC0dh0TXVE7_bvGKuncinSKg,Sarp Sevgin,1,7178965,19000,788,0,14357.93,0.0028,2026-07-25 11:35:17.479934
UC0dm7W0izIFWknSU3Z5tMAw,Toys House,1,11340,25,15,0,22.68,0.0035,2026-07-25 11:35:17.479934
UC0eQFYk8XQRfKwB8WY5p_EQ,Not Trends,2,713713,4776,2172,0,1427.43,0.013,2026-07-25 11:35:17.479934
UC0eSn6Lxe-p0gMOf3ya4yPQ,Özgür Bayrak,2,1012742,1915,324,0,2025.48,0.0022,2026-07-25 11:35:17.479934
UC0eXaduoVL4Go-zgSDmGkWw,ATV Music,114,93194909,402050,39952,24,186389.8,0.0078,2026-07-25 11:35:17.479934
UC0eiKC3cC1D7B6trk75wxsg,sümeyyece,1,2837,23,4,1,5.67,0.0099,2026-07-25 11:35:17.479934
UC0eqqV7viCLfcT39SphmHBQ,Kanal 7,89,21257675,84936,13812,2,42515.4,0.0059,2026-07-25 11:35:17.479934
UC0etz-HBTVFKJ51OrXBB5Qg,StudioFinaOfficial,2,849415,3159,454,0,1698.83,0.0054,2026-07-25 11:35:17.479934
UC0ewHrS5BmkC4RGR3aQaEjw,serap95,2,219474,555,61,0,438.95,0.0027,2026-07-25 11:35:17.479934
UC0f94901gmQanXHluJ0iHAQ,Lora Xlebnikova,1,2190543,11000,1200,0,4381.09,0.0056,2026-07-25 11:35:17.479934
UC0fE9aIh121PRWAsnvc6_WA,erkandemir89,1,22918,74,7,0,45.84,0.0035,2026-07-25 11:35:17.479934
UC0fFLyC7ZjsAK-6XEqviiCA,Azeri Musiqi,2,45964,461,50,0,91.92,0.0111,2026-07-25 11:35:17.479934
UC0f_USnWT_ll5SHhmr9ZKpA,Teaira Walker,2,125217,8300,82,0,250.44,0.0677,2026-07-25 11:35:17.479934
UC0feUQIveRrkHuP5EAo6Sxg,IŞIKLI TOSUN BABA,2,2338979,11700,3700,0,4677.96,0.0073,2026-07-25 11:35:17.479934
UC0flZJIclTtCfTS3G7aAVRw,Cars BOOM,4,5097495,29209,2414,0,10195.0,0.0052,2026-07-25 11:35:17.479934
UC0fwCr9AN7UrJUP89MCxCkg,ibrahim KILIÇ,1,121045,1100,124,0,242.09,0.0101,2026-07-25 11:35:17.479934
UC0g3oQChaXS_qtQufdaokXw,Çelebi Rock,1,9256,193,0,3,18.51,0.0212,2026-07-25 11:35:17.479934
UC0g9-b2UDb0JUnfuUYP29ZQ,DJ LIZA VETA,1,558555,14000,237,0,1117.11,0.0255,2026-07-25 11:35:17.479934
UC0gWSutScMABJ-fpPHOYxWg,محمد الحربي— mohammed alharbi,1,1535334,5700,1300,0,3070.67,0.0046,2026-07-25 11:35:17.479934
UC0gXqstV3MGaoINydQReY5Q,şahin video,118,17946970,68189,12015,24,35893.9,0.0074,2026-07-25 11:35:17.479934
UC0hCQM7ZYVYLpT922d7onsQ,bort28,3,6034184,14226,1910,0,12068.38,0.0036,2026-07-25 11:35:17.479934
UC0i6I1cuPvyPRmMeRPC50cA,Turkish Foods,1,5195561,33000,6600,0,10391.12,0.0076,2026-07-25 11:35:17.479934
UC0iBEERj_Qx9YWK0cgz_JEA,BellydancerOL,1,423130,1000,244,0,846.26,0.0029,2026-07-25 11:35:17.479934
UC0iO8tTEr1QxOqewWlEh8OA,Giorgi Amiridze,1,1154458,4900,487,0,2308.92,0.0047,2026-07-25 11:35:17.479934
UC0iTgSiPInYq5V1nZfbbnxQ,Mehmet Bora,1,7273,197,2,0,14.55,0.0274,2026-07-25 11:35:17.479934
UC0iWOPqNmcWaLkgCbnfDMJA,Dualarla Huzur,2,38725,626,64,0,77.45,0.0188,2026-07-25 11:35:17.479934
UC0iaA9okRGuPhpKWCylxkWw,US Defense,1,390066,2900,218,0,780.13,0.008,2026-07-25 11:35:17.479934
UC0ibPHByNg8tn07JJ42u8wA,Doaa Soliman,3,2356807,82000,2556,0,4713.61,0.0622,2026-07-25 11:35:17.479934
UC0iiPDABxXax-0CstSKHEhw,Sneha Sen Indian Beauty Blogger,3,6857703,55000,6318,0,13715.4,0.0093,2026-07-25 11:35:17.479934
UC0iyaD-99dLxUsmSI7h1qjw,Paul Codde,1,1255092,13000,627,0,2510.18,0.0109,2026-07-25 11:35:17.479934
UC0jHDt6pfXLaFaZB1E9Tf2g,Allison Wilburn MUA,1,342925,5800,478,0,685.85,0.0183,2026-07-25 11:35:17.479934
UC0joM76_e_vLXqEDaZtwNHQ,Holland Holiday,1,272745,1400,189,0,545.49,0.0058,2026-07-25 11:35:17.479934
UC0jyAcowFgNSxAL2Jq2mE7g,Gemma Clifford,1,1361625,18000,871,0,2723.25,0.0139,2026-07-25 11:35:17.479934
UC0k238zFx-Z8xFH0sxCrPJg,Architectural Digest,11,34300561,617000,15586,0,68601.12,0.0197,2026-07-25 11:35:17.479934
UC0k64c8DbtcWbB63skv0bVQ,onlyseablue,2,3330706,25000,777,0,6661.41,0.0101,2026-07-25 11:35:17.479934
UC0k95UvtvCMMbuc9Ne7V42A,obyektiv realliq,1,373149,10000,167,0,746.3,0.0272,2026-07-25 11:35:17.479934
UC0kDyQ830VDf5Q-fPdW6MpQ,Infomatic,5,3437170,31226,3655,0,6874.33,0.0161,2026-07-25 11:35:17.479934
UC0k_AHbV6VZ2YmNgbKVqcww,Egemen Dişli,4,172979,3271,252,0,345.95,0.0234,2026-07-25 11:35:17.479934
UC0k_W9b3pjgb1cNw7Uxg82g,Yasemincom,2,432382,10600,162,0,864.76,0.0237,2026-07-25 11:35:17.479934
UC0lLVyqGypGkEO6nGydXOTQ,Woraph,2,245566,3400,489,0,491.14,0.0161,2026-07-25 11:35:17.479934
UC0lP3s3WfB0KKmwBYfUrtqw,Creative Prop,2,1087565,3011,337,0,2175.13,0.0109,2026-07-25 11:35:17.479934
UC0lVgyR6At_OhR5v_u2g0VQ,Dream. Co,1,855088,6900,210,0,1710.18,0.0083,2026-07-25 11:35:17.479934
UC0ldcXWEoDco8AlesAfocMQ,Matt Senior,1,3491883,10000,1300,0,6983.77,0.0032,2026-07-25 11:35:17.479934
UC0mWDEnJQmV6f-5AF3Fk69g,Yetiş Tokat,1,120277,543,67,0,240.55,0.0051,2026-07-25 11:35:17.479934
UC0mq9CJD-UnmvNOYVPCGhgw,Vardilar Medya,1,93278,1000,18,0,186.56,0.0109,2026-07-25 11:35:17.479934
UC0my5_yvawwV0aZnPoLcf_w,Umud Urmulu,3,485320,2407,215,0,970.64,0.0054,2026-07-25 11:35:17.479934
UC0nOQ1R3Z-vRO7K6g-W7Jkg,Fearless Soul,3,11244175,344000,5900,0,22488.36,0.0283,2026-07-25 11:35:17.479934
UC0nQmZmLD6l8GzpAUS64UJg,Леонид Деденов,1,14414449,57000,12000,0,28828.9,0.0048,2026-07-25 11:35:17.479934
UC0nTdyfu6pOw56WupZMKJ_A,GonulDoktoru,2,750893,0,0,0,1501.78,0.0,2026-07-25 11:35:17.479934
UC0nVFkj28am6JFnQHT7xYyg,yücel yıldırımkaya,1,347203,1500,191,0,694.41,0.0049,2026-07-25 11:35:17.479934
UC0ng0jJflTuJBBH5DGvr1Pw,Tina Yong,19,56951213,1041100,26195,0,113902.42,0.0291,2026-07-25 11:35:17.479934
UC0nllNYwco2zVWuknT58rIA,Dhafer Youssef,5,6745959,74541,1236,0,13491.92,0.0135,2026-07-25 11:35:17.479934
UC0nqIG6I-0B-AtUYw09F1QQ,YouTube Teacher,1,20794,1100,154,0,41.59,0.0603,2026-07-25 11:35:17.479934
UC0nzAWlWfbkjCFs_vJtojbA,Ali Bayram,1,37283,536,8,0,74.57,0.0146,2026-07-25 11:35:17.479934
UC0o4-48gQsavA3-Lr8ksYqQ,Islam Net Video,1,253243,2800,94,0,506.49,0.0114,2026-07-25 11:35:17.479934
UC0oBqKuPArsFIST16mFK12g,Fatma Uysal,6,21160,531,23,0,42.32,0.0293,2026-07-25 11:35:17.479934
UC0oMh2Dyi3tq0pgbmgm-e6Q,AYŞEGÜL GÜVENÇ,1,4172572,5300,1400,0,8345.14,0.0016,2026-07-25 11:35:17.479934
UC0oOsPmXTH26nUYNUePI0CA,Avşar ağıdı sarız,2,170290,505,110,0,340.58,0.0035,2026-07-25 11:35:17.479934
UC0oPTabXWIGYfTgITsA1nuA,Çerkes TV,1,92125,641,80,0,184.25,0.0078,2026-07-25 11:35:17.479934
UC0oRRsL5-htfBjFPO_PUh-w,Esma &amp; Bilal,2,930,21,0,0,1.86,0.0236,2026-07-25 11:35:17.479934
UC0ofFdWvWIvtZuFN-xNkyBQ,Çağla Deniz,2,7883,438,13,0,15.77,0.0614,2026-07-25 11:35:17.479934
UC0okPfgjDR0bEpZ_G-ak-cw,Seçil Günay Avcı,2,1430428,3100,551,0,2860.85,0.0026,2026-07-25 11:35:17.479934
UC0ox9NuTHYeRys63yZpBFuA,Learn Japanese with JapanesePod101.com,6,5579348,146110,2004,0,11158.69,0.0258,2026-07-25 11:35:17.479934
UC0p2OAXVoo9M1Z126B3fe3w,Unbelievable?,1,21026,585,10,0,42.05,0.0283,2026-07-25 11:35:17.479934
UC0p5jTq6Xx_DosDFxVXnWaQ,The Economist,14,6859704,106347,11644,0,13719.38,0.0187,2026-07-25 11:35:17.479934
UC0pAahzrchCkxbz04INcdfg,gulsunyaman,1,6055,4,0,0,12.11,0.0007,2026-07-25 11:35:17.479934
UC0pUMLEADgYhl_VZRtqxuKQ,Foodragram,3,2247306,9400,1401,0,4494.61,0.0048,2026-07-25 11:35:17.479934
UC0prMqsQq2C9XGgpO3sA_mA,Snapped,3,9100621,144000,5600,0,18201.24,0.0163,2026-07-25 11:35:17.479934
UC0qI3HpiBua75glb4RV5mWA,Samantha Ravndahl,3,889252,53000,526,0,1778.5,0.0612,2026-07-25 11:35:17.479934
UC0qKPcBbWJpJbyxPhtye5cg,Ce soir ou jamais,1,1224800,4600,708,0,2449.6,0.0043,2026-07-25 11:35:17.479934
UC0qS50dKKoSFJ7I7m8vWg2g,FeRo OkBy,1,2359298,6400,925,0,4718.6,0.0031,2026-07-25 11:35:17.479934
UC0qVhpqoucq6LEZFLgOYi7g,지니비Zini B,2,1378622,32700,445,0,2757.24,0.0232,2026-07-25 11:35:17.479934
UC0qXBbQObzxsi1Sw-1-O8aA,Этнографическая экспедиция Настоящие люди,1,598953,1800,369,0,1197.91,0.0036,2026-07-25 11:35:17.479934
UC0qYUbpXM2wleMO-VhKykMQ,Raşit Serçe,1,980555,2200,307,0,1961.11,0.0026,2026-07-25 11:35:17.479934
UC0rFIGsR5IcFKl0i73iaf9g,WOMAN TV,12,529317,4578,439,1,1058.63,0.0153,2026-07-25 11:35:17.479934
UC0s9EO1IM8GB2VwT0vzFHfw,MEDYALOJİ YAPIM,1,916441,0,0,0,1832.88,0.0,2026-07-25 11:35:17.479934
UC0sc0vwZF87gNETHM1wtV3g,Kyle Gale,1,49612,1000,34,0,99.22,0.0208,2026-07-25 11:35:17.479934
UC0sowFtsoTwC9Eyc-L0JMbA,Resul Kürşat Şahsi,4,5660096,16227,1006,0,11320.19,0.0067,2026-07-25 11:35:17.479934
UC0tD4fXY_Cb-f8dlPdBjldw,AchievingConcepts,2,774160,10072,341,0,1548.32,0.0115,2026-07-25 11:35:17.479934
UC0tM5DDNzncc5Fkib-XsTZQ,celal demiralay,1,17278,58,4,0,34.56,0.0036,2026-07-25 11:35:17.479934
UC0tSbzhYGtLtm8V58t-GT4g,CBC TV Azerbaijan,1,5694,93,3,0,11.39,0.0169,2026-07-25 11:35:17.479934
UC0tVUB2Cn0Fudjd574LbphQ,Mustii Too,1,67353,82,11,4,134.71,0.0014,2026-07-25 11:35:17.479934
UC0tbUsh_H4bBvgxuTT8VCSA,Ne Dersin?,6,2043221,50500,1574,0,4086.43,0.0275,2026-07-25 11:35:17.479934
UC0tfvt8pebaf-Brz2ibczcw,GameTV,3,44729,589,37,0,89.45,0.0205,2026-07-25 11:35:17.479934
UC0th5BGbQ5l7wxlwGSwDirw,Вести FM,6,521753,6135,950,19,1043.51,0.019,2026-07-25 11:35:17.479934
UC0tvz2niULNX1lJ30pmPXpg,Elgri24,1,72332,291,18,0,144.66,0.0043,2026-07-25 11:35:17.479934
UC0u73djAlBVxK9tAid8wiVw,Flash Production,1,172890,744,79,0,345.78,0.0048,2026-07-25 11:35:17.479934
UC0uHB4d6u0jIJSgPC3WzBFw,Brianna K,1,1148967,15000,841,0,2297.93,0.0138,2026-07-25 11:35:17.479934
UC0uVZd8N7FfIZnPu0y7o95A,ReasonTV,1,593570,18000,974,0,1187.14,0.032,2026-07-25 11:35:17.479934
UC0ubL2C-sD3QCTv2nrfIkMA,Craft ideas from cement,3,9586214,27900,8182,0,19172.43,0.0084,2026-07-25 11:35:17.479934
UC0uhJqaKAh41vMJqgyuQfpg,t2rkiye,1,1503460,1300,53,0,3006.92,0.0009,2026-07-25 11:35:17.479934
UC0um2XH9pGh90FgD9S_nRMw,Элина Ледянкина Elina Ledyankina,1,82424,1100,43,0,164.85,0.0139,2026-07-25 11:35:17.479934
UC0upLL62sTxzm7wUGcU11rg,OSMANCIK TV,2,1245001,6323,623,0,2490.0,0.0043,2026-07-25 11:35:17.479934
UC0uzmCBMC34Co_xeYt0ziLw,kleanin's twitch,4,1790327,18867,1198,0,3580.66,0.0148,2026-07-25 11:35:17.479934
UC0v-tlzsn0QZwJnkiaUSJVQ,FBE,5,23752909,445000,26800,0,47505.82,0.0212,2026-07-25 11:35:17.479934
UC0v0NioXFb7U4FS-oy0ADVw,Öğreten Video,2,59514,236,32,0,119.03,0.0059,2026-07-25 11:35:17.479934
UC0vDCy8moGUhR7kRL19wWpw,Toymong tv 토이몽TV,2,77648275,275000,121000,0,155296.55,0.0056,2026-07-25 11:35:17.479934
UC0vRcJh1-GQL_V4qm5F6xFw,All Def,1,1165426,21000,446,0,2330.85,0.0184,2026-07-25 11:35:17.479934
UC0wDMcu2VsLSCehjca4j3BQ,Pinus Medya,1,5703,146,2,0,11.41,0.026,2026-07-25 11:35:17.479934
UC0wnPKsVmWoRJoOh5Pul9Bw,Turku Life Dergisi,1,47453,459,20,0,94.91,0.0101,2026-07-25 11:35:17.479934
UC0wwcREAKEQ4d2ArmISeyPQ,yusuf can,1,1152733,5400,609,0,2305.47,0.0052,2026-07-25 11:35:17.479934
UC0wzv5lYb7b-k01ldDEztAA,İSTANBUL TİMES HABER,1,95591,584,98,0,191.18,0.0071,2026-07-25 11:35:17.479934
UC0x-PViCflV4CZPv3FmCGNw,Osman Gürlek,1,43263,145,16,0,86.53,0.0037,2026-07-25 11:35:17.479934
UC0x10gFhh9YzreThsfcZMtw,Günlük Nasihat,1,6914,311,8,0,13.83,0.0461,2026-07-25 11:35:17.479934
UC0xKpsqbBa8hJwz1OcG5-Ag,Nazimhikmetçi Tosun,1,71125,396,33,0,142.25,0.006,2026-07-25 11:35:17.479934
UC0xOMWFLwACiKUvY1w4xf3Q,Marc-Antoine le Bret,1,474141,864,83,0,948.28,0.002,2026-07-25 11:35:17.479934
UC0yCxyQVDH7P3raLnxsLgWQ,ITM Life,1,2827,6,2,0,5.65,0.0028,2026-07-25 11:35:17.479934
UC0yPm9cDxEMAIM_R3w_-sPw,Hobifun.Com,8,3555629,32584,2264,0,7111.27,0.0104,2026-07-25 11:35:17.479934
UC0yWDQt0J3ZZuFwcLTFD1kw,Hijabiz,1,1027638,8700,572,0,2055.28,0.009,2026-07-25 11:35:17.479934
UC0yl1VODgWxmErQDzFGemkQ,kuş kanadında türkü olsam...,1,5458185,25000,1000,0,10916.37,0.0048,2026-07-25 11:35:17.479934
UC0ytp1lNorcDrZ_yz1Zm1_Q,WeSpeakFootball,4,45195301,334000,13200,0,90390.6,0.0077,2026-07-25 11:35:17.479934
UC0yvppXOOh6pV_pPaCJV2Fw,Burcu Baksı,5,24067,462,44,0,48.14,0.0343,2026-07-25 11:35:17.479934
UC0zX7A3KFnq7J16vyjT3hrg,sami altinay,1,5997,22,3,0,11.99,0.0042,2026-07-25 11:35:17.479934
UC1--esjL8W6RCKjtYMncn4A,Joanna Kinuthia,1,33406,709,10,0,66.81,0.0215,2026-07-25 11:35:17.479934
UC1--zCTkGambuBGUz1122Ug,MeHmEtElMa,1,703900,1800,167,0,1407.8,0.0028,2026-07-25 11:35:17.479934
UC1-6Ahzd6jyZhhBK5M-zNjA,VS Sassoon,1,42560,106,17,0,85.12,0.0029,2026-07-25 11:35:17.479934
UC1-6crd3H68MF-ON_nIHTYQ,Marissa and Brookie,1,191012,2900,107,0,382.02,0.0157,2026-07-25 11:35:17.479934
UC1-7mA0mKsCTyCMG4JNO3EQ,space and astronomy,4,5963012,30538,3430,0,11926.02,0.0105,2026-07-25 11:35:17.479934
UC1-I3X1c9oUHjNIKNE6X1Lw,çağdaş ozan,1,220975,617,28,0,441.95,0.0029,2026-07-25 11:35:17.479934
UC1-MC0bNSYcgOgEkYqGmlKg,RaMZeS ProDucTion,1,86983,1100,45,0,173.97,0.0132,2026-07-25 11:35:17.479934
UC1-OT-RhBsuuRBQF_i78oZw,Yavuz,1,105608,692,71,0,211.22,0.0072,2026-07-25 11:35:17.479934
UC1-XU60ZN0mQlpa3MibhhEA,Natali Carrera,1,749300,10000,346,0,1498.6,0.0138,2026-07-25 11:35:17.479934
UC1-asfa29nyD1OMjZQtSgfQ,Engin Cengiz,4,3536883,34716,9544,0,7073.76,0.0123,2026-07-25 11:35:17.479934
UC1-mH5maS5jxpfrtCSE0p2w,Ali Kundilli,1,23804299,52000,10000,0,47608.6,0.0026,2026-07-25 11:35:17.479934
UC1-ns7CUV9KMlICP2N_uNzw,taner tmr,1,302831,740,50,0,605.66,0.0026,2026-07-25 11:35:17.479934
UC1-szPBG7Oh4icM1FcQakQg,Fleur DeForce,1,218346,5400,141,0,436.69,0.0254,2026-07-25 11:35:17.479934
UC1-ufU4zxj35rC3FRVJhkbA,KIZ YILDIZ,2,5951878,12200,3800,0,11903.76,0.0026,2026-07-25 11:35:17.479934
UC101o-vQ2iOj9vr00JUlyKw,varlamov,3,1747804,47000,3056,0,3495.6,0.0305,2026-07-25 11:35:17.479934
UC107wfYBumwZnT4OseBlwbA,Kemale Shamilova,1,2038,47,0,0,4.08,0.0231,2026-07-25 11:35:17.479934
UC10RjOLHpo814aZ-CTkhDGg,Agnistoka,1,124355,981,62,0,248.71,0.0084,2026-07-25 11:35:17.479934
UC10X_pdYvhTG6YE7CnJeF7A,Stats Media,2,1793701,25700,1081,0,3587.4,0.0125,2026-07-25 11:35:17.479934
UC10_3TLHVdOGqO0NvhRfT-w,WillianSK,1,2873556,17000,941,0,5747.11,0.0062,2026-07-25 11:35:17.479934
UC10yfIUlMsr_m3YSHbDp9zQ,Anne İşleri Ev,3,4923350,33400,5178,46,9846.7,0.008,2026-07-25 11:35:17.479934
UC11-7zPj03KZ8sBpCU3pafQ,Moral FM,4,41343,1122,48,0,82.68,0.0284,2026-07-25 11:35:17.479934
UC11-JGuEKqVED8TEfv9cFNg,Muhammed SİLİK,1,176164,1800,42,0,352.33,0.0105,2026-07-25 11:35:17.479934
UC1154nPWp3RR2I2MYgvvJeQ,Alev Karslı,5,399387,12786,263,0,798.77,0.032,2026-07-25 11:35:17.479934
UC11M-wfY02M1AxnZI6gqOyA,Turan Bozkurt,2,178867,771,40,0,357.74,0.0044,2026-07-25 11:35:17.479934
UC11PW1Gl0t6UGWxdGa7WyQw,Life Of Limitless,1,2604243,11000,1500,0,5208.49,0.0048,2026-07-25 11:35:17.479934
UC11Y936BwQu8GSFBI2RKIhA,VTA- Construction Tips,3,26988738,90600,56500,0,53977.48,0.005,2026-07-25 11:35:17.479934
UC11e8pN_zrW3epcwoY4xddQ,ARABESK36,1,991442,2100,249,0,1982.88,0.0024,2026-07-25 11:35:17.479934
UC11hk-LHOPZ8uNYxZ28IkvA,hatayhaber,1,63800,241,23,0,127.6,0.0041,2026-07-25 11:35:17.479934
UC11oCB4FBhopT_FUFvAxl4w,Sokha Chea,1,1004409,12000,1700,0,2008.82,0.0136,2026-07-25 11:35:17.479934
UC12DqRF5-l7jbmnZEqjM_6w,Courtelizz1,5,382111,10519,196,0,764.22,0.0428,2026-07-25 11:35:17.479934
UC12TliEdwocs1yxNkTbYjTQ,Zacharias Trust,1,4673,22,12,0,9.35,0.0073,2026-07-25 11:35:17.479934
UC12UeWFMH71IIm-A29tP5oQ,LETICIA ARTES,4,421502,26958,396,0,843.0,0.0552,2026-07-25 11:35:17.479934
UC138G9hE1YP9RdOSCiFbX_Q,Baki Sarı,1,128910,343,13,0,257.82,0.0028,2026-07-25 11:35:17.479934
UC13B8lZ0lF3FdvJrISYNJxw,Maria Founda,1,8079249,36000,1400,0,16158.5,0.0046,2026-07-25 11:35:17.479934
UC13FD08oWjplIBjH3PpUSxg,GEZER MÜZİK KAMERA OFFİCİAL,10,1876834,4039,720,0,3753.66,0.0045,2026-07-25 11:35:17.479934
UC13RgHwKM-stNGP5iUo-GUw,Eren Erdem,2,590617,3959,459,0,1181.23,0.0101,2026-07-25 11:35:17.479934
UC13Z7wlEmqgMUPtiIdoJ8rg,Orkun Londoner,1,349089,11000,361,0,698.18,0.0325,2026-07-25 11:35:17.479934
UC141nSav5cjmTXN7B70ts0g,Christoph Hörstel,1,35783,312,21,0,71.57,0.0093,2026-07-25 11:35:17.479934
UC14UH5jCCta9S2m8LIXkVew,MilliProje,1,180999,1400,24,0,362.0,0.0079,2026-07-25 11:35:17.479934
UC14UlmYlSNiQCBe9Eookf_A,FC Barcelona,11,17983801,329800,9987,133,35967.6,0.0218,2026-07-25 11:35:17.479934
UC14igKEb6z4UESuMA-_0nYA,Ecemnaz Alçın,1,158779,1500,319,0,317.56,0.0115,2026-07-25 11:35:17.479934
UC15DJJiMAm5fKz9vZVc76og,Edo Sultan,1,524134,4300,163,7,1048.27,0.0085,2026-07-25 11:35:17.479934
UC15FU03w2aW28u-FSnPnfrw,Charles BALLAND,2,4506017,16532,1118,0,9012.03,0.0072,2026-07-25 11:35:17.479934
UC15ZNjzR41q_8SY3AmUQVoA,İnciraltı Türkçe Nostalji,1,825473,2700,229,0,1650.95,0.0035,2026-07-25 11:35:17.479934
UC15aVOUt3RimGOFemSi8urw,ZogaThree,1,2219,21,0,0,4.44,0.0095,2026-07-25 11:35:17.479934
UC15brrtPh1CfcaEUleiu5PQ,bruno carbonaio,1,185464,500,92,0,370.93,0.0032,2026-07-25 11:35:17.479934
UC16niRr50-MSBwiO3YDb3RA,BBC News,24,18576533,121978,15555,0,37153.06,0.0081,2026-07-25 11:35:17.479934
UC17ByOPG0_BwCeK_LN3IlBA,Ötüken Ormanının Filizleri,3,213358,3609,151,106,426.72,0.0195,2026-07-25 11:35:17.479934
UC17H0oZ-dzWJcJxIkoTmsjg,TheBayramli,1,353898,3500,81,0,707.8,0.0101,2026-07-25 11:35:17.479934
UC17Ilj7c5HE-506IyaGCkQA,ali rıza özdemir,1,236764,515,33,0,473.53,0.0023,2026-07-25 11:35:17.479934
UC17SXAu99cVcSOL64uhh5rw,Fahrettin neşeli,1,10270,52,2,0,20.54,0.0053,2026-07-25 11:35:17.479934
UC17XStCgeTUVyTXkq6lj6nQ,ERKAN YAŞAR,4,112365,2735,89,4,224.73,0.0424,2026-07-25 11:35:17.479934
UC185WiNAKhRLlJy-YYJ80Hw,zalimsevdam1,1,2081931,8000,828,0,4163.86,0.0042,2026-07-25 11:35:17.479934
UC18CjLdco5zmVfT-FtkUhAw,Karima McKimmie,2,617146,16600,226,0,1234.29,0.0259,2026-07-25 11:35:17.479934
UC18_B2IIlavimW3OwrhgvhQ,Alevi Sayme,3,2019931,4936,335,0,4039.86,0.002,2026-07-25 11:35:17.479934
UC18_lVeARlNhnldMbh34k2Q,Erkan Cinar,1,43156,149,16,0,86.31,0.0038,2026-07-25 11:35:17.479934
UC18b7MzCJg5bIhV7dNr95BA,Carantoña Melódica,4,2470605,26940,3802,0,4941.21,0.014,2026-07-25 11:35:17.479934
UC18d-ZUlOCx1jzVfQ4YvM-w,Pandhappy,1,5791,76,3,0,11.58,0.0136,2026-07-25 11:35:17.479934
UC18feEShkc9gHEs8G6Ci2MQ,Our Life... On A Budget,2,432605,7106,368,0,865.21,0.0148,2026-07-25 11:35:17.479934
UC18ppmtEx4pstXdD5i1A-Lw,Hakkı Caran,1,5868,29,2,0,11.74,0.0053,2026-07-25 11:35:17.479934
UC18vz5hUUqxbGvym9ghtX_w,Full Frontal with Samantha Bee,2,1606440,11200,357,0,3212.88,0.0118,2026-07-25 11:35:17.479934
UC195cBdIM669BSIaf-epBxw,Siii_Productions,1,2039986,21000,592,0,4079.97,0.0106,2026-07-25 11:35:17.479934
UC19Ruo6kPXCWNgZI0ZfW_ag,KARABALI KÖYÜ,7,4358107,4698,898,0,8716.21,0.0015,2026-07-25 11:35:17.479934
UC19_0B05lhtuHTVMMDufZ8A,Dr. Ayşegül Çoruhlu Official,3,72678,3049,40,0,145.35,0.0417,2026-07-25 11:35:17.479934
UC19prJanFNmxuE2wi_KTHnA,fobosphere,1,696497,1500,199,0,1392.99,0.0024,2026-07-25 11:35:17.479934
UC19to07c1JT5T63nJbE9tyg,GOKHANYERLI,1,1223297,3500,239,0,2446.59,0.0031,2026-07-25 11:35:17.479934
UC1A-GcJfXqmyAl4lTC-L6yw,Grup Göktürkler Resmî,1,3606399,25000,980,0,7212.8,0.0072,2026-07-25 11:35:17.479934
UC1A5Kvxg7lrqS9uJ3AQZljA,Türkü Bey,1,1167866,3400,393,0,2335.73,0.0032,2026-07-25 11:35:17.479934
UC1A5a_jUgYLeOxCkd5wbb1Q,BLING !,9,3771751,20784,2551,0,7543.49,0.0061,2026-07-25 11:35:17.479934
UC1ALcSTOveM2KNM28Joje_Q,Ahat Serdar Çaşkurlu,1,338663,2700,2100,0,677.33,0.0142,2026-07-25 11:35:17.479934
UC1At8WvjglVCC8TfSXit9Bw,Dr. Shashi Tharoor Official,1,1428342,18000,2700,0,2856.68,0.0145,2026-07-25 11:35:17.479934
UC1B1iAhB-jtpJcDwhKc544A,İçerde,23,46453000,270216,12895,0,92905.99,0.0065,2026-07-25 11:35:17.479934
UC1BIh2rsq4GglYAONcmKDtw,JannPaul Diamonds,1,171497,1500,56,0,342.99,0.0091,2026-07-25 11:35:17.479934
UC1BTdfoCPa2nWLPT5MEjuqg,hastasıyız dede,1,4164397,13000,1800,0,8328.79,0.0036,2026-07-25 11:35:17.479934
UC1BUEiSgQP0jxI0rOsgppgg,School Of Affluence,12,3039130,92100,3098,0,6078.28,0.0321,2026-07-25 11:35:17.479934
UC1BoOzGMORNGmLtWaUnKERQ,Manjula Srinath,1,931775,2500,438,0,1863.55,0.0032,2026-07-25 11:35:17.479934
UC1C13SDbIBi65Uo26v_zsBg,Merve Koç,4,402690,1215,48,0,805.39,0.003,2026-07-25 11:35:17.479934
UC1CE6GheiFTz0UB6wDNqcmQ,Melmu translate,1,1320480,15000,528,0,2640.96,0.0118,2026-07-25 11:35:17.479934
UC1CHh1TEUUSpt7I0s5IZaog,chycie cici,1,27079528,122000,20000,0,54159.06,0.0052,2026-07-25 11:35:17.479934
UC1CV8uPuau5H_wjZl4lOaaw,raydas1,4,12302,61,4,0,24.61,0.0053,2026-07-25 11:35:17.479934
UC1Cp5caGwHvJZxHoevGoDdA,BRAIN TIME,1,788133,6700,1100,0,1576.27,0.0099,2026-07-25 11:35:17.479934
UC1D-cNXQTBeqxMTjPIsYYFw,58AYCANN58,1,56925,153,2,0,113.85,0.0027,2026-07-25 11:35:17.479934
UC1D0ZQdx8D4efjstcYtAQNg,gulsahinmakyaji,11,25327,1120,54,0,50.66,0.058,2026-07-25 11:35:17.479934
UC1DFWS5jOBwoR4MpCwdojyQ,sang june ahn,1,733599,619,381,0,1467.2,0.0014,2026-07-25 11:35:17.479934
UC1DGpYiEiqBrQtYXFbLhMVQ,Nicki Swift,15,20100861,137500,16505,0,40201.73,0.0074,2026-07-25 11:35:17.479934
UC1DMAlyXpvIyo0dc3CjmwRA,Nazmi Pamuk,1,1316488,3900,580,0,2632.98,0.0034,2026-07-25 11:35:17.479934
UC1DZpQ2DDExws9Zvl7UcSkg,TNT,1,1816120,3300,1300,0,3632.24,0.0025,2026-07-25 11:35:17.479934
UC1Dcg9_3POqhW-WG4bHdU5A,Nihatipoğlu izle,22,9330833,48241,4534,0,18661.65,0.0103,2026-07-25 11:35:17.479934
UC1E5HKA300rYHjnjMGjFm5Q,MÜZİKALBEY,1,852438,439,54,0,1704.88,0.0006,2026-07-25 11:35:17.479934
UC1EN3f6mam87CSKeDAgxkGw,AVB Records,1,1540823,4200,1000,0,3081.65,0.0034,2026-07-25 11:35:17.479934
UC1EVI6P8-UUy2wbzxE0FMTg,DronEvreni,4,1828718,17850,3552,0,3657.43,0.0132,2026-07-25 11:35:17.479934
UC1EmLjaje4UnYmg8Hl7R1lA,Ertuğrul Sevim,13,5711812,26118,5249,0,11423.64,0.015,2026-07-25 11:35:17.479934
UC1Et9K-hHf-P_LzQkE_Q3Jw,De Telegraaf,7,490019,3907,529,0,980.03,0.0117,2026-07-25 11:35:17.479934
UC1F59TWMyxxVKI-8sWaI5nA,الحكاية,1,8522,134,18,0,17.04,0.0178,2026-07-25 11:35:17.479934
UC1FAnsP7lBkzoXYiwP3hHrA,keenbug,1,633400,2000,175,0,1266.8,0.0034,2026-07-25 11:35:17.479934
UC1FQH98mBEYeSBpFt3Segww,Maschinenfabrik ALFING Kessler GmbH,1,2198629,6600,617,0,4397.26,0.0033,2026-07-25 11:35:17.479934
UC1FRjfWAUlcG7je6NLBHDIA,наджаф самедов,1,187224,1500,178,0,374.45,0.009,2026-07-25 11:35:17.479934
UC1Fnr_avpq-NtnG_R4q4xoQ,قناة المعرفة | Almarefa channel,2,8148979,88722,12281,0,16297.95,0.0159,2026-07-25 11:35:17.479934
UC1Fp52XJH8UKaa_gHMZrckw,FloTrack,1,2348088,12000,1000,0,4696.18,0.0055,2026-07-25 11:35:17.479934
UC1Fqi1bFWvMaHfcu_1brb0g,ibrahimbilgen,1,368859,1800,124,0,737.72,0.0052,2026-07-25 11:35:17.479934
UC1G0cLxkoPnsfnstrP8mqZQ,ROMANO Tallava,1,1373,37,3,0,2.75,0.0291,2026-07-25 11:35:17.479934
UC1G9ACazAvnGBT0YI1jIqNQ,oadimitar,1,55646499,184000,6600,0,111293.0,0.0034,2026-07-25 11:35:17.479934
UC1GAhk8NbgpaTUUSw_QlkZw,Behind the Brand,2,1074757,18900,510,0,2149.51,0.0187,2026-07-25 11:35:17.479934
UC1GK2iIb64yyqKcUTROVdUQ,Nzilani Kimani,1,9530,286,5,0,19.06,0.0305,2026-07-25 11:35:17.479934
UC1H-wa2c6qMAnPyh8bt2k6A,Kedi Mari,3,539525,8600,850,0,1079.05,0.0199,2026-07-25 11:35:17.479934
UC1HiZ7N02vf-0fufcNgdHcw,Kafile,1,252940,14000,1900,0,505.88,0.0629,2026-07-25 11:35:17.479934
UC1HoKEmIK85wGh-lJBlxbDQ,Nostaljik Martılar,2,1596512,15500,309,0,3193.03,0.0098,2026-07-25 11:35:17.479934
UC1HpVUpznwfEWUF5RGwUOiA,KORUCULU84,1,3740,16,0,0,7.48,0.0043,2026-07-25 11:35:17.479934
UC1HwKbgof1t3__YrpYnTO6Q,coticico0,1,3751191,2800,348,0,7502.38,0.0008,2026-07-25 11:35:17.479934
UC1IRaaQpXPk6YN0rtACGIVA,hyperdamar,1,3929028,9100,869,0,7858.06,0.0025,2026-07-25 11:35:17.479934
UC1J-bqP-u3Rgdgw4ck9Ymkg,John Cooksey,1,3414570,113000,2000,0,6829.14,0.0337,2026-07-25 11:35:17.479934
UC1J8hBTK7oKIfgCMvN7Fwag,Корпорация Зла,2,1255429,31300,1112,0,2510.85,0.0294,2026-07-25 11:35:17.479934
UC1JOaUn_5NBlyaHu1oEobRA,BENSANTOS,2,3732590,48000,1868,0,7465.18,0.0131,2026-07-25 11:35:17.479934
UC1JSGVHrmJtzNsWKEAlXREQ,kviav7,1,1700577,1500,855,0,3401.15,0.0014,2026-07-25 11:35:17.479934
UC1JcqM4beO6RN7Pd6mm97Gw,kifaye,1,133416,871,42,0,266.83,0.0068,2026-07-25 11:35:17.479934
UC1Jnt2IJ5HWjaYz-EPzglbg,kevinpollakschatshow,1,238480,1800,58,0,476.96,0.0078,2026-07-25 11:35:17.479934
UC1KPy3cAAj0i0RIFC_SzjMg,VitalyzdTv,3,45991646,575000,32000,0,91983.3,0.0177,2026-07-25 11:35:17.479934
UC1KSMj5_D5AUbCVyRQxrd1Q,Kenan Hoca,2,469794,8291,779,0,939.59,0.026,2026-07-25 11:35:17.479934
UC1KebdpVL8Keoox6obMmbNg,cakkallar1,1,10527053,39000,1500,0,21054.11,0.0038,2026-07-25 11:35:17.479934
UC1Kk7rkZb8MRe6di-oCq9MQ,Yalçın Öz,1,2871,12,0,0,5.74,0.0042,2026-07-25 11:35:17.479934
UC1KsyVFMu6Aq5x235IoalZQ,Karolina Protsenko Violin,1,235605,13000,171,0,471.21,0.0559,2026-07-25 11:35:17.479934
UC1Kt_QPQl2fcIXtOomYxjSw,IMPARATOR,16,2123328,23235,1224,0,4246.64,0.0293,2026-07-25 11:35:17.479934
UC1L6ZPhUVytBikp9zRrlQsg,Orkun Afacan,1,10176,174,4,0,20.35,0.0175,2026-07-25 11:35:17.479934
UC1M00cfbdOmsKazZj_1Vu9A,Kemancı Mızrap,4,2768402,10300,701,0,5536.81,0.0042,2026-07-25 11:35:17.479934
UC1M1LLt1YH0ajmgS5sqDQjQ,Türkiye Gezi Rehberi - Turkey Travel Guide,3,89014,484,31,0,178.03,0.0058,2026-07-25 11:35:17.479934
UC1M1MjhSviZAKNqVSy4uyJQ,Hasb e Haal,1,328341,2100,264,0,656.68,0.0072,2026-07-25 11:35:17.479934
UC1M5-ajXi335sZWj9jQA5eg,CELAL YAĞCI MÜZİK,1,10987,85,6,0,21.97,0.0083,2026-07-25 11:35:17.479934
UC1MIznn1k09391aUL2vmb-A,adel19811,1,676298,1600,498,0,1352.6,0.0031,2026-07-25 11:35:17.479934
UC1MJyT7wPU6slRv_bzxzicA,Наталья Яценко,1,3065719,22000,1000,0,6131.44,0.0075,2026-07-25 11:35:17.479934
UC1MkInp26oFVkfMkrpn7mBA,Eray Yeşilırmak,2,1165058,18700,331,0,2330.12,0.0169,2026-07-25 11:35:17.479934
UC1N-kBu5i87OP22Ld1AaYuw,Vangelle Caps,1,401944,3200,486,0,803.89,0.0092,2026-07-25 11:35:17.479934
UC1N-pfjwhjPJCwdog1HAjkQ,Top Raccoon,1,3178416,26000,1200,0,6356.83,0.0086,2026-07-25 11:35:17.479934
UC1NF71EwP41VdjAU1iXdLkw,Narendra Modi,26,21028498,253388,15869,0,42057.0,0.0171,2026-07-25 11:35:17.479934
UC1NOFApRjIBW9bbs7cvzGXw,Mahmut güneş,1,473510,1100,192,0,947.02,0.0027,2026-07-25 11:35:17.479934
UC1NP1CfpyOLKOFQPsiAEK0w,ʚiɞ Hüzünn ʚiɞ,1,5960526,24000,1800,0,11921.05,0.0043,2026-07-25 11:35:17.479934
UC1NZ87dCeFEyWWHS58iOQFw,ideas corner,1,167932,1000,318,0,335.86,0.0078,2026-07-25 11:35:17.479934
UC1Nqk7YDVwom_aXTE83PRhw,Artiz Film Yapım,1,40,3,0,0,0.08,0.075,2026-07-25 11:35:17.479934
UC1Nu6GBl0q10w-VDQ6p0IUQ,Tuğbanın Günlüğü,2,63884,2235,112,0,127.77,0.0405,2026-07-25 11:35:17.479934
UC1O-EaUOCyOHV4PCUIgLH-g,TheIsimsizeskiya,1,191030,706,58,0,382.06,0.004,2026-07-25 11:35:17.479934
UC1O2o_vneJ7n-JK2uxjnRjg,Legend Fishing,1,3782,76,25,0,7.56,0.0267,2026-07-25 11:35:17.479934
UC1ObSTX5WBBAOmgghAOhJGg,Kübra ve Nagihan Kardeşler,2,20077,95,15,0,40.16,0.0058,2026-07-25 11:35:17.479934
UC1PH-xm8Tjv_UXg5OJbMsUw,Bağtaşı Kçyü Tokat Almus,1,2903443,7800,1100,0,5806.89,0.0031,2026-07-25 11:35:17.479934
UC1PMofBdqjnYLx4hsxnFG9g,Studio Sevdali Shop,2,283719,626,57,0,567.44,0.002,2026-07-25 11:35:17.479934
UC1PNFkAOXIRb5J8eIFTk9kg,Nurhan UZ,1,14389074,20000,8300,0,28778.15,0.002,2026-07-25 11:35:17.479934
UC1PPBpkrEWCaGeyJzxfj_WQ,BESTEN,1,830205,0,0,0,1660.41,0.0,2026-07-25 11:35:17.479934
UC1PfnaeZIewIMs9RhdodytA,Boom Bust,1,127155,1400,136,0,254.31,0.0121,2026-07-25 11:35:17.479934
UC1PloUeSfZql4wbCRM8_2AQ,flugsnug,1,2498929,11000,585,0,4997.86,0.0046,2026-07-25 11:35:17.479934
UC1QEiMopJKRmANlfy8iTL7g,Çimen's Yapım,5,904302,2746,49,0,1808.61,0.0065,2026-07-25 11:35:17.479934
UC1QF2Z_FyZTRpr9GSWRoxrA,RCScaleAirplanes,1,10849089,50000,3100,0,21698.18,0.0049,2026-07-25 11:35:17.479934
UC1QYLwWp2AuNiRDVQyC1vww,Suwari,1,43624,57,13,0,87.25,0.0016,2026-07-25 11:35:17.479934
UC1Qva129Kf9owT12de-5edQ,alperalphan1970,1,1125505,3200,198,0,2251.01,0.003,2026-07-25 11:35:17.479934
UC1Qz2ZOOl829JzXgoadgbkg,JOA,2,305135,3644,432,0,610.27,0.0138,2026-07-25 11:35:17.479934
UC1R7UezfAbnFQF_TLd6UkDA,Latif Öz,6,89083,435,38,0,178.17,0.0061,2026-07-25 11:35:17.479934
UC1RAoEmVCd57yIQwcXz6JfA,HepimizBir,1,105963,250,17,0,211.93,0.0025,2026-07-25 11:35:17.479934
UC1RIy0148mCOqO2sNVAufBw,موقع الغزالين للأعراس الفلسطينيه,1,887857,5300,516,0,1775.71,0.0066,2026-07-25 11:35:17.479934
UC1RKK131m2O_gb2jsPlu06w,Servan Zana Music,4,2134570,6400,709,0,4269.14,0.0048,2026-07-25 11:35:17.479934
UC1RZ18RcUbH_8gphxaPO5xQ,WaelElebrashi,1,3548023,32000,3100,0,7096.05,0.0099,2026-07-25 11:35:17.479934
UC1Rj-gH5F55d2riF6b6nbcw,kimmibgrass,1,3896690,9800,721,0,7793.38,0.0027,2026-07-25 11:35:17.479934
UC1RoRxc6_Fkrs-asROhqMdg,"Имидж-студия и учебный центр ""Гримерка""",2,70527,883,127,0,141.06,0.0301,2026-07-25 11:35:17.479934
UC1S2osgkBUTWWjyJIKmyxOA,Orbay Gurmen,2,44184836,243000,11535,0,88369.67,0.0066,2026-07-25 11:35:17.479934
UC1SDpSKicxfyaXc6sPviDPg,arda fan,1,8576,116,2,0,17.15,0.0138,2026-07-25 11:35:17.479934
UC1SF34ffYstzhZbHf5vBusg,emine Gündüz,2,1325365,2469,222,0,2650.73,0.0025,2026-07-25 11:35:17.479934
UC1SYf3iAQYWeip4C-cZw4eQ,Karaoğlan-2011,3,344904,1426,120,0,689.81,0.0059,2026-07-25 11:35:17.479934
UC1SaV8cJ5u5U9iEZS6QRbpg,5-Minute Crafts TEENS,25,97849634,718500,86899,0,195699.26,0.0095,2026-07-25 11:35:17.479934
UC1SoCVGG7GVOi45a8sheYng,HealthyFoodBreak,2,44424,360,10,0,88.84,0.0189,2026-07-25 11:35:17.479934
UC1SqMgWKEDX1NXsaaSCsKIw,Doğanay _Foto_Video,4,61571,186,23,0,123.13,0.0037,2026-07-25 11:35:17.479934
UC1SvRq3YzZACheYynsDrXmw,Clicknetwork,1,50632,660,35,0,101.26,0.0137,2026-07-25 11:35:17.479934
UC1SyVmdV7vZqjHJDwlC9byw,BarışK,1,5242,14,4,0,10.48,0.0034,2026-07-25 11:35:17.479934
UC1T1OoIfEzvLs-bQhTvm68Q,deniz bozkurt,1,1502487,3600,280,0,3004.97,0.0026,2026-07-25 11:35:17.479934
UC1T24zCXvh2hizN8yaYhvCw,Jim Doodle,1,7683926,0,0,0,15367.85,0.0,2026-07-25 11:35:17.479934
UC1TPBjV1LA80cyDv6m4SDdg,Efe Güngör,1,148929,558,27,0,297.86,0.0039,2026-07-25 11:35:17.479934
UC1TQwyQQDdKe4-flMnRPUCw,The Glamour Index,1,71517,738,77,0,143.03,0.0114,2026-07-25 11:35:17.479934
UC1TbvrFitpfiVRctQH05KtA,Türküler Sevdamız,1,1273,18,0,0,2.55,0.0141,2026-07-25 11:35:17.479934
UC1Tr6S-XLBk1NzNX1jErWMg,Cafe De Anatolia,3,5428553,39900,1902,0,10857.1,0.0092,2026-07-25 11:35:17.479934
UC1U2c-mRcA54O1AYGH0TKkw,Liv Hospital,1,611,2,4,0,1.22,0.0098,2026-07-25 11:35:17.479934
UC1UCftG4QbQ567khhifvBRw,TheWaw,1,106039,594,25,0,212.08,0.0058,2026-07-25 11:35:17.479934
UC1UFcJYn0jEQsvClfM4Dttw,KeRVaN-ı DosT,1,444454,7600,156,0,888.91,0.0175,2026-07-25 11:35:17.479934
UC1UHKv0MSI2rSHCPg6l8Zpg,decryptingirl,1,8592107,9400,1300,0,17184.21,0.0012,2026-07-25 11:35:17.479934
UC1UMe-_zsSf1btblzUe4JMg,Hacks von Panda,2,5581346,31100,6608,0,11162.69,0.0074,2026-07-25 11:35:17.479934
UC1UQrYfjaiCVKnO7OUR47Nw,VERGİBİLENLER,1,18085,236,17,0,36.17,0.014,2026-07-25 11:35:17.479934
UC1USVpNwJDn6EiNwqxqT80g,TheHUB,2,6906764,38200,7365,0,13813.52,0.0104,2026-07-25 11:35:17.479934
UC1UXGTUVCRr_viauBj_T5sQ,Rochelle Wick,2,293724,3939,235,0,587.44,0.0161,2026-07-25 11:35:17.479934
UC1UvCY92OPFZMNWEmnOLoaA,kabylifornie13,1,9908148,41000,2700,0,19816.3,0.0044,2026-07-25 11:35:17.479934
UC1UvWn9LGPYKLOYHXSOuvnQ,Intizarul ferec,1,414249,3200,236,0,828.5,0.0083,2026-07-25 11:35:17.479934
UC1V4ZrO1E0sDHtwmF5loBEA,Niğdeli Mahalli Sanatçılar,3,5773,58,2,0,11.55,0.0336,2026-07-25 11:35:17.479934
UC1VKlgxJj_aE5DmkXueOlOg,Benim Dünyam,12,1844811,4250,671,0,3689.62,0.0029,2026-07-25 11:35:17.479934
UC1VPZO-_XS8MIw7MZpqSMkw,La Voz Global,2,1427793,12291,678,0,2855.59,0.008,2026-07-25 11:35:17.479934
UC1VSswLjGGO2Y4sljxubHpw,Adem Savaş,1,351913,2000,224,0,703.83,0.0063,2026-07-25 11:35:17.479934
UC1VkrDCgoYbsfyh8FZUyiXQ,Elvin Veliyev,1,557207,1400,162,0,1114.41,0.0028,2026-07-25 11:35:17.479934
UC1VmcwWIiae9KiVyLDM0yKg,tilkitv,1,17488872,5600,3500,0,34977.74,0.0005,2026-07-25 11:35:17.479934
UC1Vs4M8X-E41jrRHOuIUEPw,Mehmet Üzüm,1,360354,14000,608,0,720.71,0.0405,2026-07-25 11:35:17.479934
UC1Vzy-9Jz4jWz8MM5nCbi2Q,nasir Atapur,3,11472,87,7,0,22.95,0.0097,2026-07-25 11:35:17.479934
UC1WC6m1T7gEs-k_0ozpFQ3Q,Makeupbypita,2,1722546,37000,2300,0,3445.1,0.0363,2026-07-25 11:35:17.479934
UC1WH9Bgv_oKVHCZwETSfOXA,All About Your Health,1,5054238,54000,3700,0,10108.48,0.0114,2026-07-25 11:35:17.479934
UC1WLjC6kPmDTZPCC6NDRImQ,süleyman süleme,1,125401,444,45,0,250.8,0.0039,2026-07-25 11:35:17.479934
UC1WM1I0prAbBeenyQ8pIRmw,MusTomB,2,464760,1394,37,0,929.52,0.0038,2026-07-25 11:35:17.479934
UC1W_Jc9UmyttYlSo0i5DzJg,Show Me the World,5,2442239,13734,1072,73,4884.47,0.0074,2026-07-25 11:35:17.479934
UC1WeGDc6NJHoxCN5n3PxeMg,Amit Updates,1,2821260,25000,3100,0,5642.52,0.01,2026-07-25 11:35:17.479934
UC1Woyau6sA1dAp7EnlDxF5A,Balıkesir Halk Müziği Derneği,1,245,0,0,0,0.49,0.0,2026-07-25 11:35:17.479934
UC1WpzCFhUytyMsi6SQTdq7A,Rick Jones Anderson - Exótica Vídeos,4,955589,9360,841,0,1911.18,0.0129,2026-07-25 11:35:17.479934
UC1WwgFCKsMXoo7m2OLkcC4A,Masjer,1,791120,4700,154,0,1582.24,0.0061,2026-07-25 11:35:17.479934
UC1X1ngoxzuX2Nef_OBOSxrw,Angelina Boneva,1,21038,112,23,0,42.08,0.0064,2026-07-25 11:35:17.479934
UC1X8qNuexBh_ha71M6j8wpw,Adem Erdogan,4,1388682,5206,896,0,2777.36,0.005,2026-07-25 11:35:17.479934
UC1X966OJB9Pg60RArVT-Ydg,mavibayrak,1,1054145,665,72,0,2108.29,0.0007,2026-07-25 11:35:17.479934
UC1XGMqJesvJ8DK_4b0Jo5dw,Hasan Fehmi BIYIK,1,33066,100,6,0,66.13,0.0032,2026-07-25 11:35:17.479934
UC1XiNxPmvNfVlaa22zpQ9bw,Sebahattin DUR,1,241572,275,29,0,483.14,0.0013,2026-07-25 11:35:17.479934
UC1XrG1M_hw8103zO2x-oivg,Galileo,13,18826130,183700,15383,40,37652.27,0.0108,2026-07-25 11:35:17.479934
UC1Xsf5NkcuzGJTwgDIOZeeg,1tnr,2,757286,2271,203,0,1514.57,0.0026,2026-07-25 11:35:17.479934
UC1Y0UWvibrFq_7We9Ws3Khg,s3rkans,1,6010335,8800,631,0,12020.67,0.0016,2026-07-25 11:35:17.479934
UC1Y7onDsPyfP-lu--SXF-ew,Quarks,1,62522,302,120,0,125.04,0.0067,2026-07-25 11:35:17.479934
UC1Ydgfp2x8oLYG66KZHXs1g,TheTalko,59,134508932,1019970,108260,127,269017.85,0.0107,2026-07-25 11:35:17.479934
UC1ZBQ-F-yktYD4m5AzM6pww,Mustard,1,2994326,51000,1600,0,5988.65,0.0176,2026-07-25 11:35:17.479934
UC1ZEozfNAzrw6xt654TI66g,Educational Video Group,2,818369,4904,713,0,1636.74,0.0051,2026-07-25 11:35:17.479934
UC1Zq5MnJpQHA7jBMoBR_Y0A,Dt.Büşra Mimsin,1,1671,74,7,0,3.34,0.0485,2026-07-25 11:35:17.479934
UC1_8CqD8x-RBCJdmhC44FGw,oz0735,1,115604,58,15,0,231.21,0.0006,2026-07-25 11:35:17.479934
UC1_OTYkPkjwC6w8kB2XTuVA,karayilanrecep,4,214146,372,26,0,428.3,0.0019,2026-07-25 11:35:17.479934
UC1__fIPP8B4MqhP8xleHCpQ,Orxan346,1,33528,352,16,0,67.06,0.011,2026-07-25 11:35:17.479934
UC1_foT8mgy88LiOSgT7bX7g,التسجيلات السياسية والإقتصادية,1,927900,3200,1300,0,1855.8,0.0048,2026-07-25 11:35:17.479934
UC1_uAIS3r8Vu6JjXWvastJg,Mathologer,1,3237224,41000,2500,0,6474.45,0.0134,2026-07-25 11:35:17.479934
UC1a3g2Dt0c9puE1Y1wK1mlA,Selda Öktem,2,12924,97,14,0,25.85,0.0105,2026-07-25 11:35:17.479934
UC1aJeXQcgyxikif6P5cKQgA,CityHill Church,1,3198758,17000,794,0,6397.52,0.0056,2026-07-25 11:35:17.479934
UC1ajDrPU2DMQFBRJ8CCLr9A,Sinameki,8,1459343,10375,480,0,2918.68,0.0081,2026-07-25 11:35:17.479934
UC1anyNxHkn2Q_jWRNYMtrAw,HiBarbie,1,5443,0,0,0,10.89,0.0,2026-07-25 11:35:17.479934
UC1au0aihWsWid6SK86eYt2w,Inspire Discipline,1,731995,17000,605,0,1463.99,0.0241,2026-07-25 11:35:17.479934
UC1b5mK09-NHCYmsRrfKvEWQ,Nina's Ideas,2,2086418,25000,1224,0,4172.84,0.0134,2026-07-25 11:35:17.479934
UC1bL4TdsMneHt93-Apo6HXw,진국 TV,2,3872875,5800,1566,0,7745.75,0.0019,2026-07-25 11:35:17.479934
UC1bNooDCdnGJdA011vCB-xA,Murat Abbaslı,1,1087143,6200,335,0,2174.29,0.006,2026-07-25 11:35:17.479934
UC1bWRbUwbKVjgMcTRa1MWHg,Altuğ Demirel,3,170244,1266,82,1,340.49,0.0056,2026-07-25 11:35:17.479934
UC1bj_HgL3XyA5pnkouk9saw,MayaAlickaj,1,7988663,9900,1800,0,15977.33,0.0015,2026-07-25 11:35:17.479934
UC1btfedzoJpptIQLP_Yukxg,Kur'anTube,8,1501678,15751,729,0,3003.37,0.0126,2026-07-25 11:35:17.479934
UC1cBkm8BdWR6f4M2s97TZYQ,Gunes Kaya,1,71981,719,20,0,143.96,0.0103,2026-07-25 11:35:17.479934
UC1cFtBlQ9NK0BIeFThZ_tOA,Bora Duran,1,13406,96,8,0,26.81,0.0078,2026-07-25 11:35:17.479934
UC1cG5MVA0JA25bloLwDwwhg,Alex Taseva,1,188,5,2,0,0.38,0.0372,2026-07-25 11:35:17.479934
UC1c_OB3VScKXybn84OwJ8rA,LopezTonight,4,1113241,7426,191,0,2226.48,0.0057,2026-07-25 11:35:17.479934
UC1cpO8BYlHkhQFXnhUntnYw,Erdem Ozturk,1,153121,396,24,0,306.24,0.0027,2026-07-25 11:35:17.479934
UC1d0DbU5FxpVlPASVYGCFvQ,Kenan Adil Music,2,6531555,120000,1378,0,13063.11,0.0165,2026-07-25 11:35:17.479934
UC1dL3jIFcBc19GWZxmBP1tA,5-MINUTEN-TRICKS FÜR MÄDELS,4,32233434,138674,36111,0,64466.88,0.0084,2026-07-25 11:35:17.479934
UC1dO7XWM9UpBCnou-taLwBw,Gulooo60,1,613240,951,210,0,1226.48,0.0019,2026-07-25 11:35:17.479934
UC1dcRoXHbZ0QFOBB6DKPmdg,Dan Robinson,3,2793251,5795,2046,0,5586.5,0.0051,2026-07-25 11:35:17.479934
UC1dsVVNv7xMa8Kyy63nDxGg,2 Çocuk Annesi,9,340452,6657,349,0,680.9,0.0283,2026-07-25 11:35:17.479934
UC1dwUcX7aSU2k0dxIho9Ppg,Sevgi Kamera,1,350920,1600,158,0,701.84,0.005,2026-07-25 11:35:17.479934
UC1dzt3eDFI7fWNY-19YQ6cg,pratik bilgiler,1,329645,695,186,0,659.29,0.0027,2026-07-25 11:35:17.479934
UC1e1YXd1jZEDYXDjXLCXTXg,Süleyman Özışık,4,74836,2547,123,0,149.67,0.0384,2026-07-25 11:35:17.479934
UC1eQRVdWYLNW773p9l5LDeg,abu yusuf müzik أبو يوسف موسيقى,1,3892637,14000,1500,0,7785.27,0.004,2026-07-25 11:35:17.479934
UC1f9f-4rpIM5JrqaMAMxiPA,MENGEN TV,2,28212,94,12,0,56.42,0.0032,2026-07-25 11:35:17.479934
UC1fGbFgtyo3PnAn63QDh45Q,Cooknomics,1,1181693,5000,978,0,2363.39,0.0051,2026-07-25 11:35:17.479934
UC1fIDHAakfDZnL1eW39nf-A,MASMAVİ3🔹️Lifestyle,1,477582,16000,293,0,955.16,0.0341,2026-07-25 11:35:17.479934
UC1fIdk3-fkbFopbpaxmxphg,Æ grsy,1,400267,2400,79,0,800.53,0.0062,2026-07-25 11:35:17.479934
UC1fMx-KTuMTV-6KOChnyanw,ÖZGÜR EREN,1,50309,127,20,0,100.62,0.0029,2026-07-25 11:35:17.479934
UC1fR6E6nbvj4m0FxMB85W_A,Ender mutfakta,1,532383,3800,1000,0,1064.77,0.009,2026-07-25 11:35:17.479934
UC1fpu8N-DkmhqqwHTI5yxrg,Health &amp; Beauty Tips- Gharelu Nuskhe,1,371074,4700,346,0,742.15,0.0136,2026-07-25 11:35:17.479934
UC1ftw2_7MGGhi0IrkVL8WwQ,NoCopyrightMusic,1,296814,1700,291,0,593.63,0.0067,2026-07-25 11:35:17.479934
UC1fy54nV-bqPflVSWoeQOXQ,İbrahim Aydın,1,485696,2500,326,0,971.39,0.0058,2026-07-25 11:35:17.479934
UC1g6K9-ZpYr3w2JIG94tN8g,Engin Altun,1,1724268,4300,126,0,3448.54,0.0026,2026-07-25 11:35:17.479934
UC1gLvEf7aPoW9N3-6RkmlYw,Yeni Kanal,6,1413375,11601,999,0,2826.75,0.0145,2026-07-25 11:35:17.479934
UC1h1c-i9nM5hrVO6wRG1zJA,Nebi Resul,1,2225,38,4,0,4.45,0.0189,2026-07-25 11:35:17.479934
UC1h2GNIUVUeppcVoemsFfmg,Ne Xeber,1,103191,487,87,0,206.38,0.0056,2026-07-25 11:35:17.479934
UC1ha206tD9p8I3m81AJ7f4Q,mk171994,1,306578,372,76,0,613.16,0.0015,2026-07-25 11:35:17.479934
UC1hi0FooPecmeChJAlrCI-Q,HAN VAKFI,1,42421,285,9,0,84.84,0.0069,2026-07-25 11:35:17.479934
UC1i9Z4gDHELgV6BcNmleEPA,Ben Novruz Usta,1,1060739,7100,586,0,2121.48,0.0072,2026-07-25 11:35:17.479934
UC1iFTPspSKcb4vb1N7czmRQ,The New School,2,344695,4500,169,0,689.39,0.0137,2026-07-25 11:35:17.479934
UC1iQ_vTyPGHe3EDPdWHM4vQ,Dexlisiz Videolar,1,1496,27,9,0,2.99,0.0241,2026-07-25 11:35:17.479934
UC1iQavdg3rwD6d8QYmxGZqg,KralFerdici Nevsehirli,1,2958800,4800,732,0,5917.6,0.0019,2026-07-25 11:35:17.479934
UC1iSlWQJoMekGNNeF0P3pCA,Paso Video,2,207330,1221,157,0,414.66,0.007,2026-07-25 11:35:17.479934
UC1iZ9Z71NGvUt66hACwfXDA,شهيوات الحاجة الصحراوية,1,628745,9300,626,0,1257.49,0.0158,2026-07-25 11:35:17.479934
UC1ifuXDkOL_jCrMo2W2psFQ,Je t'aime etc,4,352684,5652,301,0,705.37,0.0158,2026-07-25 11:35:17.479934
UC1jB4y3c7-gb4zIzVFU54PQ,Levent Canbay,1,2166,14,3,0,4.33,0.0078,2026-07-25 11:35:17.479934
UC1jX81pywIqnRB5FOB-UBXA,Алексей Чумаков,1,1987967,20000,2000,0,3975.93,0.0111,2026-07-25 11:35:17.479934
UC1jgvocN5T4b8Uau4iVHSbg,Damir Damir,1,490939,961,67,0,981.88,0.0021,2026-07-25 11:35:17.479934
UC1jv02xeX-y7zlsnqi2XI2A,DhadkanNFAK,1,13018,159,3,0,26.04,0.0124,2026-07-25 11:35:17.479934
UC1k8pyBPzIR-jlfKO0zoZmQ,Bayes TV,5,944314,12553,894,0,1888.64,0.0223,2026-07-25 11:35:17.479934
UC1kIHAxbvqJuL_Bus5mLYYw,Vidz Monster,1,1521974,1600,857,0,3043.95,0.0016,2026-07-25 11:35:17.479934
UC1kbfwDouboGxOBccFI0j-A,Hola Yoco,2,61138,826,47,0,122.28,0.0138,2026-07-25 11:35:17.479934
UC1ke3SSTwAKK-z6ru2aQ2Rg,2101 Kütahya,1,14263,35,8,0,28.53,0.003,2026-07-25 11:35:17.479934
UC1ksGa1lB9WBq-BhdIzceaA,T Piedog,1,27,2,0,0,0.05,0.0741,2026-07-25 11:35:17.479934
UC1l1HujrPt7zS9qzOZwf17w,Mehmet YILMAZ,1,39286,232,45,0,78.57,0.0071,2026-07-25 11:35:17.479934
UC1lVMv-tupY6KgazYyf4cYQ,Amayuzuncokguzel,3,56333,2324,55,0,112.67,0.0428,2026-07-25 11:35:17.479934
UC1lXHaFviVtB_JHifL4BXBA,KeyifliMp3,1,1299730,5600,235,0,2599.46,0.0045,2026-07-25 11:35:17.479934
UC1lYIVidPZ0QfgJbySnmBmw,Tania Waller,1,164261,3400,48,0,328.52,0.021,2026-07-25 11:35:17.479934
UC1ldv3jEAFKyfBqTIbSx6nA,Bilinmeyenler Burada,5,1639474,7390,2835,0,3278.95,0.0132,2026-07-25 11:35:17.479934
UC1lvLffaU1wh_YuvTDCWcOg,GIRL IN PARADISE,3,5852445,22131,2200,0,11704.9,0.0038,2026-07-25 11:35:17.479934
UC1m-_gXpsBATPL_HSVzMBfA,Australian Ninja Warrior,1,2139749,11000,415,0,4279.5,0.0053,2026-07-25 11:35:17.479934
UC1mPzkx7VVbgJqfyI0bzmRA,RaseLS,1,2440764,9900,4900,0,4881.53,0.0061,2026-07-25 11:35:17.479934
UC1n9PIxwB7Vy9dXBzBI06HA,Cléia Liller,1,84979,6600,79,0,169.96,0.0786,2026-07-25 11:35:17.479934
UC1nEjPjHrdskYW9onnC5XZw,omid mitvar,1,298165,1600,66,0,596.33,0.0056,2026-07-25 11:35:17.479934
UC1nMTwkpgQ694hTt5PV78Vw,Jewish Museum London,1,3695,12,2,0,7.39,0.0038,2026-07-25 11:35:17.479934
UC1nXbo-0fhfnNGLbHzPG8gQ,Ulu Gazi,1,2092971,4000,856,0,4185.94,0.0023,2026-07-25 11:35:17.479934
UC1nauPRdofzDtqpMHOfn3-g,ilahi gruplari,1,46422,96,3,0,92.84,0.0021,2026-07-25 11:35:17.479934
UC1nbZfj7NqsG7XjQ0QlK6jg,Gözde Ceceli,1,410912,693,67,0,821.82,0.0018,2026-07-25 11:35:17.479934
UC1ndCDxq7-x-9vC_QBRlbjw,FootBall Stars,13,16472115,163300,11562,0,32944.24,0.0135,2026-07-25 11:35:17.479934
UC1neHfXD57xT62rg7qRkT4w,BayramovHD,2,5670437,29700,2344,0,11340.87,0.013,2026-07-25 11:35:17.479934
UC1nrVLHNfnsxpJthrAP8wNw,goingundergroundRT,1,1563178,6700,1200,0,3126.36,0.0051,2026-07-25 11:35:17.479934
UC1nw_szfrEsDWcwD32wHE_w,q on cbc,1,19140,90,53,0,38.28,0.0075,2026-07-25 11:35:17.479934
UC1o3K63luMxD2eRv6w9F2VQ,Birlik üçün oxu,2,3488418,31000,712,0,6976.84,0.0091,2026-07-25 11:35:17.479934
UC1o7-ZKHIE7EbBgbNy0QXag,Eray Karakuzu,2,68302,2500,157,0,136.6,0.039,2026-07-25 11:35:17.479934
UC1o72k_LOxXvsmphgDwVI2Q,Crafty Hackers,1,509752,4500,390,0,1019.5,0.0096,2026-07-25 11:35:17.479934
UC1oRxeUPam6-53wPBZ3N02A,Jerry Moran,2,4588,99,4,0,9.18,0.0181,2026-07-25 11:35:17.479934
UC1oT1Z1sGSy9T0S89AGS1yA,HALİL GEÇGİN,1,2275,2,0,0,4.55,0.0009,2026-07-25 11:35:17.479934
UC1pUFgoqKqy_sfzF0_rtQzQ,Factnomenal,1,41863,493,465,0,83.73,0.0229,2026-07-25 11:35:17.479934
UC1pc6m7I7ZQs6MFc_yXa3Ug,hayati özen,1,9316,98,7,0,18.63,0.0113,2026-07-25 11:35:17.479934
UC1pfwysp1EC5P4qE-Eo97HA,Warner Classics,1,7377727,82000,2700,0,14755.45,0.0115,2026-07-25 11:35:17.479934
UC1prnv-uazO0jEndYYiOi5g,International Defence Analysis,3,122425,3399,246,0,244.85,0.0672,2026-07-25 11:35:17.479934
UC1q5LAEI4ZVzyRcXEPCMJ9Q,Mustafa Sandal Fun,1,111597,342,17,0,223.19,0.0032,2026-07-25 11:35:17.479934
UC1q5bwmoMMQf5A25UfenpxQ,Muhammed Tevetoglu,1,1179692,5100,196,0,2359.38,0.0045,2026-07-25 11:35:17.479934
UC1qLw2r8hNvwJgct-8Toufg,Oyun Havası ve Bozlak,1,119331,326,22,0,238.66,0.0029,2026-07-25 11:35:17.479934
UC1qfR0JGrOkPuf7EqOkfY5Q,ibrahim kantemiz,1,324707,1700,60,1,649.41,0.0054,2026-07-25 11:35:17.479934
UC1qldNOqaqIY2PwhbVwIhWA,너알아TV-,1,45236,5600,68,0,90.47,0.1253,2026-07-25 11:35:17.479934
UC1qrsDGe-2oHC2DhAGsJcQg,Lucie Pařízková,1,2836628,3500,724,0,5673.26,0.0015,2026-07-25 11:35:17.479934
UC1qt099GIghOG6rC8PkuUSQ,Cankiz76,2,6873464,41900,1760,0,13746.93,0.0052,2026-07-25 11:35:17.479934
UC1qwIYvbKE3rAbcbjxOKiLg,Serhat Ahmet Tan,10,103040,4151,103,0,206.09,0.0458,2026-07-25 11:35:17.479934
UC1r3llcZ6NO1TRMb0UseD6w,Ömür Kamera Organizasyon,5,3600098,12617,4054,0,7200.19,0.0054,2026-07-25 11:35:17.479934
UC1rETAy7fNZHk_9b1bK2Vfw,Maria Arutunian,5,286991,6335,253,0,573.98,0.0317,2026-07-25 11:35:17.479934
UC1rL83kf1ICDj7eBpGi6m5Q,Survival Instinct,2,3880972,20300,3553,0,7761.95,0.0107,2026-07-25 11:35:17.479934
UC1rz0CNVZBUAlnk1xrlrjAw,Het Klokhuis,23,7894013,33649,1988,22,15788.01,0.0061,2026-07-25 11:35:17.479934
UC1s3sJVwJU7zUvzfQQaXOTg,Müzik MY LIFE,1,409551,2600,170,0,819.1,0.0068,2026-07-25 11:35:17.479934
UC1s4q1bgsCeCTubilAOMMQA,Buki,4,281341,4780,201,0,562.68,0.0225,2026-07-25 11:35:17.479934
UC1sQMlRId2v5SEhGzxagddw,Nureddin Yıldız,5,445628,4796,156,0,891.26,0.0128,2026-07-25 11:35:17.479934
UC1sSVtrIdzRrrTSiEMfFGnw,Devrim Canen,1,17942,306,7,0,35.88,0.0174,2026-07-25 11:35:17.479934
UC1srKCaftHovvue3COKEjGw,Yüksek Zümre,1,243318,997,49,0,486.64,0.0043,2026-07-25 11:35:17.479934
UC1suI6X55dW9l-k5T2zcUmA,ONUR YAVUZ,1,43988,85,14,0,87.98,0.0023,2026-07-25 11:35:17.479934
UC1tB74NrcYEiCgoHZXfSWQA,T.C. Cumhurbaşkanlığı,9,2297027,11900,647,0,4594.05,0.0042,2026-07-25 11:35:17.479934
UC1tEDHd0OyngR5oPqRaFRqQ,Maw Vector,1,1287828,4700,691,0,2575.66,0.0042,2026-07-25 11:35:17.479934
UC1tI6aB-R43yt922j2EcEWQ,Andrey Yermolov,1,401367,8000,478,0,802.73,0.0211,2026-07-25 11:35:17.479934
UC1tVSa9ZTu_pTqASFXkaDhQ,AliAtayFanPage,1,77605,61,6,0,155.21,0.0009,2026-07-25 11:35:17.479934
UC1u4jzjmVBbtxmcKQMQ4-9w,Stress Down With Animal,1,1327446,5200,426,0,2654.89,0.0042,2026-07-25 11:35:17.479934
UC1u5xbjoJXS7KmK9Gh0cPjQ,C politique,2,189463,1510,83,0,378.93,0.0065,2026-07-25 11:35:17.479934
UC1u67veLK5B9ZLKjfPo4r1A,RupaS creativity,1,88598,341,48,0,177.2,0.0044,2026-07-25 11:35:17.479934
UC1uHfWXKShEb6i2iLFJ93Tg,Ibrahim YETGİNDAĞ,3,534415,1536,118,0,1068.83,0.0035,2026-07-25 11:35:17.479934
UC1uJdXtEHHSbYX6PHZj5KjA,Ayca Kuru,1,59499,570,35,0,119.0,0.0102,2026-07-25 11:35:17.479934
UC1uRS8Bn1-c1dM722kn39Og,Espelho Hair,2,3189457,80000,2182,0,6378.91,0.025,2026-07-25 11:35:17.479934
UC1uZJLC3WSZxybFA0DQXNlA,ferhat1,1,3938,13,5,0,7.88,0.0046,2026-07-25 11:35:17.479934
UC1uav1I7c_YHbJZa1Tc1Cnw,Johnny Bigger,1,212701,3700,109,0,425.4,0.0179,2026-07-25 11:35:17.479934
UC1utNHDUMR1Cos9zWU7FRcg,Anatolian Journal,1,223200,1100,75,0,446.4,0.0053,2026-07-25 11:35:17.479934
UC1uz19Qdhs5LP7UAWpJRgrQ,internethaber,14,593682,10226,787,9,1187.35,0.0295,2026-07-25 11:35:17.479934
UC1vF_Y-u_0XFTpSaTaLeWhg,history 1453,1,614159,4500,572,0,1228.32,0.0083,2026-07-25 11:35:17.479934
UC1vSXz45_1eeEh0OyNQ5uWQ,nefise ivaylova,2,50686,118,8,0,101.38,0.0027,2026-07-25 11:35:17.479934
UC1vVNQN-TCy8d3Mb_Owr2Kw,Masaman,2,1699240,25000,2260,0,3398.48,0.019,2026-07-25 11:35:17.479934
UC1va2kKLs6_IcyVKfC7dazQ,idasha idash,1,745761,1300,213,0,1491.52,0.002,2026-07-25 11:35:17.479934
UC1vz57QtcJeVxV-vymiLWmg,Ares Abyss,1,3093135,10000,1600,0,6186.27,0.0038,2026-07-25 11:35:17.479934
UC1w6n4251u2OB_lOpjP3yZA,İsmail Karakaya,2,201879,499,91,0,403.76,0.0062,2026-07-25 11:35:17.479934
UC1w6pNGiiLdZgyNpXUnA4Zw,SPIEGEL TV,3,2599818,25686,10456,0,5199.64,0.0153,2026-07-25 11:35:17.479934
UC1w7D-TzWnquyBbO016Sv2w,KBR İNCBY,1,15111,94,24,0,30.22,0.0078,2026-07-25 11:35:17.479934
UC1wP9eCw5nPRu6eifDHj-3w,IDEAS GENIALES,1,1918020,8900,1500,7,3836.04,0.0054,2026-07-25 11:35:17.479934
UC1wSBNuPeBWw_2vPD15VFBQ,Maximo Dalmau,2,4096213,19010,994,0,8192.42,0.0184,2026-07-25 11:35:17.479934
UC1x5XJKlMKuhpXCkANxsAFg,Özge Otabaşı,2,10417,359,15,0,20.84,0.0891,2026-07-25 11:35:17.479934
UC1x6hTgQRfcl2FWS-B2SVNw,Fırat Çetin,1,931042,4400,223,0,1862.08,0.005,2026-07-25 11:35:17.479934
UC1xyifx6Om87YkXhewH5YNg,Yemekte Ne Var?,1,716305,729,472,0,1432.61,0.0017,2026-07-25 11:35:17.479934
UC1y8m-oKhKixofDfXdsHA6A,FreakyMobby,4,1210521,4372,1660,0,2421.05,0.0059,2026-07-25 11:35:17.479934
UC1yDKupSUpifv3CtgLqRMAg,Ariana News,2,6608,40,11,0,13.22,0.0078,2026-07-25 11:35:17.479934
UC1yVrxdSt2OsVhuuMiYkaFQ,Semih Çelik,1,3135310,15000,675,0,6270.62,0.005,2026-07-25 11:35:17.479934
UC1yiigbAq8zP-buVSBRZx6Q,Cevher,3,3334089,26300,975,0,6668.19,0.0091,2026-07-25 11:35:17.479934
UC1ytLJj1nSt-otAHbwo1YQw,Ryan Walker,1,594249,6700,362,0,1188.5,0.0119,2026-07-25 11:35:17.479934
UC1ytrInZz0EhnBvGG5KXL1A,seda KARA,4,433844,756,104,0,867.68,0.0026,2026-07-25 11:35:17.479934
UC1z4gUxyM6EWEsDH9jIvZFA,Zurnacı Mehmet Çelen,1,735989,2200,597,0,1471.98,0.0038,2026-07-25 11:35:17.479934
UC1zUCWql8OdVqVJAPM4ES4w,Colorado High School Activities Association,1,46922,41,2,0,93.84,0.0009,2026-07-25 11:35:17.479934
UC1zYGo1jIIjMVDTLL3dydow,SankeiNews,5,399837,2497,154,0,799.67,0.005,2026-07-25 11:35:17.479934
UC1zaz7Dccf21PNYz5hhg2_w,ığdır gezi rehberi,4,36888,160,14,0,73.77,0.0074,2026-07-25 11:35:17.479934
UC1zewPrUNSiWq8FHidkrMEg,can kaya,1,24521,37,5,0,49.04,0.0017,2026-07-25 11:35:17.479934
UC1zfwCCFpOukLJBhDrtLcsw,Oloumaldar علوم الدار,3,3176669,20147,3688,0,6353.34,0.0114,2026-07-25 11:35:17.479934
UC1zlJiPMHDphTjojcn6KZVw,Anar Yusibov,1,19009,140,10,0,38.02,0.0079,2026-07-25 11:35:17.479934
UC1zlmXm5tXKQY1wVsiwGXbQ,caytvmedya,2,99969,697,170,0,199.93,0.0103,2026-07-25 11:35:17.479934
UC1znqKFL3jeR0eoA0pHpzvw,SpaceRip,2,1947273,14000,1326,0,3894.55,0.0102,2026-07-25 11:35:17.479934
UC2-BKWY5KBdnfsd7HIgRrgg,Kurdmax Media Network,1,299752,2900,249,0,599.5,0.0105,2026-07-25 11:35:17.479934
UC2-LgedLB2gXwzLeXKOYsgw,EOTGProductions,2,494603,3330,157,0,989.21,0.0061,2026-07-25 11:35:17.479934
UC2-Z_gBCdRCaZHUW9VTp6nQ,K Smith,1,4469876,29000,2800,0,8939.75,0.0071,2026-07-25 11:35:17.479934
UC2-_WWPT_124iN6jiym4fOw,Asian Boss,4,10003550,233000,6200,0,20007.1,0.024,2026-07-25 11:35:17.479934
UC2-ejrA4bacOxUTm65M_p4A,Emma'nın Mətbəxi,2,538231,8323,646,0,1076.46,0.0178,2026-07-25 11:35:17.479934
UC200T8mkMCXU7c0GnCJjeuw,Wrestling,6,945708,1597,445,0,1891.42,0.0022,2026-07-25 11:35:17.479934
UC205ZPRdAmkGtcEgZiIXlFw,Crys Brunet,1,11803,774,7,0,23.61,0.0662,2026-07-25 11:35:17.479934
UC209ReAvASZIh5lWggpmaOA,Mahmut Akın,1,979,26,0,0,1.96,0.0266,2026-07-25 11:35:17.479934
UC20A5SPyQwmhHG2d4lErTNQ,Siyavush Emirli,1,541266,9600,314,0,1082.53,0.0183,2026-07-25 11:35:17.479934
UC20MFkjbVj2WRZqYtJ5ASPA,WWE Mania,1,357186,3000,396,0,714.37,0.0095,2026-07-25 11:35:17.479934
UC20SBM36gMZx7icPO0oVDxA,Lina Mechaz,5,38904918,950000,34300,0,77809.84,0.0246,2026-07-25 11:35:17.479934
UC20XaIZOVHuGqniUBED4CSQ,Mellbie,1,141657,1300,118,0,283.31,0.01,2026-07-25 11:35:17.479934
UC20YImCsrZWF8BB7QLv3m8w,İstanbul Gençlik Platformu,1,3711,194,2,0,7.42,0.0528,2026-07-25 11:35:17.479934
UC20_EguN0DDYjZkaoCN518g,BeautyBenefitsTV,3,3759572,73368,2329,0,7519.14,0.0284,2026-07-25 11:35:17.479934
UC20sATLLW0m6FbeTHsYvQCw,SındırgıTV,1,561,2,0,0,1.12,0.0036,2026-07-25 11:35:17.479934
UC20v1O9_UCiMbKcSDsDUbxQ,BIG Machines,1,788702,1800,422,0,1577.4,0.0028,2026-07-25 11:35:17.479934
UC2114LUrKwLVB96aPsaabVQ,Ioana Ignat,1,2529757,33000,805,0,5059.51,0.0134,2026-07-25 11:35:17.479934
UC2167mDu7yomxXDPtlKJXkw,KÜBRA PELVAN,3,837364,18633,699,0,1674.73,0.0193,2026-07-25 11:35:17.479934
UC21GOToPnlL2Q7PsgGd4hGQ,Erdal yıldırım,1,3599,37,2,0,7.2,0.0108,2026-07-25 11:35:17.479934
UC21HnzL2knVvq6JOML-WaTw,exbertum,1,2285750,5800,262,0,4571.5,0.0027,2026-07-25 11:35:17.479934
UC21R06q79tAiYLOzCNZQiSg,Süper Çift,8,2476672,83300,5944,0,4953.35,0.043,2026-07-25 11:35:17.479934
UC21y09meLKCzNX6nm2dbGgA,Sinai Speak,2,242352,2128,572,0,484.71,0.0079,2026-07-25 11:35:17.479934
UC21yq4sq8uxTcfgIxxyE9VQ,Carli Bybel,3,4895002,73000,1812,0,9790.0,0.024,2026-07-25 11:35:17.479934
UC22UdHJTiV3Dxqe29dqwH9w,UYSAL FİLM,1,152544,279,63,0,305.09,0.0022,2026-07-25 11:35:17.479934
UC22zjQTlx5lzIo-50WJFeHA,Thomas J Elpel,1,2823948,16000,2100,0,5647.9,0.0064,2026-07-25 11:35:17.479934
UC235-9sDvHhrTufK-_OUh4w,Gerçekler Hakkında,1,60684,320,27,0,121.37,0.0057,2026-07-25 11:35:17.479934
UC23zmEO61OorGz1rbl0pnMA,Dara Cash,2,1980032,15904,640,0,3960.07,0.008,2026-07-25 11:35:17.479934
UC24-ZQwje7VN9QyJHKckHew,sarkılara sığınmak,1,69322,508,12,0,138.64,0.0075,2026-07-25 11:35:17.479934
UC24HmeK-G-ElWkdGziH-VeA,Derek Halpern,1,305968,3200,384,0,611.94,0.0117,2026-07-25 11:35:17.479934
UC24O1VOaKuBD1Ze_zUWyylQ,Rakı Günlüğü,1,367870,2300,74,1,735.74,0.0065,2026-07-25 11:35:17.479934
UC24Tz5YVcGbeukSD1eZaqag,Ocaq Tv 1,2,61808,1279,52,0,123.61,0.0216,2026-07-25 11:35:17.479934
UC24XJ9HgGcRlvb-UpTRobHQ,pınar yavaş,1,392,69,0,0,0.78,0.176,2026-07-25 11:35:17.479934
UC24_Z2L-8Ki183AI9zJJzNQ,TRANS7 OFFICIAL,2,1419208,10200,699,0,2838.42,0.0078,2026-07-25 11:35:17.479934
UC24veJCVpR7eXc8MGXWd_lQ,Studio BS,1,99922,896,50,0,199.84,0.0095,2026-07-25 11:35:17.479934
UC25JWlwGDGvTBh2CtsG8WxQ,RapmanBafi,3,401765,1110,151,0,803.54,0.0032,2026-07-25 11:35:17.479934
UC25L-VfZmTtwVEdEuO__nWw,Video Prodüksiyon,1,2979815,3400,1300,0,5959.63,0.0016,2026-07-25 11:35:17.479934
UC25QlfxK8yVxq-sLiMCC6_A,MAYERA MAYERA,1,1186555,3100,251,0,2373.11,0.0028,2026-07-25 11:35:17.479934
UC25SZRxzuuviylbDeLx9IGQ,Serkan__87,1,960763,1500,214,0,1921.53,0.0018,2026-07-25 11:35:17.479934
UC25TKAvB69TWz5oycDV3a7Q,muarttv,1,2357586,8000,547,50,4715.17,0.0036,2026-07-25 11:35:17.479934
UC25UWq7xeoDDA208h_59fHA,НикВести HD,1,10212,251,11,0,20.42,0.0257,2026-07-25 11:35:17.479934
UC25YKvFJ68XD-1oJSVJAOrA,AstronotKozmonot,1,2022990,3500,872,0,4045.98,0.0022,2026-07-25 11:35:17.479934
UC25YcxsF0K42i7hnm40e3Zw,Ayvazin ALI cosan yıldırır,3,118043,447,25,0,236.08,0.004,2026-07-25 11:35:17.479934
UC25ZB5ZMqLQwxFDV9FHvF8g,شوف دراما الثانية • Shoof Drama 2,1,401705,3000,332,0,803.41,0.0083,2026-07-25 11:35:17.479934
UC25k2zFeVdq6L29tK4eM00Q,onurkukuk,1,1096397,1700,116,0,2192.79,0.0017,2026-07-25 11:35:17.479934
UC25omgPk5kEFbEeKpP0WiUg,Ирина Хакамада,1,709045,11000,688,0,1418.09,0.0165,2026-07-25 11:35:17.479934
UC267POy_8Y3mPfDFYnlFtMA,Enes Acar,1,215439,8700,953,0,430.88,0.0448,2026-07-25 11:35:17.479934
UC26ARbg3ita1i3BA9jhXiYQ,Fehmi Iscimen,1,799,2,0,0,1.6,0.0025,2026-07-25 11:35:17.479934
UC26buublzO30XpR-KP2TfAw,webtekno,5,10838594,233000,9170,143,21677.19,0.0244,2026-07-25 11:35:17.479934
UC26gwq9qSOo0FgvpqatHXKA,Ezen Sedat,1,632028,894,85,0,1264.06,0.0015,2026-07-25 11:35:17.479934
UC27-qXiNoIwoQtPDqG1o6qw,ehliturk,1,33573,247,5,0,67.15,0.0075,2026-07-25 11:35:17.479934
UC274NeAKEuQCpi7AjXNHWmw,saitucar,1,1960769,2400,289,0,3921.54,0.0014,2026-07-25 11:35:17.479934
UC27FroHf6MNL8AONmhHMFGw,UP Government Official Channel,1,8116,155,21,0,16.23,0.0217,2026-07-25 11:35:17.479934
UC27GEb6hQ0H8hXJubquyc1A,Engel Erdoğan,1,24521,57,3,0,49.04,0.0024,2026-07-25 11:35:17.479934
UC27GHhun7x8y8MIsjGeyU_g,allah.yok.din.yalan2014,1,595000,5000,3300,0,1190.0,0.0139,2026-07-25 11:35:17.479934
UC27_-zfNUpG3HAZTKCU3yww,Birusk Agiri,1,17081055,50000,5900,0,34162.11,0.0033,2026-07-25 11:35:17.479934
UC27hZVWx-DdZYRHFbb2SPgg,Abhina Anil,1,67720,1300,67,0,135.44,0.0202,2026-07-25 11:35:17.479934
UC27tKYkeidUpQBVZKICS-5g,NC Production,1,2379,29,9,0,4.76,0.016,2026-07-25 11:35:17.479934
UC281g8blH1icMsw6VvRM6_w,Emil Huseynov,1,4746523,15000,1400,0,9493.05,0.0035,2026-07-25 11:35:17.479934
UC289z0FKe3HAk3IHK_YfY0Q,Gökhan Ünlü,1,64458,210,33,2,128.92,0.0038,2026-07-25 11:35:17.479934
UC28BsYZycZl9NuqjrgKi0tQ,Ufuk ÖZEN,4,408019,999,123,0,816.03,0.0032,2026-07-25 11:35:17.479934
UC28CFTtVpOc5f8LdiVzCoTQ,RIDVAN TÜRKMEN,1,1316,12,8,0,2.63,0.0152,2026-07-25 11:35:17.479934
UC28FD2v19VZFryIjpvGIFLw,Mixed Makeup,16,4930889,95400,2976,0,9861.78,0.0207,2026-07-25 11:35:17.479934
UC28JiiSvo9nZl99f2O18LMg,Güneşi Beklerken,10,3797882,25369,1412,0,7595.77,0.0086,2026-07-25 11:35:17.479934
UC28WgvXYgORN4k7lLDbN04g,Christina Kapa,1,686041,2500,156,0,1372.08,0.0039,2026-07-25 11:35:17.479934
UC28hbfDm0Y7lBlVKocEb8CQ,matrakapo,1,55056,83,5,0,110.11,0.0016,2026-07-25 11:35:17.479934
UC28xbN47X_1chrwAzc6VKww,Şeyda Erdoğan,33,18081255,622000,22074,0,36162.5,0.0394,2026-07-25 11:35:17.479934
UC295-Dw_tDNtZXFeAPAW6Aw,5-Minute Crafts,157,1765663083,11081000,1582737,314,3531326.13,0.0094,2026-07-25 11:35:17.479934
UC295FW-0UgDCwv_PlgOdHQQ,CFE-CGC,2,9246,74,4,0,18.49,0.0087,2026-07-25 11:35:17.479934
UC29OBFUadGUIX7FiI1wB8yQ,rambus2007,1,1045847,218,109,0,2091.69,0.0003,2026-07-25 11:35:17.479934
UC29SV_9CM8JPGhLhCQASLaw,Aldenize Makeup,5,210686,11522,160,0,421.38,0.1158,2026-07-25 11:35:17.479934
UC29eEkzB9a8ebjMExYxi_hg,Eser Yenenler Show,26,34530712,362400,21968,8,69061.41,0.0134,2026-07-25 11:35:17.479934
UC2A2vJdCHYPNQNPAoTTv7Jw,Aziz Koçyiğit,1,18103,42,7,0,36.21,0.0027,2026-07-25 11:35:17.479934
UC2AME6Z9yNhkJWaSdS7EtLQ,Behind The Scenes,2,254002,3903,150,0,508.01,0.0159,2026-07-25 11:35:17.479934
UC2AnkjPy95aL0X-q9MPm2-Q,GEDANKENtanken,6,3540169,62900,2339,0,7080.33,0.023,2026-07-25 11:35:17.479934
UC2Ar36myAXi53Kf85cRLtXw,boisestate91,1,12027906,53000,1600,0,24055.81,0.0045,2026-07-25 11:35:17.479934
UC2Azonrt0Bw9KmaOQ_t7flg,AHMET BALABAN,3,166700461,401000,29900,0,333400.92,0.0024,2026-07-25 11:35:17.479934
UC2BBVK1LhL3JzVGe2eJVwkw,Yürekten Türküler,1,2189977,4500,825,0,4379.95,0.0024,2026-07-25 11:35:17.479934
UC2BVECFp9jzyAcxznpBSLXA,[中字]翻译美妆时尚达人,1,386717,5000,123,0,773.43,0.0132,2026-07-25 11:35:17.479934
UC2BVv7ICfS-XOMA30VYrABQ,Muhammed Maral,1,416981,1000,95,0,833.96,0.0026,2026-07-25 11:35:17.479934
UC2C3k57XcKuw3UIZIY7chMA,Haber Odası,7,123547,987,95,0,247.09,0.0096,2026-07-25 11:35:17.479934
UC2CC95Gx2IgcPJA0EFz3I1g,EchoFuse,1,15289660,134000,6700,0,30579.32,0.0092,2026-07-25 11:35:17.479934
UC2CCrlIc4JcnWZhfU-yjaFg,talip kryilan,1,12403,30,0,0,24.81,0.0024,2026-07-25 11:35:17.479934
UC2CM2cg1_WZuzvR5l_18H4Q,budrooo,5,2482470,16914,1248,0,4964.94,0.0083,2026-07-25 11:35:17.479934
UC2CW91FRf8SNXjLUhi_GLIQ,Yörük Kızı Selma Yavuz,3,15969,63,2,0,31.94,0.0184,2026-07-25 11:35:17.479934
UC2CfxnJtKB5Vgd1i46flBbA,jr dadas,1,20486,69,5,0,40.97,0.0036,2026-07-25 11:35:17.479934
UC2Cn-jxC-6G_BPttKuFHmEw,Artist One Media,1,259503,1600,103,0,519.01,0.0066,2026-07-25 11:35:17.479934
UC2CpsLUBdEFxW-9o3uk0PbA,Bibliyofiller,1,10577,28,3,0,21.15,0.0029,2026-07-25 11:35:17.479934
UC2D-dGgniFLSmXmf5Xf25RQ,mashfan72,1,894544,2900,135,0,1789.09,0.0034,2026-07-25 11:35:17.479934
UC2D0BdXd5wTYYGmd2WSA04A,Hakkı DİLEK,1,271654,716,21,0,543.31,0.0027,2026-07-25 11:35:17.479934
UC2D0USTzpg1UYp28Lp75YnA,Erdinch Asanov,1,1242,6,2,0,2.48,0.0064,2026-07-25 11:35:17.479934
UC2D0dmLHKbIe9aACnlcTLPg,Россия 1,109,70272952,368625,88392,61,140545.9,0.0064,2026-07-25 11:35:17.479934
UC2DFYzUobDiQDsIz-FMjvOQ,Triskeles Likya,2,70576,93,13,0,141.15,0.0055,2026-07-25 11:35:17.479934
UC2Dflx96S3WhPD9oO2q92DA,incradible videos,1,759388,12000,631,0,1518.78,0.0166,2026-07-25 11:35:17.479934
UC2EAIX4SCHXWLQrJbUdeE_A,NEOHABER,1,738090,5500,683,0,1476.18,0.0084,2026-07-25 11:35:17.479934
UC2EGMgPPWFaFaS_XKDsrFeQ,Batuhan Aksu,1,215542,3700,355,0,431.08,0.0188,2026-07-25 11:35:17.479934
UC2EUH_zZtqY4EiGlQeatgAQ,AŞIK GÜLDİKEN,1,1593425,3400,916,0,3186.85,0.0027,2026-07-25 11:35:17.479934
UC2Eg7birvUpLZB8v4fn2TOQ,EMO.TV Professional 089/58.56.455,4,4406233,20250,1352,0,8812.46,0.0088,2026-07-25 11:35:17.479934
UC2EmxN7anRHwTykd5NiN3Vg,Glam by Irina,3,90061,3285,137,0,180.13,0.0428,2026-07-25 11:35:17.479934
UC2F-vOoACt3f-gJCd6m8IWg,Giyen Bayan,3,488289,6383,401,0,976.58,0.0164,2026-07-25 11:35:17.479934
UC2FCkvkx4loNan8IWZxVGNA,Ali Deveci,1,322622,633,293,0,645.24,0.0029,2026-07-25 11:35:17.479934
UC2FDM0HuIYlS6s-WpxWSeAA,amy_winters,1,301250,868,144,0,602.5,0.0034,2026-07-25 11:35:17.479934
UC2FPgoGMzJdDvsQqF8Bsiww,Yer 6,1,509694,10000,1100,0,1019.39,0.0218,2026-07-25 11:35:17.479934
UC2FTkOKDB2nS8Ic2k9KNZ-Q,rahat lukum,1,333155,1700,148,0,666.31,0.0055,2026-07-25 11:35:17.479934
UC2FfC7OxKZeZ3trxnNhCOFQ,ni nola,1,51754,159,5,2,103.51,0.0032,2026-07-25 11:35:17.479934
UC2FsWE8P7x_ecwcyLYlEqAQ,yasin21203,1,186570,432,34,0,373.14,0.0025,2026-07-25 11:35:17.479934
UC2Fv5bsYzD36xxv9JrAuPzg,OyuncaX TV,18,84674932,600000,90739,0,169349.88,0.0102,2026-07-25 11:35:17.479934
UC2G08VU_6q27GhCeTlIw8TQ,Ezgileri Yurdumun ( Resmi Kanal ),7,342376,2238,38,0,684.74,0.0067,2026-07-25 11:35:17.479934
UC2G0Tj7Ry2qSr2bygtuXncQ,elbistan lı,2,528368,2718,388,0,1056.73,0.0062,2026-07-25 11:35:17.479934
UC2G8hFjZwMb3HPvobiYoQ8Q,TheRuTrue,1,1578483,8000,618,0,3156.97,0.0055,2026-07-25 11:35:17.479934
UC2GH5oq4lF-el06i9SC8x3A,ÇıtıPıtı,2,1675995,4400,1225,0,3351.99,0.0034,2026-07-25 11:35:17.479934
UC2GOaa6R3YL-Zp6a5pWrpJw,Banana Mix,2,9744790,63900,5286,0,19489.58,0.0065,2026-07-25 11:35:17.479934
UC2Gxy2Op7hPQZxsYlUx_VaQ,Sevgi Bodur,15,886920,17355,1501,0,1773.84,0.0312,2026-07-25 11:35:17.479934
UC2GzVjQ8vllNrAtv7qYaOpQ,Петя Петрыкин,1,2233258,16000,1800,0,4466.52,0.008,2026-07-25 11:35:17.479934
UC2HC1jnplOr4856vcgJSI6g,Line Tv Bursa,7,162608,1496,68,0,325.22,0.0141,2026-07-25 11:35:17.479934
UC2HFz1wES6Q4rfbK6YzY8ww,Süleyman Bal,6,301048,518,109,1,602.09,0.0029,2026-07-25 11:35:17.479934
UC2HKWeEm4UV50bBfoFAgWEw,cg altinisik,1,172558,740,44,0,345.12,0.0045,2026-07-25 11:35:17.479934
UC2HpomDyPun_NGs0lBKJaLA,Burkay Karakuş,1,559110,1500,169,0,1118.22,0.003,2026-07-25 11:35:17.479934
UC2I6Jqag2SxfdYtRxORIHtA,IAmErickaJ. Channel,1,69284,4200,48,0,138.57,0.0613,2026-07-25 11:35:17.479934
UC2IZqOZZzUzTWzoOhpvysIQ,Zafer USLU,1,12155,79,4,0,24.31,0.0068,2026-07-25 11:35:17.479934
UC2IpD_I_EBXCik_unfeQltw,6 Element,1,6890866,84000,5400,0,13781.73,0.013,2026-07-25 11:35:17.479934
UC2IvZwU5gV3lE17af3n3Wqg,Maria Arabadjieva,4,149509,1506,154,0,299.02,0.0099,2026-07-25 11:35:17.479934
UC2JIAUjrkw8CxyFbES2HsUQ,Volkan Şimşek,1,264486,3500,65,0,528.97,0.0135,2026-07-25 11:35:17.479934
UC2Jbya_u-rQ0xBNHBYXvpTg,RTL Talent,2,35360427,176000,10225,0,70720.85,0.0093,2026-07-25 11:35:17.479934
UC2Jk3QF5lrv97SnvniIW7-Q,Miniature and Craft,3,1161915,0,0,0,2323.83,0.0,2026-07-25 11:35:17.479934
UC2JmaLyl7vq-KEnR_zDhI-g,Tahir Büyükkörükçü_Kısa Sohbetler,1,5806,118,3,0,11.61,0.0208,2026-07-25 11:35:17.479934
UC2K4yH2BLP-Zyxa-CGUfPdw,aapolat2525,6,1022295,3400,222,0,2044.59,0.0033,2026-07-25 11:35:17.479934
UC2KJxOGWQ-l183V4Wb6UNqA,SEVDAMIZ ARTVİN,3,19483,169,8,0,38.96,0.0308,2026-07-25 11:35:17.479934
UC2KVKgTrcBLRe4YQeZEHj6w,suskunby cocuk,1,5881,23,2,0,11.76,0.0043,2026-07-25 11:35:17.479934
UC2KeJoWlxPn-b1liUMC_PCQ,Kemal Yılmaz,1,442679,1700,220,0,885.36,0.0043,2026-07-25 11:35:17.479934
UC2KfOCVWvjrz5Z0SiF_NumQ,Studio Caush Xeka,2,715127,2011,288,0,1430.25,0.005,2026-07-25 11:35:17.479934
UC2L9Ft3f-48iJCo2Z_fNuXQ,lizztyle,1,2108230,8300,1100,0,4216.46,0.0045,2026-07-25 11:35:17.479934
UC2LMXYSSqCp0L0QYHDKMbSA,Hairstyle Compilations,1,2336042,25000,788,0,4672.08,0.011,2026-07-25 11:35:17.479934
UC2LRkurtYYChpAlVsPPZtsA,BILGE KAGAN,10,2118156,15727,1231,0,4236.3,0.0125,2026-07-25 11:35:17.479934
UC2LaWcayOhncyzcx0BZ-hVQ,seyyah3411,1,614413,1600,252,0,1228.83,0.003,2026-07-25 11:35:17.479934
UC2LfIZD5hs8mX5XrcuBaoSA,Mary Ann,1,224503,7300,239,0,449.01,0.0336,2026-07-25 11:35:17.479934
UC2LgZ_4GzSFQS-3a87_Jc6w,Cute Girls Hairstyles,2,8985943,76000,1534,0,17971.88,0.0083,2026-07-25 11:35:17.479934
UC2Lgi2uPsOcCVF3imz7l2mg,Vie GIẢITRÍ,7,35155485,172049,18212,0,70310.97,0.0071,2026-07-25 11:35:17.479934
UC2M-0dJpweEMIjH2__u_Tkw,StarAllianceMan,1,1884,13,9,0,3.77,0.0117,2026-07-25 11:35:17.479934
UC2M6axbZ0DC7CUO8wHHuU2g,Galatasaray NostaljiTv,4,516858,1859,199,2,1033.73,0.0047,2026-07-25 11:35:17.479934
UC2MBa8oKZs6Dxsl0fm2aCcg,karissa,1,3216,32,16,0,6.43,0.0149,2026-07-25 11:35:17.479934
UC2MnRRkZPLPQDZ0bqSEhpBw,Memduh Ekici,2,19043,46,6,0,38.09,0.0023,2026-07-25 11:35:17.479934
UC2MztdfZKpY_Wq3RvWv8Jow,VAE videoları,2,498551,3328,1100,0,997.1,0.0154,2026-07-25 11:35:17.479934
UC2NEiZz6xDuYar1tHdrIbtQ,Sello_27,1,7343798,12000,874,0,14687.6,0.0018,2026-07-25 11:35:17.479934
UC2NIkvbU4bDxHk9HC0h0xGQ,XIXA Music,1,346452,1300,62,0,692.9,0.0039,2026-07-25 11:35:17.479934
UC2NVm3TiCRHwtc3i7vn_5RA,Crysta,1,3570223,28000,2700,0,7140.45,0.0086,2026-07-25 11:35:17.479934
UC2NrhzmDGT8R1jrxfG37xJA,original Music,2,160190,2487,81,0,320.38,0.0193,2026-07-25 11:35:17.479934
UC2O8dKPqTRdCXnWcnp1PHPQ,Orhan Kemal Oktay,1,14697,24,0,0,29.39,0.0016,2026-07-25 11:35:17.479934
UC2OGgr0L3JBHPyUVWBJJn4w,Akhisar Belediyesi,1,4616,10,0,0,9.23,0.0022,2026-07-25 11:35:17.479934
UC2OL2VD8OXcR1HpBbcoL4Hw,Nilüfer Özden Sarıca,2,205059,2700,288,0,410.12,0.0154,2026-07-25 11:35:17.479934
UC2OMaRvlB00_eAAs0zCPdpA,Ordan Burdan,1,1400,13,9,0,2.8,0.0157,2026-07-25 11:35:17.479934
UC2OU-p98x4KBABWh1pjDaEQ,Don Quichot,1,83078,343,75,0,166.16,0.005,2026-07-25 11:35:17.479934
UC2OaFVe_wxOdhv0Rr-n_XCw,Mansour Sepehrband,5,331498,945,275,0,662.99,0.0063,2026-07-25 11:35:17.479934
UC2Obsh_2oxdMyD76SYYsdfQ,Melda Salepciler,1,743818,5800,159,0,1487.64,0.008,2026-07-25 11:35:17.479934
UC2Od1z-xwnTjc9TEbhEI0yw,Tarar Support,2,1161245,5612,967,0,2322.49,0.0148,2026-07-25 11:35:17.479934
UC2Ov9-R7N2hwH4Y_xsFDjBw,Mandy Davis MUA,25,657044,14247,606,5,1314.07,0.0502,2026-07-25 11:35:17.479934
UC2PJVjzbvPFNOjslkpmjipw,ChristopherHitchslap,1,255820,2100,122,0,511.64,0.0087,2026-07-25 11:35:17.479934
UC2PNWY-Vb7fVCQZvZ9Du7sw,Toys and Fun,12,35523716,133600,54480,0,71047.43,0.0053,2026-07-25 11:35:17.479934
UC2PPPJkF7ncuQ9o6wjlCg5g,Sabuhi Bayramov,1,171135,774,90,0,342.27,0.005,2026-07-25 11:35:17.479934
UC2PXDSHzkXWrF51ApU6WUCA,FashionByAlly,3,12450360,118000,8347,0,24900.72,0.0218,2026-07-25 11:35:17.479934
UC2Pluw7DXviCN08KBVvkioA,Avrasya Savunma,6,1188446,21071,1743,0,2376.9,0.0334,2026-07-25 11:35:17.479934
UC2Ps-Jnu7_xbUtZaE5Zp96A,Tatiacha,1,120864,1100,63,0,241.73,0.0096,2026-07-25 11:35:17.479934
UC2Pzq6ecQ25XTOcolZvDstw,İrem Toprak,2,40104,236,67,0,80.21,0.01,2026-07-25 11:35:17.479934
UC2Q85Fro1bzPn5NRrX7emYQ,Mood Production,1,31130,631,4,0,62.26,0.0204,2026-07-25 11:35:17.479934
UC2Q91pxDF0BPf0eK44pgYMw,Telenueve,1,1737516,7300,1000,0,3475.03,0.0048,2026-07-25 11:35:17.479934
UC2QBCIyo_FbTlm0Rfh_6wkw,INDIANGIRLCHANNEL TRISHA,4,6931854,115000,6210,0,13863.71,0.0211,2026-07-25 11:35:17.479934
UC2QNWqi-VDcgRd67CW1iXIA,Ali Rıza Demircan,3,650445,1351,442,0,1300.89,0.003,2026-07-25 11:35:17.479934
UC2QPYJePJL221JQQ7BtuSrQ,ANATOLIAN EAGLE,3,1151030,2669,268,0,2302.06,0.0027,2026-07-25 11:35:17.479934
UC2QRBzn4OYBaou55-GuZ8Kw,Mr. Duck,2,9038194,70800,6600,0,18076.39,0.0078,2026-07-25 11:35:17.479934
UC2QSPqCoejdyll_lq1rWlQg,OksanaBreusova,1,88650,987,417,0,177.3,0.0158,2026-07-25 11:35:17.479934
UC2QSX1z7lvF3bWXv6sK0UXw,Professor Pincushion,1,3302960,10000,2800,0,6605.92,0.0039,2026-07-25 11:35:17.479934
UC2RT3ZvT0iJpe1sprnn3JvA,Lances da Vyda - Patrick Thouin,1,14800328,206000,4100,0,29600.66,0.0142,2026-07-25 11:35:17.479934
UC2RUg2mMMMKrxi-ySZ4j2-w,kadir ortakcı,1,3395839,7100,1600,0,6791.68,0.0026,2026-07-25 11:35:17.479934
UC2RX7ul4P3yzcbaxpTgWmHQ,Derya Bedavacı TV,1,3084593,16000,912,0,6169.19,0.0055,2026-07-25 11:35:17.479934
UC2S4Uqh3HSZAYAQCao4iUsg,burak çağrı gültekin,1,1143144,5800,186,0,2286.29,0.0052,2026-07-25 11:35:17.479934
UC2SEk1w7DgoHs_G3w1biz-w,El Universal,2,151852,1855,610,0,303.7,0.0163,2026-07-25 11:35:17.479934
UC2SMpy2oZV6BoyJEYShw9bw,TA Outdoors,2,13780076,195000,7000,0,27560.15,0.0152,2026-07-25 11:35:17.479934
UC2STFYYGzVOFId7a3qgqnvA,Mavi Tube,1,68801,361,30,0,137.6,0.0057,2026-07-25 11:35:17.479934
UC2SUoo36iHgVLEK7EEVPIFQ,Interactive English,1,16139,1200,14,0,32.28,0.0752,2026-07-25 11:35:17.479934
UC2S_EjiIPAKqJZ5NLoQ5cnw,Jinda Kenco Official,1,5073,97,0,0,10.15,0.0191,2026-07-25 11:35:17.479934
UC2SyIAawFMeW9T3-9JiLe-Q,Her Şey,1,571190,4500,126,0,1142.38,0.0081,2026-07-25 11:35:17.479934
UC2T-4gaRP-tlwJPParD9GQg,"Кухня ""Дель Норте"" | Сделаем мир вкуснее!",1,1551028,42000,1600,0,3102.06,0.0281,2026-07-25 11:35:17.479934
UC2TCQVN0a5Pp4YKdSqCK_Eg,El Rincón Curioso,2,5500765,56900,3607,0,11001.53,0.0092,2026-07-25 11:35:17.479934
UC2TTHyDhZd30oKhUAH2Kadg,VIRALINDO,10,3316338,26983,2363,0,6632.68,0.0107,2026-07-25 11:35:17.479934
UC2TYOiUH4G9xkjm2ifqt0iA,Mole Levent KAPLAN Молэ Video - Circassian Videos,1,5381,157,4,0,10.76,0.0299,2026-07-25 11:35:17.479934
UC2Td8Pw5IG5mn2Vf4wVm6Qw,Vakko,1,95273,444,37,0,190.55,0.005,2026-07-25 11:35:17.479934
UC2Te-V7WMljtuJ3zDj2fgCA,Toni Valentine,1,355856,4200,263,0,711.71,0.0125,2026-07-25 11:35:17.479934
UC2TkseOQitgccQcgzh3cVOA,Stavros Pazarentsis,4,3785367,16021,1006,0,7570.74,0.0082,2026-07-25 11:35:17.479934
UC2TuODJhC03pLgd6MpWP0iw,三立LIVE新聞,1,758087,1700,197,0,1516.17,0.0025,2026-07-25 11:35:17.479934
UC2TwQ1WvlTGZujsTCM1bdjA,b166er,1,300883,1700,626,0,601.77,0.0077,2026-07-25 11:35:17.479934
UC2Ty0rqZr2ye0wcqIOwsrhg,kikokale,2,626895,1753,116,0,1253.79,0.0025,2026-07-25 11:35:17.479934
UC2U2Z6ApDU3t1hY_LMWZaWg,BoundaryLess,2,14444,234,14,0,28.88,0.0189,2026-07-25 11:35:17.479934
UC2U8FQCdmyHe-0VwNUPwF8g,flamingo hobbys,1,1532,91,2,0,3.06,0.0607,2026-07-25 11:35:17.479934
UC2UDTnZeHKzq2Xwh7KnSSjw,Burak Kacan,1,1889283,4100,782,0,3778.57,0.0026,2026-07-25 11:35:17.479934
UC2UZtySHI-32bPF9tLr1C2g,ALİTURGUT turkkurt,1,2222,5,0,0,4.44,0.0023,2026-07-25 11:35:17.479934
UC2U_ApECr-ifnTu9GIHcAEg,Reddit Storytime,3,8723789,156700,3669,0,17447.58,0.0168,2026-07-25 11:35:17.479934
UC2UrUjMKHoBTU-o1cXnDLbA,Татьяна Владимирова,1,8814,463,18,0,17.63,0.0546,2026-07-25 11:35:17.479934
UC2V-CPQh-9ryPsx-UAjc-Lg,Simge Kartal,1,5925,113,10,0,11.85,0.0208,2026-07-25 11:35:17.479934
UC2V0TBp5XCIA1iuKbx_5UOw,Review Hub,1,102,2,2,0,0.2,0.0392,2026-07-25 11:35:17.479934
UC2V6FWPzlusFQSXbAVUi3iQ,Проекты КТК (www.ktk.kz),13,4613100,24526,6816,0,9226.18,0.0073,2026-07-25 11:35:17.479934
UC2VGa7nloJ50tQfvrNetZrg,Baharım,1,240279,4900,218,0,480.56,0.0213,2026-07-25 11:35:17.479934
UC2VlcVK_sarcQ1S9k16alrw,Ümmü Gülsüm YALÇIN,1,9574,57,4,0,19.15,0.0064,2026-07-25 11:35:17.479934
UC2VnimMphsxvPLptppGVelQ,pH Yapım,1,10521,142,10,0,21.04,0.0144,2026-07-25 11:35:17.479934
UC2W28xyCr65XKRukwrmFE2g,Video Center,1,2352091,8500,1000,0,4704.18,0.004,2026-07-25 11:35:17.479934
UC2WCg3qKWusu_MioVjkb56w,TEKNO OTO,2,1137190,8300,1884,0,2274.38,0.0094,2026-07-25 11:35:17.479934
UC2WIVjf5-DQTELs0gVx17Ig,Mehmet Kalayci Official,1,15525,195,5,0,31.05,0.0129,2026-07-25 11:35:17.479934
UC2WN7C03fSeFf-w7aanZxnQ,CemoCan5834,1,181860,572,25,0,363.72,0.0033,2026-07-25 11:35:17.479934
UC2WdJCGG6yF46LkP8-B1T_g,akkuslu5252,1,220022,382,50,0,440.04,0.002,2026-07-25 11:35:17.479934
UC2WuPTt0k8yDJpfenggOAVQ,Blossom,17,583727316,2982000,448200,0,1167454.62,0.0072,2026-07-25 11:35:17.479934
UC2X80-irIwIFSYPLfs-nMxA,Ferhat ile Nazlı,1,3933577,18000,2100,0,7867.15,0.0051,2026-07-25 11:35:17.479934
UC2X94XmjQgwjNNEY_kDWncg,Docteur Z,3,46221,730,26,0,92.45,0.0163,2026-07-25 11:35:17.479934
UC2XC0oI68vtIRWxD-gtEURw,Emin Çapa,4,48275,2563,30,2,96.54,0.0705,2026-07-25 11:35:17.479934
UC2XCTY8ZiotLYahaaianj-w,Wrapunzel Ladies,1,125841,2300,81,0,251.68,0.0189,2026-07-25 11:35:17.479934
UC2XbrT8sDT7DQit5Q4JCqAg,DJbegler,1,260418,804,31,0,520.84,0.0032,2026-07-25 11:35:17.479934
UC2Xg7aPp9-JAihPwKTgo1Og,Süblimasyon Hediyeler,1,10520,41,3,0,21.04,0.0042,2026-07-25 11:35:17.479934
UC2XpZQsG7t2IfbfTGRz1Y3g,Analisis Militer,1,646644,2800,440,0,1293.29,0.005,2026-07-25 11:35:17.479934
UC2XsAWmlPX2jUxnQwyf4QlQ,okayamaturkeycenter,1,693158,2200,126,0,1386.32,0.0034,2026-07-25 11:35:17.479934
UC2XtGqaRT1qRJ3cBHh2KW1A,Sidqi Shevket,2,26241,312,27,0,52.48,0.0135,2026-07-25 11:35:17.479934
UC2XviTmuVWy1CNUYn_msVXQ,Suruçlu memo,1,1158650,17000,1400,0,2317.3,0.0159,2026-07-25 11:35:17.479934
UC2XwOsR43danmzoiPtmXCSA,Cyril Malka,15,104694,0,0,0,209.39,0.0,2026-07-25 11:35:17.479934
UC2YHXeBgPeP4pGP_g80RizQ,Salih Basoglu PhotoVideo,1,631492,10000,177,0,1262.98,0.0161,2026-07-25 11:35:17.479934
UC2YKXCQ8wt1RFpQEELwILCQ,SXSW,3,950899,12520,426,0,1901.81,0.0099,2026-07-25 11:35:17.479934
UC2YTs328m-O4096UdIhhHqA,All about hair with Dovilė,2,2330177,23035,1503,0,4660.35,0.0114,2026-07-25 11:35:17.479934
UC2Yih6JlGkGy5cWNxE-8h0A,Aertiezt,1,5259548,11000,878,0,10519.1,0.0023,2026-07-25 11:35:17.479934
UC2ZVFP1v82kP1SQwyl-0LSQ,Zeynep Kaya,1,3792840,13000,2200,0,7585.68,0.004,2026-07-25 11:35:17.479934
UC2ZdZVOLeRf7auqL0GhMIeA,Fatih Uçak,1,54991,52,22,0,109.98,0.0013,2026-07-25 11:35:17.479934
UC2Zhdk4FmrkmopLC5tJr7iQ,Сергей рязанов,1,23391752,48000,4000,0,46783.5,0.0022,2026-07-25 11:35:17.479934
UC2Zi06YjNBM37g8d0IkHPMA,TV조선 다큐멘터리,3,777470,2244,527,0,1554.95,0.004,2026-07-25 11:35:17.479934
UC2Ztc82bXrd6XZgvtgkoCrw,Русское Кино,2,3603695,11900,3200,0,7207.39,0.0041,2026-07-25 11:35:17.479934
UC2_QzY0eTMvrFlhyqN2907Q,hhdepthakataTV,1,453642,0,0,0,907.28,0.0,2026-07-25 11:35:17.479934
UC2_ZkYUtEze3h4NPzV-p9mA,Burak Yılmaz,1,81065,4100,57,0,162.13,0.0513,2026-07-25 11:35:17.479934
UC2_csoPByJORY_GPqCBvFLA,Tangra IYI News,2,493130,1610,307,0,986.26,0.0072,2026-07-25 11:35:17.479934
UC2_vpnza621Sa0cf_xhqJ8Q,Raw Space,1,967185,10000,454,0,1934.37,0.0108,2026-07-25 11:35:17.479934
UC2a5VJo3yNE_rwLH1i9efWw,Maksat Memleket,2,140395,24,2,0,280.79,0.0167,2026-07-25 11:35:17.479934
UC2a7sFoXA6dAr2hiMwOAAcA,Mr Heartache,2,1303868,12010,206,0,2607.74,0.0164,2026-07-25 11:35:17.479934
UC2aDq2mPIV7Z35wa4G4NAsw,Batuhan ALİBEKİROĞLU,1,1914612,0,0,0,3829.22,0.0,2026-07-25 11:35:17.479934
UC2aKTydUxSi_hiFtK0333Ug,Mustafa Çay Tv,2,3617,133,7,0,7.23,0.0377,2026-07-25 11:35:17.479934
UC2aUac_u-1T2s-KgVECwLog,Geriye Dön Eski Zaman,1,816972,1900,383,0,1633.94,0.0028,2026-07-25 11:35:17.479934
UC2ae70W6xXjT3ehS0G-NBUQ,Mr Crafts,1,1057521,4800,673,0,2115.04,0.0052,2026-07-25 11:35:17.479934
UC2bP1Y2WcY38CfIoZPe-pnA,DOGUKAN İGREK,6,278339,1256,133,0,556.68,0.0091,2026-07-25 11:35:17.479934
UC2bT0XuFvbImcLmkUgAvEqw,آرشیو تصویری‌ سخنرانی‌های‌ سید حسن آقامیری,5,121711,1305,113,3,243.43,0.0121,2026-07-25 11:35:17.479934
UC2bfDWzfdxJH2UbRg2KsJcw,Luciana Gomes,1,973072,74000,876,0,1946.14,0.0769,2026-07-25 11:35:17.479934
UC2bq27Ye8G5YoikPkvZfozg,Sedat Çimen,5,285737,1299,48,2,571.47,0.0048,2026-07-25 11:35:17.479934
UC2bwO7WTkrw1owi18M-rjbg,DilocCan,1,210186,238,8,0,420.37,0.0012,2026-07-25 11:35:17.479934
UC2c0CJRVSWgTy0TeFuygIJw,duray sahin,7,810706,1113,184,0,1621.41,0.0024,2026-07-25 11:35:17.479934
UC2c3M1u9J1U_73ljSQcE1cQ,Go Big Or Go Home,4,14104090,25000,11008,0,28208.18,0.0028,2026-07-25 11:35:17.479934
UC2cZQDJSbcSTQdigkQyWGjg,BaY KaRa,1,36151,270,47,0,72.3,0.0088,2026-07-25 11:35:17.479934
UC2ccm1GajfSujz7T18d7cKA,BBC Studios,1,35383120,575000,20000,0,70766.24,0.0168,2026-07-25 11:35:17.479934
UC2ceUWwl27Vkan5EFdmvMQw,Sabir Samiroglu Official,1,3302917,54000,11000,0,6605.83,0.0197,2026-07-25 11:35:17.479934
UC2cz2tfWSNVlnkxKmTbxQyg,Twin Flame,3,42369,2419,55,0,84.74,0.0604,2026-07-25 11:35:17.479934
UC2d3M6vTijcBwUjlRFIuQtA,mücahit altıntop,1,1010,8,0,0,2.02,0.0079,2026-07-25 11:35:17.479934
UC2dIGaiefIUE2dUtz0RIoZg,Erkan Sancakli,1,274734,206,32,0,549.47,0.0009,2026-07-25 11:35:17.479934
UC2dtjuYL6kV-JC86VUftXWA,İrem'le İtalya ve İtalyanca,1,4431,88,5,0,8.86,0.021,2026-07-25 11:35:17.479934
UC2dtpKvW7Bnzlkd20prKeQg,AAD ChanneL,1,5059,73,3,0,10.12,0.015,2026-07-25 11:35:17.479934
UC2e5-MJewCK36FRpFF8Ke2A,BMW Deutschland,3,297286,4485,193,0,594.57,0.0201,2026-07-25 11:35:17.479934
UC2e6TQ6gn_xd1VIGlM6x7Uw,Güzel Köylü,2,2585267,8900,948,0,5170.54,0.0038,2026-07-25 11:35:17.479934
UC2eG3Hrg-SiaU3U3q9Hq7hg,taty13tania13,1,628425,4700,769,0,1256.85,0.0087,2026-07-25 11:35:17.479934
UC2eH4vw5JuVpzLDrCkxW2pQ,МУЗ-ТВ,8,6508986,22922,4928,6,13017.98,0.0075,2026-07-25 11:35:17.479934
UC2eSvzLE7u9kUcPcthC4Cbg,ulaş bektaş,1,123500,296,27,0,247.0,0.0026,2026-07-25 11:35:17.479934
UC2etEuPIfohP4P53wM0KImA,5-Minute Crafts GIRLY,52,252880328,1866300,218325,96,505760.65,0.0111,2026-07-25 11:35:17.479934
UC2fJm0S1WUVqe59ypSuCGMA,NikolaIy D. MrBulgaran,1,214508,848,39,0,429.02,0.0041,2026-07-25 11:35:17.479934
UC2fNFgpODSArDTESvczIv4w,Sam Zilman,2,676513,6313,2002,0,1353.03,0.0138,2026-07-25 11:35:17.479934
UC2fQ9u5CbX3Z0LOQqMYbvjQ,Studiona Records,1,829988,12000,295,0,1659.98,0.0148,2026-07-25 11:35:17.479934
UC2fX_OhAuZA_9eHpr63FWcg,Musial Awards,1,27310,86,3,0,54.62,0.0033,2026-07-25 11:35:17.479934
UC2fx99piKh2NAzQ3o8AiJpw,EatMyClick,2,21197562,105000,28800,0,42395.13,0.0059,2026-07-25 11:35:17.479934
UC2g84bYGxHX6m0YDGg_zPmA,Selahattin Seymen,1,308,10,2,0,0.62,0.039,2026-07-25 11:35:17.479934
UC2g8WrjKpUrUSEWJQoClzOw,Talk Shows Pakistan,1,1992,21,11,0,3.98,0.0161,2026-07-25 11:35:17.479934
UC2gET1RIxs8vYqtCuHmLUTw,VD DMRC DJ CARMA,1,8098,39,0,0,16.2,0.0048,2026-07-25 11:35:17.479934
UC2gZ4VIw0DJjbI2HJXnRaUg,Наталья Г,2,609572,6450,491,0,1219.14,0.0107,2026-07-25 11:35:17.479934
UC2gc4vXXnfX5Qnh-uw5zcgQ,BILLED-BLADET Magazine,3,1014126,2449,289,0,2028.25,0.003,2026-07-25 11:35:17.479934
UC2hFZwNM71iOOCY3guLE7KQ,Little Lia,13,23618578,646000,20315,0,47237.16,0.0336,2026-07-25 11:35:17.479934
UC2hMKdWmTBVJ_PnD4Utubbw,Quest TV,12,2040404,16594,1040,0,4080.82,0.0117,2026-07-25 11:35:17.479934
UC2hMPUhGcrXdThgUv3dc7ug,Music Rus,3,41609097,247577,15121,168,83218.19,0.0089,2026-07-25 11:35:17.479934
UC2hdCYihnp_8kl-Iax84S3A,Orhan Biçim - Topic,1,5599,63,11,0,11.2,0.0132,2026-07-25 11:35:17.479934
UC2hg2SVXmcYB2DSsJMLx1Vw,Hma,2,853897,2800,241,0,1707.8,0.0039,2026-07-25 11:35:17.479934
UC2hn0di1RFW_Zzr0tgNPxxQ,iremrecordsTV,2,1007395,4714,186,0,2014.79,0.0099,2026-07-25 11:35:17.479934
UC2hqBofCY0qdnOJKqwFgy0A,Nagelstudio Handwerk,1,1236166,9500,668,0,2472.33,0.0082,2026-07-25 11:35:17.479934
UC2hsvTzqdjsGOUnM-Ilai6Q,Combat Crew,10,10592704,227200,9373,0,21185.41,0.027,2026-07-25 11:35:17.479934
UC2iJlUWREdalJy4FN1TYZMA,Here Pecks,1,4233,66,13,0,8.47,0.0187,2026-07-25 11:35:17.479934
UC2iLEQOjbk4CJszj34NtqHg,Лига Смеха,68,83099033,572895,38980,0,166198.08,0.008,2026-07-25 11:35:17.479934
UC2ihUEaOsRitmbpyK0RswFQ,INSPIRED VIDEO,1,16775,77,25,0,33.55,0.0061,2026-07-25 11:35:17.479934
UC2ivV8pCKYE7jGhiuE7HqjA,inebolununsesifm inebolu,1,90256,261,20,0,180.51,0.0031,2026-07-25 11:35:17.479934
UC2jAy9LJLQdInPDML4BYwzA,Machine stage,2,370090,1375,165,0,740.18,0.0043,2026-07-25 11:35:17.479934
UC2jIahl_Qu_2KkPI_R1mpSw,Sefir Araştırma Merkezi - السفير للبحوث و الدراسات,1,373690,7300,733,0,747.38,0.0215,2026-07-25 11:35:17.479934
UC2j_NCIhTiHX3ZDXMLx4VmQ,Deniz Müzik,2,178371,1121,67,0,356.74,0.0257,2026-07-25 11:35:17.479934
UC2jkjiC2CUjU-1Z3zyOhybg,Nazim Məmmədov,9,186813,2216,64,4,373.63,0.0107,2026-07-25 11:35:17.479934
UC2k8-st1hxxQ4U_dKYSHqMQ,ALİ RIZA BIYIK KARABIYIK,1,31861,80,9,0,63.72,0.0028,2026-07-25 11:35:17.479934
UC2kC77turr-0q-idWYrl1YA,INSOLENTIAE TV,5,317475,11200,369,0,634.96,0.0368,2026-07-25 11:35:17.479934
UC2kjPHgD0ep4-uygTmKLBNQ,RÜYA YORUMCUSU MESUT EKİN Ekin,2,10570,301,7,0,21.14,0.1018,2026-07-25 11:35:17.479934
UC2kuG2O3pr60xmclc2c6b4g,WDR Reisen,1,30024,250,9,0,60.05,0.0086,2026-07-25 11:35:17.479934
UC2l2q3JHs8P3Zu8qMKuN-eA,Emre Dorman,25,1016122,6513,674,10,2032.25,0.0058,2026-07-25 11:35:17.479934
UC2l7msEO2OqHH1ZYc3C7f9A,Анатолий Нестерук,1,1086372,3100,624,0,2172.74,0.0034,2026-07-25 11:35:17.479934
UC2l92bN_FWHjZZPdOYnZveg,Hercai,65,141867795,1207364,72391,168,283735.58,0.0098,2026-07-25 11:35:17.479934
UC2lgvkAKm3jCSY4QB5JkNtg,Жак Фреско и Проект Венера,2,2131434,48000,1426,0,4262.87,0.0229,2026-07-25 11:35:17.479934
UC2liY_hF7bmpm8BEjf5JHDw,Elnare Abdullayeva Official,15,12104736,56226,7104,14,24209.47,0.0071,2026-07-25 11:35:17.479934
UC2lpV7JjsuElGgoHHPfZHfg,Emre Güleçyüz,1,2985,2,0,0,5.97,0.0007,2026-07-25 11:35:17.479934
UC2lsKWqhuF4K3HgDk2pB9ig,Cemil Can,1,7571,36,0,0,15.14,0.0048,2026-07-25 11:35:17.479934
UC2m7kza71x306eDN9t8AKMg,Tengiz Mosidze,2,8610227,38000,2543,0,17220.46,0.0065,2026-07-25 11:35:17.479934
UC2mOqtkNjnf7P7hyQJvtrSA,Serdar Dargın,1,265645,562,52,0,531.29,0.0023,2026-07-25 11:35:17.479934
UC2mQg9rTPQQNH-UIHzOX77A,Büşra Aşcı,1,116856,436,178,0,233.71,0.0053,2026-07-25 11:35:17.479934
UC2mQkG67vfQX4ASn4gLArWQ,Adria Karavan Türkiye,1,116877,883,74,0,233.75,0.0082,2026-07-25 11:35:17.479934
UC2mTFJUo72OV_Frn7iIC4nw,Berat Öztürk,1,8413956,26000,1000,0,16827.91,0.0032,2026-07-25 11:35:17.479934
UC2mWC8LFetf8aMWH_aftopw,Imad Fares Official,2,508496,7200,153,0,1016.99,0.0139,2026-07-25 11:35:17.479934
UC2mWeEHv9IY6i74okFMkGPw,السعودية,3,423463,3601,971,0,846.92,0.0107,2026-07-25 11:35:17.479934
UC2mbnJD-akTmzNR_2jl5w_w,Tamanna Jannat,7,6205282,23400,5233,0,12410.56,0.0052,2026-07-25 11:35:17.479934
UC2mk4uqdU_J4J_hjXpXzmQQ,Son Vesayet Haber,1,576054,0,0,0,1152.11,0.0,2026-07-25 11:35:17.479934
UC2mtXUpAYLYJIZ2deSPhlqw,RT en Español,10,16024580,169043,6317,0,32049.15,0.0129,2026-07-25 11:35:17.479934
UC2mwc0IUIQCzZPO7GxujqWw,#R.D.SERIALE BG,1,3517,23,4,0,7.03,0.0077,2026-07-25 11:35:17.479934
UC2mxKCXACodJ6aatqDnIFMg,ahmet yanalak,1,2633610,8000,1100,0,5267.22,0.0035,2026-07-25 11:35:17.479934
UC2nCGsVzQvb-OqlLBLK8T7A,Жириновский,1,148503,1000,174,0,297.01,0.0079,2026-07-25 11:35:17.479934
UC2nKq8vwg9K1Bj8roHhebaQ,Atamert Uysaler,1,100599,1300,139,0,201.2,0.0143,2026-07-25 11:35:17.479934
UC2nf7LPcsphmAfTwt-8N8Kg,KraL Müslüm Baba,1,563752,2200,123,0,1127.5,0.0041,2026-07-25 11:35:17.479934
UC2nugBCiyP7NGbj8IirF8eA,Seminyanın dünyasi,2,944797,11700,1014,0,1889.59,0.0156,2026-07-25 11:35:17.479934
UC2oGvjIJwxn1KeZR3JtE-uQ,hromadske,2,485268,3946,524,0,970.54,0.0073,2026-07-25 11:35:17.479934
UC2opb_tuXLQKGFNBWY-fvHQ,İsrafil Abutalibov,1,169413,283,36,0,338.83,0.0019,2026-07-25 11:35:17.479934
UC2ov20-eqWtuauHPtuldczw,mehmet köseoğlu,1,2856,12,0,0,5.71,0.0042,2026-07-25 11:35:17.479934
UC2p-Eq0es19dy6WURdNonDw,Mod Müzik,9,1675048,7206,765,0,3350.08,0.0052,2026-07-25 11:35:17.479934
UC2p0cuE-YNnXKZ-LcdI7adw,Burak Akca,4,28801,424,26,0,57.59,0.0223,2026-07-25 11:35:17.479934
UC2p1pDtdBPtfs4iQ2O_T-GA,English Conversation,1,1140647,9000,651,0,2281.29,0.0085,2026-07-25 11:35:17.479934
UC2p60a8H3bDkOdAwUyr32YQ,efe48,1,133438,278,15,0,266.88,0.0022,2026-07-25 11:35:17.479934
UC2p80DrLtmDapnG7yqmuKZg,mommalife,5,12595129,62594,14478,0,25190.26,0.0106,2026-07-25 11:35:17.479934
UC2p99S8BCkrQETkdIeQ-AmA,Chaby Han,7,5398466,228000,3297,0,10796.92,0.0453,2026-07-25 11:35:17.479934
UC2pU44h7wxwIZ6HfSIbEBfA,leonardo ramirez,1,888793,29000,850,0,1777.59,0.0336,2026-07-25 11:35:17.479934
UC2pecd_iyvFi6ulqagXqWbw,Yerli Yersiz,4,2160417,8004,460,3,4320.84,0.0043,2026-07-25 11:35:17.479934
UC2px4pgiDjWYuMLiyBHJ78g,Cenk Kiper,1,1141089,2100,890,0,2282.18,0.0026,2026-07-25 11:35:17.479934
UC2q1TbH8vEebQaUcZrVt6RQ,Bleda Yaman,1,811,33,0,0,1.62,0.0407,2026-07-25 11:35:17.479934
UC2qD-b5HgE8k5sWsQN2NfNQ,السيناريو مع همام حوت,2,956498,9400,1393,0,1913.0,0.0137,2026-07-25 11:35:17.479934
UC2qKv-frGDAgYoMcf4ZxnNg,MURR,1,418386,11000,377,0,836.77,0.0272,2026-07-25 11:35:17.479934
UC2qLdvzTYI2WIQteiqf1rjw,SoMMeT1988,1,122643,1000,28,0,245.29,0.0084,2026-07-25 11:35:17.479934
UC2qOMbJGJ96zE_2muMIF0yA,Mevlut Bulut,1,984,5,0,0,1.97,0.0051,2026-07-25 11:35:17.479934
UC2qTjIPBwJwrwn8XCnWOeNw,CAMERA QUAY LÉN SIÊU NHỎ,1,1399144,6900,685,0,2798.29,0.0054,2026-07-25 11:35:17.479934
UC2qd5DEIV5cDtNt5iAFYWtg,Perviz Bulbule Official,2,15697218,83000,6400,0,31394.43,0.0058,2026-07-25 11:35:17.479934
UC2qsBUf0Tc37KVpa3L_X3wg,M U R A T YILMAZ,2,231500,644,98,0,463.0,0.0047,2026-07-25 11:35:17.479934
UC2r8FIjCvkYbcbxVe5koa_g,TRT 2,8,452717,5155,313,0,905.44,0.0147,2026-07-25 11:35:17.479934
UC2rPRPchE9KlZatrXYaMvrw,BU FAKT,1,686057,15000,802,0,1372.11,0.023,2026-07-25 11:35:17.479934
UC2rR_SR4-iJT5IYQht_nbNQ,Rolf Carlson,1,1648942,6300,251,0,3297.88,0.004,2026-07-25 11:35:17.479934
UC2reRwDWsnWkonmK9t2uo5w,TheBushCenter,2,330729,1171,127,0,661.46,0.0066,2026-07-25 11:35:17.479934
UC2ro7wimCNvZd4TkyuZdijA,FikrinVarMi3,1,57061,369,16,0,114.12,0.0067,2026-07-25 11:35:17.479934
UC2s0uKOc2WgB9eGta7cUUEA,Washington Week,2,58662,477,66,0,117.33,0.0092,2026-07-25 11:35:17.479934
UC2s2oUgDKYg1ndeosRq8WoQ,Enes Avcı - Yön Tuşu,1,2052272,34000,2600,0,4104.54,0.0178,2026-07-25 11:35:17.479934
UC2s_yqMJZtngW6sjHOYwwnw,Mürşüd Qarayev,1,130470,629,47,0,260.94,0.0052,2026-07-25 11:35:17.479934
UC2scTsYOgxGHx0uEsHFrqfQ,HaytersTV,5,1558043,7299,411,0,3116.09,0.0066,2026-07-25 11:35:17.479934
UC2sr0q_shuQKijWoebuRvcA,Kuzey Güney,27,6002754,31032,1613,0,12005.49,0.0077,2026-07-25 11:35:17.479934
UC2tg0g4H9h9bDfvuyBGxeRA,CBSN,5,2297632,6553,2594,0,4595.26,0.0061,2026-07-25 11:35:17.479934
UC2u4_b4KnciowZkIOs634ow,Dr. Kerem Koseoglu,1,822,41,0,0,1.64,0.0499,2026-07-25 11:35:17.479934
UC2u8DRz3KhzXo9h3g__ZhzQ,FUTUREMAG - ARTE,1,392821,2200,171,0,785.64,0.006,2026-07-25 11:35:17.479934
UC2uJop5IEajANfgAjoWVfTw,flystudio md,1,14528519,22000,7300,0,29057.04,0.002,2026-07-25 11:35:17.479934
UC2uP_gZi3fdD6NmUWWkTGfQ,Memet Özer ile Mutfakta,2,5783,47,4,0,11.57,0.0214,2026-07-25 11:35:17.479934
UC2uUEVf2RWvgaPGy7RyakRQ,odieoreilly,1,10654106,52000,3200,0,21308.21,0.0052,2026-07-25 11:35:17.479934
UC2v18BTUem6ejA_Jb7hnUAw,UOL Meu Negócio,2,35759,274,29,0,71.52,0.0127,2026-07-25 11:35:17.479934
UC2vX9dxPJYNXZUGRokLL-bw,Emma Cheng,1,586827,8900,261,0,1173.65,0.0156,2026-07-25 11:35:17.479934
UC2vXGLV-SVaK-jYDs3y9lQA,FIRSAT KATALOG,1,7893,68,2,0,15.79,0.0089,2026-07-25 11:35:17.479934
UC2vcjazcVurVmpn5svBRA-Q,FTD Facts,2,880619,19800,1065,0,1761.24,0.0254,2026-07-25 11:35:17.479934
UC2vlUJi6ADhZOh4xveKcD7w,Tuğçe Sarıcaoğlu,8,843375,13139,809,0,1686.75,0.0275,2026-07-25 11:35:17.479934
UC2vmGoCEa_PfPq4L3G6hZoQ,Caner GÜL,1,630637,1900,135,0,1261.27,0.0032,2026-07-25 11:35:17.479934
UC2w8NcKSt3u1b-H4OxiaCfw,Kyra Knox,1,589351,15000,608,0,1178.7,0.0265,2026-07-25 11:35:17.479934
UC2wE5yX8ek9nmsWd8EGHxhg,Volkan Aksoy Resmi,8,2309799,45516,1646,0,4619.6,0.0228,2026-07-25 11:35:17.479934
UC2wZkF4l2Iggv2QU_KuMyGw,Myron Barnstone,1,162120,1500,70,0,324.24,0.0097,2026-07-25 11:35:17.479934
UC2wdh7qR8Ne0Mm4zMg5Xe1g,Gezimanya,1,80990,1200,40,0,161.98,0.0153,2026-07-25 11:35:17.479934
UC2wi7prUP0GkLgMVdwnYdfw,X X,1,921069,1000,853,0,1842.14,0.002,2026-07-25 11:35:17.479934
UC2wnZEfBTJ5iAbhPvQ7sqKw,Ali Yildirim,1,49694,463,34,0,99.39,0.01,2026-07-25 11:35:17.479934
UC2wyvEPFNU222R7y2b05fxw,mehmet emin tatlı,1,499048,1000,130,0,998.1,0.0023,2026-07-25 11:35:17.479934
UC2xSYB1FLIqkZYay6GIWWig,Inspirational Mantra,1,41121,1300,39,0,82.24,0.0326,2026-07-25 11:35:17.479934
UC2xZu_p2ta0cdck0FO08YhQ,Yollar Delisi,1,4701,55,4,0,9.4,0.0126,2026-07-25 11:35:17.479934
UC2x_qNZXKDxNP1j4jvHATRQ,Face the Nation,3,413790,2291,714,0,827.58,0.0086,2026-07-25 11:35:17.479934
UC2xc8155H1txxUh0Oyn7PfQ,Futbol Günlüğü,1,2399,5,2,0,4.8,0.0029,2026-07-25 11:35:17.479934
UC2xh-EEnFQwMEt3aDX_8YRw,ZumbA,1,8885471,0,0,0,17770.94,0.0,2026-07-25 11:35:17.479934
UC2xxL0XhZyUKOABtIDyZkMA,Jet Sosyete,4,1627935,9300,558,0,3255.87,0.0069,2026-07-25 11:35:17.479934
UC2xxqRIchxmFkRnK3RAeiWA,Emintzsche,2,690427,6400,229,0,1380.85,0.0132,2026-07-25 11:35:17.479934
UC2yhlaBNh-SUfKA5nRYnGHA,sıradan biri,1,34674,387,23,4,69.35,0.0119,2026-07-25 11:35:17.479934
UC2yuGg1fRRRKrGr9bTWTLPQ,Kanal VsTv,2,178359,1731,99,0,356.72,0.0119,2026-07-25 11:35:17.479934
UC2z7077y00HEfWVE7cKPEhg,Easy Street Food,2,38501708,62000,40000,0,77003.42,0.0014,2026-07-25 11:35:17.479934
UC2zIHTOcE67OsYa9EIuklSQ,BELLEZA EN TUS MANOS,2,324478,4192,524,0,648.95,0.0154,2026-07-25 11:35:17.479934
UC2zX_Ho36B6-bHf5tp-zMaQ,وصـفـات لـولـيـتـا,1,5705775,87000,9400,0,11411.55,0.0169,2026-07-25 11:35:17.479934
UC2zYgRCtZz20DfESyxqcKbA,ümit uçum,1,109526,380,16,0,219.05,0.0036,2026-07-25 11:35:17.479934
UC2zqLIIrAIsxwEWkOM4I5dA,Kemal Gezer,3,1037927,7100,2200,0,2075.86,0.0107,2026-07-25 11:35:17.479934
UC2zsO-SCA1Z2M0XWh6Q_92w,ArielHopeMakeup,1,31961,141,14,0,63.92,0.0048,2026-07-25 11:35:17.479934
UC3-SAhrk6C9AF4Klf3d_vkw,Nickxar,1,1333281,12000,402,0,2666.56,0.0093,2026-07-25 11:35:17.479934
UC3-sujH3Ma-8OlKkghOo8eA,NikelaWildlife,1,2080,34,8,0,4.16,0.0202,2026-07-25 11:35:17.479934
UC30S6TEm6BwxRKDBkAJsQqw,Şentürk DündarFan,2,92603,797,24,0,185.21,0.0094,2026-07-25 11:35:17.479934
UC30SzYBmCEMCaUcxSe2rbgQ,Demir Eren,1,634295,1100,111,0,1268.59,0.0019,2026-07-25 11:35:17.479934
UC30T-Da4qfbKsH3KNctxZWQ,VICKYLOGAN,1,55375,1600,99,0,110.75,0.0307,2026-07-25 11:35:17.479934
UC30qXdHlRDirpoYF5On25aQ,Natiq Adilov,3,179616,6400,433,0,359.23,0.0551,2026-07-25 11:35:17.479934
UC30vjNuzxMSag208tBs7kUQ,Alparslan,3,144991,324,48,0,289.98,0.0028,2026-07-25 11:35:17.479934
UC30y0ajohwccDczo7_xcjdA,çocuk dünyası,3,11692,50,4,0,23.39,0.0089,2026-07-25 11:35:17.479934
UC3118MWt0Yd9DARFC_FuIpA,Qarisiq Videolar,1,252,8,5,0,0.5,0.0516,2026-07-25 11:35:17.479934
UC31KkHyr6GvsxEf_qhN4Hdg,İsim Verme Süpermen,2,91984,550,51,2,183.96,0.0066,2026-07-25 11:35:17.479934
UC31PwD2MLEVSodqZg9oz_mQ,Ömer Günay,1,895267,1800,174,0,1790.53,0.0022,2026-07-25 11:35:17.479934
UC31Up6Db4ZCTR6EeJA5d8vQ,Abdullah Özal,1,5478,60,2,0,10.96,0.0113,2026-07-25 11:35:17.479934
UC31XWKmy2CqdNTljRrnnilQ,Koray Çokol,1,112289,513,49,0,224.58,0.005,2026-07-25 11:35:17.479934
UC31dBOTWNAf04003qNuelKg,Yaren Özçelik,2,1073,44,3,0,2.15,0.0845,2026-07-25 11:35:17.479934
UC31vn2UIKUgDabZTfEbp1Bw,haki aydoğan,1,199118,1000,86,0,398.24,0.0055,2026-07-25 11:35:17.479934
UC328nAZTEgfmavxtA0QyGuA,Hülya Polat,4,9265714,35674,2584,0,18531.43,0.0046,2026-07-25 11:35:17.479934
UC32Fjj9bTq06BlUGWa0CtJw,TOKATLI SANATCI CEMAL ER,1,1601783,3500,461,0,3203.57,0.0025,2026-07-25 11:35:17.479934
UC32JyF1WOwMRHrxjkjQlYxw,antipkkvideo,1,685586,2700,187,0,1371.17,0.0042,2026-07-25 11:35:17.479934
UC32O-pGsmiObU1rl8M-QClw,cavid bayramov,1,2593096,10000,879,0,5186.19,0.0042,2026-07-25 11:35:17.479934
UC32PoR2aMsYaiTI7hTXHJlA,HuffPost Live,2,415169,3007,163,0,830.33,0.0063,2026-07-25 11:35:17.479934
UC32TdiIsh_5X8tKr_9rKQyA,Univision Noticias,1,37821,458,49,0,75.64,0.0134,2026-07-25 11:35:17.479934
UC32jLeX-K-ueC7XYG4817KA,Ultra Bağlama,2,376072,2632,108,0,752.14,0.0062,2026-07-25 11:35:17.479934
UC330_KUEj9oysBfuKytZrwg,Mert Aktu,1,1484,17,3,0,2.97,0.0135,2026-07-25 11:35:17.479934
UC334Nr6foJvOGBERPz6k82Q,TR 40 33 Productions,2,13472783,106000,2400,0,26945.57,0.0091,2026-07-25 11:35:17.479934
UC337VC9r_bcWKXzYmBONh0Q,will long,1,1347,20,3,0,2.69,0.0171,2026-07-25 11:35:17.479934
UC33Rd65936ocmPz5u-oMBag,Genç Adam,2,2017304,41000,696,0,4034.61,0.0199,2026-07-25 11:35:17.479934
UC33aQCHmkyqEotiMSY5zu9A,Natali's Beauty,2,34501,1644,71,0,69.0,0.0578,2026-07-25 11:35:17.479934
UC33cB_JeEHZdD_i27MeXwvw,Sexavet Nezerov HD,2,303072,1866,210,0,606.14,0.0089,2026-07-25 11:35:17.479934
UC33cpo4GhLu7qC3iWYvWFpA,Paul Wallander,1,2898986,13000,370,0,5797.97,0.0046,2026-07-25 11:35:17.479934
UC33fTuM1rnVa9fD3iwhAt4A,baddiesailor,1,7238,47,2,0,14.48,0.0068,2026-07-25 11:35:17.479934
UC33kS4l1xhcJNdsOXdeysHg,Eyyvah Eyvah,5,4421178,10910,540,0,8842.35,0.0023,2026-07-25 11:35:17.479934
UC33nXahnYmKle7d_XxqA4-w,Birlikte Oynayalım TV,2,479118,0,0,0,958.24,0.0,2026-07-25 11:35:17.479934
UC33uMkbIrB4WAxsqMjegddA,Petrov Slots,2,44713,487,40,0,89.43,0.0123,2026-07-25 11:35:17.479934
UC33wRwkPyJ5H8HJNA2btSGQ,Mark Production,3,4439375,16100,5300,0,8878.75,0.0049,2026-07-25 11:35:17.479934
UC344gX1JMEsLkLPAuQllAmw,НИЧЕГО СВЯТОГО с Сергеем Поярковым,3,136237,27100,368,0,272.48,0.2143,2026-07-25 11:35:17.479934
UC34NgWFzTEw-oID4qiIAGqw,filiz uluhan,1,9020,54,6,0,18.04,0.0067,2026-07-25 11:35:17.479934
UC34Rjg4plTyTMmUvNQiwVsQ,Şükrü Yılmaz,1,157574,452,185,0,315.15,0.004,2026-07-25 11:35:17.479934
UC34qrul828JG5vvkPCkBEmA,AYSELMAHSUN,2,151126,514,21,0,302.25,0.0039,2026-07-25 11:35:17.479934
UC350Soz2ecw0c7koxJZSMpw,DIAFA Dubai,1,31144,380,18,0,62.29,0.0128,2026-07-25 11:35:17.479934
UC354PwBUPKPe2X9_fnCMJ-g,Filinta,3,171827,1174,48,0,343.65,0.0075,2026-07-25 11:35:17.479934
UC35G9Mz2O_hkMZYwaMGTzAw,HTM5000,2,58774,680,33,0,117.55,0.0087,2026-07-25 11:35:17.479934
UC35OyVD-LCPDC8tRHoN1Sbg,Фильмы и Сериалы Дизель Студио,3,4421512,32000,2991,0,8843.03,0.0077,2026-07-25 11:35:17.479934
UC35aj_fL4ZVbUyQHjR59UYA,Vlogs Diário de Família,2,5968941,285000,6700,0,11937.88,0.0462,2026-07-25 11:35:17.479934
UC35dVq7iP2yRnXMj3xGEYIg,AACC TV,1,220626,523,301,0,441.25,0.0037,2026-07-25 11:35:17.479934
UC35eBuyRDcCv_O4n29t8qTw,MERA메라,3,29453,982,28,0,58.91,0.0376,2026-07-25 11:35:17.479934
UC35pwtn9whGTDjpl6xcQ68g,L'Oréal Paris UK &amp; Ireland,1,27178,107,4,0,54.36,0.0041,2026-07-25 11:35:17.479934
UC362gc_UNYdugN_a79My6yg,nedim bayraktar video,1,34711,167,6,0,69.42,0.005,2026-07-25 11:35:17.479934
UC3663g7DLpT__bM6bZSTkjQ,Gökhan Arı,2,167916,497,59,0,335.84,0.0041,2026-07-25 11:35:17.479934
UC366CiSA2BNNV8yccdIVvzg,Elif Ay,1,389667,15000,547,0,779.33,0.0399,2026-07-25 11:35:17.479934
UC366cmYdEZb5B8vt_Fi5Q4w,yazdostum [ Almanya Günleri ],1,109524,517,61,0,219.05,0.0053,2026-07-25 11:35:17.479934
UC367mTLThy5pMlaL6wZbseQ,Hairstyles &amp; Mehandi Art,1,229023,1300,157,0,458.05,0.0064,2026-07-25 11:35:17.479934
UC36ETgfEEOmQzp9PFSyNFKw,From Narmin,1,26285,535,27,0,52.57,0.0214,2026-07-25 11:35:17.479934
UC36MUbIAZPMWcUohM6vaJOQ,Mehmet Yamak,1,110447,913,42,0,220.89,0.0086,2026-07-25 11:35:17.479934
UC36TdELI3HYlfKh2RucKyzA,House of Mizfitz,1,541648,7300,323,0,1083.3,0.0141,2026-07-25 11:35:17.479934
UC36jz9IAqhS6BK1FVGfcKRw,Funda Arar,2,961908,4231,165,0,1923.82,0.0303,2026-07-25 11:35:17.479934
UC36qurj_n0DwRednA-KWapA,Sedat Biga,3,319333,3117,266,0,638.67,0.0095,2026-07-25 11:35:17.479934
UC372QkR3fwJS1exiI1NTUvw,MeydanTV,8,4419224,32441,6892,0,8838.46,0.0278,2026-07-25 11:35:17.479934
UC373iOiCFltNxMihxWYin8Q,Natiq Babayev,1,101936,654,45,0,203.87,0.0069,2026-07-25 11:35:17.479934
UC375SbmsRsH9MnZlF-k49RQ,Дмитрий Немтин,1,17698,112,49,0,35.4,0.0091,2026-07-25 11:35:17.479934
UC37QEYPlDUqPf3yJs8b7iRw,özlem gerçek,1,188454,1100,35,0,376.91,0.006,2026-07-25 11:35:17.479934
UC37cnmBdDoBKsU4n0hAc72g,Must Be The Music Polsat,2,19514011,110000,5355,0,39028.03,0.0058,2026-07-25 11:35:17.479934
UC37dt4YvE8PvWlyfP2ltYzA,Mustafa Tekin,1,126007,716,61,0,252.01,0.0062,2026-07-25 11:35:17.479934
UC37e86p5CvJGkPrz5gjtooA,ARSLAN BEY,1,1862,2,0,0,3.72,0.0011,2026-07-25 11:35:17.479934
UC389NoUSnBk-LPOXVLZd53w,Şaşırt Beni,1,247599,3100,175,0,495.2,0.0132,2026-07-25 11:35:17.479934
UC38HAiGPmI-u6bnufNVD56w,JK Football,1,295,12,0,0,0.59,0.0407,2026-07-25 11:35:17.479934
UC38_-W5RqzyakXeb_5cpGCw,Laurette,1,752595,22000,439,0,1505.19,0.0298,2026-07-25 11:35:17.479934
UC38cqTxbTKIJTs8nZ02YAOg,Life Master,6,128127250,132000,61000,0,256254.51,0.0005,2026-07-25 11:35:17.479934
UC38dTnutCWceGYUT_xNQv8A,Эх Детство Таня МаТаня,1,1149187,9800,632,0,2298.37,0.0091,2026-07-25 11:35:17.479934
UC38mz7oEvdEarBwIDD_14wg,وصفات مع جيجي كل حياتي,1,514935,0,0,0,1029.87,0.0,2026-07-25 11:35:17.479934
UC38o6-5irs2psAz_dofu1CQ,IT Cosmetics,1,295929,795,43,0,591.86,0.0028,2026-07-25 11:35:17.479934
UC390CMVPSnIFeJF05hsjuEw,otuzbesh,1,572298,1200,72,0,1144.6,0.0022,2026-07-25 11:35:17.479934
UC392qAp0PM-hzVR11QX7xEA,C Key,1,540006,9200,352,0,1080.01,0.0177,2026-07-25 11:35:17.479934
UC39B4G_5D9hmeR3ehnT-YRA,Xoşqədəm Hidayətqızı official,2,1653621,5300,1678,0,3307.25,0.0045,2026-07-25 11:35:17.479934
UC39h_xomZDmLU_xEe9zzOqw,Kimdir?,1,81482,286,22,0,162.96,0.0038,2026-07-25 11:35:17.479934
UC39ivPoPKE1dpbiUpLKZJ5w,Best Tennis,1,1403057,2700,290,0,2806.11,0.0021,2026-07-25 11:35:17.479934
UC39kGVK0THxKO-UFtMWIvvQ,Bizim Hikaye,16,105792478,418400,65686,0,211584.97,0.0055,2026-07-25 11:35:17.479934
UC39kPTXwJUeOXbfygKsC5mQ,Ski Utah,2,94795,374,7,0,189.59,0.0055,2026-07-25 11:35:17.479934
UC39zYIcYP4-ilRHBDIjcaWg,Elyar Sadiqov,1,247929,1500,445,0,495.86,0.0078,2026-07-25 11:35:17.479934
UC3A_jegYiiZ0YIgcuFgwc4w,Fırat Bozkurt,1,2352333,6500,1400,0,4704.67,0.0034,2026-07-25 11:35:17.479934
UC3Az_sGA6ZInBykdO7a4XDQ,BİZE MÜSAADE,1,2655,16,0,0,5.31,0.006,2026-07-25 11:35:17.479934
UC3B22RLZnNTnuHS4P567ulw,Cansu İŞÇİMEN,1,321626,3500,253,0,643.25,0.0117,2026-07-25 11:35:17.479934
UC3BYbLGxiqMdnvlqJIaq9Tg,Zuriatni Zukni Patutie,1,2830953,7200,801,0,5661.91,0.0028,2026-07-25 11:35:17.479934
UC3BphreluEHEiaFr0R9lvnA,Mannu Ferreira,2,1186617,9495,853,0,2373.24,0.092,2026-07-25 11:35:17.479934
UC3C8Mn8u2jrfPBUohyO5-pA,Dedelerkoyunet,16,132357,355,40,0,264.71,0.0043,2026-07-25 11:35:17.479934
UC3CSXRPfSia5I3wmcrHdtRw,YEŞİLBAĞ,1,91033,883,56,0,182.07,0.0103,2026-07-25 11:35:17.479934
UC3CgkQsHPj33hXx7Z3r4TLA,Kevin Davis,1,21315648,25000,15000,0,42631.3,0.0019,2026-07-25 11:35:17.479934
UC3ChpRIB3cGS3kqd773Du9g,Olivinn,1,15608,363,4,0,31.22,0.0235,2026-07-25 11:35:17.479934
UC3ClypdQiaX4DKXj8Mh5UbA,ev gezelim,3,63278,783,60,0,126.55,0.0165,2026-07-25 11:35:17.479934
UC3CxEBKx2l38nl1_SFsC2gg,Flying The Nest,7,2634128,76068,1404,0,5268.26,0.0295,2026-07-25 11:35:17.479934
UC3D3Q6OhoDjigpwx3L_yMNw,Spotlight,1,832680,5500,572,0,1665.36,0.0073,2026-07-25 11:35:17.479934
UC3D9ESiEqA1rSziCREJlJFA,aydinirken,2,20379,16,2,0,40.76,0.0009,2026-07-25 11:35:17.479934
UC3DCoTgdOhtwwCNfo68lMcw,adem yılmaz,1,28997,119,7,0,57.99,0.0043,2026-07-25 11:35:17.479934
UC3DPW_RrTaTnxQOU0ocAuBA,Halkin Gücü 2,1,16529,400,13,0,33.06,0.025,2026-07-25 11:35:17.479934
UC3DcAIC42ey8-WLelwFAG1Q,Facts Behind,1,19850,186,20,0,39.7,0.0104,2026-07-25 11:35:17.479934
UC3DkFux8Iv-aYnTRWzwaiBA,Peter McKinnon,1,991441,58000,328,0,1982.88,0.0588,2026-07-25 11:35:17.479934
UC3DzWsAexnMhi3xKP-ZeGJA,İşin Sırrı Derya'da,1,159256,1300,86,0,318.51,0.0087,2026-07-25 11:35:17.479934
UC3EBsLy04gNSn0S_aQwRihQ,Ayhan Mehmet,2,834526,1265,38,0,1669.06,0.003,2026-07-25 11:35:17.479934
UC3ELX71Qilh_n4etyG2Ik3Q,Taner Eren,2,2107069,2719,471,0,4214.14,0.0015,2026-07-25 11:35:17.479934
UC3ELm5o92cfi-h43u4Nse7w,Haber Lütfen,20,4706832,44160,2910,0,9413.68,0.011,2026-07-25 11:35:17.479934
UC3EW2NNNZwFvmRDIY_oOzIw,Mustafa Yıldız,1,8972,11,0,0,17.94,0.0012,2026-07-25 11:35:17.479934
UC3EZFfeGv5-qmlfdMurzw-w,tletter,3,6569260,25900,3721,0,13138.52,0.0054,2026-07-25 11:35:17.479934
UC3Eo8CI5HdK7yJEFgr_-xvQ,Red Music Digital,3,7451334,26300,1953,0,14902.67,0.0054,2026-07-25 11:35:17.479934
UC3EqCSUhazIkV_C3jal_VtQ,Turna Müzik,4,212552,2928,80,0,425.11,0.0132,2026-07-25 11:35:17.479934
UC3Ex65kxaz6F-PQCtvignJg,Akademya Kultur,4,44947,546,41,0,89.89,0.0155,2026-07-25 11:35:17.479934
UC3F2OCSEF5xr7amFSjLYqRA,Kadir Şeker,2,274888,486,48,0,549.78,0.002,2026-07-25 11:35:17.479934
UC3F4notzNwPVZ4tw0X30ngw,Gamzenin Güzellik Rehberi,1,27288,1000,9,0,54.58,0.037,2026-07-25 11:35:17.479934
UC3FPh5_CUUx99KCqDE09kWQ,"ЧГТРК ""Грозный""",2,1782652,7700,604,0,3565.3,0.0029,2026-07-25 11:35:17.479934
UC3Fcdp52R5Rm_Gym-7VYp5Q,Sangeeta and Ishita,1,2327,16,3,0,4.65,0.0082,2026-07-25 11:35:17.479934
UC3G77Pu-P4P738JQZ8Or8mA,Mp3 Dinle,1,1277,4,2,0,2.55,0.0047,2026-07-25 11:35:17.479934
UC3GGlS5ZZVvAGZmdEcaA_NA,Павел Воля,1,12570172,128000,5800,0,25140.34,0.0106,2026-07-25 11:35:17.479934
UC3GTLNtFu3HJcTco3cfDQoA,Manuchehr Ghorbanpour,1,67780,768,31,0,135.56,0.0118,2026-07-25 11:35:17.479934
UC3GfYvQWDnKSQOgO7Ypv6Dw,ЦВЕТ НАСТРОЕНИЯ,13,169805,1192,200,0,339.6,0.0152,2026-07-25 11:35:17.479934
UC3GgF1Mlc400cRzVE-9vsFg,English Hotshot,1,2058,51,0,0,4.12,0.0248,2026-07-25 11:35:17.479934
UC3GulWlvQ3Hp8a6KTZwMXow,Yıldız TV,6,227280,1764,105,0,454.56,0.0169,2026-07-25 11:35:17.479934
UC3HJv6JriejmABDHWi9OCjA,Milliy TV,2,282200,2691,222,0,564.4,0.0126,2026-07-25 11:35:17.479934
UC3HU1gG1JJjVJn6KedEUReA,Mona B.,1,295672,3200,169,0,591.34,0.0114,2026-07-25 11:35:17.479934
UC3HVWco1_YNQ2D1Y2IelJ3w,Kanal07 TV,1,11881,22,3,0,23.76,0.0021,2026-07-25 11:35:17.479934
UC3HW04qftAnN6j39VD2T38g,Gökhan Kapısız,1,357019,756,153,0,714.04,0.0025,2026-07-25 11:35:17.479934
UC3Hb_Ccr87WH1vVmqDXjSkA,Veys Colak,1,14952,422,8,0,29.9,0.0288,2026-07-25 11:35:17.479934
UC3HsmDeFgDBM1bU2VVB8nug,Nederlands Blazers Ensemble,1,1648965,13000,486,0,3297.93,0.0082,2026-07-25 11:35:17.479934
UC3I1iohrGzxep0p8r1Osw3w,Stacy Show,1,41618674,163000,57000,0,83237.35,0.0053,2026-07-25 11:35:17.479934
UC3I3AaRYrhhfiXqBZ7L104A,Paragon,1,1966519,3400,663,0,3933.04,0.0021,2026-07-25 11:35:17.479934
UC3I7W2fw9YpJfxsF_TY2grw,Mustafa Demir,1,915376,4200,446,0,1830.75,0.0051,2026-07-25 11:35:17.479934
UC3IKDr3DOg579GbTZC-QXrQ,Тома Неверни,1,15319,252,22,0,30.64,0.0179,2026-07-25 11:35:17.479934
UC3IKoRLE3AnJ-NjtVItcD-w,Sırrı Laçin,8,4268422,30343,1286,0,8536.86,0.0135,2026-07-25 11:35:17.479934
UC3J1M5H1imL6mIB-n5fJH-A,Polina Chursanova,4,853482,29300,1581,0,1706.96,0.0422,2026-07-25 11:35:17.479934
UC3J7YYRLyOf959xKDa3fgPw,Mekke ve Medine,4,45101,0,0,0,90.2,0.0,2026-07-25 11:35:17.479934
UC3JQyPjgaFe5EeK-gDTmCcw,The Concertaholic,1,449283,5800,219,0,898.57,0.0134,2026-07-25 11:35:17.479934
UC3JacAFC5mHH7bgTfLa8ceg,L1 Üçgen,8,592318,21443,719,59,1184.64,0.0497,2026-07-25 11:35:17.479934
UC3JiCfahzHDR-1hiF3NBwMw,Sulugöz,4,1391552,52800,909,34,2783.1,0.0447,2026-07-25 11:35:17.479934
UC3K-kw1xC95dNYVWlyuFVZw,uğur keleş,1,52278,221,21,0,104.56,0.0046,2026-07-25 11:35:17.479934
UC3KcEcLjIzOYRJ9dq3_aZww,Eccocan,1,316805,1100,41,0,633.61,0.0036,2026-07-25 11:35:17.479934
UC3KorMpPTalsXHyzpN0vjjA,BethandLaura Botton,1,3856843,19000,883,0,7713.69,0.0052,2026-07-25 11:35:17.479934
UC3KrutqDIXlswhdF6CFyjWg,ADRIANNA,1,1250523,11000,1600,0,2501.05,0.0101,2026-07-25 11:35:17.479934
UC3L1uxZ1nR2jAjpJJ0kDmvg,ozgulle_hayalet_tasarla_boya özgül sucu,2,33810,396,37,0,67.62,0.0154,2026-07-25 11:35:17.479934
UC3L9Nf-fyf18EcuamYw-X2Q,Murat Bay official,1,5841746,16000,1000,0,11683.49,0.0029,2026-07-25 11:35:17.479934
UC3LAmREifgYiGqZYChHlL2w,,1,104314,838,30,0,208.63,0.0083,2026-07-25 11:35:17.479934
UC3LG4gg798CaDKDf9KiO7Nw,kirpitv,1,623932,2000,208,0,1247.86,0.0035,2026-07-25 11:35:17.479934
UC3LKBrElnX3gmyyH-iiMafQ,Yenal Atlas,1,253145,6400,1000,0,506.29,0.0292,2026-07-25 11:35:17.479934
UC3LPXyxWobRp0aikX0jcmsA,Wekkec,1,4179117,22000,471,0,8358.23,0.0054,2026-07-25 11:35:17.479934
UC3LRTS_TysSRvZPF7MaCqBQ,DIY LeRa,1,1289636,0,0,42,2579.27,0.0,2026-07-25 11:35:17.479934
UC3LW_QAsjdNmUFf1Tpb_x8Q,fabulous ZARA,23,1741929,43345,2760,0,3483.86,0.0479,2026-07-25 11:35:17.479934
UC3LY2-uJDpfoE9MCI82bb-A,Fərid AzəroğLu,2,3069072,19300,1643,72,6138.14,0.0073,2026-07-25 11:35:17.479934
UC3Lba77WNseZz4x0xBK0D8g,Emrah Tekin,1,1142764,7900,939,0,2285.53,0.0077,2026-07-25 11:35:17.479934
UC3LeOpWTLFDIYz4_sgAGgkQ,Positive Revolution,2,440998,6400,466,0,881.99,0.0153,2026-07-25 11:35:17.479934
UC3LfqH3NZJjroqNhcYkDHng,hakanobut,1,40849,71,7,0,81.7,0.0019,2026-07-25 11:35:17.479934
UC3Lgj6WvLIY_3grjYcKw9lQ,Hasan Can Kaim,1,101406,0,0,0,202.81,0.0,2026-07-25 11:35:17.479934
UC3Lq8Uc__zIBkO_aR3Rkf9g,zulfu oez,1,93631,374,15,0,187.26,0.0042,2026-07-25 11:35:17.479934
UC3Lt1Zyhrtp6UTzgj3VD3nQ,Ayhan Bilgen,1,3334,96,6,0,6.67,0.0306,2026-07-25 11:35:17.479934
UC3Lxy7TTKSNQ1dIMa9VqITw,Canten Kaya,3,410691,11500,403,0,821.38,0.0395,2026-07-25 11:35:17.479934
UC3MKthObYINWXgPuNbjpsmQ,That's why MMA!,1,13308825,63000,4900,0,26617.65,0.0051,2026-07-25 11:35:17.479934
UC3MLnJtqc_phABBriLRhtgQ,SonyMusicIndiaVEVO,2,127605525,685000,37976,0,255211.05,0.0082,2026-07-25 11:35:17.479934
UC3MNWH39rUDGxj4K-vGtsWw,Isabelle's Style,1,733356,14000,960,0,1466.71,0.0204,2026-07-25 11:35:17.479934
UC3MNqVUmceEHk2ss9J-H7aA,Theta333 Instant Manifestation Techniques,12,2198577,51101,1532,0,4397.15,0.0356,2026-07-25 11:35:17.479934
UC3MU7ZC50PZlu0-Hy9qnb-w,ONAT ÖMER ÜNVER,1,5272,51,4,0,10.54,0.0104,2026-07-25 11:35:17.479934
UC3MXQJoTx9cDOyGw7vDpiMg,Türkü Dinle,1,478159,1100,104,0,956.32,0.0025,2026-07-25 11:35:17.479934
UC3MsuJhL_QR_uueypuFhJtw,İlknur Sağlam,1,163822,1200,144,0,327.64,0.0082,2026-07-25 11:35:17.479934
UC3N5y6UWKJaKqoU2b_0MfTQ,LanaDelReyVEVO,1,428246129,2200000,84000,0,856492.26,0.0053,2026-07-25 11:35:17.479934
UC3NB-lpT8L0s1zdjEWUjh4A,Kotresh Koti,2,13611559,187000,8400,0,27223.12,0.0125,2026-07-25 11:35:17.479934
UC3NHDKb-1yJ137mlSsBPmMQ,busraerdogancom,3,47165,778,89,0,94.33,0.0225,2026-07-25 11:35:17.479934
UC3NOx6apPIs-fmJ04xbSF_g,Elenor Müzik,9,28097757,89166,7653,0,56195.52,0.0086,2026-07-25 11:35:17.479934
UC3NgBV_3MtlKwe7xXA6cTiA,Akıl Defteri,2,320394,6234,486,173,640.79,0.0214,2026-07-25 11:35:17.479934
UC3NhGaiCrGI4WdjyONdnqZA,MissFafati,1,3196944,14000,1000,0,6393.89,0.0047,2026-07-25 11:35:17.479934
UC3O-tBImLN44jFlZD_E2Hcg,Rovshen Elekberov,1,588287,1000,167,0,1176.57,0.002,2026-07-25 11:35:17.479934
UC3ONXU52HrTx09v17qA6l6g,ralica1960,1,4245174,9500,814,0,8490.35,0.0024,2026-07-25 11:35:17.479934
UC3OjiqSYj4-_doz7apFgORQ,AGIR VIDEO,1,149663,219,45,0,299.33,0.0018,2026-07-25 11:35:17.479934
UC3PK8gDqC3-ZEPTRccX18sg,Umutcan külahlı,4,250850,458,77,0,501.7,0.0032,2026-07-25 11:35:17.479934
UC3PRQTR6IlXyi1Vri5DmNbg,Issız Ada,1,1732612,4000,331,0,3465.22,0.0025,2026-07-25 11:35:17.479934
UC3PYxJB0TJY8gRSSRvB2UqQ,Master Pranks,1,36813,939,36,0,73.63,0.0265,2026-07-25 11:35:17.479934
UC3PitqPlZKyfYN3qAuwONVg,LITTLE PAWS,1,52346,865,129,0,104.69,0.019,2026-07-25 11:35:17.479934
UC3Pra-sWk11IeQ-gI6cFGww,Dmitrieva Oksana,1,809081,12000,606,0,1618.16,0.0156,2026-07-25 11:35:17.479934
UC3Pste0kXvl9Xg92VZ3FNVQ,genckartal1903,1,1190443,2500,194,0,2380.89,0.0023,2026-07-25 11:35:17.479934
UC3QR34uMm1pxfkZyUMeLhXw,Thansis1997,3,15410661,93000,9100,0,30821.33,0.0069,2026-07-25 11:35:17.479934
UC3QqKQIjA_MSjWnTpyByeGA,Cübbeli Ahmet Hoca,129,14464043,197199,14736,0,28928.14,0.0225,2026-07-25 11:35:17.479934
UC3RCxpZNGmRRw6kFXgq8Grw,byvEdmAn,1,173159,432,21,0,346.32,0.0026,2026-07-25 11:35:17.479934
UC3REHiPSEKHY7MayrqXERpQ,Aynur Sahin,1,102725,3600,64,0,205.45,0.0357,2026-07-25 11:35:17.479934
UC3RHkPnlAaSRBVUYk28A4eg,Şehriban Toptaş,1,1240,49,0,0,2.48,0.0395,2026-07-25 11:35:17.479934
UC3RJJXPPvCH0QKoUHsH5-8Q,옥옥대석,1,287294,1100,123,0,574.59,0.0043,2026-07-25 11:35:17.479934
UC3S5Fep5xZ5JTJ4CZs3Gs5g,Deli Mi Ne?,8,39249118,1243000,62200,153,78498.25,0.037,2026-07-25 11:35:17.479934
UC3S5di1Ed-nEXGoAC1jU8_w,Medet Comert,1,517738,1200,41,0,1035.48,0.0024,2026-07-25 11:35:17.479934
UC3SAt2RQ42u7oCi_RDScOKA,BEY NARMAN,1,6718916,23000,1100,0,13437.83,0.0036,2026-07-25 11:35:17.479934
UC3SLMR850EgIZSt8f9mkL_A,ARGONOMİ,10,4193203,183000,10095,0,8386.41,0.0546,2026-07-25 11:35:17.479934
UC3ScyryU9Oy9Wse3a8OAmYQ,FRONTLINE PBS | Official,5,4554759,28385,4885,0,9109.51,0.01,2026-07-25 11:35:17.479934
UC3Sr7BwOnycVuK0EICvINFg,Serpil Ciritci,7,597382,16988,632,0,1194.76,0.0342,2026-07-25 11:35:17.479934
UC3SrTMKSjfEAUpO_a05NZcw,Lostrix,1,15168,158,104,0,30.34,0.0173,2026-07-25 11:35:17.479934
UC3T5fmgL4Kvk3kG1kF6JFeA,FF Channel,5,1288157,18873,794,0,2576.31,0.0142,2026-07-25 11:35:17.479934
UC3T8LEQAF0V64BFxYz5bKAQ,MrErsnkurt,1,999422,1800,154,0,1998.84,0.002,2026-07-25 11:35:17.479934
UC3TAUnyAnS9Fc5CdYVpqrHw,Zamane,3,289532,2571,39,0,579.06,0.0093,2026-07-25 11:35:17.479934
UC3TZ0Ig_ZFYixBWn7E_NQ6g,Jamesyboy Experiment,1,1769,103,5,0,3.54,0.0611,2026-07-25 11:35:17.479934
UC3TxNyTPu97NNRULAhrRsfw,Kimdir ve Nerelidir,14,7783072,17328,7481,0,15566.14,0.0048,2026-07-25 11:35:17.479934
UC3Ty4mJy0LTzy_HglDEFfXg,Ajax Media,2,196420,1412,54,0,392.84,0.0118,2026-07-25 11:35:17.479934
UC3U3CqyYHvp1rALI2t-_AUg,GreatFlyer,1,34814,433,57,0,69.63,0.0141,2026-07-25 11:35:17.479934
UC3UIsPtIHzu_yxnMmyM4YYw,Андрей Гончаров,1,5430878,27000,2700,0,10861.76,0.0055,2026-07-25 11:35:17.479934
UC3UUV2hsruEIZ4EI95icl-A,Aşk Prodüksiyon Müzik Film Yapım,36,469646712,1251287,345354,0,939293.43,0.0038,2026-07-25 11:35:17.479934
UC3UYYweSGUJgk_TlUzpEaBw,KAFA Dergisi,2,502485,3062,553,0,1004.97,0.0128,2026-07-25 11:35:17.479934
UC3Ucq9OG1E7bbA6ntaLzz8w,OfisEmlak,1,1680080,3400,564,0,3360.16,0.0024,2026-07-25 11:35:17.479934
UC3Ux9_I6ezVFQJkDCCRZu6Q,ВСЁ ВРЕМЯ 10,1,327931,2500,300,0,655.86,0.0085,2026-07-25 11:35:17.479934
UC3V9PvvgtEPfX-c0rOw4y1g,Nergiz Nene,7,293734,22144,576,19,587.46,0.0901,2026-07-25 11:35:17.479934
UC3VDbjQ1hnY4zSRHgAfAK-A,Плохой сигнал,1,300407,21000,329,0,600.81,0.071,2026-07-25 11:35:17.479934
UC3VDsxmYGNnjXnBhq2BIhpQ,Furkan Demir,1,581319,5600,190,0,1162.64,0.01,2026-07-25 11:35:17.479934
UC3VgOP0a1e2M0QlLihyQyCA,Bruna Lima,2,3291707,64000,3321,0,6583.41,0.0208,2026-07-25 11:35:17.479934
UC3Vuq4Q1bKFtAiKYlwRv3oA,Peter Santenello,3,828341,17800,1052,0,1656.68,0.032,2026-07-25 11:35:17.479934
UC3Vwu7xAvQwDk3s-Qg3s36g,Teymur Babayev,2,907537,5700,346,0,1815.07,0.0068,2026-07-25 11:35:17.479934
UC3WGxorO3ZzL9OlDqPSJlsQ,Samet Türe,1,25408,68,10,0,50.82,0.0031,2026-07-25 11:35:17.479934
UC3WShp9bia-YeaqYtUZ3FKQ,Doktorum TV,1,10885,46,11,0,21.77,0.0052,2026-07-25 11:35:17.479934
UC3Wl_uc_ZTde3rTiFcKudZg,Risale Ofis (Risale Office),2,180168,1692,97,0,360.34,0.0255,2026-07-25 11:35:17.479934
UC3WrR5fRGBD1R9-ULrBgcOQ,BizzyOnce G.A,1,2867,33,11,0,5.73,0.0153,2026-07-25 11:35:17.479934
UC3Wwdr_qfVM1GyyZ0sel3Uw,Vice,1,63495,79,0,0,126.99,0.0012,2026-07-25 11:35:17.479934
UC3Wyun_X7gtPavYKL-_i-7Q,Господари на ефира I Gospodari na efira,29,6558015,50203,2938,0,13116.02,0.0103,2026-07-25 11:35:17.479934
UC3XAzoOXr02hBwOdkLc9bcQ,hasatmevsimi,1,143538,97,6,0,287.08,0.0007,2026-07-25 11:35:17.479934
UC3XJNShrgzfG1zhpXrHz8Cg,Zekan Edits,12,1497375,22467,1586,0,2994.74,0.0203,2026-07-25 11:35:17.479934
UC3XJzdHEb3Gm4AOj2YZ0UhQ,Mr filankes,3,422199,6025,104,0,844.4,0.0158,2026-07-25 11:35:17.479934
UC3XTzVzaHQEd30rQbuvCtTQ,LastWeekTonight,46,470638617,5557700,257480,207,941277.24,0.0154,2026-07-25 11:35:17.479934
UC3Xu0FQeizzXhUtthFjFs8g,Deniz Bağdaş,2,190789,8500,217,0,381.57,0.0498,2026-07-25 11:35:17.479934
UC3XyjuTfjkM1K49eF602sBQ,Türkçe Rock,3,13580023,66400,2729,0,27160.05,0.0088,2026-07-25 11:35:17.479934
UC3Y2PGW2zTOwzXP4Snb4hGQ,Erdem Erenoğlu,1,582797,1600,53,0,1165.59,0.0028,2026-07-25 11:35:17.479934
UC3YHjlOeAooWpyP9n3S7oOQ,aktem ibrahim,3,341955,876,120,0,683.91,0.0025,2026-07-25 11:35:17.479934
UC3YU63NscX7fT7khiBOuulg,DIY &amp; Vlog - Pervin,3,340206,6275,287,0,680.41,0.0249,2026-07-25 11:35:17.479934
UC3Y_7f_goLICD9wnBCDLPcw,Mmlaka عائلة ماما مملكة,2,269082,7200,370,0,538.16,0.0484,2026-07-25 11:35:17.479934
UC3YcjFSlBeY__Gg2YmSHhNQ,Snake story,1,33412,129,12,0,66.82,0.0042,2026-07-25 11:35:17.479934
UC3Z8lXt9LvuEps6D4hTMLuQ,Piano Turca,1,54185,1400,29,0,108.37,0.0264,2026-07-25 11:35:17.479934
UC3ZAfS1Z3J_Itfy7Rp745cg,Tom Ferry,1,83802,371,156,0,167.6,0.0063,2026-07-25 11:35:17.479934
UC3ZEao1Kma6Urad4ocCHWiw,Rifat Degirmenci,2,4469077,13019,635,0,8938.16,0.0049,2026-07-25 11:35:17.479934
UC3ZYW87-caZfpbeWwLCw57A,حريم السلطان - Muhteşem Yüzyıl,6,4124414,35487,2629,0,8248.83,0.0109,2026-07-25 11:35:17.479934
UC3Zu855qgVDh4ErBCdVphzw,afgh2010,2,394740,1479,76,0,789.48,0.0038,2026-07-25 11:35:17.479934
UC3_-XHw9wLOccRfTgAJ1c1w,Pondoro Game Lodge,1,5573,44,25,0,11.15,0.0124,2026-07-25 11:35:17.479934
UC3_-dqDIMnc23Lz2n6S-erg,oGuZ555seyyare,3,1630300,3314,210,0,3260.59,0.0023,2026-07-25 11:35:17.479934
UC3_-zY3XwUvsNT3ofJAw4cA,Sixty and Me,1,158759,4300,139,48,317.52,0.0283,2026-07-25 11:35:17.479934
UC3_9lM05PFycBZqYG-vzMjQ,Hapno Game,5,4602828,19204,8082,0,9205.66,0.0059,2026-07-25 11:35:17.479934
UC3_AOtEOWa_ObWhsLP-C7qg,ilhami akyol,1,377278,518,152,0,754.56,0.0018,2026-07-25 11:35:17.479934
UC3_Fk-qGma-a6dgk2uq5mQA,ksrprd,1,28027,192,3,0,56.05,0.007,2026-07-25 11:35:17.479934
UC3_RDyJ8TE_hw3PvaADtkvw,Nurdoğan Arkış,1,2058,102,2,0,4.12,0.0505,2026-07-25 11:35:17.479934
UC3_WMBwyRJJEjou40dItKqA,SenkveldTV2,1,5199124,55000,770,0,10398.25,0.0107,2026-07-25 11:35:17.479934
UC3_Zl3qT5_l0JnHfDPTKg4g,ErhanG70,1,34274,128,14,0,68.55,0.0041,2026-07-25 11:35:17.479934
UC3_xsjfc5uiuwBjz_0uY1Hw,Ismail Karas,1,25842,170,38,0,51.68,0.008,2026-07-25 11:35:17.479934
UC3aM3RwYeGTyC9G-OCsz8sA,rings050,1,363144,1100,116,0,726.29,0.0033,2026-07-25 11:35:17.479934
UC3afzE4P8DzNt4T_G3bbb0w,serkan serkan,1,161436,122,7,0,322.87,0.0008,2026-07-25 11:35:17.479934
UC3arE4KHJ1M6wQIgyP9OUAg,Ömer Köroğlu Vesaire,1,16070,268,11,0,32.14,0.0174,2026-07-25 11:35:17.479934
UC3bjQgx-dmYFvrjFb-zU0kA,KAN TUBE,1,125480,325,45,0,250.96,0.0029,2026-07-25 11:35:17.479934
UC3bnp86au_vjfnzQv-0zVaA,Xəzər Film,2,48909,701,56,0,97.82,0.0173,2026-07-25 11:35:17.479934
UC3c8H4Tlnm5M6pXsVMGnmNg,Luke Miani,1,56859,1600,103,0,113.72,0.03,2026-07-25 11:35:17.479934
UC3cAou0TYIbhp_pob2OnVYg,House of Fraser,2,46944,682,20,0,93.89,0.0147,2026-07-25 11:35:17.479934
UC3cBx7Lh5GmPv84T5ucU5xg,Ahmet KILIC,1,2284327,9200,684,0,4568.65,0.0043,2026-07-25 11:35:17.479934
UC3cDTN49hcRlJeT9-Z-TQhw,Ahmet Erdoğan,1,1736,2,2,0,3.47,0.0023,2026-07-25 11:35:17.479934
UC3d0SptQHGyA-FXwtZ8VyqA,Mory Maya,1,1320649,35000,606,0,2641.3,0.027,2026-07-25 11:35:17.479934
UC3d1AdmvAP6Jq16-WpD086g,DiyanetTV,48,11230573,111466,5784,0,22461.13,0.0147,2026-07-25 11:35:17.479934
UC3d7Ix6GrtxESULE5Auj_Zg,Câmeras Escondidas Programa Silvio Santos,11,79717424,835000,42191,0,159434.85,0.014,2026-07-25 11:35:17.479934
UC3dDoqDs7wEAa5eknUYuMfg,Bülent Yağmur,1,3323806,13000,1200,0,6647.61,0.0043,2026-07-25 11:35:17.479934
UC3dJQHoY3fQZqWbvfoiTk5A,Best Top 10s,1,4754380,24000,8100,0,9508.76,0.0068,2026-07-25 11:35:17.479934
UC3dinrJfj_bc-1biTyO2dZw,DZ Ninouche Tkt DZ,1,5933991,32000,6200,0,11867.98,0.0064,2026-07-25 11:35:17.479934
UC3dlSVgwXnqfmh5CzHv2L_w,MuLtipLeKing,1,386994,1000,74,0,773.99,0.0028,2026-07-25 11:35:17.479934
UC3dmgCx3uPRdwQLedul1N2A,ÖZCAN DOĞAN,1,771065,2900,126,0,1542.13,0.0039,2026-07-25 11:35:17.479934
UC3dpCfpWEN24JW124ROyrVg,Anastasia’s Vlogs,3,682037,25000,251,0,1364.07,0.0392,2026-07-25 11:35:17.479934
UC3e6AQmU8-TBiU9lxmSko_Q,tezeneperde,1,116256,272,10,0,232.51,0.0024,2026-07-25 11:35:17.479934
UC3eFO4A4dlDHFsgOBmhhbMw,Kadir Dirican,1,16792,89,2,0,33.58,0.0054,2026-07-25 11:35:17.479934
UC3eLrexR0Vx19UbeBKvF2Eg,Sertac Cosgun,1,116,2,2,0,0.23,0.0345,2026-07-25 11:35:17.479934
UC3eNbBaooHCJ-hMWEK4UWAQ,Simple Beauty Secrets,2,4924510,84000,5550,0,9849.02,0.022,2026-07-25 11:35:17.479934
UC3eaJthNYTG-AqI2aDYhvwg,Walter's Mercedes-Benz of Riverside,1,82711,397,35,0,165.42,0.0052,2026-07-25 11:35:17.479934
UC3ewHdu6TMa_ssZRQ8yJAtA,Boa Ideia,1,95059,7300,63,0,190.12,0.0775,2026-07-25 11:35:17.479934
UC3f-KdUeMwkC6z7IfRJUjPw,Ekim Kaya,1,2511894,5100,1700,0,5023.79,0.0027,2026-07-25 11:35:17.479934
UC3f89TN14TC6H1xNjNwGNiA,SporBence,4,36242,389,27,0,72.48,0.0153,2026-07-25 11:35:17.479934
UC3fAVE9eNQS0arh04sVeJlg,naci demirağaç,8,17972,59,7,0,35.93,0.0053,2026-07-25 11:35:17.479934
UC3fAY1SwSXZUOzLECoXhthA,Citytv,3,1369102,8400,1399,0,2738.21,0.0069,2026-07-25 11:35:17.479934
UC3fDhCgQq9YHPsfkzQlYFFg,Ali Ertugrul TV,14,7330278,246300,6658,0,14660.55,0.0376,2026-07-25 11:35:17.479934
UC3fMSABXpqnvXpE7qu9Cdkg,zulgani polat,2,99050,1936,79,0,198.1,0.0204,2026-07-25 11:35:17.479934
UC3fmIkhwHRyN_GqpNmSbARQ,Leo Dcaprio,1,1661792,22000,357,0,3323.58,0.0135,2026-07-25 11:35:17.479934
UC3fumkW5k4doE9Lf3uIUroQ,Ömer Selçuk,1,34308,170,2,0,68.62,0.005,2026-07-25 11:35:17.479934
UC3gIfj-JFcjTQFzFJMD8nuQ,MMABOXING,2,1338823,17014,373,0,2677.65,0.0147,2026-07-25 11:35:17.479934
UC3gJSe50HI67uKN4mO9a91g,3nach9,4,75971,338,56,0,151.95,0.0054,2026-07-25 11:35:17.479934
UC3gNmTGu-TTbFPpfSs5kNkg,Movieclips,5,43769528,146000,11250,0,87539.05,0.0035,2026-07-25 11:35:17.479934
UC3gUmrHIvU3LNmChEslSyig,DejanBody2010,2,12196075,25700,2372,0,24392.15,0.0028,2026-07-25 11:35:17.479934
UC3gY4NvzNR6v-a-dr4IKOXA,Baby Animals World,1,892523,8600,904,0,1785.05,0.0106,2026-07-25 11:35:17.479934
UC3gYRkn7k52uQhOX5kgaYMA,Mustafa Kemal Tuğcu,1,48613,145,12,0,97.23,0.0032,2026-07-25 11:35:17.479934
UC3giYvJpnkZ9Exa__-V1w1Q,Sheri Isgandarova,1,136352,787,24,0,272.7,0.0059,2026-07-25 11:35:17.479934
UC3gqv-ohcVYLTJTnnWATQNw,isa demirbaş,1,1605,2,0,0,3.21,0.0012,2026-07-25 11:35:17.479934
UC3h6XmzggkngvtkbRZ3vZMQ,santhosh Nambirajan,1,102258,1200,85,0,204.52,0.0126,2026-07-25 11:35:17.479934
UC3hLtqF6aoVhHQNUQJP4ciQ,Özkan Aşan,1,50461,256,13,0,100.92,0.0053,2026-07-25 11:35:17.479934
UC3hMaRzpd5zN-s-BTZ5t_UQ,Abby dela Paz,1,327755,5900,231,0,655.51,0.0187,2026-07-25 11:35:17.479934
UC3hQ3aWbZhl9RURJmKaaTPA,Haberegider.com,2,97327,1080,62,0,194.65,0.0124,2026-07-25 11:35:17.479934
UC3hTyLR4MNrNIZj3oiYZ__w,donJani,1,458205,446,54,0,916.41,0.0011,2026-07-25 11:35:17.479934
UC3hbOdG5dQchf1uDtAdn78w,Mevlüt Yalçın,1,148,0,0,0,0.3,0.0,2026-07-25 11:35:17.479934
UC3hmauaMVYsFYe8Fw6bflaw,Mahzen-i Esrar-ı Musiki,1,76505,503,11,0,153.01,0.0067,2026-07-25 11:35:17.479934
UC3hndQbP-SxedT6OHSBxa4g,Mariane Prato,1,52762,2700,50,0,105.52,0.0521,2026-07-25 11:35:17.479934
UC3hsgMFxUNvihou98p3Ns6A,UYAN KAMERA,3,6392,29,3,0,12.78,0.0032,2026-07-25 11:35:17.479934
UC3htDI_faeuiEsdmQvxa_KA,Murat Yıkılmaz,1,1176329,11000,209,0,2352.66,0.0095,2026-07-25 11:35:17.479934
UC3iAyKKTO9yHzFHEPsAWVqQ,Mehmet CEYLAN,1,3460,7,0,0,6.92,0.002,2026-07-25 11:35:17.479934
UC3iNdSV_RQU7DHTGpqEW96w,Andrei Terbea,1,291740,13000,102,0,583.48,0.0449,2026-07-25 11:35:17.479934
UC3iVde7DUj4hOQgnHbxVuew,Asia Society,7,784606,6571,861,0,1569.21,0.0114,2026-07-25 11:35:17.479934
UC3iZi-xriTVW2yZn6OTP4xA,Elya Hajiyeva,1,1649017,6000,578,0,3298.03,0.004,2026-07-25 11:35:17.479934
UC3icoue9w-9uqxewz_kK6Fg,Танцы со звездами,1,118115,289,68,0,236.23,0.003,2026-07-25 11:35:17.479934
UC3isa6vhCV5rHqndESTde_w,Ruh-u Revan,3,100623,2248,55,0,201.25,0.025,2026-07-25 11:35:17.479934
UC3j1ZakCN7RA-8oSWtFlU_g,MOROZOVA,9,55970604,314344,16439,0,111941.21,0.0065,2026-07-25 11:35:17.479934
UC3j4njBdXBQRrJj9XuRevcQ,EmRaH ÇeLiK,1,173,28,2,0,0.35,0.1734,2026-07-25 11:35:17.479934
UC3j7rFBNVtaMD-IIvf9DLtg,AvgeekYVR,2,1091257,4694,609,0,2182.52,0.0089,2026-07-25 11:35:17.479934
UC3jKkmwbXRxOFIy-PYmf54g,KafeinSiz,1,60996,1700,103,0,121.99,0.0296,2026-07-25 11:35:17.479934
UC3jO0Wf9vC2hmIBb0p5v-yw,Kürşad ÇELİK,1,1440026,11000,477,0,2880.05,0.008,2026-07-25 11:35:17.479934
UC3jpxvxM5mZ_pmMTPT3Dp1g,Moon Light Status,1,27867720,222000,10000,0,55735.44,0.0083,2026-07-25 11:35:17.479934
UC3jxvEIIYjVldvkNye3dfvA,Beste Ekranı,1,42724,242,42,0,85.45,0.0066,2026-07-25 11:35:17.479934
UC3kC4BrZ5Pr_J5onzgo5Heg,sccastaneda,3,30351,2336,55,0,60.7,0.0808,2026-07-25 11:35:17.479934
UC3kU2wdJ-PDJ4wZ1se7yBzg,Olivier Gomis,1,822970,16000,550,0,1645.94,0.0201,2026-07-25 11:35:17.479934
UC3l7Ce8u45jQDU9rewLnANA,rcageman,1,1024309,3700,265,0,2048.62,0.0039,2026-07-25 11:35:17.479934
UC3l7ZbpkKtysSaSrkasKuLQ,Ariel Kashanchi,1,82272,226,38,0,164.54,0.0032,2026-07-25 11:35:17.479934
UC3lBdQYfRicX_TGlF6JSVOw,ogunlerehasretim,2,4207717,8112,664,0,8415.43,0.002,2026-07-25 11:35:17.479934
UC3la-3YpoWxzgN7kb9AJ3eg,Soma Karaelmas Web TV,1,2242,16,0,0,4.48,0.0071,2026-07-25 11:35:17.479934
UC3lai9AyuagEeSCcWrasQ-g,Golden hands,8,4213234,97362,2553,0,8426.47,0.0332,2026-07-25 11:35:17.479934
UC3lzyH8HF6wHQ-wgnk5HNTw,Mustafa Ertunç,1,1789,4,0,0,3.58,0.0022,2026-07-25 11:35:17.479934
UC3m4nugBxVXEiwhjc5ZvXtA,expert28,1,6021,22,2,0,12.04,0.004,2026-07-25 11:35:17.479934
UC3m8IF_W9UwKwRx4be7yJOw,Kovacs,1,16246458,95000,2500,0,32492.92,0.006,2026-07-25 11:35:17.479934
UC3mCvwq6sCAjAUZTvGxIxCQ,Milena,1,7864849,19000,1500,0,15729.7,0.0026,2026-07-25 11:35:17.479934
UC3mGudwqUCWNddqHEnmxqMQ,windman777,1,56589,121,9,0,113.18,0.0023,2026-07-25 11:35:17.479934
UC3mN2ESf_MsMKGz0bd5XQdg,Pusu demiryurek,5,2949188,8692,671,1,5898.38,0.0031,2026-07-25 11:35:17.479934
UC3mQIu5FQ0HaRwYGL31xdwA,Özdemir Müzik,17,12637975,42084,3586,0,25275.95,0.0044,2026-07-25 11:35:17.479934
UC3mRvlsrA_K0cEmoTC3KseA,Aslıhan İŞİNDEN,2,2010107,10100,643,0,4020.22,0.0052,2026-07-25 11:35:17.479934
UC3mVuqEUvbTQwGwOANDCojQ,HÜSO,4,4349401,27700,7500,0,8698.8,0.0087,2026-07-25 11:35:17.479934
UC3mpWxLFVnCwlKtBzp3D9sQ,Emin Mehdisoy,1,70086,2900,10,0,140.17,0.0415,2026-07-25 11:35:17.479934
UC3msRrQ4e3LilOQvgZyTrMg,Birgülün Lezzetleri,1,138171,1200,88,0,276.34,0.0093,2026-07-25 11:35:17.479934
UC3myQCpHA0Nksy3BHYtUVfQ,RonaldoXDMessi,1,29573788,70000,5200,0,59147.58,0.0025,2026-07-25 11:35:17.479934
UC3nMZLRNh-3dI9JAAkcikBA,MALFA,1,19461796,138000,15000,0,38923.59,0.0079,2026-07-25 11:35:17.479934
UC3n_VCu_Is13EcKY1mP7KdA,Yücel Kayık,1,152979,418,75,0,305.96,0.0032,2026-07-25 11:35:17.479934
UC3nl-A6eC4Tm_hlO7sgSkUQ,Elena Matveeva,2,1226509,26300,498,0,2453.02,0.0297,2026-07-25 11:35:17.479934
UC3oE99pNUK1U6YgMWZ6PtUA,Ortaks Yapım,1,8908,80,35,0,17.82,0.0129,2026-07-25 11:35:17.479934
UC3ou6uxDGRpLzCjD1djeVjA,İLKİM ÖZ,2,1469,14,0,0,2.94,0.0207,2026-07-25 11:35:17.479934
UC3ouxU2kDv1YKTw7p8DqB0A,Yasin Pehlivan,1,218752,1400,263,0,437.5,0.0076,2026-07-25 11:35:17.479934
UC3p2C8l6t6HnL_89P8-vmVw,mirzali production,1,6605174,74000,4300,0,13210.35,0.0119,2026-07-25 11:35:17.479934
UC3p6RnGpU0QQ_H7eYbnH2AA,Little Miss Sofia,6,68083404,218000,63500,0,136166.81,0.0041,2026-07-25 11:35:17.479934
UC3p9sxyTekn3UoI0keyG_ew,kamerzanov,2,593470,11900,297,0,1186.94,0.0318,2026-07-25 11:35:17.479934
UC3pUXwffZh6zgBqE8CBakoA,La Edri,1,29524,269,24,0,59.05,0.0099,2026-07-25 11:35:17.479934
UC3pc9rgutVLFgfQiKXM63Pw,Yakın Bilgi,1,4450,9,0,0,8.9,0.002,2026-07-25 11:35:17.479934
UC3pgDhb7Buj7y4J5-x-mH5Q,Kerim Yağcı,5,4867227,34981,813,0,9734.46,0.0228,2026-07-25 11:35:17.479934
UC3prwMn9aU2z5Y158ZdGyyA,CRUX,1,1328,47,9,0,2.66,0.0422,2026-07-25 11:35:17.479934
UC3qIqDp_Fji1Zwh6l0Ewpag,Çeyrek Asırlık Çınar : Hasret Gültekin,3,212250,1066,26,0,424.5,0.0046,2026-07-25 11:35:17.479934
UC3q_TehHdue4vefX6DysdfQ,Mühacir TV,3,390865,7798,594,0,781.72,0.05,2026-07-25 11:35:17.479934
UC3qddikkaVtO5VUKhe7IF-w,Beauty Tips by Karla,2,2964874,53000,2235,0,5929.75,0.0201,2026-07-25 11:35:17.479934
UC3qe-MDELKdF3rDvQypWpvQ,Bahadır ELİÇETİN,3,21775,478,41,0,43.56,0.0257,2026-07-25 11:35:17.479934
UC3qval-9K0ihLfldVGdPeWw,You Discover,1,4729788,9000,1400,0,9459.58,0.0022,2026-07-25 11:35:17.479934
UC3r2K8OBmLtIY9ryNRmPxMw,Milen Levendov,1,1047363,2500,439,0,2094.73,0.0028,2026-07-25 11:35:17.479934
UC3r5Ut5vfnkBQ_qkhgIviVw,Наблюдатель реальности,4,1346033,10900,1470,0,2692.07,0.0098,2026-07-25 11:35:17.479934
UC3rAuzRHVP9tn6ZiaGyjDtA,GÜNDEMİN SESİ,30,2261737,27918,1222,0,4523.49,0.0193,2026-07-25 11:35:17.479934
UC3rCOos_Hm_fL36iZntFn0g,Güncel Videolar,1,1203834,4800,253,0,2407.67,0.0042,2026-07-25 11:35:17.479934
UC3rI00KRSzF_mqq3rYgXXRQ,Кинотека,2,887500,3200,689,0,1775.0,0.0045,2026-07-25 11:35:17.479934
UC3rK4_AbQfu1Lv9GI1tKp4A,Rene Ritchie,1,116314,2200,139,0,232.63,0.0201,2026-07-25 11:35:17.479934
UC3rLoj87ctEHCcS7BuvIzkQ,MsMojo,20,39449445,312300,20391,0,78898.9,0.0132,2026-07-25 11:35:17.479934
UC3rNNmW2N6WZHv8CpopEAeg,ÇAMGİLLER58,1,1132683,6300,702,22,2265.37,0.0062,2026-07-25 11:35:17.479934
UC3rZmmx9fI1xGFyPlSdarvw,Зимистан Гасанов,1,266029,1600,110,0,532.06,0.0064,2026-07-25 11:35:17.479934
UC3reD8o2a0Ronol8WV-w2NA,kazım taşyürek,1,5847,18,0,0,11.69,0.0031,2026-07-25 11:35:17.479934
UC3rfj7rzQS5w9EmXHqT5sKQ,Cars stories,1,900397,4500,359,0,1800.79,0.0054,2026-07-25 11:35:17.479934
UC3rl5PX6BGJne0tkJXNQZEw,İlayda Özkök,3,1514095,20700,2218,0,3028.19,0.0155,2026-07-25 11:35:17.479934
UC3rrzHpFzshYjIMk8YFc52w,CooL Vines,2,328254101,1171000,149000,0,656508.2,0.0041,2026-07-25 11:35:17.479934
UC3s2GsyHV4p3uDr-t5NImGQ,Sêal Badini,1,10960,222,16,0,21.92,0.0217,2026-07-25 11:35:17.479934
UC3s2KHzf4sZMP6MWDpBj13w,rlcook75,1,1722204,14000,925,0,3444.41,0.0087,2026-07-25 11:35:17.479934
UC3sPs5IviKvf_BWQvVY-hCw,netd music world,3,2319090,14184,759,0,4638.18,0.0081,2026-07-25 11:35:17.479934
UC3sUXXXvm0BcU8MS3KcXOig,Aviation International News,2,205439,3556,87,0,410.88,0.0114,2026-07-25 11:35:17.479934
UC3scSegrNcjYZb29uR8Xu_w,Alican Akhan,3,130264,628,75,0,260.53,0.0097,2026-07-25 11:35:17.479934
UC3ssqbpr0XXoLbwls22Osdg,Tugce Tarzan,1,190,4,2,0,0.38,0.0316,2026-07-25 11:35:17.479934
UC3sz3Q54MdpM5GFDfu8XEuA,Sumer Kamber,2,95735,130,18,0,191.47,0.0016,2026-07-25 11:35:17.479934
UC3t105QXyUqbA5W0f3xFLkg,handan aksu,2,592173,2946,178,0,1184.35,0.0051,2026-07-25 11:35:17.479934
UC3tDaDoZ-6yWIwoTyZOF0wA,Cansu Yıldız,1,6290,76,7,0,12.58,0.0132,2026-07-25 11:35:17.479934
UC3tKj51mPCSDvrzqEb8k2xQ,Aleyna Akkaya,1,151515,3500,123,0,303.03,0.0239,2026-07-25 11:35:17.479934
UC3tSTjrui8_437GJ_Gscrhw,remaxjoker,1,100843,1400,46,0,201.69,0.0143,2026-07-25 11:35:17.479934
UC3tSqpRQwBNk8nrdi0vg-pg,Hüseyin Murat ÇİNKILIÇ,2,34097557,101100,2961,0,68195.11,0.0037,2026-07-25 11:35:17.479934
UC3tT217E-aDimPmjXRTiIWg,Хит ТВ,2,19464869,46600,10600,0,38929.73,0.0027,2026-07-25 11:35:17.479934
UC3tYbd30fz9Yp6WNXXekGMQ,Экстрасенс Алексей,1,1179291,3900,945,0,2358.58,0.0041,2026-07-25 11:35:17.479934
UC3tZJXLYRhVRwgQMVBs3XCQ,sezoro,1,87387,389,58,0,174.77,0.0051,2026-07-25 11:35:17.479934
UC3t_QKERx_QcfYW-4U6180w,MELEK ROJHAT OFFICIAL,1,196743,1200,76,0,393.49,0.0065,2026-07-25 11:35:17.479934
UC3u7URxSqN70zuJ5Yb_ryPg,Motor1 Italia,1,68670,732,40,0,137.34,0.0112,2026-07-25 11:35:17.479934
UC3uFur9PRjYnnqQgkJDs5iw,24 TV,1,9999,181,2,0,20.0,0.0183,2026-07-25 11:35:17.479934
UC3uGX55zrcmGEGqhCUS3lcQ,gezgin mehmet bilgin,1,336,6,5,0,0.67,0.0327,2026-07-25 11:35:17.479934
UC3uJIdRFTGgLWrUziaHbzrg,BloombergQuint,2,1219177,5500,940,0,2438.35,0.0086,2026-07-25 11:35:17.479934
UC3uWIjl9yhtOtLC8Ebl745Q,Ibi Karakayali,1,346054,1900,38,0,692.11,0.0056,2026-07-25 11:35:17.479934
UC3uiNbvAzQVf-FpqWlppOlQ,yoktanadam,2,1454667,2304,234,0,2909.34,0.0031,2026-07-25 11:35:17.479934
UC3v9sMYPJPw_TqIdprZMF4Q,Zadik H. Mayuk,2,21398922,45000,3492,0,42797.84,0.0023,2026-07-25 11:35:17.479934
UC3v9waaAEqtbf1KtuJzFdsg,Bülent Sevinç,28,280593,4600,347,0,561.2,0.0327,2026-07-25 11:35:17.479934
UC3va2H6zPPEop99K9H6WLfQ,Stanyakeup,1,186,35,2,0,0.37,0.1989,2026-07-25 11:35:17.479934
UC3vcmwLuhdYvtahdEYQlKPg,7'den 70'e,6,1466822,4727,1057,9,2933.64,0.0045,2026-07-25 11:35:17.479934
UC3veXixd-drDKoCyf6IBRdg,CapaMag TV,1,3447,14,5,0,6.89,0.0055,2026-07-25 11:35:17.479934
UC3veYJXd7aIhsq1DI7D2ghw,İhsan Eliaçık - Bana Dinden Bahset,15,264435,2097,203,0,528.86,0.0093,2026-07-25 11:35:17.479934
UC3vlepKEjHxICvR4eoPqe2g,Black Busa,1,2562580,4100,3500,0,5125.16,0.003,2026-07-25 11:35:17.479934
UC3w193M5tYPJqF0Hi-7U-2g,Dr. Eric Berg DC,1,21274,1500,37,0,42.55,0.0722,2026-07-25 11:35:17.479934
UC3w50zx7PCymaILDH9stn1Q,benjaminMUFC85,1,296760,1000,107,0,593.52,0.0037,2026-07-25 11:35:17.479934
UC3wTRGOG_s8-xkQnrlqERBA,FootballClub ARMENIA,2,191243,1369,297,0,382.49,0.0078,2026-07-25 11:35:17.479934
UC3wXDfGCnMupdqM-HtAnbrw,Farmasi Rehberi,1,7938,25,3,0,15.88,0.0035,2026-07-25 11:35:17.479934
UC3wrSmAv4Q719NNyHn8h3lQ,Ahmet Kemal ÖNCÜ,1,3608,97,3,0,7.22,0.0277,2026-07-25 11:35:17.479934
UC3wsa5uu4-OeVEZhiB7sLug,bi'kafalar,2,505408,10244,197,0,1010.82,0.0163,2026-07-25 11:35:17.479934
UC3wvh04Wj1DE7HNMRF8R8jw,IdrisUstaUSA,4,451888,9181,596,0,903.78,0.0262,2026-07-25 11:35:17.479934
UC3wygMmk_Tzc4wfMdErNsjA,Myrat Mollayew,2,170435,1839,121,0,340.87,0.0125,2026-07-25 11:35:17.479934
UC3xChb5-x5VpFwPKWXrfyag,La Llave del Baúl,3,7224,578,16,0,14.44,0.0817,2026-07-25 11:35:17.479934
UC3xiLtzcga6n7nhvQf-s5-A,UWOODWORKER,1,5577555,15000,3300,0,11155.11,0.0033,2026-07-25 11:35:17.479934
UC3xlRtVpslGzGD4rMMxJuew,Rauf Hacıidrisov Cöngəli,1,6653,94,6,0,13.31,0.015,2026-07-25 11:35:17.479934
UC3y1VNzSbMVIUlKC2ErEVZw,Liah Yoo,3,1603251,43700,645,0,3206.5,0.0351,2026-07-25 11:35:17.479934
UC3yDP9DLJI7rPqPovQaOJMg,GioCode,2,299936,11400,288,0,599.87,0.0598,2026-07-25 11:35:17.479934
UC3yE4CXFwzh6rZhGafn-LMQ,Ema Channel,1,237889,4100,226,0,475.78,0.0182,2026-07-25 11:35:17.479934
UC3y_jEHON_CmYa2R3m-prgw,İstanbul Sabiha Gökçen Havalimanı,1,852,8,0,0,1.7,0.0094,2026-07-25 11:35:17.479934
UC3yfAsewtqMD7q31MWeWjDA,Uğur Önür,13,1009665,13628,333,2,2019.34,0.0169,2026-07-25 11:35:17.479934
UC3ylwu75yr36U4WbOb6McCQ,eren lunapark,1,11622913,17000,3200,0,23245.83,0.0017,2026-07-25 11:35:17.479934
UC3ynZ0QlKzqpUmvXniwAEUg,Yuri Medianik,1,4467507,33000,1000,0,8935.01,0.0076,2026-07-25 11:35:17.479934
UC3ypJbzcEY_K1KmY4ZPNWkg,Aşk-ı Roman,1,196793,948,107,0,393.59,0.0054,2026-07-25 11:35:17.479934
UC3yur1i0FdEZRReH1JElShQ,Hồng Ân Bolero,2,10574678,14800,4000,0,21149.36,0.0023,2026-07-25 11:35:17.479934
UC3z7O-wIPItVan1SI60ZH1w,Sevâdül A'zam,2,2920,44,0,0,5.84,0.0151,2026-07-25 11:35:17.479934
UC3z9S2WXr6BRZm5bAU3DS6Q,NATO News,1,3595,67,7,0,7.19,0.0206,2026-07-25 11:35:17.479934
UC3zAA7d7HJnE7q0nfBPliow,İbrahim KESKİN,3,11792,163,4,0,23.58,0.0143,2026-07-25 11:35:17.479934
UC3zL4OCwEHg9Y-zFD5DiMSA,Ve BOOM!,2,104001,809,125,0,208.01,0.009,2026-07-25 11:35:17.479934
UC3zb0PedAucM37yYvJT-5HA,ERKAM MATBAA,1,7072118,23000,1200,0,14144.24,0.0034,2026-07-25 11:35:17.479934
UC3zcsKJpx645vv8VhALm2Zg,ARDA DORUK ARŞİVİ,1,104242,2000,111,0,208.48,0.0203,2026-07-25 11:35:17.479934
UC3zea2g4Ee9dz16elJnO1VQ,ramzi maharramov,1,372322,1600,95,0,744.64,0.0046,2026-07-25 11:35:17.479934
UC3zgyFLRJ4kBQBT5_17smTw,Muhammet BAYRAM,1,139640,1000,117,0,279.28,0.008,2026-07-25 11:35:17.479934
UC4-AGCUwX7C-D4BsBook9fQ,YAFTV,6,6360764,147000,2367,0,12721.54,0.0265,2026-07-25 11:35:17.479934
UC4-P0jPeF2_SfTnVVZmpw5g,Akif Durak,1,4090234,11000,1500,0,8180.47,0.0031,2026-07-25 11:35:17.479934
UC4-ZCcj_906sexpJAEpnWDQ,Karmati Arman,1,51015,1300,93,0,102.03,0.0273,2026-07-25 11:35:17.479934
UC4-ZqA3IaKK4_w48qOnUdwQ,beskozlu02,9,5619907,16910,1120,0,11239.81,0.0023,2026-07-25 11:35:17.479934
UC4-eGDvOe41__-RiE0E9L6A,FV FAMILY,2,46118589,392000,22800,0,92237.18,0.0082,2026-07-25 11:35:17.479934
UC402YAOfXO-fQuqLNTtB_OQ,YGA,2,97417,1065,23,0,194.84,0.0132,2026-07-25 11:35:17.479934
UC40N88B0YjsJao1AMJ7G67Q,İHYA TV,8,416138,6992,273,0,832.27,0.015,2026-07-25 11:35:17.479934
UC40YCNWb6NAEwOt0GZwlyJw,hasret can,1,41872,104,16,0,83.74,0.0029,2026-07-25 11:35:17.479934
UC40aERJTVbas2JxGlwdFTRw,Javid Music,1,738451,14000,363,0,1476.9,0.0195,2026-07-25 11:35:17.479934
UC40biv7j2zjqcMYkE04kLNQ,ARI TV,2,328186,3930,201,0,656.37,0.0139,2026-07-25 11:35:17.479934
UC40hnRtm3QOmDPgY5BoWUzw,Otomobil Dünyam,6,2510790,16625,1589,18,5021.57,0.0137,2026-07-25 11:35:17.479934
UC40i8bw1nXUD413uYUcYMRg,coccinelle,1,1894719,4600,417,0,3789.44,0.0026,2026-07-25 11:35:17.479934
UC40mUTIED1dmjiNztbjBVfw,pkwvermittlung,1,6646549,29000,1100,0,13293.1,0.0045,2026-07-25 11:35:17.479934
UC40p6E-nxP5XcuLb5EbDLiQ,AmaziCo,2,44925,253,27,0,89.85,0.0062,2026-07-25 11:35:17.479934
UC40sX7xCzbsjym4gWWhhkSg,bi'müzik,1,47149,259,7,0,94.3,0.0056,2026-07-25 11:35:17.479934
UC417XflHz1zOnbZrzf4D0ow,Dilara Kurtulmuş,4,1096011,41800,1561,0,2192.02,0.0434,2026-07-25 11:35:17.479934
UC41Agkgh8uHhcg2Qdm0WWwA,DIMASLPO Edmilson Dantas,1,74326,532,3,0,148.65,0.0072,2026-07-25 11:35:17.479934
UC41GHsi-F40DiDT2DFAWW0w,WooHoo,5,29108536,175000,22200,0,58217.06,0.0078,2026-07-25 11:35:17.479934
UC41GuD_I41eEuo7KJUbnnRQ,훈타민 Hoontamin,1,1344687,16000,553,0,2689.37,0.0123,2026-07-25 11:35:17.479934
UC41IypEzIdvPzvmTZi9hXPg,trh200v1tr,1,744214,4100,262,53,1488.43,0.0059,2026-07-25 11:35:17.479934
UC41TrqvecxEKWLHi7DLV5Fg,SEN DE ÜRETEBİLİRSİN,1,474252,3500,615,0,948.5,0.0087,2026-07-25 11:35:17.479934
UC41b-vnNaSRk46igbSipv5g,Şok Oldum,1,6566,35,5,0,13.13,0.0061,2026-07-25 11:35:17.479934
UC41g9YRmJ7fORkDHPF5oF4Q,Tuncay Yancı,1,46768,116,4,0,93.54,0.0026,2026-07-25 11:35:17.479934
UC41mNGc_sCPqoNOtBsiScJw,אבי גואטה הפקות,4,661623,2282,122,0,1323.24,0.0044,2026-07-25 11:35:17.479934
UC425T_qls6kmKrfBmtzGsOQ,DeliciousRevolution,1,808008,11000,576,0,1616.02,0.0143,2026-07-25 11:35:17.479934
UC42FfDR70Ev6l_a-w3kRWBw,berat asicioglu,1,93323,511,33,0,186.65,0.0058,2026-07-25 11:35:17.479934
UC42MNA0gS7mSI9wKq9zqNyQ,TRMK,1,25762,120,10,0,51.52,0.005,2026-07-25 11:35:17.479934
UC42c32Dt72hFd7ZEE3Ti8Xg,Kadınla Hayata Dair,1,2103,27,2,0,4.21,0.0138,2026-07-25 11:35:17.479934
UC42jSVHLH_2julp_SXS5aYQ,Artvizyon Müzik,1,157,3,0,0,0.31,0.0191,2026-07-25 11:35:17.479934
UC42tUIHzfmhoi1WvTFCZjbw,Mustafa Ay,1,7719,38,2,0,15.44,0.0052,2026-07-25 11:35:17.479934
UC43MdRXER9NE18nX7v3PQtQ,Ayşe Özaltın,1,10563,201,5,1,21.13,0.0196,2026-07-25 11:35:17.479934
UC4443JZOaPwYrqMkgwI_NeA,Стас Пьеха,2,4656992,18500,1262,0,9313.98,0.0043,2026-07-25 11:35:17.479934
UC44LshpFJSbLMjMUFb6_V2g,İzlemek Bedava TV,6,1204271,26429,2117,0,2408.55,0.0219,2026-07-25 11:35:17.479934
UC44W_Bfy0m0YCFRwR6TvPgw,Zoom Music &amp; Management,1,14485995,42000,2100,0,28971.99,0.003,2026-07-25 11:35:17.479934
UC44cIa0AIKl_-q_j3FheChg,Ksyusha Kids Club,2,14163182,46000,16751,0,28326.37,0.0126,2026-07-25 11:35:17.479934
UC44cUtfk35hfpWawqivcSlQ,Bilge Ali Akın,1,921,0,0,0,1.84,0.0,2026-07-25 11:35:17.479934
UC44eGZ76AJLHAxPaJ_MW2RA,TheEngineeringFamily,2,54076360,77500,33000,0,108152.72,0.0034,2026-07-25 11:35:17.479934
UC44y67uYMKGbPop8xKE473Q,justbaj,1,749763,3200,231,13,1499.53,0.0046,2026-07-25 11:35:17.479934
UC45SJnW64i6E05MVNOE1tGw,Aylinaki,1,76442,300,8,0,152.88,0.004,2026-07-25 11:35:17.479934
UC45TpZ_zFKpSGs3DsYAOYqg,turkiye.fights,1,274541,786,54,0,549.08,0.0031,2026-07-25 11:35:17.479934
UC45nAiajIMfdIXlhcxxrDtg,Marcia,1,24065,367,14,0,48.13,0.0158,2026-07-25 11:35:17.479934
UC464m6CMzu5v8LiXonnoXHQ,Breaking News,1,5349624,20000,4600,0,10699.25,0.0046,2026-07-25 11:35:17.479934
UC46KCPkdFWhSYCx57KG9C7A,OTEGEN OTEGEN,1,19646,327,14,0,39.29,0.0174,2026-07-25 11:35:17.479934
UC46YJ9p0d6MSUXRZFRZrwGQ,RTVMalacanang,2,1211720,5048,427,0,2423.44,0.0054,2026-07-25 11:35:17.479934
UC46aNf_xMUeuA2PlUFW6zeg,Hebibi Qubadzade,2,1452022,11400,384,0,2904.05,0.0102,2026-07-25 11:35:17.479934
UC46q-QSvoJz-1iSxPeuOqWA,BBC News Indonesia,2,494672,8057,319,0,989.35,0.0128,2026-07-25 11:35:17.479934
UC46wDGAZjXeFpctwBRSiAkQ,Victorio Kaisar,1,810657,2100,378,0,1621.31,0.0031,2026-07-25 11:35:17.479934
UC47A8e4-IlP30eCJQtbyqAA,Kadın Kanalı,7,930067,21296,1459,0,1860.12,0.0445,2026-07-25 11:35:17.479934
UC47C3TQO9hRZrkCej5YjqIg,Günün Haberleri,1,13484,50,12,0,26.97,0.0046,2026-07-25 11:35:17.479934
UC47Od4fxMViiImi8tFz3CnQ,GMG Garage,2,452126,17800,432,0,904.25,0.0406,2026-07-25 11:35:17.479934
UC47_xW02caxPoJxZVuzbhDw,NewBeauty Magazine,1,656110,5200,213,0,1312.22,0.0083,2026-07-25 11:35:17.479934
UC47hbYqLQ_vlYcKPUDvyUlA,Music Song Official,1,1284,0,0,0,2.57,0.0,2026-07-25 11:35:17.479934
UC47lxo2kH8OwwSJheq6f7rA,Merihli,1,266031,1100,197,0,532.06,0.0049,2026-07-25 11:35:17.479934
UC486Dg-8R6kixXuo8KyZqSA,Roma Türkçesi,1,671417,5200,268,0,1342.83,0.0081,2026-07-25 11:35:17.479934
UC48XBoBmkyBMElxbxVTkxRA,mainforumnet,1,2664046,3000,1300,0,5328.09,0.0016,2026-07-25 11:35:17.479934
UC48ZzjIigbfu00uOIPbf3Qw,NewTV101,2,21657,577,18,0,43.32,0.0274,2026-07-25 11:35:17.479934
UC48xNEUfIwh_R2Sc4qZYs4Q,Mustafa İpekçioğlu,2,775294,9000,193,0,1550.59,0.0111,2026-07-25 11:35:17.479934
UC498nymm9FxSHoQ7lsG76JA,Abby Smith,1,171563,4800,146,0,343.13,0.0288,2026-07-25 11:35:17.479934
UC49Wi0WMLRlgld9nNOKf1vg,Afrah Hamdy,4,1268770,52800,1070,0,2537.54,0.0395,2026-07-25 11:35:17.479934
UC49gk0VZGEQrW0HWBfVnzVA,YASİN ÇİL Neşet Ertaş ve Ustalar Arşivi,3,510202,2322,158,0,1020.41,0.0095,2026-07-25 11:35:17.479934
UC49if6153NFe5lUNFSmIDxw,TepkiKolik,13,10921004,315000,7462,326,21842.01,0.0333,2026-07-25 11:35:17.479934
UC49lePw9AWIw-moU-Mu542g,The 2nd European Games/Вторые Европейские Игры,1,320417,1500,87,0,640.83,0.005,2026-07-25 11:35:17.479934
UC49ta0RHXJUiID5KWRkcySw,SiriusXM,2,568926,5100,140,0,1137.85,0.0272,2026-07-25 11:35:17.479934
UC4A34yFloIv5dFUC3ogXHgQ,turkishaerospace,2,357113,4449,272,0,714.23,0.0106,2026-07-25 11:35:17.479934
UC4BH8flgVKorlmfnoVseybQ,teoman b.b Official,1,787213,3600,201,0,1574.43,0.0048,2026-07-25 11:35:17.479934
UC4BJLMmW74yIbZUX80l95Lg,s for style,1,75519,1200,99,0,151.04,0.0172,2026-07-25 11:35:17.479934
UC4BQzxhnIvEvOr-385pwK_Q,C8,2,1639798,4100,2051,0,3279.59,0.0051,2026-07-25 11:35:17.479934
UC4BZ3uEbmdP7uhKS2dnZcLQ,Emily Canham,8,4661143,105000,2070,0,9322.28,0.0316,2026-07-25 11:35:17.479934
UC4BtZ46NRPHzTNe-_w_Z_ww,Mirasch 2014,1,3376279,21000,2200,0,6752.56,0.0069,2026-07-25 11:35:17.479934
UC4Bw2oFO1yvXabjt95j0oKQ,Niki Sky,2,695245,9900,603,0,1390.49,0.0224,2026-07-25 11:35:17.479934
UC4C--nA7WOamaWRNVxjoU-g,susgunsevdam,1,7768055,24000,3600,0,15536.11,0.0036,2026-07-25 11:35:17.479934
UC4CHJSfCqL86EXClZlm7o1A,Zorba Müzik,1,164076,915,61,0,328.15,0.0059,2026-07-25 11:35:17.479934
UC4CeCH77vi73zo6m4p9LNJw,SeKeRBeLa,1,2235164,3900,327,0,4470.33,0.0019,2026-07-25 11:35:17.479934
UC4CpQoAPJNGGUPG92Fbwxqw,Madeleine Olivia,3,2110629,85000,902,0,4221.26,0.0375,2026-07-25 11:35:17.479934
UC4D4WkMi3p-Nt0OkbE-nT7A,Khosh Mazeh,2,1414078,2000,149,0,2828.15,0.0028,2026-07-25 11:35:17.479934
UC4DCBg9mk8zBnGaTw8E24xQ,seda müzik center,2,8074,105,12,0,16.15,0.0131,2026-07-25 11:35:17.479934
UC4DIbTA_CiaRGRFoz1Bwy_A,Steven Jochums,1,1582235,6800,772,0,3164.47,0.0048,2026-07-25 11:35:17.479934
UC4DQrsIcg5CaUDbghyBIzlQ,Mehmet Hamdi Bol,1,7843,410,13,0,15.69,0.0539,2026-07-25 11:35:17.479934
UC4DZRbQmscnNdY1e-LvYprQ,Gar Muzik official,2,823896,3255,198,0,1647.79,0.0105,2026-07-25 11:35:17.479934
UC4DiAkuPO1RfO7qLX73G6CA,Luisa Crashion,6,2211620,75700,2554,93,4423.23,0.0371,2026-07-25 11:35:17.479934
UC4DuuBxgHD2VwS1MNMlZkFA,Ghadeer Sultan,2,1167482,40900,1119,0,2334.96,0.0345,2026-07-25 11:35:17.479934
UC4ESMLCD174hI-M7QvFdXRQ,ekochoice !,1,4445997,8300,1700,0,8891.99,0.0022,2026-07-25 11:35:17.479934
UC4EY_qnSeAP1xGsh61eOoJA,YaleCourses,1,268511,0,0,0,537.02,0.0,2026-07-25 11:35:17.479934
UC4EYu8dyLt3Q7Eaf19Moo3Q,Love Music,1,4427544,0,0,0,8855.09,0.0,2026-07-25 11:35:17.479934
UC4Euikzr0bLKsnNuIKW6Sfg,On n'est pas couché,40,17564957,9873,1213,0,35129.92,0.0006,2026-07-25 11:35:17.479934
UC4EvrxVp3Z5A7yqU0Za7OCA,Emrah Demir,1,1049874,3700,501,0,2099.75,0.004,2026-07-25 11:35:17.479934
UC4EvzT-9ybJslBbnxgmPZFw,On2,1,9195229,17000,1800,0,18390.46,0.002,2026-07-25 11:35:17.479934
UC4F9d_GQFHj3PxMpylkt2aw,ismail Babadağ,1,98913,201,34,0,197.83,0.0024,2026-07-25 11:35:17.479934
UC4FAD0eWaftLvVzF-FDAANQ,Çıplak Yazar,1,3873441,8900,647,0,7746.88,0.0025,2026-07-25 11:35:17.479934
UC4FD7CAMfAEmUBM2CquQJ2Q,Alan B,1,781081,5600,395,0,1562.16,0.0077,2026-07-25 11:35:17.479934
UC4FLARHoiRq_NQD86jJx3KA,Vegitel Aerospace Tours,1,95866,138,3,0,191.73,0.0015,2026-07-25 11:35:17.479934
UC4Ffk2ixmt3sY3gEZMeMBUQ,BURAK ŞERİT,1,233845,1800,53,0,467.69,0.0079,2026-07-25 11:35:17.479934
UC4FpQvOu4ody93tn8cThbMg,Diziler Oyuncular,2,1943539,4004,1327,0,3887.08,0.0037,2026-07-25 11:35:17.479934
UC4GLsgVJoFX3EpVAIo_o5wg,Adak Müzik,3,287128,987,108,0,574.26,0.0057,2026-07-25 11:35:17.479934
UC4GP5JIdOTO6DmldzfjF0kQ,Mehmet Akif Gülen,1,173817,470,22,0,347.63,0.0028,2026-07-25 11:35:17.479934
UC4GWFPFuVW2X_4GXWPQa4Bg,CiCi Moya,1,48502,1200,28,0,97.0,0.0253,2026-07-25 11:35:17.479934
UC4GWRBI8kq-jNLd13_4joPw,MARİFETLİ ANNE,1,2230,43,4,0,4.46,0.0211,2026-07-25 11:35:17.479934
UC4GYJFyJ7cZVfqMNF0JZfTQ,Toastmasters International,3,2289895,19291,916,0,4579.79,0.0079,2026-07-25 11:35:17.479934
UC4Gi0larV1sQb57GvJt9XuQ,1Swarovski,2,8072832,12400,1165,0,16145.66,0.0017,2026-07-25 11:35:17.479934
UC4GuL3UP9X6FXOAOa-zHBcA,Haber Dünyası,2,824706,7322,637,43,1649.41,0.0191,2026-07-25 11:35:17.479934
UC4GzVIbK8bria6AOy43hY4Q,WisdomTalks,1,1381571,49000,494,0,2763.14,0.0358,2026-07-25 11:35:17.479934
UC4HTLL7sjboblINe_pRn24g,ATS,1,40908,198,18,0,81.82,0.0053,2026-07-25 11:35:17.479934
UC4Hh2k-SaobMO2v5h795ETA,HoronTUBE,1,80824,352,15,0,161.65,0.0045,2026-07-25 11:35:17.479934
UC4Hqou4TLnofkL6gneJ0Now,eglencelik,1,291706,2200,133,0,583.41,0.008,2026-07-25 11:35:17.479934
UC4HsumPi975_XPqpsU2tAqQ,Dearly Bethany,2,3641057,72700,2601,0,7282.11,0.0253,2026-07-25 11:35:17.479934
UC4I-VkZhwCAvaOicJoXHQnA,alparslan alperen,1,459730,4000,188,0,919.46,0.0091,2026-07-25 11:35:17.479934
UC4IHRtIXfqGJJOnGhr0Nkww,polybotum,2,1086170,2333,218,0,2172.34,0.0022,2026-07-25 11:35:17.479934
UC4INYOn37BWo1jWf7w3E3ig,Adrián Alcón Żurawka,1,760,22,0,0,1.52,0.0289,2026-07-25 11:35:17.479934
UC4IXcQnTrtz0OLt7p39E7Mg,Âlimler Akademisi,2,952826,5085,499,0,1905.65,0.0055,2026-07-25 11:35:17.479934
UC4I_rxVvxmT-xVT1uKT982w,ismail doğan,1,1342709,7000,223,0,2685.42,0.0054,2026-07-25 11:35:17.479934
UC4Id0dqeAbVTqEHYGSGNaqw,behlulist,1,194186,874,80,0,388.37,0.0049,2026-07-25 11:35:17.479934
UC4Id5qc7gd5ivA42pqnvQCw,Rebel in the High Castle,1,1037850,5400,426,0,2075.7,0.0056,2026-07-25 11:35:17.479934
UC4IdkZaHhXp5ZhuaQ8Uy7JA,Osman Çeber,1,455174,875,101,0,910.35,0.0021,2026-07-25 11:35:17.479934
UC4IhgQSETRnAIEb694TwQxQ,Success Secrets TV,1,391468,12000,235,0,782.94,0.0313,2026-07-25 11:35:17.479934
UC4J6uki6d-T0lbV5Nno0sCA,karaleke21,1,3468243,5900,459,0,6936.49,0.0018,2026-07-25 11:35:17.479934
UC4J7tVlM6ueQ1Pfk-VB1pHA,Ahmet Suha .Yavuz,1,3548661,7000,776,0,7097.32,0.0022,2026-07-25 11:35:17.479934
UC4JCksJF76g_MdzPVBJoC3Q,ARY Digital,6,2426064,24049,1929,0,4852.12,0.0112,2026-07-25 11:35:17.479934
UC4JMZyyFMVLxH7GA-lwCH1w,Guitar Bar,1,305682,1900,68,0,611.36,0.0064,2026-07-25 11:35:17.479934
UC4JSjESi85p2MKwK_Nrk84A,DadoTheGoodVillain2,5,6087328,26485,2538,0,12174.65,0.0032,2026-07-25 11:35:17.479934
UC4K_LI-Tn3-LshNgG0-YypQ,CCTV LIVE,2,46395,195,5,0,92.79,0.004,2026-07-25 11:35:17.479934
UC4KfYOKBLC_eoWvP_E45kKQ,Magazine Gel,1,2769359,7500,1100,0,5538.72,0.0031,2026-07-25 11:35:17.479934
UC4Knoc2RH1ENQBBlMSUGrbg,Bilal Katmış,1,982625,4000,391,0,1965.25,0.0045,2026-07-25 11:35:17.479934
UC4Kp1CYiCquEvHUCdhYIr6Q,Tolga Çandar,5,571748,2905,110,0,1143.5,0.0055,2026-07-25 11:35:17.479934
UC4Kx7vrg4b_MTqdvvi4CYwg,HBB Defense Military,1,481622,3000,615,0,963.24,0.0075,2026-07-25 11:35:17.479934
UC4L4zi6-EK1rCNegqiyZuXg,Kamil Safiyev,1,404,0,0,0,0.81,0.0,2026-07-25 11:35:17.479934
UC4LADtN8xwppFydHUB1s5uA,Cosmopolitan,9,4577675,78400,2163,0,9155.36,0.0206,2026-07-25 11:35:17.479934
UC4LLj3VLw8-wpVDWt9dZV5A,okuyamıyorum dinliyorum,4,36039,1364,31,0,72.09,0.0495,2026-07-25 11:35:17.479934
UC4L_ZcYzrgvgddi0pa6drbA,cata81suwen,1,19501255,0,0,0,39002.51,0.0,2026-07-25 11:35:17.479934
UC4LlDwqwAdGXZK09NjcQNwg,masmynak,1,697963,5000,330,0,1395.93,0.0076,2026-07-25 11:35:17.479934
UC4LzIrLiFRSPnsOblGk9Fgw,Blue Bellvine,1,530681,5800,346,0,1061.36,0.0116,2026-07-25 11:35:17.479934
UC4MHa10gEIDEI3QtPFfUlcg,Youlduz,1,490572,6000,436,0,981.14,0.0131,2026-07-25 11:35:17.479934
UC4MTkYq-Ilwmyoj5Vs6Z5ew,Hamoud Alhawiti,1,190,12,0,0,0.38,0.0632,2026-07-25 11:35:17.479934
UC4Mor0DsmpfZOdAEr_ios-w,balkess,2,6299,5,0,0,12.59,0.0008,2026-07-25 11:35:17.479934
UC4MtMnx7ov5EIrfGvYjaEXg,Aşık Sıtkı Eminoğlu,10,158266,621,79,0,316.53,0.0062,2026-07-25 11:35:17.479934
UC4N2zZsiEKekE3eK3h0-Y2Q,Kogo Studio,1,6334,126,2,0,12.67,0.0202,2026-07-25 11:35:17.479934
UC4NArfL7e-9p7sNVarFxmIA,Kara Gunes,2,944493,4700,116,0,1888.99,0.0048,2026-07-25 11:35:17.479934
UC4NKOX5fb46MX6NyZtOJDYA,Kerem Özcan,2,525221,2895,54,0,1050.44,0.0065,2026-07-25 11:35:17.479934
UC4NbP117PzwKjA4I39BFJiA,ENGİN ORTA OFFICIAL,2,565417,3347,86,0,1130.83,0.0052,2026-07-25 11:35:17.479934
UC4O7QI2bLUBpn4xLoG63G6w,Pervin Dinçer,2,482530,2957,135,1,965.06,0.0056,2026-07-25 11:35:17.479934
UC4O88FyMTPqFckXLhvdDeTg,Ulug'bek Rahmatullayev,2,13079356,43800,4241,13,26158.71,0.0051,2026-07-25 11:35:17.479934
UC4OZfMja7iPKKe8tkPwb_lQ,5n1ktv,1,397693,1900,295,0,795.39,0.0055,2026-07-25 11:35:17.479934
UC4Ohyy56H4EZAy0Pagsv3iA,Koza Tv,1,676848,1700,194,0,1353.7,0.0028,2026-07-25 11:35:17.479934
UC4OyafZ8RARa-I8GdIc8U_w,Ömrüm emel,1,158100,1000,46,0,316.2,0.0066,2026-07-25 11:35:17.479934
UC4OzOLKnHBTuLh-rvlGkBLA,Lalegül Yayıncılık,10,178199,5302,152,0,356.41,0.0366,2026-07-25 11:35:17.479934
UC4P1-FIMs2tJX-SmB1K3dSg,Sokak Müzisyenleri,2,642809,4225,247,0,1285.62,0.0152,2026-07-25 11:35:17.479934
UC4P4Pz9Q0R7mg0gi1ThGF8g,Yusuf Gezer,2,136090,169,15,5,272.18,0.0016,2026-07-25 11:35:17.479934
UC4PBNr7mz-zrcQ8zsgSfyhg,VASAT KİTABEVİ,3,458960,8700,1888,0,917.91,0.0318,2026-07-25 11:35:17.479934
UC4PUeZ5prCdq1bTEZ_ffHEQ,Gülçinin metbexi,1,168076,2300,222,0,336.15,0.015,2026-07-25 11:35:17.479934
UC4PdoQ6LZUDNlVk2d-LIGGg,Mr. DK DIY,1,979979,4600,719,0,1959.96,0.0054,2026-07-25 11:35:17.479934
UC4PfbmWeMrjN1AqmgvMfgJQ,nil otan,1,730334,2400,87,0,1460.67,0.0034,2026-07-25 11:35:17.479934
UC4PmyyXRsmW9r_9rYDAjzrw,Murat Koç,1,257,7,0,0,0.51,0.0272,2026-07-25 11:35:17.479934
UC4PooiX37Pld1T8J5SYT-SQ,Good Mythical Morning,5,22498794,362000,8063,0,44997.58,0.0176,2026-07-25 11:35:17.479934
UC4PziMH5MvvsmqM0VCZTy-g,The Graham Norton Show,11,49447312,406100,9194,0,98894.6,0.0111,2026-07-25 11:35:17.479934
UC4Q-7-IljvBIcVvGpRJsdSA,Onur Emre Danışman,2,944996,3200,219,0,1889.99,0.0042,2026-07-25 11:35:17.479934
UC4Q5m388dpDYM0bZ9cT2alQ,Grup Firat - Piyanist Şenol,1,687108,2900,544,0,1374.22,0.005,2026-07-25 11:35:17.479934
UC4QDFxzul4sALEtw2Z2IlcA,traktorsevenler.com,2,434506,1100,186,5,869.01,0.0028,2026-07-25 11:35:17.479934
UC4QM7ETZ-4dcpC_3FhebDqA,Emre Gülüm,3,104614,651,24,0,209.23,0.0078,2026-07-25 11:35:17.479934
UC4QZ_LsYcvcq7qOsOhpAX4A,ColdFusion,11,22425218,418000,12631,0,44850.43,0.0249,2026-07-25 11:35:17.479934
UC4QgFBSKfYg1fYhHX00hhYQ,Necip Çetin,2,1890,48,0,0,3.78,0.0383,2026-07-25 11:35:17.479934
UC4QkkoJHYdPnTg04trgdDRg,Xaqani Masalli,1,366348,2600,216,0,732.7,0.0077,2026-07-25 11:35:17.479934
UC4QolzCx6IK1sCXiY6IpCHw,Dinho,1,6626752,58000,2400,0,13253.5,0.0091,2026-07-25 11:35:17.479934
UC4QyTpuQKpBFWbA5mKqLUPA,publicystykatvp,1,712,16,5,0,1.42,0.0295,2026-07-25 11:35:17.479934
UC4RMuUvWBzuJGqy6OITmpMg,Osman Cavcı,2,7058,112,5,0,14.12,0.0167,2026-07-25 11:35:17.479934
UC4ROUqL8tNPN_I6ocHZR7jw,GüNcEL HaBer,1,190526,906,106,0,381.05,0.0053,2026-07-25 11:35:17.479934
UC4RRwAtw2dLrPvbl8VKGvHA,Diana Saldana,4,1042052,26000,980,0,2084.1,0.0369,2026-07-25 11:35:17.479934
UC4RUO-bJs55EGboTYQYz5Tw,Hatice Tekin,1,3783,66,6,0,7.57,0.019,2026-07-25 11:35:17.479934
UC4Rak5HTX_eyQhvnw9c09WA,Public Monkey,1,1652862,4700,1300,0,3305.72,0.0036,2026-07-25 11:35:17.479934
UC4Rk-F9BRHXcXXDK3iboqMA,O Zan,1,1743,0,0,0,3.49,0.0,2026-07-25 11:35:17.479934
UC4RqXWFYEf0rmRFaGbLljGQ,Onur Dersim,1,3376998,8000,1600,0,6754.0,0.0028,2026-07-25 11:35:17.479934
UC4SLIGIXuuSlpuwFza2wIGQ,Toma Pahladi,1,228470,2400,147,0,456.94,0.0111,2026-07-25 11:35:17.479934
UC4SURIa6DkYowM_Md1N8jpg,Junior Park,7,5966485,40400,5807,0,11932.97,0.0087,2026-07-25 11:35:17.479934
UC4SUWizzKc1tptprBkWjX2Q,South China Morning Post,5,6155696,50147,3848,0,12311.4,0.0083,2026-07-25 11:35:17.479934
UC4SbZyjglj2r2G4j9VNXkJQ,Merve &amp; Samet Görgöz,11,1044437,13922,1095,3,2088.87,0.0196,2026-07-25 11:35:17.479934
UC4Sby3GtJFBqQ_vsemF3vCA,foketux,1,874310,8300,243,0,1748.62,0.0098,2026-07-25 11:35:17.479934
UC4Snt90pJvXHWoUAMsYSN0w,Maclean's,4,1275037,7614,1301,0,2550.07,0.0091,2026-07-25 11:35:17.479934
UC4SuEgRSjs_6Rp7IY4MU8fg,Голос Германии,9,10819387,146700,4599,0,21638.78,0.0205,2026-07-25 11:35:17.479934
UC4TRN0nDiQUEWlz28rdgpPw,Cyn,2,219899,1808,55,0,439.8,0.0085,2026-07-25 11:35:17.479934
UC4Tio2Lv0lEfsA0mj4gaI-Q,Türkçe Hadis,1,2590,78,3,0,5.18,0.0313,2026-07-25 11:35:17.479934
UC4TjjoiklE7zMJPN7jEqJGw,LemarTV,42,16710387,74073,8241,0,33420.79,0.0109,2026-07-25 11:35:17.479934
UC4Tklxku1yPcRIH0VVCKoeA,Quantum Tech HD,28,182883258,800300,105049,0,365766.52,0.0048,2026-07-25 11:35:17.479934
UC4U11ek-YAnFqaUDGLlzPQw,Gurdeep singh babbar,1,989869,16000,2500,0,1979.74,0.0187,2026-07-25 11:35:17.479934
UC4UP9JhbmSn7-AKyFzT0UiQ,Şəhriyar TV,2,31026,434,19,0,62.06,0.0139,2026-07-25 11:35:17.479934
UC4USiFrWYW5sV-VmHmUYzog,EmlakGezen,1,1217,2,2,0,2.43,0.0033,2026-07-25 11:35:17.479934
UC4UWlPvmundAxPomGXeUYow,BEST COLLECTION,1,5509849,30000,1500,0,11019.7,0.0057,2026-07-25 11:35:17.479934
UC4UiG3aHhqZ-DHk0Oe-UZRg,Nusret Sen,1,11121,55,2,0,22.24,0.0051,2026-07-25 11:35:17.479934
UC4Ujxq2VcVMaT1F5StCABxw,erdem aydogdu,1,1597461,4500,508,0,3194.92,0.0031,2026-07-25 11:35:17.479934
UC4UlujbGsBMDXQvZoSWQsXA,Anıl KURTARAN,1,11829,41,2,0,23.66,0.0036,2026-07-25 11:35:17.479934
UC4UoGTQnyyCEete9rT3UMzQ,Semerkand TvFan,68,7411746,56863,2550,0,14823.5,0.0112,2026-07-25 11:35:17.479934
UC4V3XOtP8lWX84oL2R8RDFw,binicinyo,1,319804,1000,82,0,639.61,0.0034,2026-07-25 11:35:17.479934
UC4VPfX2uRdha0WvliFWivPQ,Taleh Yuzbayov,1,886745,30000,693,0,1773.49,0.0346,2026-07-25 11:35:17.479934
UC4VWI9fzcPsZHu4TpsuibgA,Erva,1,1863849,16000,1000,0,3727.7,0.0091,2026-07-25 11:35:17.479934
UC4VWhkufS92TUk05MXokEyQ,Muhammet Turhan,1,26479,60,8,0,52.96,0.0026,2026-07-25 11:35:17.479934
UC4V_KCLMrWHl5VjchRW9IvQ,farid beyragh,1,524613,2000,261,0,1049.23,0.0043,2026-07-25 11:35:17.479934
UC4V_a-8EOMYeEjvPas1B1ew,A.Nurhak ERKMEN,1,641323,6700,421,0,1282.65,0.0111,2026-07-25 11:35:17.479934
UC4Vi_cUHs7BJnfDFkE6nyMQ,FERİT TİRYAKİ,1,454,38,0,0,0.91,0.0837,2026-07-25 11:35:17.479934
UC4W35f1yqT6Uuf9adiMilcA,Pratik Anne Yemekleri,1,642,15,0,1,1.28,0.0249,2026-07-25 11:35:17.479934
UC4W8rhM-i2mdi3yIIFtzKtA,Turkic Tracks,1,745356,3700,160,0,1490.71,0.0052,2026-07-25 11:35:17.479934
UC4WBoswOXHt8OhKiSL5SuEw,GezGez İnsanı,1,11657,115,5,0,23.31,0.0103,2026-07-25 11:35:17.479934
UC4WNEEzWfK0fJJxxjQ4EYeg,Co Vines,1,4396620,23000,2600,0,8793.24,0.0058,2026-07-25 11:35:17.479934
UC4WNM6IoFxEfkGeShtVJHvQ,Merak Sanat,1,86469,261,106,0,172.94,0.0042,2026-07-25 11:35:17.479934
UC4WWdtPaXgRJATDCVdn8rAw,ALÂTURKA - Galiberdi,6,1883987,4465,388,0,3767.96,0.0057,2026-07-25 11:35:17.479934
UC4W_wLdBgo8TOuCK_CrG36A,Kaan Semizoğlu,5,5789860,75468,2090,0,11579.72,0.0149,2026-07-25 11:35:17.479934
UC4WkmPUJFVCKja-Ib9tl-Ow,ACME Restorations,1,2856550,23000,2000,0,5713.1,0.0088,2026-07-25 11:35:17.479934
UC4WscJZgftYMtRYqVee68Hg,Monika Blunder,4,1885786,23206,804,0,3771.58,0.019,2026-07-25 11:35:17.479934
UC4X-NZddM6oCNW5RzyC3NoA,çetin aksu tv,1,6003,136,3,2,12.01,0.0235,2026-07-25 11:35:17.479934
UC4XDMD5gpv-_iMrIBRdSw8Q,Julia Landeros,1,810652,1100,607,0,1621.3,0.0021,2026-07-25 11:35:17.479934
UC4XGWX6eheTisHo8UBsdOWA,Go See Christy,4,125560,6241,77,0,251.12,0.0503,2026-07-25 11:35:17.479934
UC4XJnRPZjXhgvVMhXKNSJvQ,IsraeliPM,19,1976177,23013,2076,19,3952.35,0.0178,2026-07-25 11:35:17.479934
UC4XONiTEnZnm1b_tlfShj7A,Kürşat Kemaloğlu,1,3094174,4300,340,0,6188.35,0.0015,2026-07-25 11:35:17.479934
UC4X_adKmAQoBItCF0JWj_Hg,sophdoesnails,30,10796885,432700,4558,0,21593.76,0.0453,2026-07-25 11:35:17.479934
UC4XePNqpYfLXmdXvwazp7qg,Kanada News,2,220112,10600,242,0,440.22,0.0526,2026-07-25 11:35:17.479934
UC4XgTABljMcd3UIIZfVJ4jg,Öykü Berkan,1,716305,18000,2300,127,1432.61,0.0285,2026-07-25 11:35:17.479934
UC4Y4AQyrhXNLpMAQ7KTYJEA,özgür şurgun,1,4599,13,5,1,9.2,0.0041,2026-07-25 11:35:17.479934
UC4Yn-oTMcCz6aeX7ezs73bg,ofluoflutv,1,198340,402,12,0,396.68,0.0021,2026-07-25 11:35:17.479934
UC4ZD6N8D6CTyUmx4wiPp7iw,B Foreal,3,142541,8946,111,0,285.08,0.1123,2026-07-25 11:35:17.479934
UC4ZHXdRHLhllJr2obXGr5AA,YORDAN MITEV,1,7074562,11000,2700,0,14149.12,0.0019,2026-07-25 11:35:17.479934
UC4ZOkdT0Wos09kGFWSdPzJQ,Səs Azərbaycan / The Voice of Azerbaijan,2,73767,1381,24,0,147.53,0.0188,2026-07-25 11:35:17.479934
UC4ZdD6LRBIVLXTnlBPHe3CQ,Paywaston Media,2,22562,634,25,0,45.12,0.0229,2026-07-25 11:35:17.479934
UC4ZyGz3xBYl4AJ_-h_ArrLw,Dost doğru,1,59975,88,25,0,119.95,0.0019,2026-07-25 11:35:17.479934
UC4_1WNCOJZlD3lbVTgz1omQ,Husein Husein,1,128056,747,39,0,256.11,0.0061,2026-07-25 11:35:17.479934
UC4_4a2vsUResxDBoII_jyWw,Kurabiye Canavarı,3,82916,949,93,0,165.83,0.0167,2026-07-25 11:35:17.479934
UC4_aP-ObQBj2P2DvEzTT1tw,Festival Géopolitique,4,17116,176,10,0,34.23,0.0123,2026-07-25 11:35:17.479934
UC4_mYjuj-cg6U-v7Q1M3A_A,Eren TEKİN Official,1,712646,2000,138,0,1425.29,0.003,2026-07-25 11:35:17.479934
UC4a-Gbdw7vOaccHmFo40b9g,Khan Academy,1,4804,396,6,0,9.61,0.0837,2026-07-25 11:35:17.479934
UC4aFgmBD_dkic-zXJePElrA,Nurgül Varol,2,117459,1154,125,0,234.92,0.0136,2026-07-25 11:35:17.479934
UC4aR5SRtYDzC3i-45dE-3aQ,НОВАЯ РЕАЛЬНОСТЬ. Авторский канал Валерий,2,2270245,17296,3642,0,4540.49,0.006,2026-07-25 11:35:17.479934
UC4aY1r49HpW3EzL8xKv-IhA,【深圳舉協】Shenzhen Weightlifting,1,73387,595,23,0,146.77,0.0084,2026-07-25 11:35:17.479934
UC4b1cyjfinmRIsTljCJMUIA,100huntley,2,1649082,20500,1635,0,3298.16,0.0154,2026-07-25 11:35:17.479934
UC4b5nkVJs8hM41DK1eMimhQ,Synetta Crispin,1,3331,51,24,0,6.66,0.0225,2026-07-25 11:35:17.479934
UC4b8UrF99rLEXmEOLZt4lSA,888 Boxing TV,1,20795,713,3,0,41.59,0.0344,2026-07-25 11:35:17.479934
UC4bDrqA7ioIiEAncIJ74-Zg,GRUP DOĞU Acun Kardeşler,4,67200,469,14,0,134.4,0.014,2026-07-25 11:35:17.479934
UC4bM3zH9g9aD_uSoa35-AtQ,alibey alisefa oglu,3,332739,3329,115,0,665.47,0.0102,2026-07-25 11:35:17.479934
UC4bNTDM3Ey46XOAmXR-Z4pw,Lise van Wijk,2,349740,10800,372,0,699.48,0.0298,2026-07-25 11:35:17.479934
UC4bO8mD_IV4_6rtr3IZ6Qgw,zaramuzikofficial,13,11847241,40009,2839,16,23694.49,0.0035,2026-07-25 11:35:17.479934
UC4bZ5V23MishenjXlkcIPjA,HAKKI BULUT,1,104626,130,68,4,209.25,0.0019,2026-07-25 11:35:17.479934
UC4b_Ronb4qAZM7z6oBqZvug,Paul KLASSEN,1,20180,134,5,0,40.36,0.0069,2026-07-25 11:35:17.479934
UC4bzKSBr5qNq5m5a0pdRdag,Gerardo Urban,1,4635063,0,0,0,9270.13,0.0,2026-07-25 11:35:17.479934
UC4c0ccU6muNCwI-CLaZh4Bg,Life of FI,1,14790,284,10,0,29.58,0.0199,2026-07-25 11:35:17.479934
UC4cIa5_4vGrtcxSCVjeeRRw,İdris Oral,1,238611,916,60,0,477.22,0.0041,2026-07-25 11:35:17.479934
UC4ch0Z0_aQtRwUD8PfRxZFg,Bilim Teknoloji &amp; Savunma Sanayi,2,50329,760,29,0,100.65,0.0187,2026-07-25 11:35:17.479934
UC4cnIbyqdoxMQ6eTbP2Ok-A,mars 8150,1,9019,16,2,0,18.04,0.002,2026-07-25 11:35:17.479934
UC4cok_ZKKXiKfGz9fmgD7oQ,Elçin Keleş,1,14496,196,31,0,28.99,0.0157,2026-07-25 11:35:17.479934
UC4ctq5-EAM_8KGXDBRNjwmg,fvszs,1,1067919,13000,730,0,2135.84,0.0129,2026-07-25 11:35:17.479934
UC4d2qOIBhcAWYEjOXHOnxMw,Los Angeles Chess Club,1,2440836,32000,1400,0,4881.67,0.0137,2026-07-25 11:35:17.479934
UC4dD7XXdwPIrTLStHwfsJOQ,World List,1,863102,2200,405,0,1726.2,0.003,2026-07-25 11:35:17.479934
UC4dZheVrm6gwxta9HQwoaHg,FC Utrecht,15,460769,4717,278,0,921.54,0.0198,2026-07-25 11:35:17.479934
UC4diOzA7anGmOXqeH2BcSvw,Amazing Art,1,49854,512,92,0,99.71,0.0121,2026-07-25 11:35:17.479934
UC4dq6Iho75A8NuXW7YE_L3A,BaBaCanLaR,1,4165,29,4,0,8.33,0.0079,2026-07-25 11:35:17.479934
UC4dsKxDIPJaQ0DlJhA883-g,Melodikanotalari,1,3513161,5200,1000,0,7026.32,0.0018,2026-07-25 11:35:17.479934
UC4dukbTt3LiL8tIh-HCygRw,Karadeniz Dünyası,1,15584,70,8,0,31.17,0.005,2026-07-25 11:35:17.479934
UC4dzlv7YPwU58o4a6R2ZIVw,Erdin Kamoglu,2,48614,313,5,0,97.23,0.0068,2026-07-25 11:35:17.479934
UC4e9tzha5zK09lws80U6Tvw,The King Of Waltz,1,567544,1500,50,0,1135.09,0.0027,2026-07-25 11:35:17.479934
UC4eCxznCo9Ze_5X-cMl3O8w,SUCCESS INSIDER,1,1461946,43000,1200,0,2923.89,0.0302,2026-07-25 11:35:17.479934
UC4eDv-Gy_wBHy_OWm10mWMg,Flora Karimova,2,50855,647,15,0,101.71,0.0209,2026-07-25 11:35:17.479934
UC4eNgIdSiPwJCLkjbuKal_g,ATASEVER Arşiv,1,276274,1100,50,0,552.55,0.0042,2026-07-25 11:35:17.479934
UC4ejhjApOrPGGYIQa6JdDhQ,AcarkentlilerMusiki,1,21274,29,2,0,42.55,0.0015,2026-07-25 11:35:17.479934
UC4ewwhe9sO8LRmfvqWFJ1oA,awestazend,1,124567,216,23,0,249.13,0.0019,2026-07-25 11:35:17.479934
UC4fBXN_Kxu2fwQFj8QoSJwA,Steagu'TV,1,657,43,2,0,1.31,0.0685,2026-07-25 11:35:17.479934
UC4fMTXhZ-i9eYS4H6mkJhdA,NK Station,1,525559,2400,201,0,1051.12,0.0049,2026-07-25 11:35:17.479934
UC4f_W8Et4Iw7PVvIktpPCCQ,H. Gurdal,1,13100,28,2,0,26.2,0.0023,2026-07-25 11:35:17.479934
UC4fvMIloUuAtD7lO_Q8w5aQ,Annie Sloan Chalk Paint Türkiye,1,9457,306,15,0,18.91,0.0339,2026-07-25 11:35:17.479934
UC4g3uAgKx0LKJrg8xqfUhYg,songuldelisi,7,6915006,10722,978,0,13830.02,0.0016,2026-07-25 11:35:17.479934
UC4g8i3P10RsCyKvvb4ohNxg,Erdeniz Erdemir,4,1289422,6839,289,0,2578.84,0.0061,2026-07-25 11:35:17.479934
UC4gRnv-QsA5drJb3ibZmvmA,Elwyn R,2,6373183,26000,1431,0,12746.37,0.0054,2026-07-25 11:35:17.479934
UC4gUvmqjYkoESsyk0UD8-VQ,E Eledia,1,8489,30,0,0,16.98,0.0035,2026-07-25 11:35:17.479934
UC4gagFeUGFVJcHKshYcR0cw,Ayhan Mortepe,8,1310997,18636,2471,0,2621.99,0.0177,2026-07-25 11:35:17.479934
UC4geCNxEFkdOtBkKkvrPfmQ,Sports Genius,2,33212472,484000,14500,0,66424.94,0.014,2026-07-25 11:35:17.479934
UC4gjm3XeP7NjkyQvezs4tEw,Tevfik Teker,1,221697,1000,52,0,443.39,0.0047,2026-07-25 11:35:17.479934
UC4gpaEKVq_GXphrV0lQyAWg,Arif Köse,1,57267,232,12,0,114.53,0.0043,2026-07-25 11:35:17.479934
UC4gqnyN84C0hg4958Gxq75Q,Sosyal Kale,1,16745,635,25,0,33.49,0.0394,2026-07-25 11:35:17.479934
UC4gwPZ2za9b96wP_gjxsBrw,World Clik,1,8560,649,12,0,17.12,0.0772,2026-07-25 11:35:17.479934
UC4h03scy5f57c-dNamo8PJA,Tolgahan DÜZGÜN,2,7389,47,3,0,14.78,0.0083,2026-07-25 11:35:17.479934
UC4h9LXM6goOkQ5gbMDzB5vQ,Dervişânız Hakk dost deriz,1,1345796,5600,315,12,2691.59,0.0044,2026-07-25 11:35:17.479934
UC4hA3JnTIoVcQGEfjzXAArw,GRUP YARDIL,1,699181,10000,345,0,1398.36,0.0148,2026-07-25 11:35:17.479934
UC4hCOPhgybl-s5kWXVEuNDA,BEAUTASTIC,10,21979952,40539,10916,0,43959.9,0.0029,2026-07-25 11:35:17.479934
UC4hLMzedbxOYZiIoxdqDT7w,XOXOKAYMO,1,9297,471,11,0,18.59,0.0518,2026-07-25 11:35:17.479934
UC4hLj_gLFA4CM8LqtA1mJkw,Канал МПГУ,3,115223,1581,92,0,230.45,0.0285,2026-07-25 11:35:17.479934
UC4hXqUKFO7LfvHjB9z6fL8w,مع إكرام With ikrame,1,1123685,11000,1400,0,2247.37,0.011,2026-07-25 11:35:17.479934
UC4hZRu-e-OzB_97WjA-ZPlA,blupanel54,3,5371007,19200,1148,0,10742.01,0.0045,2026-07-25 11:35:17.479934
UC4hghZs6y8GJDo75LgdtC9Q,Öncü müzik,8,3947813,13827,1354,0,7895.62,0.0055,2026-07-25 11:35:17.479934
UC4hhQDIXH6FtKwk1nH6GOHw,Vivi con Letizia,1,60854,1900,70,0,121.71,0.0324,2026-07-25 11:35:17.479934
UC4hsewzmzd_h1VgdlrX2OhQ,Dembox,3,82044,4263,172,0,164.09,0.0526,2026-07-25 11:35:17.479934
UC4iwnLlbK97qd5adGTt8qQg,Elvin Ceferli,1,3978823,10000,1500,0,7957.65,0.0029,2026-07-25 11:35:17.479934
UC4ixXz-9YSZXXvPRmhCZxEQ,djbozgun,1,216230,569,43,0,432.46,0.0028,2026-07-25 11:35:17.479934
UC4jLoXeW0KovdJKA5itFDSA,HomeMade in Lviv,3,8521878,49400,5408,0,17043.76,0.0072,2026-07-25 11:35:17.479934
UC4jNQJC28U7LQtvqyoA6mwA,Yaren Kılıç,1,79085,2800,112,0,158.17,0.0368,2026-07-25 11:35:17.479934
UC4jQ6NgKZn9LKNr1nDHE05g,Marvel Girl,2,1168336,359,28,0,2336.67,0.0232,2026-07-25 11:35:17.479934
UC4jT-SN4BEst9b7hWvNPL1w,annalisasuperstar,1,110933,3500,244,0,221.87,0.0338,2026-07-25 11:35:17.479934
UC4j_72E-zOPq7NQ-UVzBI8Q,Cris Nguyen,1,338522,2500,212,0,677.04,0.008,2026-07-25 11:35:17.479934
UC4jbIZiyl9OUq4YpzQDOS9w,Kristina Aranilla,1,216125,2100,98,0,432.25,0.0102,2026-07-25 11:35:17.479934
UC4jlK2go5Fr1gn54-GEYz4g,agrotek 57,1,99882,439,64,0,199.76,0.005,2026-07-25 11:35:17.479934
UC4jtFe3Yz1loSFljfhpw0cw,F.K Photography,6,16568975,40513,8759,0,33137.95,0.0057,2026-07-25 11:35:17.479934
UC4jtfb1SUebhWGiHCe-FYCQ,حيل وأفكار مع فدوى,2,3631055,43000,1741,0,7262.11,0.0234,2026-07-25 11:35:17.479934
UC4kGed8VBZyI1Xguk-4Z6Hg,EvdeBörek Yemek Tarifleri,1,3368,36,3,0,6.74,0.0116,2026-07-25 11:35:17.479934
UC4kY0thbJqee3VyCc-H3aYQ,Baki Gungor SeyitNurdedeOglu,1,3530,88,6,0,7.06,0.0266,2026-07-25 11:35:17.479934
UC4kYyWIemRThHDMgKxClJlQ,Cihan Bektas,1,228424,623,42,0,456.85,0.0029,2026-07-25 11:35:17.479934
UC4k_jcWOvCS_9ZNBGFmoh9w,Mehmet Yeşil,1,745408,4200,382,3,1490.82,0.0062,2026-07-25 11:35:17.479934
UC4kbRZt6oNrlokrqrnQXpKg,RT Deutsch,4,953915,6558,501,0,1907.83,0.0277,2026-07-25 11:35:17.479934
UC4kc80z-hvbVKG6So4bNoNw,Murtaza Aydogdu,1,33812,168,6,0,67.62,0.0051,2026-07-25 11:35:17.479934
UC4klCuaxQtKCks79qJ3nnCw,Ilhom Farmonov,1,1874242,6700,1100,0,3748.48,0.0042,2026-07-25 11:35:17.479934
UC4knRrmkNNX1vaYpWQiIYBA,Emre Özdemir,1,1082751,24000,2500,0,2165.5,0.0245,2026-07-25 11:35:17.479934
UC4kwgrIlEjtP7vYc_tlH4aw,albumscovers,1,3943776,14000,388,0,7887.55,0.0036,2026-07-25 11:35:17.479934
UC4l5sQkIZTArkdxmJHQeXNw,Hemid Sahmerdanov,1,203778,1300,157,0,407.56,0.0071,2026-07-25 11:35:17.479934
UC4l7-Y_9I3yph0Czv6yBWtQ,omer aytekin,1,27510,27,4,0,55.02,0.0011,2026-07-25 11:35:17.479934
UC4lIRU6ZtbpjhTW_3nSjRbg,Gaara,4,361999,1071,113,0,723.99,0.0036,2026-07-25 11:35:17.479934
UC4lUXkAQjyzvcxbR4E3oGEg,Bilgi Delisi,8,11794694,22866,7005,0,23589.38,0.0037,2026-07-25 11:35:17.479934
UC4lkhBYbfW89bvxgFWa5B_A,JustSomeGuy SavedByGrace,2,35466,392,34,0,70.93,0.0113,2026-07-25 11:35:17.479934
UC4m-3gAa-SlN0ehFQkqO6iA,U.S. Defense News,1,239580,1100,105,0,479.16,0.005,2026-07-25 11:35:17.479934
UC4m8LTGhAxImhnRpCWBWexQ,PİYANİST OKTAY,2,340382,742,113,0,680.76,0.003,2026-07-25 11:35:17.479934
UC4mi75OBoU-NPJXNgcvcYWA,Özcan Deniz,3,20027157,81000,3976,0,40054.31,0.0041,2026-07-25 11:35:17.479934
UC4n0U4yoe21ZOhstSGnsz-Q,A. Levent IŞIK,1,4008935,17000,808,0,8017.87,0.0044,2026-07-25 11:35:17.479934
UC4n64DGkEuNXKzyZXUAkNBQ,mesut kulahli,2,179969,505,19,0,359.94,0.0036,2026-07-25 11:35:17.479934
UC4nIXet7SJ6okFP4wq-P03g,Voyageus,1,3072,25,2,0,6.14,0.0088,2026-07-25 11:35:17.479934
UC4ncGpZQnF2olNBL84GR_hw,LiderTV Musiqilər,6,5023854,22426,3126,0,10047.71,0.0064,2026-07-25 11:35:17.479934
UC4nqkhfdNABO6AFyRXM3YNA,BamTv #2,1,36941,163,6,0,73.88,0.0046,2026-07-25 11:35:17.479934
UC4ns-yR92uecuI2Hd97V4gg,367590,2,650519,1019,167,0,1301.04,0.0018,2026-07-25 11:35:17.479934
UC4nyqstzlOrsIizrgv3ETVg,Selahattin Oktay,1,5125807,13000,1400,0,10251.61,0.0028,2026-07-25 11:35:17.479934
UC4nzhEHEnmIrX_X7UKaUlrw,Bill Engvall,1,497880,3400,77,0,995.76,0.007,2026-07-25 11:35:17.479934
UC4o9ZUVUYOyknBqKXnf5oZw,bursakedi,1,3402312,4500,1300,0,6804.62,0.0017,2026-07-25 11:35:17.479934
UC4oXDLRgrfLzOygVpmBj6wA,Aina Maisara,2,793994,9200,1462,0,1587.98,0.0183,2026-07-25 11:35:17.479934
UC4oXxmnXX0EMlDCm18X2szw,Lâlegül TV,77,2618307,52211,2393,0,5236.61,0.0253,2026-07-25 11:35:17.479934
UC4p6iSq1lED94Tty9phQeXA,Be Motivated Be Yourself,3,135848,2251,142,1,271.7,0.0575,2026-07-25 11:35:17.479934
UC4pHkGeUmAifZdD-jUAhlNw,dilneva,1,897223,1600,83,0,1794.45,0.0019,2026-07-25 11:35:17.479934
UC4pIJMI6bCFxMlgUDor_jTw,Akın Uygun,1,3843,14,2,0,7.69,0.0042,2026-07-25 11:35:17.479934
UC4pTrQqndbuz1XxGyp_i6Zg,Best of The Voice Kids,7,25346503,358000,9493,0,50693.01,0.0156,2026-07-25 11:35:17.479934
UC4pWIFmRPqJlk6F_D1zqpJg,MC TV,1,9920,69,25,0,19.84,0.0095,2026-07-25 11:35:17.479934
UC4pWY0O3ccY4XtdXym0vq0A,Burç Film Yeşilçam Renkli Filmler,2,1727115,1111,788,0,3454.23,0.0027,2026-07-25 11:35:17.479934
UC4p_I9eiRewn2KoU-nawrDg,The Straits Times,1,556108,3100,399,0,1112.22,0.0063,2026-07-25 11:35:17.479934
UC4pjW5n-dnko1IB4nUvPBfA,Mustafa Yazici,1,23508,106,14,0,47.02,0.0051,2026-07-25 11:35:17.479934
UC4plRaP6TJRUkZBLuqMFEUA,U.S. Defense System,1,2777,108,7,0,5.55,0.0414,2026-07-25 11:35:17.479934
UC4ppatPJ6mOFMtEf8k6KkLQ,Prof. Dr. Nevzat Tarhan,1,9648,0,0,0,19.3,0.0,2026-07-25 11:35:17.479934
UC4qCKv5QSyTOd699yyEw_Ww,Şafak Uyanık,1,2932781,8900,729,0,5865.56,0.0033,2026-07-25 11:35:17.479934
UC4qJkBaXWrQoaq9SnQ9wR5Q,Serdar Köksal,1,28332,78,5,0,56.66,0.0029,2026-07-25 11:35:17.479934
UC4qQUAAn_TI1-6adsQRp7BA,Shakshi Shetty,1,53842,857,62,0,107.68,0.0171,2026-07-25 11:35:17.479934
UC4qcXWVOr8zAl7qDmYsw5kw,Gurme Youtuber,1,2294,10,19,0,4.59,0.0126,2026-07-25 11:35:17.479934
UC4qfDRIaF2efCI1vS8V5uVg,Gülzade Evli,1,770875,2800,281,0,1541.75,0.004,2026-07-25 11:35:17.479934
UC4qk9TtGhBKCkoWz5qGJcGg,Tati,43,75066128,2616000,71089,157,150132.23,0.0378,2026-07-25 11:35:17.479934
UC4qxARkGyuMXbSWKOQuJ8gg,Semih Üner,1,3403827,18000,584,0,6807.65,0.0055,2026-07-25 11:35:17.479934
UC4r19sSRl9hHy_Bu82bTVwA,Next Station TV,2,46675,234,19,0,93.35,0.007,2026-07-25 11:35:17.479934
UC4r4jMc8wEOpedTKjUkdI1A,Alexx87,1,182762,1300,185,0,365.52,0.0081,2026-07-25 11:35:17.479934
UC4rKkd-RFkYhgGv8UM-qwzw,OMKAR MEDICOM,1,415024,3500,130,0,830.05,0.0087,2026-07-25 11:35:17.479934
UC4rLARHh7bDnNd3KhTC3R2Q,Aliakbar Raefipoor Fans,2,171112,1518,386,0,342.22,0.0119,2026-07-25 11:35:17.479934
UC4rOrF942AJtziR_fjsyYfQ,Aslı Özyılmaz,6,25083,1277,29,0,50.16,0.0626,2026-07-25 11:35:17.479934
UC4rdGijkmGX-qo7tjstu-pA,NSK Show.,1,1350077,28000,847,0,2700.15,0.0214,2026-07-25 11:35:17.479934
UC4rlAVgAK0SGk-yTfe48Qpw,BRIGHT SIDE,78,334706694,4524800,363900,0,669413.35,0.016,2026-07-25 11:35:17.479934
UC4rq_kfZ1IiMyNBHmqE_20Q,GÖNÜL BAHÇESİNDEN İLAHİLER,2,26852,606,24,0,53.71,0.0867,2026-07-25 11:35:17.479934
UC4s0WDAU3TcHScn-aY2SqOg,rusty6of6,2,11796133,43000,1704,0,23592.27,0.0037,2026-07-25 11:35:17.479934
UC4sRB5nlKaXhmLZbYT5QLIQ,Barbie Oyunları,3,6013414,16600,6495,0,12026.83,0.004,2026-07-25 11:35:17.479934
UC4sp4g6I4YO2yTK2pbowQtA,FilizFerda,1,925312,2700,296,0,1850.62,0.0032,2026-07-25 11:35:17.479934
UC4t2dZaxL2IcipPKAxDvWvA,poyracık resim galeri,1,5927,74,4,0,11.85,0.0132,2026-07-25 11:35:17.479934
UC4tCu2t9oUhwR9Oea3qtIsg,Almaxanım Official,8,348142,2787,206,0,696.28,0.0221,2026-07-25 11:35:17.479934
UC4tMfAH9hgD-xHILhpJmxVw,Eren Adıgüzel,1,858064,1300,237,0,1716.13,0.0018,2026-07-25 11:35:17.479934
UC4tOjvdVfpJ2sWJn2f89ZLA,radyobalkan,2,498466,434,54,0,996.93,0.001,2026-07-25 11:35:17.479934
UC4tQsAcUlo11W8W4T6IVlPQ,aresskos,1,9292,19,3,0,18.58,0.0024,2026-07-25 11:35:17.479934
UC4tfCv2MpLbzG_VYOFlNPBQ,balik zokasi,1,13453,72,21,0,26.91,0.0069,2026-07-25 11:35:17.479934
UC4tjVFN3dFfd6eMNkxu4fIQ,Lucia Luque,2,108744,5074,73,0,217.49,0.0578,2026-07-25 11:35:17.479934
UC4tmaG-pFu08O2X6xUJbiWg,kemal Agan,1,7064,35,3,0,14.13,0.0054,2026-07-25 11:35:17.479934
UC4tr9Afrk5WIhA7sMNBCpjg,Ela İpek,1,9498433,21000,3000,0,18996.87,0.0025,2026-07-25 11:35:17.479934
UC4tyquzR_gafB2MTcsnMqzQ,TOP ZOP TV,1,1573122,6600,910,0,3146.24,0.0048,2026-07-25 11:35:17.479934
UC4u5nZy_-Ncu5P2kO-bG3AA,Yasin İslamov,3,29652,275,22,0,59.3,0.0114,2026-07-25 11:35:17.479934
UC4u9xdKt_jNioFKaua82JgQ,MURAT ASLI,6,36510,300,17,0,73.02,0.0137,2026-07-25 11:35:17.479934
UC4uZr9qDCwP_EJ8p3OPV7Hg,Atistics TV,1,11606,818,12,0,23.21,0.0715,2026-07-25 11:35:17.479934
UC4uem0jDUNzC0G33XowPH3Q,Jajsnabsb Jajajsjs,1,44286,116,17,0,88.57,0.003,2026-07-25 11:35:17.479934
UC4unKyXue2JtBinFV9MNEAg,Haberden haber,5,18567,104,7,0,37.15,0.0073,2026-07-25 11:35:17.479934
UC4uuQzsNZ3hUmxphMSJYs2Q,2M Müzik,3,7623155,26200,1861,0,15246.31,0.0049,2026-07-25 11:35:17.479934
UC4uvwE-krHx_r-9DtfubDtQ,Murat Evgin,1,794744,6700,189,0,1589.49,0.0087,2026-07-25 11:35:17.479934
UC4uy83r1z85C2Gcmvq4Slrg,Rian McDonald,1,46167,234,49,0,92.33,0.0061,2026-07-25 11:35:17.479934
UC4v4kyL0YdFlD7v3o39GLfQ,gökhan gül,1,53554,719,14,0,107.11,0.0137,2026-07-25 11:35:17.479934
UC4vqfPCunghKe4CQvHBUUhQ,СПЕЦ,1,877817,29000,1700,0,1755.63,0.035,2026-07-25 11:35:17.479934
UC4w9GQ7plrvOFMmH56udkMQ,JonnyMusic,1,1178372,14000,271,0,2356.74,0.0121,2026-07-25 11:35:17.479934
UC4wV_IzlDCvZdw86Y4kRn2Q,Empty Hanger,1,160844,6500,100,0,321.69,0.041,2026-07-25 11:35:17.479934
UC4w_VMly_HYk0a9wYGR_o9w,Fark Yaratanlar,2,19264,323,3,0,38.53,0.0222,2026-07-25 11:35:17.479934
UC4wdBTbD8lWlhZdggG2YBlw,BuzzFeed Bring Me,1,6171317,131000,2000,0,12342.63,0.0216,2026-07-25 11:35:17.479934
UC4wuys-zp_i1NgA6VgUJ9MA,Cafer Tan,1,9163581,28000,3000,0,18327.16,0.0034,2026-07-25 11:35:17.479934
UC4wvmT4ZAYSmkPnWQr_GxuQ,StudioTito,1,856389,12000,395,0,1712.78,0.0145,2026-07-25 11:35:17.479934
UC4wvngGq3-AgpqP-lhZIu6A,Tufanbeyli,3,176672,357,71,0,353.34,0.0029,2026-07-25 11:35:17.479934
UC4xAjbLGE-Vj1sq8dIicLzQ,FATİH GÜRGÜN,3,68412,277,19,0,136.82,0.0057,2026-07-25 11:35:17.479934
UC4xCz3TgHIZAPu8jOA20nQg,Emre Köse,1,10630163,24000,1700,0,21260.33,0.0024,2026-07-25 11:35:17.479934
UC4xWNcA8B3spOc4nYXrqCAA,Al Jazeera America,1,33051,177,58,0,66.1,0.0071,2026-07-25 11:35:17.479934
UC4xcFhl2nMbseJO9nEl_kog,The Face Yoga Expert,3,1173174,13466,402,0,2346.35,0.0162,2026-07-25 11:35:17.479934
UC4xiebIoLJDF_cwncdT1bWg,yenikentli43,1,300822,756,75,0,601.64,0.0028,2026-07-25 11:35:17.479934
UC4xlRFO9vsmZ2aYau93CowQ,Ceren Demir,2,18658,356,19,0,37.32,0.0261,2026-07-25 11:35:17.479934
UC4xzFl-VQCcMyJE_0awHBLA,elvinmusic,1,95163,2000,34,0,190.33,0.0214,2026-07-25 11:35:17.479934
UC4y96JDi053NE1V5GaPU-7g,Fatdah Safarov,1,561298,3100,224,0,1122.6,0.0059,2026-07-25 11:35:17.479934
UC4yDHET3pLgeyj1j5gYRM9Q,Taner yüncüoğlu,1,33500,370,12,0,67.0,0.0114,2026-07-25 11:35:17.479934
UC4yH0RYj4DmfqWqGD_0jCzQ,Azeri Tv,2,986277,10561,251,12,1972.56,0.0134,2026-07-25 11:35:17.479934
UC4yJp_djSVX8a-7TGcpQ0ww,Bahriye,2,205191,751,97,0,410.38,0.0064,2026-07-25 11:35:17.479934
UC4yKy7IXjVSOZqCuChHnwWg,Ayşenur Durmuş,1,5915,24,2,0,11.83,0.0044,2026-07-25 11:35:17.479934
UC4yRtd3faicRMHh0w9tC3tw,HGV SAVUNMA,8,508574,5113,273,0,1017.15,0.0135,2026-07-25 11:35:17.479934
UC4ykmJLGIRT_RFP81tRSI7g,Xeyyam Shukurov,1,332506,2000,246,0,665.01,0.0068,2026-07-25 11:35:17.479934
UC4ynj4HJpt6AlRgxBEOoCPQ,Adilcevaz lıyız,2,4372,22,0,0,8.74,0.003,2026-07-25 11:35:17.479934
UC4yqcgz49APdbgj0OMv7jpA,Rachel and Jun,2,15440663,347000,9300,0,30881.32,0.0215,2026-07-25 11:35:17.479934
UC4yy_FePeRKwszf01_Y_DCQ,Eser TÖZÜM,1,272995,406,37,0,545.99,0.0016,2026-07-25 11:35:17.479934
UC4z-xdASmQkOY8oW1y-XzhA,國會政黨聯盟,1,22398,154,59,0,44.8,0.0095,2026-07-25 11:35:17.479934
UC4zMykvlMSbm_zfCVyyDK7w,emre yuncu,1,42636,391,28,0,85.27,0.0098,2026-07-25 11:35:17.479934
UC4zq_2cawLCSYu6Et7mR-uA,sesli makalem,50,3199224,32430,2524,18,6398.44,0.0236,2026-07-25 11:35:17.479934
UC4zuObRP03cW1hfi3Flb9bQ,BELCIKA'NIN MUHTARI,1,2049,86,7,0,4.1,0.0454,2026-07-25 11:35:17.479934
UC5-BsDx6-K709GZvT2ky40w,CAN TV,1,561,12,0,0,1.12,0.0214,2026-07-25 11:35:17.479934
UC5-CjxLO22Qx87MMxFT73sw,14calpol,1,15745,47,6,0,31.49,0.0034,2026-07-25 11:35:17.479934
UC5-EcOxrepyI2z9oEW-Friw,Asif Ali TV,2,485638,6100,534,0,971.27,0.0163,2026-07-25 11:35:17.479934
UC5-L3WI6xeZ98CrFKAud57Q,Uthenera,2,220899,3084,427,0,441.8,0.0156,2026-07-25 11:35:17.479934
UC5-LDjiCnLODfhCRW-tGvXA,ADVAHOV,1,1803206,7800,458,0,3606.41,0.0046,2026-07-25 11:35:17.479934
UC5-P-kMso30iXnMKDR-YVcA,Efe'S Alanya,1,75984,613,25,0,151.97,0.0084,2026-07-25 11:35:17.479934
UC5-UfiOe_kWnkTAJzPQNDIg,Nivii06,1,994816,10000,3900,0,1989.63,0.014,2026-07-25 11:35:17.479934
UC5-XT4ablgZGseblKxsd70A,Müziğin Ruhu,1,117101,187,11,0,234.2,0.0017,2026-07-25 11:35:17.479934
UC5-t2G-qv7GSncU5j_1bxAg,Şeref Özkan,1,3280,27,0,0,6.56,0.0082,2026-07-25 11:35:17.479934
UC500_29hTGKAj6GBmSoMiBw,The Icing Artist,3,102154950,575000,48360,0,204309.9,0.0187,2026-07-25 11:35:17.479934
UC504SSjNYSwWcW5_Rzk5vQw,P o p p y R a w s o n,1,12501,491,3,0,25.0,0.0395,2026-07-25 11:35:17.479934
UC50DTybZZBcuket7qpUC13g,Türkçe Animasyonlu,3,173023,4920,196,0,346.04,0.0359,2026-07-25 11:35:17.479934
UC50Ky1jN1CIUxgQ2eQg4MIw,FOTO COŞKUN,1,27661,106,15,0,55.32,0.0044,2026-07-25 11:35:17.479934
UC50f2_ArktnQb-N8y5RQKXQ,Ramil Bunyatov,1,83979,444,25,0,167.96,0.0056,2026-07-25 11:35:17.479934
UC50pGnOEfJ_toqqYWVImudw,Feriköy Öğrenci Yurdu,1,17893,2,0,0,35.79,0.0001,2026-07-25 11:35:17.479934
UC50uCdUubc04xXZz7bqv5ng,Investigations et Enquêtes,9,6112117,41700,3876,0,12224.23,0.0073,2026-07-25 11:35:17.479934
UC510QYlOlKNyhy_zdQxnGYw,Simple History,2,8233055,245000,3664,0,16466.11,0.0432,2026-07-25 11:35:17.479934
UC511jsf6wgHeeXpRxtGi70Q,Akdeniz Gazetesi Mersin,1,496,2,0,0,0.99,0.004,2026-07-25 11:35:17.479934
UC51FQ3dDhxcV47k2FSH6jJQ,Meridyen Genç,1,1624,38,0,0,3.25,0.0234,2026-07-25 11:35:17.479934
UC51MbVIxMwk5KfzMPgtvvQg,Cemal Çakır,2,74288,138,8,0,148.58,0.0023,2026-07-25 11:35:17.479934
UC51oJGyE0jSn_0j1u-G2DMQ,Sami Aslan,2,7089,53,3,0,14.18,0.0065,2026-07-25 11:35:17.479934
UC52EYUUSlzcYqHj-qsx0RHg,中国浙江卫视官方频道 Zhejiang TV Official Channel - 欢迎订阅 -,3,3986642,6714,1321,0,7973.29,0.0026,2026-07-25 11:35:17.479934
UC52F8QzVRh9iQ-Encrp6J3w,Selman Kuzgun,1,229390,1500,85,0,458.78,0.0069,2026-07-25 11:35:17.479934
UC52Tu_IK22naPwlUzy7zikw,Daily AZ,1,420824,2000,187,0,841.65,0.0052,2026-07-25 11:35:17.479934
UC52X5wxOL_s5yw0dQk7NtgA,Associated Press,4,1532906,9724,1004,0,3065.81,0.007,2026-07-25 11:35:17.479934
UC52b6W8lkzfYWrJqZmVlNSw,16KARABULUT,4,354400,730,91,0,708.8,0.0038,2026-07-25 11:35:17.479934
UC52g_5p69_Z1umoNSFviUNg,PhoBolsaTV,1,46434,210,54,0,92.87,0.0057,2026-07-25 11:35:17.479934
UC52hY42wIf435eDUrqk9EWQ,prnlbs,1,801046,1500,267,0,1602.09,0.0022,2026-07-25 11:35:17.479934
UC52jOYrm1EybAJe0Fatt0ng,MJFanForum,1,8069,346,27,0,16.14,0.0462,2026-07-25 11:35:17.479934
UC52k7GubDU6ZnhFAhUlVzZA,SibosTV,2,45074,1009,17,0,90.15,0.0148,2026-07-25 11:35:17.479934
UC52kszkc08-acFOuogFl5jw,Tibees,1,1303777,24000,626,0,2607.55,0.0189,2026-07-25 11:35:17.479934
UC52oF8vI3wf54k74MKn2p6Q,Klinik am Südring - Die Familienhelfer,1,1114391,16000,1100,0,2228.78,0.0153,2026-07-25 11:35:17.479934
UC52qUIyUlXAsXNUzldvnODw,FM Televizyonu,1,247669,1100,113,0,495.34,0.0049,2026-07-25 11:35:17.479934
UC52rDRJY4BS8FTrJFEuAJsQ,Ebu Hanzala [kısa],2,25003,745,15,0,50.01,0.0284,2026-07-25 11:35:17.479934
UC53BbACGhs0sxORYfBo6Bqg,Övgü Nalçacı,1,1966,84,4,0,3.93,0.0448,2026-07-25 11:35:17.479934
UC53HSK0tqvsMuzksydmRm8w,يوميات جيجي,1,1887663,47000,2800,0,3775.33,0.0264,2026-07-25 11:35:17.479934
UC53bIpnef1pwAx69ERmmOLA,ZDF,4,6414542,52637,5259,0,12829.09,0.0105,2026-07-25 11:35:17.479934
UC53fptdWjR_x4vXnOjnG-cg,katyaselina,1,36512,1000,34,0,73.02,0.0283,2026-07-25 11:35:17.479934
UC53qBnnCrcDaX1mUKkr3RzA,Mutfak Dili,1,127621,4700,131,0,255.24,0.0379,2026-07-25 11:35:17.479934
UC53qkWR-ubvQe_gtINFBH5g,HaberMil3,2,194773,264,59,0,389.54,0.0037,2026-07-25 11:35:17.479934
UC54TLeA4kjicvU9ury_GyiQ,ÖZLEM PLAK KASET,16,1420076,5935,413,3,2840.15,0.0058,2026-07-25 11:35:17.479934
UC54xHir_Fhmtj5B3PMXc47Q,Qalib Rehimov,4,740254,4732,587,0,1480.5,0.0073,2026-07-25 11:35:17.479934
UC551gfZFkizGvizywrWDSGw,Mass Yapım Production,3,1329168,5438,457,0,2658.34,0.0046,2026-07-25 11:35:17.479934
UC55CopOVreQJkUm9rTQeyuQ,Slatko od Dunje,1,1425844,33000,1300,0,2851.69,0.0241,2026-07-25 11:35:17.479934
UC55RfcZ0WiATUfT7A3JF_cw,Gökhan Bilgili,1,141771,775,49,0,283.54,0.0058,2026-07-25 11:35:17.479934
UC55UDKmxN-MfsIKGe_mxKHA,Ramazan Çobanoğlu,1,28277,67,6,0,56.55,0.0026,2026-07-25 11:35:17.479934
UC55g1OFpsMrEbwR6daFui6A,şiirimsin,2,49671,1372,13,0,99.34,0.0298,2026-07-25 11:35:17.479934
UC5664f6TkaeHgwBly50DWZQ,Manila Bulletin Online,1,446,11,2,0,0.89,0.0291,2026-07-25 11:35:17.479934
UC569ivuu873r3P6POVH82jQ,Enis Özkan Film,1,34029,498,12,0,68.06,0.015,2026-07-25 11:35:17.479934
UC56GZEc2cVkI2VZ_th910tg,Bekir KahramanHD,1,95775,218,45,0,191.55,0.0027,2026-07-25 11:35:17.479934
UC56_hOqEtBqHwnVNBzOWj-A,5-Minute Crafts VS,9,46397145,202234,53444,0,92794.29,0.0079,2026-07-25 11:35:17.479934
UC56fAGlYlTk61RVtgQHZfcQ,Teke YRS,1,827,4,0,0,1.65,0.0048,2026-07-25 11:35:17.479934
UC56weTL2wwbZvG13I1bA2vA,recep baba recep baba,1,62320,246,16,0,124.64,0.0042,2026-07-25 11:35:17.479934
UC572x3I5FiLNl3mLL2KwP_A,Emek Adalet,1,6484,69,4,0,12.97,0.0113,2026-07-25 11:35:17.479934
UC575KBs742cRMSDQibRoLFw,Ashlynn Duvall,1,124433,3600,59,0,248.87,0.0294,2026-07-25 11:35:17.479934
UC57KEDqfRY9oP4xGYE0itxA,HAMİT ALKAZAK,1,6367,53,2,0,12.73,0.0086,2026-07-25 11:35:17.479934
UC57OCoLoU6zAtBdJOmwg2vA,Ennahar tv,1,46441,115,40,0,92.88,0.0033,2026-07-25 11:35:17.479934
UC57Pv2I8BWafRwKSl_R3Ovw,Ozan Kuşcu,2,93453,4283,428,0,186.91,0.1029,2026-07-25 11:35:17.479934
UC57XAjJ04TY8gNxOWf-Sy0Q,5-Minute Crafts KIDS,34,253171656,1801208,223466,43,506343.28,0.0101,2026-07-25 11:35:17.479934
UC57aZlWWZ2DRQJaohBHLBFg,seckinylmzz,1,1469073,3800,221,0,2938.15,0.0027,2026-07-25 11:35:17.479934
UC57s_xYDrrsybZvvM7yZJHw,Funny Awesome,1,1101769,8200,540,0,2203.54,0.0079,2026-07-25 11:35:17.479934
UC583vp-jtfN0giI0HGR8baA,Ömer Özbek,1,5033306,9100,939,0,10066.61,0.002,2026-07-25 11:35:17.479934
UC58BDOYTMhBxCON8xeDZzXQ,MasterDIY,4,4292575,29100,5865,0,8585.15,0.0086,2026-07-25 11:35:17.479934
UC58SlRT_EjxhSRfY1C87Fwg,Desi_ firangi,1,3068,117,12,0,6.14,0.042,2026-07-25 11:35:17.479934
UC58iZEkGZi7ETeXizx_03vg,BryanAdamsVEVO,1,686488,8600,383,0,1372.98,0.0131,2026-07-25 11:35:17.479934
UC58nrxjhQ8eTOGfdAGtDvfQ,Sturdy,2,437657,4889,368,0,875.31,0.0125,2026-07-25 11:35:17.479934
UC58wys97NLIXUuSHGfZKFcg,ceyhan sarı,1,22077,79,17,0,44.15,0.0043,2026-07-25 11:35:17.479934
UC59KhIPOR0Jj653dC4laEJw,Caught In Providence,15,10495848,120000,2641,0,20991.69,0.0128,2026-07-25 11:35:17.479934
UC59Y73s03BV5EiNt4Hgv0HQ,ALKUKES,1,162848,443,31,0,325.7,0.0029,2026-07-25 11:35:17.479934
UC59u0B9tCSQHFu-sAuEqQDA,İbrahim Özyürek Müzik Arşivi,3,355220,2198,140,0,710.44,0.0083,2026-07-25 11:35:17.479934
UC5ACMD87BR_yfrjVdqxNc3g,birdamlaedebiyat,2,1411799,4400,403,0,2823.59,0.0033,2026-07-25 11:35:17.479934
UC5AHvW9gKxhOVo8wLYE_Uxg,RXF,1,4901,18,6,0,9.8,0.0049,2026-07-25 11:35:17.479934
UC5AMLfTiHsQXMWCiBe-Qdbw,Nail çimen,2,459733,910,177,0,919.47,0.0144,2026-07-25 11:35:17.479934
UC5AbeVUBxt1NnrwizXZBMcg,Chico Amadeo,2,231489,5500,198,0,462.98,0.0305,2026-07-25 11:35:17.479934
UC5AtVSs4UgDaK0nZjySnEEA,Nona Spínola,1,51470,1300,83,0,102.94,0.0269,2026-07-25 11:35:17.479934
UC5B0HWbbbALJsGHwpbwPqRw,City Mall,1,3151542,20000,2000,0,6303.08,0.007,2026-07-25 11:35:17.479934
UC5BBd8YrfyGVKy4irtKqvSw,15 Temmuz Günlüğü,1,18483,151,10,0,36.97,0.0087,2026-07-25 11:35:17.479934
UC5BEjTb0r4NF87FmEJVecBw,Marka TV,1,113697,760,59,0,227.39,0.0072,2026-07-25 11:35:17.479934
UC5BLduEigQIXM1srIjLsQHQ,SpaceCow,1,432191,3000,214,0,864.38,0.0074,2026-07-25 11:35:17.479934
UC5BMIWZe9isJXLZZWPWvBlg,KOMPASTV,6,6496062,23858,2582,0,12992.12,0.0067,2026-07-25 11:35:17.479934
UC5BMQOsAB8hKUyHu9KI6yig,KBS World TV,3,16312035,277100,3602,0,32624.07,0.0169,2026-07-25 11:35:17.479934
UC5BU7quIZa8_RmoQhcIwENA,MURAT ATAY,11,1795355,20718,2593,18,3590.71,0.0137,2026-07-25 11:35:17.479934
UC5BaX4NKvH6telsS19upR3g,yayla bend,2,693224,5400,216,0,1386.45,0.0083,2026-07-25 11:35:17.479934
UC5BcIVRHqDr1kInDOfq_1aA,PsimoesWeb Comedy,1,2120181,12000,519,0,4240.36,0.0059,2026-07-25 11:35:17.479934
UC5BhTK_Qw6Lm-3yEMg_Wqzg,wskisz,1,2131902,6400,208,0,4263.8,0.0031,2026-07-25 11:35:17.479934
UC5BhtMpGj91Ldfbh3r1EDEA,çiğdem gürdal,12,738669,2851,156,1,1477.34,0.0048,2026-07-25 11:35:17.479934
UC5Bte5cQfcKOn4xDv89tvtg,Barış Uğur,1,4998408,26000,2700,0,9996.82,0.0057,2026-07-25 11:35:17.479934
UC5BuRYsP3m5Ti2mxBLmri3Q,Lama Volant,1,3912758,17000,1800,0,7825.52,0.0048,2026-07-25 11:35:17.479934
UC5By15h2toq1x5u1jFZyEzw,Burak Canözer,1,63727,713,10,0,127.45,0.0113,2026-07-25 11:35:17.479934
UC5Cs_aWxb9DAMcuFpaqQwYw,CNN ARDAHAN,2,248675,762,124,0,497.35,0.0073,2026-07-25 11:35:17.479934
UC5D-q2yVTxuj48vRQPbiN1A,Nishtha Vachharajani,1,638352,3700,316,0,1276.7,0.0063,2026-07-25 11:35:17.479934
UC5DFRZ0EiT5FAebrBIHfnqA,Princess Bánh Bao,2,195030907,460000,191100,0,390061.82,0.0066,2026-07-25 11:35:17.479934
UC5DHn_rJCZrmnJlWpfpO93Q,РБК ПЛЮС,1,7482,99,6,0,14.96,0.014,2026-07-25 11:35:17.479934
UC5DSmi7SrgfWdTpi-XdFawg,Муз ТВ,1,310877,1800,93,0,621.75,0.0061,2026-07-25 11:35:17.479934
UC5DVsrCqSpXFJhoHCSlgpnQ,Mahmut POLATSAZ GRUBU,2,411,15,0,0,0.83,0.0499,2026-07-25 11:35:17.479934
UC5DhEABQEFsIrUhNKNWuM9Q,Specific Love Creations,2,5682813,35700,4604,0,11365.63,0.0098,2026-07-25 11:35:17.479934
UC5Dj7Wm6qYYqqQ_ChsB4caQ,MircoMV,1,263692,1700,111,0,527.38,0.0069,2026-07-25 11:35:17.479934
UC5E42kLpNvhDgFG98LZ3Cug,The Cream Edit,2,1638824,10000,651,0,3277.65,0.0173,2026-07-25 11:35:17.479934
UC5E9-r42JlymhLPnDv2wHuA,Terra X Lesch &amp; Co,1,44681,3100,44,0,89.36,0.0704,2026-07-25 11:35:17.479934
UC5ELN3koMi1kO-Zr9jwCYRA,406baris,1,11392,22,3,0,22.78,0.0022,2026-07-25 11:35:17.479934
UC5EYxJUZM03faj-3SYDM70A,Sush Dazzles,2,94140,4800,115,0,188.28,0.0525,2026-07-25 11:35:17.479934
UC5EifS230kRgstQx9nK4YlA,НЛО TV,2,132180,2800,97,0,264.36,0.0219,2026-07-25 11:35:17.479934
UC5FAtRw0oZi2CMGJdTEAOLQ,Sports Team 8,2,670435,3800,71,0,1340.87,0.0057,2026-07-25 11:35:17.479934
UC5FG8rGjilSBoLx32FmGW_w,Cyclist Couple in Turkey,1,37702,105,25,0,75.4,0.0034,2026-07-25 11:35:17.479934
UC5FsC3-L346F3ILqlCSnkaw,Müzik FM,1,2403860,4700,619,0,4807.72,0.0022,2026-07-25 11:35:17.479934
UC5G0-uMcGFhNts84d24BZqw,TODAY,1,514064,3300,121,0,1028.13,0.0067,2026-07-25 11:35:17.479934
UC5GHxp7WGTxNAK-dIl131Mw,Eltun Əsgər,4,3937949,56100,1518,0,7875.9,0.016,2026-07-25 11:35:17.479934
UC5GbbbB3iPNlzFNZiXLTAuA,Wrsh98,1,57954,868,38,0,115.91,0.0156,2026-07-25 11:35:17.479934
UC5GvVahlgulCyo4cshSmbcg,عربي TRT,2,15598111,138726,10084,0,31196.22,0.0064,2026-07-25 11:35:17.479934
UC5H98mHQUAXYxnkdL7J-DPA,HalloHerrNachbar,1,505319,842,195,0,1010.64,0.0021,2026-07-25 11:35:17.479934
UC5HF66V6Yx1MmHqmiKZYlig,ENGİN ALACA,3,11363177,25800,1256,0,22726.35,0.0027,2026-07-25 11:35:17.479934
UC5HJY7_7XEpkl4I_cMZJgcQ,ByKarakalem,2,1049376,4719,422,0,2098.75,0.0133,2026-07-25 11:35:17.479934
UC5HYOg4Qybf-T_NFa4FP3CQ,Actu Médias,2,708655,10098,338,0,1417.31,0.0111,2026-07-25 11:35:17.479934
UC5HYVJJU9PJ0OUMKgbs8EdQ,Garip ÖZDEL,2,129995,821,31,0,259.99,0.0103,2026-07-25 11:35:17.479934
UC5HdNEwhMM5a_V1mtAMde8g,Tatarov Videography,1,60509,277,32,0,121.02,0.0051,2026-07-25 11:35:17.479934
UC5Hla-cT_wJV1WrY7fE8jmg,İlhan Berat Yılmam,1,146916,2900,432,0,293.83,0.0227,2026-07-25 11:35:17.479934
UC5Hv6y0stHjqrrvuGy0pQcw,Kadayiff26,1,2963498,5200,227,0,5927.0,0.0018,2026-07-25 11:35:17.479934
UC5Hv925B0q1eqlQ_zCnryZA,gewerok30,1,5682448,9200,737,0,11364.9,0.0017,2026-07-25 11:35:17.479934
UC5HxNgkyCNNzatTecqzXJPA,Erkan Günay,1,14286,116,2,0,28.57,0.0083,2026-07-25 11:35:17.479934
UC5IFQtBrVmELDJB_wOd4ryg,Kendine İyi Bak,10,1731978,12934,1517,0,3463.96,0.0099,2026-07-25 11:35:17.479934
UC5IGnAzbWW-iZradsscvaYA,Vuslat TV,1,1188,2,2,0,2.38,0.0034,2026-07-25 11:35:17.479934
UC5IomFwR55YKRTmogdvmKfA,BİLMEK İSTERSEN!,4,3325699,19951,2818,0,6651.4,0.0058,2026-07-25 11:35:17.479934
UC5J0xOrFE_XfTNQJQYZDAyQ,KamiL Studio ZengiLanLi,2,879790,3475,464,0,1759.58,0.0049,2026-07-25 11:35:17.479934
UC5J3W5ApUAHVjYaUMFb6Pqw,İrem Gökçe,2,25826,283,32,0,51.65,0.0194,2026-07-25 11:35:17.479934
UC5J3k88h0uvSW1R_rymKirQ,Tahir Gora,3,849070,8300,695,0,1698.13,0.023,2026-07-25 11:35:17.479934
UC5JSVk3Tp1JLd3Jrxtxf0Ag,Deniz Rüya Çeşminaz KANDEMİR,1,184901,1000,73,0,369.8,0.0058,2026-07-25 11:35:17.479934
UC5JTfy24J7STy5lwDeNHq6g,mediasanctuary,4,725084,11594,1006,0,1450.18,0.0162,2026-07-25 11:35:17.479934
UC5Ja45bQCpiENeJUO4ryTXg,napalim04,1,35377661,131000,4100,0,70755.32,0.0038,2026-07-25 11:35:17.479934
UC5JrDLxWQBT9Zmh3vN6puEQ,BİRİKİM,1,162484,1800,129,0,324.97,0.0119,2026-07-25 11:35:17.479934
UC5JswwD3cx7bPdK2p-lX0lQ,befutr,1,1277228,787,89,0,2554.46,0.0007,2026-07-25 11:35:17.479934
UC5K-blIytzNvvPPOBVm_IvA,deanmasonone,1,16554,143,130,0,33.11,0.0165,2026-07-25 11:35:17.479934
UC5KhvlsYrr_hre3AKGFzeHA,Feadship,1,4125,117,2,0,8.25,0.0288,2026-07-25 11:35:17.479934
UC5KosKQL6iD6zntKmnyl0Rw,Lali Esposito,1,59710,69,5,0,119.42,0.0012,2026-07-25 11:35:17.479934
UC5LPB4kHEGh5g71WwXQmqmA,Olcay TV,1,5963,34,2,0,11.93,0.006,2026-07-25 11:35:17.479934
UC5LQTmkr_2o1KmrdYtytuxA,TeNamoda Life,2,913443,6721,769,0,1826.89,0.0236,2026-07-25 11:35:17.479934
UC5LfDeOy1Y8rhxdlcD-2vcw,Erkan Koca,1,6943,64,2,0,13.89,0.0095,2026-07-25 11:35:17.479934
UC5LpdSGChml2w349zqq_pXg,BENALİ VİDEOLARI,4,5222866,34969,7279,0,10445.74,0.0097,2026-07-25 11:35:17.479934
UC5LqANX0XMr_bbhrZaxj6PA,Koma Surgun,1,4436,17,2,0,8.87,0.0043,2026-07-25 11:35:17.479934
UC5LyInLCm8siyD_6ljTuGew,medcezirmed1985,1,1662883,5100,246,0,3325.77,0.0032,2026-07-25 11:35:17.479934
UC5M3721eXQWB7FmWvUGutcg,bozdag hakan,1,15119,56,2,0,30.24,0.0038,2026-07-25 11:35:17.479934
UC5MFDPWoeIsAzWUSJWIha-Q,Seyit Aydoğan,1,2899,13,0,0,5.8,0.0045,2026-07-25 11:35:17.479934
UC5M_lzBQmULNZIshzjJ8N2w,Euro-PA,7,161193,1055,34,1,322.38,0.0124,2026-07-25 11:35:17.479934
UC5McHEvkqTK4wovjv5ChLgg,THE WHY,1,1616,0,0,0,3.23,0.0,2026-07-25 11:35:17.479934
UC5N-VmtsksN1xfPV1sdB__g,TradingCoachUK,5,4706437,21885,2698,0,9412.88,0.0062,2026-07-25 11:35:17.479934
UC5N1S53leIIdk7318axOTzQ,Hazerleme,3,1672754,21600,1386,0,3345.5,0.0153,2026-07-25 11:35:17.479934
UC5N2hzXORKz0pvBjWXCgP1Q,William Wei,1,149590980,2400000,49000,0,299181.96,0.0164,2026-07-25 11:35:17.479934
UC5N7dcreEe65T4hB8xT4SvA,DU Center for Middle East Studies,1,5916,60,6,0,11.83,0.0112,2026-07-25 11:35:17.479934
UC5NOEUbkLheQcaaRldYW5GA,tagesschau,4,1352328,15231,1748,0,2704.66,0.014,2026-07-25 11:35:17.479934
UC5NU0gwu-18DG2Gs3eK3pMw,Alpha Facts,2,7476071,132000,9800,0,14952.14,0.0195,2026-07-25 11:35:17.479934
UC5NUD6vA646qoAnNtZ4qkWQ,Bronze Cowboy,3,14281307,110900,3570,0,28562.62,0.0083,2026-07-25 11:35:17.479934
UC5NoPk3CQeC88mKU0YWabGA,Hidalgali,3,3332017,75000,5100,0,6664.04,0.0286,2026-07-25 11:35:17.479934
UC5O0JNfraGVmoey9JF9FPHQ,Misslisibell,1,10801,945,23,0,21.6,0.0896,2026-07-25 11:35:17.479934
UC5O114-PQNYkurlTg6hekZw,United Nations,2,439548,5583,402,0,879.09,0.0114,2026-07-25 11:35:17.479934
UC5O6ViUOt3NWYgqvayNtzNw,Düşündüren V.,1,3126,44,8,0,6.25,0.0166,2026-07-25 11:35:17.479934
UC5ODpU-j-mE5V3v_zNteuNA,Heidi,1,298777,2100,163,0,597.55,0.0076,2026-07-25 11:35:17.479934
UC5OFskFHPtkaxh8GIYLUNEw,Blacksea Music,1,143155,788,54,0,286.31,0.0059,2026-07-25 11:35:17.479934
UC5OapbSRJfyILIZ7Qf5imxQ,Bir Dünya Umut (a world of hope),1,26964,282,31,0,53.93,0.0116,2026-07-25 11:35:17.479934
UC5Ocg21tEO3xLNoF5_ve_Hw,Lone Wolf,1,3567868,11000,1300,0,7135.74,0.0034,2026-07-25 11:35:17.479934
UC5PQ3lNPWKXC09TS8GLQWlA,Şahê Bedo Official,1,1459912,10000,715,0,2919.82,0.0073,2026-07-25 11:35:17.479934
UC5PgHMH13Qdw0XoXNKRSjMw,Eylül Bahar,2,332830,9200,378,0,665.66,0.0301,2026-07-25 11:35:17.479934
UC5PkhnB5DTJ22VD7TyTvJWA,Kardeş Payı,6,9184058,28820,2132,12,18368.12,0.0054,2026-07-25 11:35:17.479934
UC5Pl_hXQVxBpFSSgY_6C7Ig,novosti khabar2016,1,136770,902,120,0,273.54,0.0075,2026-07-25 11:35:17.479934
UC5PoOmbHOBTRNXROWvMtYBQ,Kinderspielzeugfee,7,1911966,16600,2283,0,3823.92,0.0094,2026-07-25 11:35:17.479934
UC5Q-CMKWSCb7MHfc-Hs7cRw,robar film,1,82538,1000,43,0,165.08,0.0126,2026-07-25 11:35:17.479934
UC5QCzt3u3NqVqTcwjI-m1MA,ŞİFALI BİLGİLER,1,231684,2400,287,0,463.37,0.0116,2026-07-25 11:35:17.479934
UC5QOYOkPJ3KM1anrS2gxIlA,Q Tech HD,4,18763746,60000,8180,0,37527.5,0.0034,2026-07-25 11:35:17.479934
UC5QTxnjZHhvyhvZ4Biydung,sybercedayTv,1,425,27,2,0,0.85,0.0682,2026-07-25 11:35:17.479934
UC5QYNyzLm7VZ1FItqDwv37g,karatekincik1,2,1031152,3246,247,0,2062.31,0.0033,2026-07-25 11:35:17.479934
UC5Qc37u8qtZ8HLQtqKjd3SQ,Halis Ensar Köksal,1,468624,3700,739,0,937.25,0.0095,2026-07-25 11:35:17.479934
UC5QciZxfFPrQWDRZNP0ElGg,Mutfak felsefem Hatice Yüksel,4,1923019,33500,1676,0,3846.04,0.0176,2026-07-25 11:35:17.479934
UC5QiCVcjGcU_5wHGd9NzvPw,GilstrapTV,1,1907196,25000,576,0,3814.39,0.0134,2026-07-25 11:35:17.479934
UC5Qq8UmhUpTsNxaMrBqKYcw,ocaq tv,1,78296,720,26,0,156.59,0.0095,2026-07-25 11:35:17.479934
UC5QvQOWTB4K43Pxz_bDth0Q,Alevi Shakespeare,1,603405,2100,137,0,1206.81,0.0037,2026-07-25 11:35:17.479934
UC5R0wgIYygsLVRwaKtSSGVA,Innova Crafts,5,14490307,168133,8863,0,28980.62,0.0193,2026-07-25 11:35:17.479934
UC5RBY79trqXLS55qFqIii7Q,HARP TARİHİ,13,3152556,73200,2523,0,6305.1,0.0304,2026-07-25 11:35:17.479934
UC5RC2hA_wv4kUy7yb9XCutA,Kanal-izyon TV,2,476427,4300,139,0,952.86,0.0111,2026-07-25 11:35:17.479934
UC5RONAZOHQyeoEcyUz9nWvQ,MOBO Awards,1,2134,16,8,0,4.27,0.0112,2026-07-25 11:35:17.479934
UC5RO_8SM_FzGp92kiX8nwwQ,Anıl GÜRSUN,1,6850,48,5,0,13.7,0.0077,2026-07-25 11:35:17.479934
UC5RVunBgD7icg8BlsiYypkg,Hasan Çoban Official,3,5551246,17900,2546,0,11102.5,0.004,2026-07-25 11:35:17.479934
UC5Rq2smn0DMvbbVOAAV7t3w,PentaMagic,2,9131331,115100,4292,0,18262.66,0.026,2026-07-25 11:35:17.479934
UC5S1TKzou-HttEM2KmtaKMA,Tayloo,1,162319,291,16,0,324.64,0.0019,2026-07-25 11:35:17.479934
UC5S3JEhohnXdi4KGYSwvueA,Eszter Medve,1,158487,390,55,0,316.97,0.0028,2026-07-25 11:35:17.479934
UC5S5WUh8QhbYNM_YiT7Twhg,Experiment Machinery,2,8554852,16000,4500,0,17109.7,0.0025,2026-07-25 11:35:17.479934
UC5SJWi-Yu9hu7EVsuuAAASA,Amazing Hairstyles,1,4204978,23000,1600,0,8409.96,0.0059,2026-07-25 11:35:17.479934
UC5SNlYj3uq_wlT24phCU6XQ,Kawhi Not,2,15362924,85700,4575,0,30725.85,0.0059,2026-07-25 11:35:17.479934
UC5TIE-9FQAF6RH3qssgiyMg,mesajtv,2,209003,1536,163,0,418.01,0.0085,2026-07-25 11:35:17.479934
UC5TSUHDDGa8mQ1aS_S6EQnA,五件小事,2,2015393,13100,985,0,4030.79,0.007,2026-07-25 11:35:17.479934
UC5TccbGxEeVMx9gL6wp9fOg,Yasak Elma,73,76735452,400693,29004,75,153470.91,0.0222,2026-07-25 11:35:17.479934
UC5TpczeeVFHCQKCBSmStJlQ,Islamic Architecture,1,29035,674,15,2,58.07,0.0238,2026-07-25 11:35:17.479934
UC5TrR_j8gr_5wdO8HvKcI5A,Quadrifo,1,30388,756,18,0,60.78,0.0255,2026-07-25 11:35:17.479934
UC5Twj1Axp_-9HLsZ5o_cEQQ,Doc Seven,1,1197713,55000,1100,0,2395.43,0.0468,2026-07-25 11:35:17.479934
UC5U2vnJryhhwE9trTlxOhng,Patriot Azerbaijan,1,766309,4800,345,0,1532.62,0.0067,2026-07-25 11:35:17.479934
UC5UNOHQyoC99cYYKg5xz3FQ,Meryem Rabia Tayfur,1,22914,141,6,0,45.83,0.0064,2026-07-25 11:35:17.479934
UC5UTJN874ZfoccD2h1YG4Vw,trabzonlu selim,1,444762,1400,167,0,889.52,0.0035,2026-07-25 11:35:17.479934
UC5UmdPCl4ri0K4lgTcPBCtg,JIN YANG,2,9726777,27400,3583,0,19453.55,0.005,2026-07-25 11:35:17.479934
UC5V75_F8ZWRxjjJII1nwtkQ,Northwest Creation Network,1,85356,994,284,0,170.71,0.015,2026-07-25 11:35:17.479934
UC5V8ByKLOve9uyZ54W5hlew,SMT Winding Equipment,1,391582,1500,237,0,783.16,0.0044,2026-07-25 11:35:17.479934
UC5VUysZ3er4i9gc-yJQfTyg,Uzman Hafıza,2,2919799,23900,1567,0,5839.6,0.0103,2026-07-25 11:35:17.479934
UC5V_BTDvg_aOYZos9Cyb4Rg,Sosyal Doku Vakfı,42,6574672,91963,3546,0,13149.34,0.0215,2026-07-25 11:35:17.479934
UC5Vd3xlJn7dAceeSAcWVL3w,Erdem Fidan,6,333121,2066,238,0,666.24,0.0186,2026-07-25 11:35:17.479934
UC5VfcMtimzCTxWZkpkaTQOA,Halil İbrahim Göker,4,4979673,178000,7795,0,9959.35,0.0488,2026-07-25 11:35:17.479934
UC5VwkbHCjpDg5_B6zEy4GgA,rüstem yaman,3,28393,168,10,0,56.79,0.0064,2026-07-25 11:35:17.479934
UC5WA0B1N81BbvK49w9wbxmQ,Berty MaX,1,4216041,14000,1900,0,8432.08,0.0038,2026-07-25 11:35:17.479934
UC5WE_bClugxSVG1ENir8qzg,hazards and catastrophes,5,2714939,15345,1513,0,5429.88,0.0064,2026-07-25 11:35:17.479934
UC5WF2JJqYA_8KqaFxid6-hA,Exquisite Tasty Recipes,1,811423,6300,1000,0,1622.85,0.009,2026-07-25 11:35:17.479934
UC5WR9YeIKbUhK7j1A7U2EhA,özgür yılmaz,1,544592,2800,139,4,1089.18,0.0054,2026-07-25 11:35:17.479934
UC5WVOSvL9bc6kwCMXXeFLLw,Wabosha Maxine,1,2040364,24000,837,0,4080.73,0.0122,2026-07-25 11:35:17.479934
UC5WjFrtBdufl6CZojX3D8dQ,Tesla,1,2015056,36000,822,0,4030.11,0.0183,2026-07-25 11:35:17.479934
UC5XLbOi5ech5VwtoEDAZpbg,MÜZİK AHENGİ,1,7422,44,3,0,14.84,0.0063,2026-07-25 11:35:17.479934
UC5XN5zvu9X3ryeI9txFM9pA,Savaş Yasinoğlu,2,3272567,8133,2198,0,6545.14,0.0032,2026-07-25 11:35:17.479934
UC5XUhOnG1-l1b3QDPWoKbfw,YOHANES SOELARSO WEDDING,2,262998,5546,195,0,526.0,0.0317,2026-07-25 11:35:17.479934
UC5XdTCF6_ESv0I_qK2JAhiw,Kellys Hero,1,1315340,11000,635,0,2630.68,0.0088,2026-07-25 11:35:17.479934
UC5Y52fCWFDJh-4wkgSH4wDQ,NOLA.com,3,226907,1470,161,0,453.81,0.0059,2026-07-25 11:35:17.479934
UC5Y9yosgYVQ6swisM48dNMQ,Fernandinha,1,2207396,62000,1900,0,4414.79,0.0289,2026-07-25 11:35:17.479934
UC5YCWVfiPRyyyWseW479C3A,Theranamousa,1,652724,16000,447,0,1305.45,0.0252,2026-07-25 11:35:17.479934
UC5YMBId3l1mRl4X0s9h-8rw,قناة بيوتي بيو Beauty bio,4,580482,21000,737,0,1160.97,0.0433,2026-07-25 11:35:17.479934
UC5YbvMDMrjjpslhkmMqz_9A,Ross Fam,1,5890,87,58,0,11.78,0.0246,2026-07-25 11:35:17.479934
UC5YhuszBwBRv783fd5hAHaQ,CBC Comedy,6,277667,2596,87,0,555.33,0.0103,2026-07-25 11:35:17.479934
UC5Z2ZmwAJhPLRIBUVkQljMg,Politics Russia - Ukraine,4,11820280,70242,19711,0,23640.57,0.0081,2026-07-25 11:35:17.479934
UC5ZA8jvhWP-tOv9e0jQKkFw,Nuray Mamac,2,412505,1919,31,0,825.01,0.005,2026-07-25 11:35:17.479934
UC5ZHfEoi52vSyr9xBkeHFjg,taki1907,1,3580316,10000,964,0,7160.63,0.0031,2026-07-25 11:35:17.479934
UC5ZcYyQt5lL6rDGd6nt39gQ,Mehmet Uysal,2,6897,39,0,0,13.79,0.0061,2026-07-25 11:35:17.479934
UC5ZgmomBg06N-AYjh0bxVrg,Alicia_Wunderbar,1,96836,1300,45,0,193.67,0.0139,2026-07-25 11:35:17.479934
UC5ZouPtD0xiHrBfP6GTbZZg,Kenan Taş,1,4296,77,7,0,8.59,0.0196,2026-07-25 11:35:17.479934
UC5_1lRqNbie7YLtHd5Duttg,Unikal org,1,595,3,3,0,1.19,0.0101,2026-07-25 11:35:17.479934
UC5_hqq61srTFiKC0Wio8YEA,Roosevelt House Public Policy Institute at Hunter College,1,42727,438,34,0,85.45,0.011,2026-07-25 11:35:17.479934
UC5_sed0eWGYIFFnrASoO8TA,Dr.Reema Padmakumar,2,1088924,3564,614,0,2177.85,0.0387,2026-07-25 11:35:17.479934
UC5a1vcRZdoI1qIRRdQoEX6g,Planetes360,3,308337,8300,1481,0,616.67,0.0322,2026-07-25 11:35:17.479934
UC5a7HiJxbUddlvavbIJsq3A,Cüneyt Özdemir Arşiv,2,399719,2784,245,0,799.44,0.0085,2026-07-25 11:35:17.479934
UC5aPefx8ocOTSx0kUa2rgyg,Mister Bil,1,840,27,2,0,1.68,0.0345,2026-07-25 11:35:17.479934
UC5aeU5hk31cLzq_sAExLVWg,Ruptly,63,19659984,76155,6375,2,39319.96,0.0063,2026-07-25 11:35:17.479934
UC5ar-yBbMVZRLJO_sirPE4w,Rıdvan Karagöz,1,34577,146,9,0,69.15,0.0045,2026-07-25 11:35:17.479934
UC5axF5SZW-cdvhod8AV_I4Q,Adharjshvbhghhfyggytggf ugfhthghSfjdtjdj,1,4383,15,3,0,8.77,0.0041,2026-07-25 11:35:17.479934
UC5bACDPn-Kgu3qrUmj9b5Ow,Shirley B. Eniang,1,165670,7000,122,0,331.34,0.043,2026-07-25 11:35:17.479934
UC5bCALl6Rdk3BBuJpERjglA,Özkan Pekin,1,495913,2200,95,0,991.83,0.0046,2026-07-25 11:35:17.479934
UC5bD8kJPnA0NBp1lZbiI90A,VER ÇOŞKUYU VER,1,39262,136,14,0,78.52,0.0038,2026-07-25 11:35:17.479934
UC5bEfSFTYQVfLCwkhBt8NtQ,The Heritage Foundation,4,1767459,58300,1313,0,3534.92,0.0284,2026-07-25 11:35:17.479934
UC5bIYL6BrZKlVat702sozdA,Yasin Altınsoy,1,2386033,6400,967,0,4772.07,0.0031,2026-07-25 11:35:17.479934
UC5b_sy6DXihEYpNn-zLJtKw,валерий панчеха,1,724399,5200,154,0,1448.8,0.0074,2026-07-25 11:35:17.479934
UC5bcDCbkrupcv7SbU-jkQAQ,MERAK TV,3,42834,574,25,0,85.66,0.0149,2026-07-25 11:35:17.479934
UC5bgQS7wCjg2--S_GR8Ybsw,Lava Metal Döküm Sanayi ve Ticaret A.Ş.,1,89741,271,19,0,179.48,0.0032,2026-07-25 11:35:17.479934
UC5blcXK18Jtfacia8jLDnVQ,mansur devris,1,6928,25,4,0,13.86,0.0042,2026-07-25 11:35:17.479934
UC5bu8qvD-y0eo2A6yLfvr3A,USA Military Channel,2,5046561,12000,1884,5,10093.13,0.003,2026-07-25 11:35:17.479934
UC5cFR11WJkTsFfB8HZ7NvFQ,soL HD,2,89574,616,112,0,179.15,0.0191,2026-07-25 11:35:17.479934
UC5cSG77Hf8Liy2TPh-VR1qg,erentarsus,1,994849,3100,296,0,1989.7,0.0034,2026-07-25 11:35:17.479934
UC5cljUKnrdRP2-mKV_cUiag,TeckWrap International,1,874174,4000,384,0,1748.35,0.005,2026-07-25 11:35:17.479934
UC5cm9QNKowS4pEa5-5-wcMg,HALDEM,1,576365,3600,1300,0,1152.73,0.0085,2026-07-25 11:35:17.479934
UC5cmuqY_9R1A9wfWn2Z8UGA,M_Hamdan Fazza,1,54809,1500,37,0,109.62,0.028,2026-07-25 11:35:17.479934
UC5cnLTeSVyDSQZuPpDPnJCw,tereci umut,2,274794,741,55,0,549.59,0.0023,2026-07-25 11:35:17.479934
UC5d6SFOjvNRknXoYlJKt8Wg,Ozcan Music Production,4,2895712,8572,814,0,5791.42,0.0041,2026-07-25 11:35:17.479934
UC5dAhoNvPD72zQzXO-tXp6A,Kendin yap - Tutorials - Turkish Türkçe,1,4311,22,8,0,8.62,0.007,2026-07-25 11:35:17.479934
UC5dFy6gjApFGcT7S8ZTs9hA,EmyWuu,14,4072377,57626,5157,0,8144.75,0.0263,2026-07-25 11:35:17.479934
UC5dOPBlkiIQRT8OZG0Wojng,Yiğit Sanlı,1,33525,1600,56,0,67.05,0.0494,2026-07-25 11:35:17.479934
UC5dOjPP74Y-RQIIt1T8hAIA,By YesilbaG,3,678278,6606,651,0,1356.55,0.0405,2026-07-25 11:35:17.479934
UC5dtzBrir6yWfpEgNxSMtrQ,TV Blue S Music,2,14953,56,13,0,29.9,0.0062,2026-07-25 11:35:17.479934
UC5dvHmOIJYRwXWhx0WBW4RA,esref altun,7,134624,379,52,0,269.25,0.0035,2026-07-25 11:35:17.479934
UC5e-RaHpmEaLxJ6FP24ea7Q,Airguardian,2,722406,8298,284,0,1444.81,0.0189,2026-07-25 11:35:17.479934
UC5e05rNUPDrg2DohWuEJrug,Süleyman Öztürk,1,89189,537,30,0,178.38,0.0064,2026-07-25 11:35:17.479934
UC5e2mMwOgzCkJ1sFM_KgdkQ,Şöhret Memmedov,4,10037859,83400,3678,185,20075.71,0.0133,2026-07-25 11:35:17.479934
UC5eHnMMDaJRHHUx9vOO2w9Q,Murat Çınar,2,3914,32,0,0,7.82,0.0084,2026-07-25 11:35:17.479934
UC5eNuXgu37UkGVXJn1RjPUA,Nimet_ نعمة_,1,175,9,0,0,0.35,0.0514,2026-07-25 11:35:17.479934
UC5ePMDnUxRJD3R7yBBDSa5g,Ferid Heydarov Kameraman,4,888723,10361,382,0,1777.44,0.0143,2026-07-25 11:35:17.479934
UC5eRmq3I2wbT7v3JVXcsxsA,Chic LadyT,1,464061,7200,207,0,928.12,0.016,2026-07-25 11:35:17.479934
UC5eYSj6yzUh3IBR1zctZiAg,YANLIZADAMLARRRR,2,3257363,4322,330,0,6514.72,0.0013,2026-07-25 11:35:17.479934
UC5ej_eu4KDOozdBi_pG7zLQ,Arven Record,1,833766,2300,229,0,1667.53,0.003,2026-07-25 11:35:17.479934
UC5fCFsSpHz49f1QAV0wtpew,Battle Of The Year,2,18942102,132238,13005,1,37884.21,0.0239,2026-07-25 11:35:17.479934
UC5fDe5Yp9uZEACzTmUb1IiQ,Rustam Music,1,2079,16,0,0,4.16,0.0077,2026-07-25 11:35:17.479934
UC5fYAgB2-coLy9GmGkd4TbQ,Kərim Novruzov,2,2286059,20900,1101,0,4572.12,0.0112,2026-07-25 11:35:17.479934
UC5fcKtJuMLByA4DVVs7LhxA,emsalsiz GÖLHİSARLI,9,1069456,2409,236,0,2138.91,0.003,2026-07-25 11:35:17.479934
UC5fsOsxBas1aq9_dWwY8Hpg,XSPORT.ua,1,3660,12,2,0,7.32,0.0038,2026-07-25 11:35:17.479934
UC5g2ds4PoHKsnrK89soN2qQ,muhammed salih yıldız,2,4062421,9378,697,17,8124.84,0.0021,2026-07-25 11:35:17.479934
UC5gFDoGaAw28ZHQYjG7QQiA,Metin Kücük,1,4922706,12000,1400,0,9845.41,0.0027,2026-07-25 11:35:17.479934
UC5gJO5LlA-OQiQ_QpL-DE0Q,Adnan Düzakın,1,207977,721,73,0,415.95,0.0038,2026-07-25 11:35:17.479934
UC5gLMCVd5BBvXqlzdGZ5OHQ,Şeyma Subaşı,1,1387679,15000,11000,0,2775.36,0.0187,2026-07-25 11:35:17.479934
UC5gUUibrMbLVK6ATxAD1EPg,İsmail Erdem,2,3515326,10034,2006,0,7030.65,0.0098,2026-07-25 11:35:17.479934
UC5h1hcbCe_Ik-KXonogHmuQ,Nerea Galaguerr,1,1007346,11000,929,0,2014.69,0.0118,2026-07-25 11:35:17.479934
UC5h2_DTbq03721WFd-Ov3sA,ROGER LANNOY,5,1509897,16856,1322,0,3019.79,0.0235,2026-07-25 11:35:17.479934
UC5h5A43FYeabpfVGk9pqCqg,AYGÜN HASAN ÖZTÜRK,2,7914,41,9,0,15.83,0.0051,2026-07-25 11:35:17.479934
UC5hTT4TJ7dWC-pUvHyaJjYw,videosari64,1,619,11,0,0,1.24,0.0178,2026-07-25 11:35:17.479934
UC5hUBXi8cDKsA0J4x4DKCQg,Cem Adrian,12,199307436,945400,45878,0,398614.87,0.0083,2026-07-25 11:35:17.479934
UC5hagbBTaxXgCCFv8QLbXMg,MRB Football Videos,2,3262506,9312,1235,0,6525.01,0.0126,2026-07-25 11:35:17.479934
UC5hjpRR55QnshKwLd2EG2LQ,Hamza Başgöze,1,210223,1100,32,0,420.45,0.0054,2026-07-25 11:35:17.479934
UC5hpGSZuIutTHqUrsWFRCWQ,Perde Arkasındaki Gerçekler,2,821467,7900,739,0,1642.94,0.0107,2026-07-25 11:35:17.479934
UC5iB9uZ4gDf3JRq0VfucqHQ,UCCEV Comps,5,10405935,47300,3529,0,20811.87,0.0065,2026-07-25 11:35:17.479934
UC5iHX3bO3sAoHtyk8g67b5Q,tayfun sivri,1,247103,956,82,0,494.21,0.0042,2026-07-25 11:35:17.479934
UC5igJFdBQVqg7hXFI7075OQ,Golf Channel,1,52689,221,22,0,105.38,0.0046,2026-07-25 11:35:17.479934
UC5ihYerJGvIHtaMmZ0E97ew,Irna Dewi Official,7,7979189,80800,4258,0,15958.38,0.0145,2026-07-25 11:35:17.479934
UC5inZj0u_gNbqLPCeZxOfPw,bebeefendi,1,90243,205,21,0,180.49,0.0025,2026-07-25 11:35:17.479934
UC5j9pzM9bDyij92WyCXZNaw,Hasan Çakıl,1,135289,257,29,0,270.58,0.0021,2026-07-25 11:35:17.479934
UC5jCYpGG4zqlOs_cPgoayNg,THINK Global School,1,1324420,24000,1400,0,2648.84,0.0192,2026-07-25 11:35:17.479934
UC5jGe0GLQCp7MpQtGuwZecw,GERÇEK HİKAYELER,3,1014717,18700,807,0,2029.44,0.0261,2026-07-25 11:35:17.479934
UC5jahpduhjbV707lEA_3gAA,Tony B. Richie - Car Mods &amp; Entrepreneurship!,1,1080,57,7,0,2.16,0.0593,2026-07-25 11:35:17.479934
UC5jgXO4wTv5gDN8K49427hg,eMin 030,1,394537,2000,132,0,789.07,0.0054,2026-07-25 11:35:17.479934
UC5k502i8AFuB-VQmlJtk5_A,velimamed,1,225761,1200,609,0,451.52,0.008,2026-07-25 11:35:17.479934
UC5kBIzRfZj8Sn0dGmbjAVAA,Football Park,2,1537286,13800,486,0,3074.57,0.009,2026-07-25 11:35:17.479934
UC5kL-qQmNDXG26dQ-uzLpww,gürkan demirkol,1,20617,83,7,0,41.23,0.0044,2026-07-25 11:35:17.479934
UC5kMTqOYtw3W0HUCVCylSAQ,Şaban Gürsoy,3,237897,727,66,0,475.79,0.0042,2026-07-25 11:35:17.479934
UC5kx1HFVHe2NShuUm6ZvAwA,Fergufool,1,508316,2600,149,0,1016.63,0.0054,2026-07-25 11:35:17.479934
UC5l1Yto5oOIgRXlI4p4VKbw,中天電視,2,778304,1821,291,0,1556.61,0.0034,2026-07-25 11:35:17.479934
UC5l4AXPco7YJcDCVj2kUP1w,Serap Gök,1,32057,125,36,0,64.11,0.005,2026-07-25 11:35:17.479934
UC5lA-uD5BbN0WdzjWXuw_Ew,Cebrail Aksu,1,1945,16,3,0,3.89,0.0098,2026-07-25 11:35:17.479934
UC5lBFUqiAyHImf5pxD_ATPw,canpolatm,1,25560,45,2,0,51.12,0.0018,2026-07-25 11:35:17.479934
UC5lQxpXKYCActlaMYRUDrSA,北京电视台纪实频道 China BeijingTV Documentary Channel,1,96419,393,75,0,192.84,0.0049,2026-07-25 11:35:17.479934
UC5lRKBgDMpPas8-VP3wsh0A,Kaushal Beauty,5,3268253,85400,2083,0,6536.5,0.0325,2026-07-25 11:35:17.479934
UC5lTEvtwu6SR3LMSmU9VZ2Q,World Snooker Official,1,1718539,6200,702,0,3437.08,0.004,2026-07-25 11:35:17.479934
UC5lWTyoKaOtmgWXABjugnQA,Elnur Niftaliyev,1,69635,693,42,0,139.27,0.0106,2026-07-25 11:35:17.479934
UC5liRtZL8vhpp8nb5YpFLhQ,Luis Araya,1,1308956,6400,238,0,2617.91,0.0051,2026-07-25 11:35:17.479934
UC5loplLi3d068-xnBvp5BIg,erhan badem,3,547534,2105,155,0,1095.07,0.0046,2026-07-25 11:35:17.479934
UC5lpJtPuROD_ERVUcjvSitg,Cansın Şahin,4,103006,1483,143,0,206.02,0.0185,2026-07-25 11:35:17.479934
UC5ls68cohdcyGx10e1TV9XA,متع عقلك,3,11646770,122000,8900,0,23293.54,0.0113,2026-07-25 11:35:17.479934
UC5lzead_N_-SY2NqOALdw2w,Maxbokt,1,4234851,22000,1200,0,8469.7,0.0055,2026-07-25 11:35:17.479934
UC5m164P4C-4F5bqs28HtI6w,EverXFun,1,41722078,365000,21000,0,83444.16,0.0093,2026-07-25 11:35:17.479934
UC5m5hp3WwO_tpFvNpkVUACA,Naz Güngör,1,9017,197,24,0,18.03,0.0245,2026-07-25 11:35:17.479934
UC5m9-5HnV3TX_bFPQxXxmEg,Владимир Бучко,1,339876,9700,841,0,679.75,0.031,2026-07-25 11:35:17.479934
UC5mQVzNdRyfwgNfKIvXu8_g,namunyoska2,1,97284,271,14,0,194.57,0.0029,2026-07-25 11:35:17.479934
UC5mv2pjB_Ikce3AB2N8e23Q,ozkanmg,1,360157,1000,33,0,720.31,0.0029,2026-07-25 11:35:17.479934
UC5n79IMLo7E-XluVsvygfEw,harun Söylemez,2,76404,95,10,0,152.81,0.0015,2026-07-25 11:35:17.479934
UC5nEQU5dMYJyKQ5zoZnzNIA,chrisssjkd,1,5350937,21000,1000,0,10701.87,0.0041,2026-07-25 11:35:17.479934
UC5now6fjIJvXEXtb7K-d8gA,CasuallyListening,1,3338161,22000,1000,0,6676.32,0.0069,2026-07-25 11:35:17.479934
UC5nrYA2R9UNYDPDTa1gsjMA,müzikhane,2,6024843,37198,636,0,12049.68,0.0166,2026-07-25 11:35:17.479934
UC5ntDv3HL5KKb85flCR8Wsw,Qəndab Quliyeva,5,148283,1495,93,0,296.57,0.0135,2026-07-25 11:35:17.479934
UC5nwNW4KdC0SzrhF9BXEYOQ,TVBS NEWS,1,179568,588,87,0,359.14,0.0038,2026-07-25 11:35:17.479934
UC5oTTf3937vktOWs7_0Ibzg,Halime YILDIZ,1,7602,78,3,0,15.2,0.0107,2026-07-25 11:35:17.479934
UC5odMlx0Je7NNAGtadlcpgg,Jesus Minguez,1,160298,893,121,0,320.6,0.0063,2026-07-25 11:35:17.479934
UC5og2krzL5IYn-q_jbxRV_w,Öner Karaçiçek,1,167996,208,35,0,335.99,0.0014,2026-07-25 11:35:17.479934
UC5oj_spaiwBRnVH-33uQuBg,ugur colak,2,8458088,13516,816,0,16916.18,0.0021,2026-07-25 11:35:17.479934
UC5orM2Op_U7O4GswEmDJG3g,DigitalRomanceInc,2,1369700,4997,656,0,2739.4,0.003,2026-07-25 11:35:17.479934
UC5oxxUzMed62doAf9jKoDlg,Erkin G.,1,2503287,11000,650,0,5006.57,0.0047,2026-07-25 11:35:17.479934
UC5p4caFsi9H-4O0BicROw5Q,Ebu Hanife,4,31918,283,40,0,63.84,0.0094,2026-07-25 11:35:17.479934
UC5p72sVWfLvASbRndS2dJsQ,Efe çetinel,1,376838,940,79,0,753.68,0.0027,2026-07-25 11:35:17.479934
UC5pBEKNLgcxpmLCYNUo0XTw,Amasyaliyiz 05,1,1323,15,2,0,2.65,0.0128,2026-07-25 11:35:17.479934
UC5pH6webo8-ghWdX3O5RPTQ,Şifa Bul,10,4572955,44909,3077,8,9145.92,0.0142,2026-07-25 11:35:17.479934
UC5pT9EUhdxyndRu6BD34yCw,Çat Pat,1,612339,1500,84,0,1224.68,0.0026,2026-07-25 11:35:17.479934
UC5pm9GcnH_fYIyxFAOI7ZkA,Drone Adam,1,2740,61,2,0,5.48,0.023,2026-07-25 11:35:17.479934
UC5pujeuHzw2-EgiB-ausieA,Fetih Medya,2,559186,2530,259,0,1118.37,0.0062,2026-07-25 11:35:17.479934
UC5qOnni-6riZSrAG83mTMnw,The Official Kellzperience,2,2116154,11500,1546,0,4232.31,0.0057,2026-07-25 11:35:17.479934
UC5qbheZhLerBo0TX5lBILzw,İlk Media,50,52203748,364820,39938,13,104407.51,0.0081,2026-07-25 11:35:17.479934
UC5qi2v7eUigWQVM6OCyFMVQ,SummerDays Денис и Таня,8,1687142,28242,1806,0,3374.28,0.0196,2026-07-25 11:35:17.479934
UC5rAxqTH2yI6amC-Xgxm7SA,Scuola Parrucchieri,2,955996,4700,393,0,1912.0,0.0053,2026-07-25 11:35:17.479934
UC5rD-xsRXA6BQBANuOEmgXA,Natural Home Remedies,1,2734191,0,0,0,5468.38,0.0,2026-07-25 11:35:17.479934
UC5rDqWwOf4aHtdndHDTdd1Q,عروض المواهب العالمية,8,6099321,28398,2765,0,12198.63,0.0051,2026-07-25 11:35:17.479934
UC5rZKqG9bx23JojlULHKi6g,Mesut Özşahin,5,6018,82,4,0,12.04,0.038,2026-07-25 11:35:17.479934
UC5rtm7cPyuXEZ7dpl_HmhmA,TheAutoTop,3,3421091,19800,2241,0,6842.19,0.0078,2026-07-25 11:35:17.479934
UC5sIHCirESxN0isiRAGuS2Q,Maryam Maquillage,1,2039976,41000,1400,0,4079.95,0.0208,2026-07-25 11:35:17.479934
UC5sPdXDj-Hh5mqxjuDNAGRg,Kader Çeliktaş,1,646,15,2,0,1.29,0.0263,2026-07-25 11:35:17.479934
UC5sUVzGZp-RyxQM8U48LrRQ,Metro İstanbul,1,10900,145,10,0,21.8,0.0142,2026-07-25 11:35:17.479934
UC5sUYgMiGGDX6GhpiggXA9g,İrem Derici,1,21261323,68000,4500,0,42522.65,0.0034,2026-07-25 11:35:17.479934
UC5smDYBh5u_QKgetDVDt8rg,La Gurme 06,4,1259726,3839,870,0,2519.45,0.0058,2026-07-25 11:35:17.479934
UC5t2E3ugT75vdjoqBdDUWGA,The Angkor Wilderness,1,251397,1200,331,0,502.79,0.0061,2026-07-25 11:35:17.479934
UC5tVXWGWNpA_PVxJLmm9jVw,meyra hobi,1,9777,302,14,0,19.55,0.0323,2026-07-25 11:35:17.479934
UC5u0HfHBWVRxUSDmj1i1hdw,Hüseyin Can Can,6,73523,209,15,0,147.04,0.0093,2026-07-25 11:35:17.479934
UC5uJY_MR9KSmMb5w_Z-x68A,Beautiful U,9,442734,9166,592,0,885.46,0.0371,2026-07-25 11:35:17.479934
UC5uPqcsp_w9gjrHOwuolzNQ,doganay53,1,42793,76,2,0,85.59,0.0018,2026-07-25 11:35:17.479934
UC5uXme66Gl0CgqRrkBCbiaA,VaqifMirzeyev Klarnet,1,1509,21,2,0,3.02,0.0152,2026-07-25 11:35:17.479934
UC5ud_Zhi038VpiUhnQja4yQ,grupmodelofficial,1,16782469,56000,1700,0,33564.94,0.0034,2026-07-25 11:35:17.479934
UC5ujvySyX2svDmsle_--dpA,CBC,1,82983,331,19,0,165.97,0.0042,2026-07-25 11:35:17.479934
UC5ukkq1Hy4WaYkUfYtCvzKQ,KARAMAN video,15,776489,2638,326,0,1552.98,0.0067,2026-07-25 11:35:17.479934
UC5uyZPT5LW8c-yIcZc_DFMw,sandranewlook,1,139968,2100,123,0,279.94,0.0159,2026-07-25 11:35:17.479934
UC5v4zGBkuG5rpigl8PBzbpg,Gözde’nin Tenceresi,2,4806057,42000,4500,0,9612.12,0.0104,2026-07-25 11:35:17.479934
UC5vXLNYHFyYJkmC8TYIPusA,Air Brasilia Aviation,1,19440,237,77,0,38.88,0.0162,2026-07-25 11:35:17.479934
UC5vYROIJYju4n8C76tbL-Tw,konkla klojonh,2,4846335,8300,2096,0,9692.67,0.0023,2026-07-25 11:35:17.479934
UC5ve8uCQR-ChtbjJfFqaK8A,does anyone knows ?,1,281,5,4,0,0.56,0.032,2026-07-25 11:35:17.479934
UC5w5rFxcZ4UL_IJSOFWo9OQ,Paternity Court,2,4690116,33400,3900,0,9380.23,0.0081,2026-07-25 11:35:17.479934
UC5w902NXpH2qr9AeWgmHwTA,Piyanist Tuğçe Ece Tunç,1,1979571,7800,801,0,3959.14,0.0043,2026-07-25 11:35:17.479934
UC5wLTvG5Ba6uTwSoZPqnIOQ,Terdeci 3,2,212125,353,65,0,424.25,0.0037,2026-07-25 11:35:17.479934
UC5wYE3n3-471SvANQbIPjXA,Nadide Sultan Fan Club,3,60235,172,33,0,120.47,0.0037,2026-07-25 11:35:17.479934
UC5wZQ8Bl9zAQy4IrcyXAraQ,insidefoosTV,1,130078,658,50,0,260.16,0.0054,2026-07-25 11:35:17.479934
UC5wwzgQXDpkscZJ2yzkkyDQ,Haber Güncesi,1,151855,1100,27,0,303.71,0.0074,2026-07-25 11:35:17.479934
UC5xPRKZE7gjLK9fYJZ6JASw,PLAY,1,977,13,0,0,1.95,0.0133,2026-07-25 11:35:17.479934
UC5xiT6uXeuYyfgIca_m2vDg,Esentepeli50,1,969658,2300,205,0,1939.32,0.0026,2026-07-25 11:35:17.479934
UC5xtPacH_bYTrtTW_aG0vlw,AmaterasuEVE -Makeup channel-,1,2527911,156000,3100,0,5055.82,0.0629,2026-07-25 11:35:17.479934
UC5xziMuoFAOpX9mwUVhe2Jw,NOS,2,6083,67,5,0,12.17,0.0112,2026-07-25 11:35:17.479934
UC5y6PKUFqFjAlSgkebtt2Sw,AUTO VRN,4,4054913,61700,5759,0,8109.82,0.0142,2026-07-25 11:35:17.479934
UC5yB3mDwRyLNeRvfCSdKMeg,sntv - inside every story,1,19328,8,4,0,38.66,0.0006,2026-07-25 11:35:17.479934
UC5yPO-MnQE3V85AtyuHl8Dg,Alin İrem Demir,1,207767,6500,147,0,415.53,0.032,2026-07-25 11:35:17.479934
UC5yeMzwMcyUOz2d-RjQDr_A,M.AKİF EDİKLİ,1,209239,419,92,0,418.48,0.0024,2026-07-25 11:35:17.479934
UC5yinPZmSWX2TphAHjnk3Sw,Muzic Sirketi,2,22198,315,12,0,44.4,0.1131,2026-07-25 11:35:17.479934
UC5ykWwJYUdMBjGmwe_s6H0w,Ebru Yücel,7,672398,7862,344,0,1344.79,0.0316,2026-07-25 11:35:17.479934
UC5yv7oElkfbBhr6EEy_rbmw,Zep'in Oyuncakları,7,3394083,24900,3731,0,6788.15,0.0091,2026-07-25 11:35:17.479934
UC5z3G4zZTuf5JJXDCElF51Q,Orak Production,3,3567796,13392,1707,3,7135.59,0.0043,2026-07-25 11:35:17.479934
UC5zJwsFtEs9WYe3A76p7xIA,Professor Live,1,65058466,585000,33000,0,130116.93,0.0095,2026-07-25 11:35:17.479934
UC5zNFCCH5a1_7li5rh2rmcw,Everybody Hates Angel,2,281106,10600,632,0,562.22,0.0446,2026-07-25 11:35:17.479934
UC5zRyDpelaEYXQgQaT3poOg,Ulvi Alibeyli,1,8744607,19000,1400,0,17489.21,0.0023,2026-07-25 11:35:17.479934
UC5zzCKgK8-dTtdRRRN9MREA,Çetiner,1,521080,1000,181,7,1042.16,0.0023,2026-07-25 11:35:17.479934
UC6-9vSoOsafwkFOwBUxTq6A,yakup yildirim,1,8454,59,2,0,16.91,0.0072,2026-07-25 11:35:17.479934
UC6-9x7anZr1WxJCPL7Jbf_g,Kurşun,6,300922,2153,83,0,601.84,0.0071,2026-07-25 11:35:17.479934
UC6-X3epFE06GDWRHLQG_YMA,Robeson Design - Kinwoven,1,1005996,16000,284,0,2011.99,0.0162,2026-07-25 11:35:17.479934
UC6-fkAuLXqki_tcHGw_Rt1g,MinaTo,1,28749190,114000,6100,0,57498.38,0.0042,2026-07-25 11:35:17.479934
UC6-t_Dhi53nyiXpalsGIM3Q,Tercihiniyap TV,2,4279,157,5,0,8.56,0.0549,2026-07-25 11:35:17.479934
UC6-wCxc9nHUEB9srfgUslNg,Milabu,7,6109355,114200,2972,0,12218.71,0.0205,2026-07-25 11:35:17.479934
UC604RYFs_Tt6XEfZh5Z9UHA,Ramazan Durmaz,1,3121,54,0,0,6.24,0.0173,2026-07-25 11:35:17.479934
UC604SM0YhltEKZ5hmDs_Gqw,Aubrey Marcus,1,538971,10000,384,0,1077.94,0.0193,2026-07-25 11:35:17.479934
UC605N27a9GPdVbi-H4oC0qw,Mustafa Sertel,1,135147,1100,33,0,270.29,0.0084,2026-07-25 11:35:17.479934
UC608azSGWiQYi5ImYgOZgdg,Epic Media,7,23645230,54305,13490,0,47290.46,0.0027,2026-07-25 11:35:17.479934
UC60GFk7yLGoY8ZCY9Zb-yIA,ceylan kılınç,1,7912011,19000,788,0,15824.02,0.0025,2026-07-25 11:35:17.479934
UC60yFDzV9HsYOVDfizChuMw,Kıyam,22,3336472,137800,3447,37,6672.92,0.0569,2026-07-25 11:35:17.479934
UC61-j181EsRaEdvJuWV5NKA,Oguzhan'la Almanya,18,1164011,6069,694,0,2328.02,0.0592,2026-07-25 11:35:17.479934
UC610GWrAWhm87ngNFjDKYKg,دي لالّو - DiLaloo,2,4053738,119000,3900,0,8107.47,0.0298,2026-07-25 11:35:17.479934
UC61EBog_1Kub6DN3sAelthA,kirsehir arena,2,80492,149,27,0,160.98,0.0023,2026-07-25 11:35:17.479934
UC61EQ2T3eWJkWz5wCVjjhfw,Quica Losphes,2,1013800,7489,766,0,2027.6,0.0064,2026-07-25 11:35:17.479934
UC61Nz9SyBOVKkyjvSetMPQg,Vural Şimşek,1,6995,46,4,0,13.99,0.0071,2026-07-25 11:35:17.479934
UC61OQtU209YvSB5vTrofE9Q,Ge Alvez artesanato com cimento,2,757323,13000,700,0,1514.64,0.027,2026-07-25 11:35:17.479934
UC61UaxTjVcd534zZsJ-g9HA,byseker2,1,248227,691,44,0,496.45,0.003,2026-07-25 11:35:17.479934
UC61gxYX0_mW3_ln-XVOhAow,Güneşim SİN,2,557722,1230,79,0,1115.44,0.0039,2026-07-25 11:35:17.479934
UC61s20FFfC4Cp2UfDtbfGMw,Gülermisin Ağlarmısın,1,2054313,4100,147,0,4108.63,0.0021,2026-07-25 11:35:17.479934
UC61wdyO-RKX3jUuAc0yd4Xg,kerim Atasoyi,2,2341226,4011,789,0,4682.45,0.0023,2026-07-25 11:35:17.479934
UC626ciXEZmH0RPB0N8fI6pA,Selin Turkol,1,119328,1700,91,0,238.66,0.015,2026-07-25 11:35:17.479934
UC62Fgj_M1O7RTWYNY8TiltQ,Yakup Pekel,1,21328,161,16,0,42.66,0.0083,2026-07-25 11:35:17.479934
UC62LGY1j1VrMmZS5OE4FnuQ,Елисей Мысин,5,2210276,39700,1138,0,4420.55,0.0174,2026-07-25 11:35:17.479934
UC62xYL7JHnGa-kZUI9h7Vcw,Crypto Market News,1,4788,123,6,0,9.58,0.0269,2026-07-25 11:35:17.479934
UC6315836VueeBV08gCIRSVw,xxyasinxx1,1,239844,927,35,0,479.69,0.004,2026-07-25 11:35:17.479934
UC633BcD58atiWCmZXQrg0Sg,HABER TÜRK,1,788369,4500,565,0,1576.74,0.0064,2026-07-25 11:35:17.479934
UC636G1Mxm-NgKPW62la3LlA,AZ amma ÇOX,1,118295,789,61,0,236.59,0.0072,2026-07-25 11:35:17.479934
UC63TTp2ZHO9d4qe4VzGdY2g,Nardaran kəndi,1,2243,55,0,0,4.49,0.0245,2026-07-25 11:35:17.479934
UC63a1qaf7jNBoDeL4A8QmQg,61kawa61,2,75706,225,17,0,151.41,0.0038,2026-07-25 11:35:17.479934
UC63mNFJR8EAb8wAIJwoCmTA,5-Minute Crafts FAMILY,47,189631714,1590328,163618,31,379263.39,0.0114,2026-07-25 11:35:17.479934
UC63p_z4WEZyA8EeeSNHOw9w,Davut AĞBABA,1,314725,391,27,0,629.45,0.0013,2026-07-25 11:35:17.479934
UC643NdDGiwbrssiNuPXuWQw,Kastamonu Milleti,1,1078,4,2,0,2.16,0.0056,2026-07-25 11:35:17.479934
UC64FbxoHfUWd5hykYk5_BvQ,Pakistani truck,5,3574956,22800,2913,0,7149.91,0.0086,2026-07-25 11:35:17.479934
UC64HnPwDhi2fDab7wKvAmJA,s.sevgim yılmaz,2,36774909,191000,12900,0,73549.82,0.0053,2026-07-25 11:35:17.479934
UC64IM71JuPgILNpTTP6RzpA,TheFilmyCut,1,868651,15000,440,0,1737.3,0.0178,2026-07-25 11:35:17.479934
UC64OzWUWpEoZ-gdee8hngzg,Sükü Yanen,1,81001,233,21,0,162.0,0.0031,2026-07-25 11:35:17.479934
UC64VGGz1L1436Lxi_XAVduw,Deney Laboratuvarı,1,508680,1500,377,0,1017.36,0.0037,2026-07-25 11:35:17.479934
UC64mzacdticc87zH870bQGA,Erkenci Kuş,10,32668865,174386,11202,0,65337.71,0.0089,2026-07-25 11:35:17.479934
UC65-TQRNFCAxPQGUwkGpAmQ,Çiğdem Özdemir,1,81139,199,17,0,162.28,0.0027,2026-07-25 11:35:17.479934
UC65Ae_z2BQQ-8LTE5sxKa2g,101Kvartira,2,5678055,16600,1835,0,11356.11,0.0029,2026-07-25 11:35:17.479934
UC65EDzqpOAQZLBmAdHAnZng,Derek Van Schaik,3,25830849,340800,32400,0,51661.7,0.0481,2026-07-25 11:35:17.479934
UC65I415_fRUE8mIusMWjZ8g,TipsToTop By Shalini,2,1764050,26100,1305,0,3528.1,0.0302,2026-07-25 11:35:17.479934
UC65gk6u3q-quSdvvQbfcdvA,Lavessi Mario,1,283026,1500,92,0,566.05,0.0056,2026-07-25 11:35:17.479934
UC65rCQRPvBMKGyk0u7a5WZQ,Osmanlı Dergahı,1,379,9,0,0,0.76,0.0237,2026-07-25 11:35:17.479934
UC65wYczMI-ofRC21W1lIEVg,Biz10 TV,6,576654,12654,528,0,1153.3,0.03,2026-07-25 11:35:17.479934
UC66-xaXqDhveo6c7PkmmP0A,Bekir VURAL,1,551421,2300,284,0,1102.84,0.0047,2026-07-25 11:35:17.479934
UC66DNwWNUuU-oyoOwDoT9bw,Prince Yankı,1,29123387,0,0,0,58246.77,0.0,2026-07-25 11:35:17.479934
UC66KcLKOwEONoDtukR7Mozw,Fil'in Twitch Dünyası,1,4823,47,9,0,9.65,0.0116,2026-07-25 11:35:17.479934
UC66WMz7Vftxm48Ip5B8O_TQ,Hakan ÖZER,1,1048739,3100,147,0,2097.48,0.0031,2026-07-25 11:35:17.479934
UC66vLhLcbKWJNQFjbZBUn5Q,FLT,2,46707861,103000,23400,0,93415.72,0.0028,2026-07-25 11:35:17.479934
UC67DnKHiM-tXSRaYLDeW0LA,Dengi Kurdsat,1,554539,1900,146,0,1109.08,0.0037,2026-07-25 11:35:17.479934
UC67SlOTwK82m4Zxvo0V65hg,Abdulkadir Mungan,1,55349,365,18,0,110.7,0.0069,2026-07-25 11:35:17.479934
UC67dKTEwpAhKv2oYDATwR8g,Silver Cymbal,1,1022747,22000,481,0,2045.49,0.022,2026-07-25 11:35:17.479934
UC67dQGxdkfMwJflu7X-JnNg,LYCON Cosmetics,2,18213469,61000,9000,20,36426.94,0.0039,2026-07-25 11:35:17.479934
UC67f2Qf7FYhtoUIF4Sf29cA,Bad Lip Reading,1,27721176,381000,5600,0,55442.35,0.0139,2026-07-25 11:35:17.479934
UC67uywJ2PNhw6yf6bx6PzmQ,Real Madrid Albania,2,12270287,94000,5300,0,24540.57,0.0084,2026-07-25 11:35:17.479934
UC68DhuToNbiCBcpTf7p4Dhg,Deng &amp; Vic,1,8771,489,8,0,17.54,0.0567,2026-07-25 11:35:17.479934
UC68W6tRUFB2EwhR3oHBcJPQ,Dedeler Mahallesi,11,46533,104,23,0,93.07,0.0035,2026-07-25 11:35:17.479934
UC68e8UcngW3WHjc-B4cLi6Q,Musa YILMAZ,1,303,2,4,0,0.61,0.0198,2026-07-25 11:35:17.479934
UC68gMKSgHR3WlRKzjLf3R7A,Veysel Eroğlu,1,149196,268,41,0,298.39,0.0021,2026-07-25 11:35:17.479934
UC692aq2Z4Qm1CJjVVeuBKow,mahmut kılıç,1,399362,942,206,0,798.72,0.0029,2026-07-25 11:35:17.479934
UC69OidWlznMlh8P8kKUMMkQ,Ali çelik,1,18085957,34000,3600,0,36171.91,0.0021,2026-07-25 11:35:17.479934
UC69SWQ8oPhC3a2K8zxoLZpQ,Ömer Çelakıl İle Hayatın Şifreleri,8,152807,1031,154,0,305.61,0.0089,2026-07-25 11:35:17.479934
UC69YDv4vTlCOPuCjTJFgHSw,plovdivjoseph,1,128672,847,27,0,257.34,0.0068,2026-07-25 11:35:17.479934
UC69lFSYGLPQW-8drqIYi_Pw,Selahattin GÜRLEYEN,1,1055,27,0,0,2.11,0.0256,2026-07-25 11:35:17.479934
UC69qzdjlVulJhMT0DAGvqUg,Çağkan,1,764262,6600,378,0,1528.52,0.0091,2026-07-25 11:35:17.479934
UC69sOqLuMkcCFZuNrBCBe4g,devsan62,2,291171,670,29,0,582.34,0.0024,2026-07-25 11:35:17.479934
UC69uYUqvx-vw4luuX7aHNLQ,True Crime Daily,22,38832482,308510,20401,0,77664.98,0.0079,2026-07-25 11:35:17.479934
UC6AG81pAkf6Lbi_1VC5NmPA,TBS NEWS,2,1236971,0,0,0,2473.94,0.0,2026-07-25 11:35:17.479934
UC6ALELXB0SXE3s8mJmtNTeg,Fatma MEŞE ÖZ,3,24859,235,17,0,49.72,0.0156,2026-07-25 11:35:17.479934
UC6AdnJAlvHwlWKGC40-nVUg,DFT Tarih,12,3332813,69900,2176,0,6665.62,0.0253,2026-07-25 11:35:17.479934
UC6AqI53TBtanx7_iUO6psPw,thermo1234,1,8839901,19000,587,0,17679.8,0.0022,2026-07-25 11:35:17.479934
UC6Az2HuXacbAz7qgk4aDafg,Rıhtıma Varmayan Ceset,1,104940,1000,18,0,209.88,0.0097,2026-07-25 11:35:17.479934
UC6B7fRhvW90NgpyjCzC_5Lg,Büşra Ungan,5,90741,2913,103,0,181.48,0.0349,2026-07-25 11:35:17.479934
UC6BSgZ-w0ON4f6W4E_wRIMw,Dj Ramin Production BERDE SULTAN SARAY,2,182218,1975,84,0,364.43,0.0125,2026-07-25 11:35:17.479934
UC6BTrpZgXhdD8XLE7Mb0ttg,gulum4153,1,343288,1100,131,0,686.58,0.0036,2026-07-25 11:35:17.479934
UC6BaQ0hQcbCXmpujjaaoSqQ,Claudipia,1,730347,34000,464,0,1460.69,0.0472,2026-07-25 11:35:17.479934
UC6BcIhDmElbBxv1d4uy8NQw,Dakota Ma,1,5442,73,2,0,10.88,0.0138,2026-07-25 11:35:17.479934
UC6BeOuI-Tp8u9i14ozm6NQQ,Mesut Kulahli,7,569406,2067,151,0,1138.82,0.0051,2026-07-25 11:35:17.479934
UC6C01QyV3MTjeqbjje9UwfA,Denizkızı Video,2,11763,60,10,0,23.52,0.007,2026-07-25 11:35:17.479934
UC6C7QQqh1LXYuUVehy_tdag,Özkan Yılmaz,3,1115,5,4,0,2.22,0.0085,2026-07-25 11:35:17.479934
UC6COBHWljyl8CN6lLEGD8Cw,Murat Sima,1,9221,88,3,0,18.44,0.0099,2026-07-25 11:35:17.479934
UC6CaxYnpYuh1nKfCql2eX8w,Şafak Salda,14,251203,12477,591,0,502.39,0.059,2026-07-25 11:35:17.479934
UC6D8gsSO2PofNl45kqSbyVg,hektorkorkmaz,1,1372162,2500,312,0,2744.32,0.002,2026-07-25 11:35:17.479934
UC6DLRbPNzMCehfXwjIWSaUw,Naipi Armend,1,1652691,11000,660,0,3305.38,0.0071,2026-07-25 11:35:17.479934
UC6DRpemXyUXgU0R737muX-A,Çağatay Yılmaz,1,199601,333,31,0,399.2,0.0018,2026-07-25 11:35:17.479934
UC6E29--HSkokzCCsWK3pILw,Opera Nationala Romana din Cluj-Napoca,1,3084955,11000,855,0,6169.91,0.0038,2026-07-25 11:35:17.479934
UC6E3yamq_8-Qg6EeAvhA29w,Inna ́s Schminktisch,1,231344,534,244,0,462.69,0.0034,2026-07-25 11:35:17.479934
UC6E6m86-eUIIEBifTf3YeoQ,Hilal Duman,1,3457162,37000,824,0,6914.32,0.0109,2026-07-25 11:35:17.479934
UC6Ei3oJLA0ASOQzN0gV4Yig,55SAMSUN,1,200307,652,91,0,400.61,0.0037,2026-07-25 11:35:17.479934
UC6EtDH55FUa1UARm1qJbgJQ,Shawccer TV,2,5875406,43000,1982,0,11750.81,0.0092,2026-07-25 11:35:17.479934
UC6EyGxVgmTGt27_U9c_oz9g,Oppressed Media,2,3237552,41400,2432,0,6475.1,0.0274,2026-07-25 11:35:17.479934
UC6F-Hk_9ekk6Qpodf9DUZXg,Ali BabaGo,2,25177334,71000,28200,0,50354.67,0.0038,2026-07-25 11:35:17.479934
UC6FP0xxlSG8xtesxTG_xjkg,EU in Turkey,2,22906,286,17,0,45.82,0.0126,2026-07-25 11:35:17.479934
UC6FQjqrb4LAXXLYIYWa09jw,Academia de Coafor &amp; Make-up by Dorina Gheorghe,1,332516,2700,278,0,665.03,0.009,2026-07-25 11:35:17.479934
UC6FRnACQdYDnGsOIRXg07tQ,Gibson42a,1,2426787,8100,468,0,4853.57,0.0035,2026-07-25 11:35:17.479934
UC6FwzVftf5AQrXYhQ5FdzRA,All soviet movies on RVISION,6,11499432,40200,4013,0,22998.87,0.0037,2026-07-25 11:35:17.479934
UC6GGF3gCpBu3mKAr1V7xBHA,Melis Kocal,7,161093,4506,86,0,322.18,0.0312,2026-07-25 11:35:17.479934
UC6GRH4kPC9Sm9ZxNkBH73eA,banuyebasalighe,24,392054,5916,420,0,784.11,0.0195,2026-07-25 11:35:17.479934
UC6GV66X83vMPyvqMht9V9hg,Celal Sezer,1,1100,31,0,0,2.2,0.0282,2026-07-25 11:35:17.479934
UC6H07z6zAwbHRl4Lbl0GSsw,TechZone,3,2273679,18800,1619,0,4547.36,0.009,2026-07-25 11:35:17.479934
UC6H3wmo0CK5PDhkyoTWPbfw,Hayatta Kalma Sanatı,1,968,33,0,0,1.94,0.0341,2026-07-25 11:35:17.479934
UC6HCOf46NPBDmTSX7X7xxHw,مصطفى دميتر Sebil can,1,251361,1100,83,0,502.72,0.0047,2026-07-25 11:35:17.479934
UC6HONh8s9rlcKQvGLAIThrQ,Pruva Horon Ekibi,2,49197,321,13,0,98.39,0.0065,2026-07-25 11:35:17.479934
UC6HW0zu-kEWhG79GeDLllEA,Orvil Morris,1,2403554,48000,523,0,4807.11,0.0202,2026-07-25 11:35:17.479934
UC6IH-jHz66mrhjg28N4Es0w,R &amp; L Life,2,6568372,111200,7130,0,13136.75,0.0258,2026-07-25 11:35:17.479934
UC6IQqXD3FpnrXYrCc8n145w,junkheadinpurpleland,1,56768,160,116,0,113.54,0.0049,2026-07-25 11:35:17.479934
UC6IWsqdKvMKjPl-gcouvoWw,Antonio Garza,2,7312499,254000,2647,0,14625.0,0.035,2026-07-25 11:35:17.479934
UC6IZnMOprWg0C2LvNheokqA,hasan şahin,1,1873408,1500,562,0,3746.82,0.0011,2026-07-25 11:35:17.479934
UC6I_d13zzFTQwu3EORYXgoA,Tarık Tok,13,2892,30,0,0,5.77,0.0102,2026-07-25 11:35:17.479934
UC6Iaz96RkYE-MOjnq5NPgqw,FarFromAverage,3,6350434,130000,8980,0,12700.87,0.0216,2026-07-25 11:35:17.479934
UC6J06Oac3eOy1dQhMiOylPQ,NativeHorse,1,280015,3900,106,0,560.03,0.0143,2026-07-25 11:35:17.479934
UC6JA5B8ShioKnLp_Kod3kKQ,Okey Plak,29,3174440,10981,1203,0,6348.88,0.0053,2026-07-25 11:35:17.479934
UC6JBm9OAkpI6NUBV_NsLxTA,Martha Stewart,1,373451,551,122,0,746.9,0.0018,2026-07-25 11:35:17.479934
UC6JSor-voKXNrZDYGyDpenw,Robo Top,4,8609280,91926,5820,0,17218.56,0.018,2026-07-25 11:35:17.479934
UC6Jfv0oaZxUU-eQ8054ibjg,Merve Kılıç,1,35507,539,186,0,71.01,0.0204,2026-07-25 11:35:17.479934
UC6JgJJE7M8Vtx6NktbASSiA,Aljamila Magazine,4,864753,0,0,0,1729.5,0.0,2026-07-25 11:35:17.479934
UC6JhCc7hsJQU3maycAhE1Wg,vatan sever,1,69643,512,11,0,139.29,0.0075,2026-07-25 11:35:17.479934
UC6JhS4GvWf3AJfOTfkrse2w,Simulation,2,5114996,61000,4900,0,10230.0,0.0138,2026-07-25 11:35:17.479934
UC6Js_9sZF5LVXA0ZzOvxW1g,Konul Rafiq Qızı,1,19552,66,3,0,39.1,0.0035,2026-07-25 11:35:17.479934
UC6JzAVV1JRr6yR5B6EvzFnw,Mehak Beauty,3,1594606,18215,1465,0,3189.21,0.0474,2026-07-25 11:35:17.479934
UC6KH1sxWZsu7nq7MqPbstqg,Cult Beauty,1,292510,4200,165,0,585.02,0.0149,2026-07-25 11:35:17.479934
UC6Kt1fzh-H_uKpMcD_xHZpw,kadir kaya,1,120303,559,57,0,240.61,0.0051,2026-07-25 11:35:17.479934
UC6L-PqCTi7OJDPZhlIDcryQ,Женя Вертолет,1,20275,399,7,0,40.55,0.02,2026-07-25 11:35:17.479934
UC6LHfLABNHlCwI_hz6yQaoQ,Orkun Zaza,1,995014,1300,70,0,1990.03,0.0014,2026-07-25 11:35:17.479934
UC6L_YGWGLtUgakOwxnWoATg,tangledd0,4,2203821,2603,171,0,4407.64,0.0012,2026-07-25 11:35:17.479934
UC6LelXWFwHwHTR6TNT8SBMg,Недвижимость Калгари с Alex Sazanovich,1,325485,4100,380,0,650.97,0.0138,2026-07-25 11:35:17.479934
UC6LlTKtpY3BsA5-A_DqoHfQ,Musicmedicine2015,1,302229,0,0,0,604.46,0.0,2026-07-25 11:35:17.479934
UC6LntleHjrsHuh4QJmiVjNw,Rain Country,1,16976,634,12,0,33.95,0.0381,2026-07-25 11:35:17.479934
UC6LuhpLnzv2RmgkV_UDUGXA,Ayşe Tolga,20,3066374,85169,2959,2,6132.76,0.035,2026-07-25 11:35:17.479934
UC6M6mFvQgAsGArLl-xOM8XQ,Reyhan Oksay Official,2,117934,3100,67,0,235.87,0.0265,2026-07-25 11:35:17.479934
UC6MRu_TrdEdPFj94y4Dl5iw,Tarih Kanalı,1,24398,235,43,0,48.8,0.0114,2026-07-25 11:35:17.479934
UC6MSC-GGf3nt0G8cSXBzFkA,masmavi2583,1,585186,2600,199,0,1170.37,0.0048,2026-07-25 11:35:17.479934
UC6Mm5LIzoxS3PrfgQwoHncA,The Riverside Church,1,358,2,0,0,0.72,0.0056,2026-07-25 11:35:17.479934
UC6MmW962xmMzAUcTFg43zBQ,TrainTV,1,39681,97,16,0,79.36,0.0028,2026-07-25 11:35:17.479934
UC6N5Ck0O_6963WkKpx2fXOA,Halil KARAÇALI,1,717662,3400,255,0,1435.32,0.0051,2026-07-25 11:35:17.479934
UC6N8h1738vtid8yMup0dr4Q,Video TV,1,120780,249,69,0,241.56,0.0026,2026-07-25 11:35:17.479934
UC6NB56cYQVZ1A7YGCZfSf4w,Thomas Metall Kammler,1,126604,317,30,0,253.21,0.0027,2026-07-25 11:35:17.479934
UC6NBt2o58FYJQ8wu_IoqyUg,furkan yıldız,1,7516970,21000,1500,0,15033.94,0.003,2026-07-25 11:35:17.479934
UC6NPufq49uuHYLmUf5dz-7w,Akustikadam,1,1444629,7900,112,0,2889.26,0.0055,2026-07-25 11:35:17.479934
UC6NVDkuzY2exMOVFw4i9oHw,America TV,4,749383,6723,1280,0,1498.76,0.016,2026-07-25 11:35:17.479934
UC6NZmQwW6KGioabq0ISRKpg,Faiq Ağayev,3,493715,2800,120,0,987.43,0.0025,2026-07-25 11:35:17.479934
UC6Nv50vNGw_yHPKs5WVNGjg,Синиша Гогич,1,133705,336,49,0,267.41,0.0029,2026-07-25 11:35:17.479934
UC6NxKk6hhbw8a-4XKE7bxfA,Ken Griffiths,2,252256,1356,129,0,504.51,0.0063,2026-07-25 11:35:17.479934
UC6Nyf996dycFl1ulIPlP21A,Can Kan,1,9369728,29000,2500,0,18739.46,0.0034,2026-07-25 11:35:17.479934
UC6O0rxU5jWwbbMGUXXkIQ6Q,Amanda Shafira,4,1963215,57500,1023,0,3926.43,0.0366,2026-07-25 11:35:17.479934
UC6OEARpSr_Q9mfkYv8FX9UA,İLHAN DELİÇAR,1,45133,106,43,0,90.27,0.0033,2026-07-25 11:35:17.479934
UC6OGLjC6j7iVV1d7VtusXxQ,İrfan Film,1,45561,225,21,0,91.12,0.0054,2026-07-25 11:35:17.479934
UC6OI7Crv96jgra5pwJNDFRQ,Sezen Aksu,6,122449616,457300,24383,0,244899.23,0.0054,2026-07-25 11:35:17.479934
UC6OjHuzjZ_uxVp1KaMuuqBA,John Beckley,1,161011,292,98,0,322.02,0.0024,2026-07-25 11:35:17.479934
UC6OoS3VkSBLFKWP_7K7OErg,CardShuffler99,2,385077,4500,222,0,770.15,0.0122,2026-07-25 11:35:17.479934
UC6Opsezf_MBqetbGZtf-IQA,Kolay Bu,1,57592,2600,52,0,115.18,0.046,2026-07-25 11:35:17.479934
UC6P-EkUOXM3EsREIYQ0bYzw,Mikaela Smith,1,3030687,44000,1100,0,6061.37,0.0149,2026-07-25 11:35:17.479934
UC6P5T0h4a1lb1uuUl25-xwQ,Fanatik Nostalji Diziler,7,1733016,3404,563,0,3466.02,0.0027,2026-07-25 11:35:17.479934
UC6PD0gjQ6U8zwVXBxiONQXA,Lidy Almeida,10,5648810,219100,4623,54,11297.6,0.0468,2026-07-25 11:35:17.479934
UC6PY7VOQdV2PvawgJLdyXbQ,MonroeSmile,1,19004,146,13,0,38.01,0.0084,2026-07-25 11:35:17.479934
UC6PfQB2ZQ1z1ukppoaSVb8Q,Videocu,1,2154511,2700,551,0,4309.02,0.0015,2026-07-25 11:35:17.479934
UC6PsWqnwmQDIJs49jqSMv_Q,kadirsaeed,3,1101557,2815,327,0,2203.11,0.0026,2026-07-25 11:35:17.479934
UC6PtvJE3ojFqCPCFzqLxBHg,Afra İrem,1,11407,281,15,0,22.81,0.0259,2026-07-25 11:35:17.479934
UC6PuAZSuktne6LcjgQ1EVrw,twominutetips,2,544538,6700,333,0,1089.08,0.0137,2026-07-25 11:35:17.479934
UC6Q-fTbzCCaAC7Uc1c8HX0Q,Serhat Unver,1,82958,297,13,0,165.92,0.0037,2026-07-25 11:35:17.479934
UC6Q5iBOtErNwx9OaKxEnJyg,Alim TV,3,713957,6963,632,6,1427.91,0.0127,2026-07-25 11:35:17.479934
UC6Q6tgUQ8XyyzWjK9J5GW2A,Charlie's Place,1,772176,3400,181,0,1544.35,0.0046,2026-07-25 11:35:17.479934
UC6Q6wEurvq3HQ0bMyyp2xGA,sasednaBG,1,39323,0,0,0,78.65,0.0,2026-07-25 11:35:17.479934
UC6QZ1hvolIIrx1EFOi1Anig,avrupasaz,2,79963,285,18,0,159.93,0.0036,2026-07-25 11:35:17.479934
UC6QZIdsbEzEQ02nw_xb29_Q,kader imtihan,1,912914,3900,1800,0,1825.83,0.0062,2026-07-25 11:35:17.479934
UC6Q_LMUlD8v9ILtwhJv2oFw,Burak Er Official,2,7451,42,4,0,14.9,0.0077,2026-07-25 11:35:17.479934
UC6Qg2xR_uBDlWHwk5FTmiOQ,BÜLENT ERSOY,3,905175,1848,129,0,1810.35,0.0022,2026-07-25 11:35:17.479934
UC6Ql1w_YHQH9RtIM8DZVajg,SuperMamaVideos,3,1893377,20520,1185,0,3786.75,0.0164,2026-07-25 11:35:17.479934
UC6QmWQRa0Q3p_fuUF9ouNlg,Emad GTR,2,402900,4953,579,0,805.8,0.0326,2026-07-25 11:35:17.479934
UC6QqtpxX-7Jl9t5u5I_6pVA,Özkan Özdemir,1,15559,39,6,0,31.12,0.0029,2026-07-25 11:35:17.479934
UC6QyYXexneWSeLgUIdlLBvA,Никита Литовко,2,1377404,5111,630,0,2754.81,0.0059,2026-07-25 11:35:17.479934
UC6RDSJCV3UBBSPtubKVukWA,melis Öneş,1,161053,627,23,0,322.11,0.004,2026-07-25 11:35:17.479934
UC6RfBRGFyUtTUZqxS6br1QA,- KuKü -,3,810192,10900,208,0,1620.38,0.0136,2026-07-25 11:35:17.479934
UC6Rt21A5bNLzT92gPUROLHw,Oğuz Kağan Karahan,1,19908,78,9,0,39.82,0.0044,2026-07-25 11:35:17.479934
UC6Rt3_zu8QamQsTWLvC4Udw,Fenomen Video,1,2682,40,2,0,5.36,0.0157,2026-07-25 11:35:17.479934
UC6S3Se6zl_oJ6UaLOW639UA,DAMAR TÜRKÜLER,1,310807,1700,129,0,621.61,0.0059,2026-07-25 11:35:17.479934
UC6S6oKlzzIYDR5bdtQQjTAQ,MissAlex,1,2774228,43000,1900,0,5548.46,0.0162,2026-07-25 11:35:17.479934
UC6SFi-DmVkXBphCRw-ExY-g,Kristen Davis,1,635634,25000,258,0,1271.27,0.0397,2026-07-25 11:35:17.479934
UC6SLRqtlOIcu5YW-8TkMlig,Herşey,11,11482603,94000,9495,0,22965.21,0.0121,2026-07-25 11:35:17.479934
UC6SRI6vRlQ7g7o8Vj7FYnAw,Liste Delisi,8,29096650,230300,15464,0,58193.29,0.0084,2026-07-25 11:35:17.479934
UC6SXdyhxcKx9e0td195CZSw,Viveca Moller,1,906121,25000,462,0,1812.24,0.0281,2026-07-25 11:35:17.479934
UC6SXpmMQM_I1DCAB1PgiMnw,Gülçin Efnan Ergüven,2,156958,1491,148,0,313.91,0.0101,2026-07-25 11:35:17.479934
UC6SXujpP5PXxhwwbDJbPdiw,MisliTv,3,180999,2391,200,0,361.99,0.0156,2026-07-25 11:35:17.479934
UC6Sx8vzzytlfDi2eTGykabg,Meltem'in Hayal Atölyesi,1,640,25,0,0,1.28,0.0391,2026-07-25 11:35:17.479934
UC6T0L26KS1NHMPbTwI1L4Eg,Ulusal Kanal,21,1162379,7300,1104,0,2324.75,0.0146,2026-07-25 11:35:17.479934
UC6T2Re84Oe1k5W_Iiqrjp1A,tekelisazevi kastamonu,1,111220,130,13,0,222.44,0.0013,2026-07-25 11:35:17.479934
UC6TAqIjNLLZUOz3F8nluWYA,Özcan ALAKUŞ,1,86165,137,23,0,172.33,0.0019,2026-07-25 11:35:17.479934
UC6TMzIMkypTPgxc-Bakw-rg,Kadir Zora,4,50139,1836,40,0,100.28,0.0415,2026-07-25 11:35:17.479934
UC6TWS3qwXj4rHIygjYfZgzQ,Göksel,2,4621681,10535,498,2,9243.37,0.0033,2026-07-25 11:35:17.479934
UC6Tdoh7ix19-NkysQrJ8xkw,Kubilay baki Güneş,1,5140,19,0,0,10.28,0.0037,2026-07-25 11:35:17.479934
UC6U1T471Fp-P-uNy2x-Hc2g,Ben Onu Çok Sevdim,1,36012,105,8,0,72.02,0.0031,2026-07-25 11:35:17.479934
UC6U4WwFxvS2Nu__Lw5og9Zw,Sehri_ _istanbul,1,1578935,13000,1200,0,3157.87,0.009,2026-07-25 11:35:17.479934
UC6UL29enLNe4mqwTfAyeNuw,Bundesliga,3,8102745,36100,1258,0,16205.49,0.012,2026-07-25 11:35:17.479934
UC6UcX3mvD9A2Yll_EJllgow,Aleeyu Ishaq Aleeyu,1,3581045,34000,8500,0,7162.09,0.0119,2026-07-25 11:35:17.479934
UC6UfvTYADd3Z-tSQNTXuEIw,Ông mai hẹn hò,1,46387,107,34,0,92.77,0.003,2026-07-25 11:35:17.479934
UC6Uh4DHHkbMces_iN0LUqpw,mrhearttt,1,1679903,4500,546,0,3359.81,0.003,2026-07-25 11:35:17.479934
UC6Ul1sZT-8T2V5nRGVz__Iw,ATE of MT,1,815558,12000,1200,0,1631.12,0.0162,2026-07-25 11:35:17.479934
UC6UlpgnhbWaF-Cp5cbJ1o3w,Shakil Shafiq,1,1959145,9400,951,21,3918.29,0.0053,2026-07-25 11:35:17.479934
UC6UmNI8m5Sk_9AlZDtrHUeA,Vodafone FreeZone,2,912906,20500,725,0,1825.82,0.0239,2026-07-25 11:35:17.479934
UC6Up43LP8pk530reHddCmug,Dizi Müzikleri,1,800065,3600,103,0,1600.13,0.0046,2026-07-25 11:35:17.479934
UC6Uv5Sdb5om6DPWsV9OH0OA,Marleen TARKANclub,5,1065138,4738,140,0,2130.28,0.0048,2026-07-25 11:35:17.479934
UC6VH-JTbm6jubhj1uxZpD9A,orduLukiiZ52,2,5526035,7800,368,0,11052.07,0.0018,2026-07-25 11:35:17.479934
UC6VKNvOHFbjj41jiSQ5wfAw,Abdurrahman Uzun,5,937152,31600,4080,3,1874.3,0.0345,2026-07-25 11:35:17.479934
UC6V_t1Fxc46gBzqYTjIvMrw,Toy Caboodle,3,10559549,47100,8487,0,21119.09,0.0138,2026-07-25 11:35:17.479934
UC6VaBp5C4eV8PPLEuS05hMQ,slade236,1,9447108,20000,853,0,18894.22,0.0022,2026-07-25 11:35:17.479934
UC6VbWAJiX8mK6uap2mj0tPg,Karaca Azerbaycan,1,18845,126,14,0,37.69,0.0074,2026-07-25 11:35:17.479934
UC6Vhsk94VA5at11w02egyBQ,imad memed,1,952653,6500,792,0,1905.31,0.0077,2026-07-25 11:35:17.479934
UC6VunZ9uE-ZTW694gx6wThQ,nevbet nizamı,1,9883,73,4,0,19.77,0.0078,2026-07-25 11:35:17.479934
UC6Vy3Gg1TODAUlpOQ5uIygQ,Көптү Бил!,1,48791,4000,45,0,97.58,0.0829,2026-07-25 11:35:17.479934
UC6W5DVV3G4k7HXHG6cRuT2w,Levalux,1,14155,44,7,0,28.31,0.0036,2026-07-25 11:35:17.479934
UC6W9H-XdAmLILfmUcCkFKfw,KUR'AN ve EZAN BÜLBÜLLERİ,8,183981,1902,126,0,367.96,0.0138,2026-07-25 11:35:17.479934
UC6WE2MedpGgJgv6T6FpL7Ng,Fono Muzik,6,7649527,22320,2213,0,15299.06,0.0103,2026-07-25 11:35:17.479934
UC6WKhgx28cn7cVzUM6ET4ig,Rum Barber,1,5759,349,9,0,11.52,0.0622,2026-07-25 11:35:17.479934
UC6WUZenY7pHmKpiYpUVGDdA,ThmeyThmey Media,2,68720,1232,90,0,137.44,0.0186,2026-07-25 11:35:17.479934
UC6WWxxf9KL2ULB62uoCEiHA,ALP Tube,4,33448,1012,33,0,66.9,0.0579,2026-07-25 11:35:17.479934
UC6WxW87o5b0KhoKicplL1UQ,caylakiso,1,86858,106,33,0,173.72,0.0016,2026-07-25 11:35:17.479934
UC6X0S6wsnaL8Ct3WL6H8vgQ,Harputlu Gakko,1,8068,122,4,0,16.14,0.0156,2026-07-25 11:35:17.479934
UC6X6GjWt-Wu4-2g68CsegHw,The Typek,1,1917065,6700,812,0,3834.13,0.0039,2026-07-25 11:35:17.479934
UC6XKY0qE2cjvloSpyIQKSZg,Kübra Sefa,2,216893,2307,189,0,433.79,0.0153,2026-07-25 11:35:17.479934
UC6XtYcWUftSkcI-FcZMnpIw,Ghada Abdullah,1,1398409,31000,802,0,2796.82,0.0227,2026-07-25 11:35:17.479934
UC6XvhmOGDVaa_m5--npZwDg,Furkan Güneş,1,579495,1500,120,0,1158.99,0.0028,2026-07-25 11:35:17.479934
UC6Xx0I3s5t1FVCzUy3ZpBLw,besterci,1,1118410,1400,86,0,2236.82,0.0013,2026-07-25 11:35:17.479934
UC6YBwQk1duX9HIqGlAYBsmw,ismail GöRAL,1,2075,39,0,0,4.15,0.0188,2026-07-25 11:35:17.479934
UC6YE3wEAujyn1vXz1Zddo6w,AnointedwithTara,1,1445914,20000,664,0,2891.83,0.0143,2026-07-25 11:35:17.479934
UC6YMaVDVNt9-fP_ZYXE0zTQ,ibrahim BURHAN,1,5149,5,2,0,10.3,0.0014,2026-07-25 11:35:17.479934
UC6YRIOVWwrm1EsP2KoKa4LQ,Deep TV,1,2302042,11000,641,0,4604.08,0.0051,2026-07-25 11:35:17.479934
UC6ZFN9Tx6xh-skXCuRHCDpQ,PBS NewsHour,56,37266537,346153,49528,0,74533.07,0.0109,2026-07-25 11:35:17.479934
UC6ZJc8kNT5Mb2Uh73rt7tOw,Buket Mızrak,1,59632,804,106,0,119.26,0.0153,2026-07-25 11:35:17.479934
UC6ZO0r5WVTvFIOrNsfA_iXg,MuhabbetKusu. Biz,1,722146,1800,357,0,1444.29,0.003,2026-07-25 11:35:17.479934
UC6ZXwOgBdPgk9Ll8u6Gp0dA,Jodi Venner,1,6643453,36000,2400,0,13286.91,0.0058,2026-07-25 11:35:17.479934
UC6ZYnKtMbF0k2FewIgU5c3g,ALEXACHUNG,3,1293017,28900,363,0,2586.04,0.0298,2026-07-25 11:35:17.479934
UC6Zc19UB5IYDGHgIvumFZrA,ShiraChadasha2,1,7895247,38000,2400,0,15790.49,0.0051,2026-07-25 11:35:17.479934
UC6ZdFaLB3MV0xeIBO2FnpQQ,Yağmur Emirze,1,95102,1800,94,0,190.2,0.0199,2026-07-25 11:35:17.479934
UC6Zebqj7QjF7DzOtAamcQVQ,NoBrains,3,3126116,22900,1129,0,6252.24,0.0087,2026-07-25 11:35:17.479934
UC6ZhpmNnLxlOYipqh8wbM3A,U.S. Department of State,1,3651,43,21,0,7.3,0.0175,2026-07-25 11:35:17.479934
UC6ZqnJnIVsfYZZu0tSEjDEg,Hakkı Bulut,1,1706245,6600,728,0,3412.49,0.0043,2026-07-25 11:35:17.479934
UC6ZsGgnuyfRpw_U_964Utrg,Bölük Yapım Serhat Bölük,3,1406976,3509,371,0,2813.95,0.0025,2026-07-25 11:35:17.479934
UC6_CvEwLVBWkydqaZ4A6Kfw,volkan gönültaş,1,477821,1900,94,0,955.64,0.0042,2026-07-25 11:35:17.479934
UC6_RR9GIqv_Q6IkwNpTFavA,FERHAT YILDIZ MASTER OF LANGUAGES,2,3626577,54000,2600,0,7253.15,0.0157,2026-07-25 11:35:17.479934
UC6_V9lXz7HRkvTIVKWmliWg,MARULKAFA,1,549050,26000,528,87,1098.1,0.0485,2026-07-25 11:35:17.479934
UC6_sj5xE0WDAIMtFPMy0egg,orhan00606,1,163916,132,19,0,327.83,0.0009,2026-07-25 11:35:17.479934
UC6a2j5EancF4BIxy8eA4eXg,Psikolog Barış Gürkaş,16,599526,13619,386,0,1199.06,0.0326,2026-07-25 11:35:17.479934
UC6a5hujlVVZpxC4WfEqVAbg,Stefan Langer,1,1795975,11000,743,0,3591.95,0.0065,2026-07-25 11:35:17.479934
UC6aAdXRq-78_s0Y59vTDaIQ,Beauty Lash,2,848029,14423,598,0,1696.06,0.026,2026-07-25 11:35:17.479934
UC6aCvdeIEdgcDcov-HCvcFg,Özgün Yurtseven,3,226804,1880,282,0,453.61,0.0161,2026-07-25 11:35:17.479934
UC6aHYW_d2HqfIiF2UMeMK7w,cinegora,1,50396,237,28,0,100.79,0.0053,2026-07-25 11:35:17.479934
UC6aLHufxzHKp7zQDNHrm29Q,NURULLAH YILDIZ,1,350337,2400,117,0,700.67,0.0072,2026-07-25 11:35:17.479934
UC6aeVgpJCFsykEYhdy5VLsw,European Royalist.,1,1029609,2200,351,0,2059.22,0.0025,2026-07-25 11:35:17.479934
UC6am0tFqAQVqYwF2YV31zZQ,Jacob Laukaitis,2,14447537,391400,10900,0,28895.08,0.043,2026-07-25 11:35:17.479934
UC6arl2EOj9oA6fF-7b8wiAA,Özümüz Türkülerimiz,7,1036470,4725,229,0,2072.93,0.0074,2026-07-25 11:35:17.479934
UC6bVS5IIaCV8vFIcmvl7EVw,ahmet celikel,1,89377,189,29,0,178.75,0.0024,2026-07-25 11:35:17.479934
UC6bsZtQIFezcXyJINsf2ISA,Teoman Müzik,1,3909998,14000,406,30,7820.0,0.0037,2026-07-25 11:35:17.479934
UC6bzjS8pRVhTLt1gkzxZATw,nsezginer,1,968,12,0,0,1.94,0.0124,2026-07-25 11:35:17.479934
UC6c70iT1ATcqjQfTM-FGupw,AllinAll,3,2980369,5224,1522,0,5960.74,0.0055,2026-07-25 11:35:17.479934
UC6cijIAPcLuHHVSlTSUvz6Q,AMC TV شبکه موسیقی افغانستان,11,1939521,13311,1214,0,3879.05,0.0099,2026-07-25 11:35:17.479934
UC6cmrEIGdybNvKbBoWFwhKw,Brainy Bajan Beauty,2,871961,14042,716,0,1743.93,0.0154,2026-07-25 11:35:17.479934
UC6cnEnMa4NS3BZI3v1rYxSg,ibocum,1,689535,510,72,0,1379.07,0.0008,2026-07-25 11:35:17.479934
UC6cpqq3_4OLD2dkZ72mZ1Uw,Review Machines,11,7024025,62000,5214,0,14048.05,0.0146,2026-07-25 11:35:17.479934
UC6cv9H4UkMmZuSF7xhozUxw,"Ici et ailleurs, voyages",1,159198,644,111,0,318.4,0.0047,2026-07-25 11:35:17.479934
UC6cwwRARy8G__1WGBNedV8Q,Mehmet Hakan Saglam,1,1939,22,3,0,3.88,0.0129,2026-07-25 11:35:17.479934
UC6dCfLPspA9YeUBdZP6zkqA,Bengi Semerci Enstitüsü,9,24893,647,16,0,49.79,0.027,2026-07-25 11:35:17.479934
UC6dDN9cvbiLUaT6BS8zzz0g,Eight Pieces,1,1528911,21000,437,0,3057.82,0.014,2026-07-25 11:35:17.479934
UC6dMVNhZmJYFf7SPv1WLMuQ,Nat Geo France,1,2685941,18000,951,0,5371.88,0.0071,2026-07-25 11:35:17.479934
UC6dc7oiNL9WpAYHm8jHQSdg,KasetÇalar,1,3638817,39000,521,0,7277.63,0.0109,2026-07-25 11:35:17.479934
UC6e3ZnkgX8cDJMhXmHIdK_w,teona4848,1,8998,15,3,0,18.0,0.002,2026-07-25 11:35:17.479934
UC6eMRqZWwSBYS6IlVYD7dwQ,ARMWRESTLING TV,1,4064531,50000,1300,0,8129.06,0.0126,2026-07-25 11:35:17.479934
UC6eZFz4LeMLhTyJSwDtv03Q,Larissa Castro,1,6025312,25000,2300,0,12050.62,0.0045,2026-07-25 11:35:17.479934
UC6eaVn7349LRh5yzpXjeu8A,In One Lesson,1,4933108,62000,1400,0,9866.22,0.0129,2026-07-25 11:35:17.479934
UC6ebfqnOh3-_jHgr9Fnl21A,boslukta,1,139067,248,15,0,278.13,0.0019,2026-07-25 11:35:17.479934
UC6eej1LEpXN1Xcv6ZwodnlA,Mr. Amazing Works,1,2187738,12000,1700,0,4375.48,0.0063,2026-07-25 11:35:17.479934
UC6efexzOq2uaxqFdzGzxFBg,Code3Paris,1,1949524,4400,813,0,3899.05,0.0027,2026-07-25 11:35:17.479934
UC6ehwfUubJZVJkeAej9fP6Q,PRIRODNI LIJEKOVI,1,310346,1200,168,0,620.69,0.0044,2026-07-25 11:35:17.479934
UC6eisqE4J-Jjgw0bL1DdSvw,sebnems blog,4,1339904,15055,2698,0,2679.81,0.011,2026-07-25 11:35:17.479934
UC6eq3sR4CtbvGdmInchzWUA,Kênh Thiếu Nhi - BHMEDIA,2,2841425,10200,1228,0,5682.85,0.0041,2026-07-25 11:35:17.479934
UC6eqBTPsJ55TuglrEFlVWRA,BRANDON XD,1,3804468,14000,1800,0,7608.94,0.0042,2026-07-25 11:35:17.479934
UC6f2Frfi9KrxbIwzWubz8Wg,Oleksandr Honcharov,1,2763928,11000,2500,0,5527.86,0.0049,2026-07-25 11:35:17.479934
UC6fCj6ow3-RPY4EtazZFzKw,karamangundem,1,102897,189,86,3,205.79,0.0027,2026-07-25 11:35:17.479934
UC6fJWTS7Tvt_nqCtETt1Awg,Jazz³+,2,7806267,48145,2269,0,15612.54,0.0045,2026-07-25 11:35:17.479934
UC6fQC3o3c0sxVyXfU2z_XZw,Slow Media - Español,1,410066,4600,183,0,820.13,0.0117,2026-07-25 11:35:17.479934
UC6fuLPlqTGXOFfOKseoVrow,aapki pooja # आपकी पूजा seth # सेठ,2,7045923,55400,6637,0,14091.84,0.012,2026-07-25 11:35:17.479934
UC6g3mFZXhrIxGjTDiltl4Eg,Paso Video Uzay,3,175336,1768,150,0,350.67,0.011,2026-07-25 11:35:17.479934
UC6g9WktF3GstCz8drUXCuFQ,TheTrdelight,1,796646,2800,431,0,1593.29,0.0041,2026-07-25 11:35:17.479934
UC6g9adQ7LrUA337K784mcLg,sadecevrim,1,501965,3900,791,0,1003.93,0.0093,2026-07-25 11:35:17.479934
UC6g9qKxpN82QmG-Z9po5wXQ,Sazan Hendrix,3,3752111,53000,2442,0,7504.22,0.0171,2026-07-25 11:35:17.479934
UC6gAt9VbDLMEeYJe2ntTdqA,KaLbi Duam,1,2769506,17000,782,0,5539.01,0.0064,2026-07-25 11:35:17.479934
UC6gCWx5i9nlwJK-JWMCi0Gg,Daddy Cool,1,809204,5300,541,0,1618.41,0.0072,2026-07-25 11:35:17.479934
UC6gF7ppuQipAXOKU7jsaXzg,Cem Gunhan,1,4854,31,2,0,9.71,0.0068,2026-07-25 11:35:17.479934
UC6gNjP1W4FXWExT5QpYkmhQ,Ollie Bye,1,540226,9700,800,0,1080.45,0.0194,2026-07-25 11:35:17.479934
UC6gRaLOr4TN8w3TWZJ5Vl7A,Aksaray Türküleri,1,2984,16,2,0,5.97,0.006,2026-07-25 11:35:17.479934
UC6gU3S15TaY2R_ft9MKz3lA,Abdullah Çatlı,4,3712531,10684,1251,0,7425.06,0.0086,2026-07-25 11:35:17.479934
UC6gZgdMvBIfZTlj-CO5beZg,Sinan ŞAHİN,2,227171,1263,26,0,454.34,0.0048,2026-07-25 11:35:17.479934
UC6gqv2Naj9JiowZgHfPstmg,HelloMaphie,1,209787,4700,364,0,419.57,0.0241,2026-07-25 11:35:17.479934
UC6gqySz--DuKYmlIFff_zYg,Fat77127,1,759801,1400,98,0,1519.6,0.002,2026-07-25 11:35:17.479934
UC6h-NWieIJd45KYFzWL5UMg,mihamike,2,344113,1934,129,0,688.23,0.0059,2026-07-25 11:35:17.479934
UC6hUDi5tFuSibY5HmSHP5hA,RUHİ GÜLER,1,14420,13,6,0,28.84,0.0013,2026-07-25 11:35:17.479934
UC6hX-fI1UkPdqBw7bNIPHrQ,Колледж малого бизнеса 48,1,68347,518,47,0,136.69,0.0083,2026-07-25 11:35:17.479934
UC6hdxeYr6z_g6hW4TYAtgIw,Sude Alkış,7,2508361,68800,2619,0,5016.73,0.0317,2026-07-25 11:35:17.479934
UC6hx3bm-eqKxST9nGmL68vA,Kameracı Hikmet,6,664163,1592,225,0,1328.32,0.0036,2026-07-25 11:35:17.479934
UC6hx9XIukDPv_kBanlq_Ltg,ustaapo,1,1281034,2500,1000,0,2562.07,0.0027,2026-07-25 11:35:17.479934
UC6i-vjziEV3SKiEkAZvYuqg,Talia Tubay,2,695,37,0,0,1.39,0.0662,2026-07-25 11:35:17.479934
UC6i9nwY6tGn-RZ351yd4zdQ,Emil Penaheli,2,1155676,14000,1261,0,2311.36,0.0133,2026-07-25 11:35:17.479934
UC6iQWXkPjQQLRWpK2vHVEsg,Yara Bandı,1,476779,3300,58,0,953.56,0.007,2026-07-25 11:35:17.479934
UC6iVOg4B0iB5CRS7ZE63jvg,Timur Turan,1,1411221,3300,285,0,2822.44,0.0025,2026-07-25 11:35:17.479934
UC6ivmE4a3Q-wr41Fu77pSow,Özer Mh,1,4787688,6900,433,0,9575.38,0.0015,2026-07-25 11:35:17.479934
UC6ixTCFPiLF8yk1RAfvXoAA,Fırat Dülger,1,926549,1800,81,0,1853.1,0.002,2026-07-25 11:35:17.479934
UC6j0e1mdgoIljaxgIOySaxA,Jerome Kutscher,1,263249,3400,398,0,526.5,0.0144,2026-07-25 11:35:17.479934
UC6jD1qwz47Q0qWcTZ1cXuZQ,Bu Video Kaçmaz,1,405112,1600,131,0,810.22,0.0043,2026-07-25 11:35:17.479934
UC6jSiVOjRqN1hFXUEGQR9Yg,Tamada Haci Mehemmed Huseynov,1,80938,1100,55,0,161.88,0.0143,2026-07-25 11:35:17.479934
UC6jYA2Q9AUpD8pHDQFM_jdg,Yılmaz Saz Evi,2,816075,1243,177,0,1632.15,0.002,2026-07-25 11:35:17.479934
UC6jYIXC-Dl9pfABj31yDsSQ,Cemal Aydos,1,147771,372,43,0,295.54,0.0028,2026-07-25 11:35:17.479934
UC6jYaOetZXc_WhmvoabLnDg,Golden Nails,1,141155,1000,87,0,282.31,0.0077,2026-07-25 11:35:17.479934
UC6jdEb1fsT5xTBwDMgU_0Kw,ÖZGÜÇ YAYINCILIK,1,3032,9,2,0,6.06,0.0036,2026-07-25 11:35:17.479934
UC6jgzx2g3nlbaYkd8EMweKA,Jaclyn Hill,14,36333580,1346000,90600,0,72667.15,0.0408,2026-07-25 11:35:17.479934
UC6ju4fGiD3L8WMui-kEMroA,dibace,1,519121,2500,44,0,1038.24,0.0049,2026-07-25 11:35:17.479934
UC6k0ijpMoUc84QysmsB4rUw,WOA Pando Channel,1,28812039,88000,36000,0,57624.08,0.0043,2026-07-25 11:35:17.479934
UC6k8PlcBK5y3RSl-gvTkIAw,Irma Melati,3,1166072,9398,718,0,2332.14,0.0123,2026-07-25 11:35:17.479934
UC6kB7sQNgBuT5xIa1RoVdBA,Thibaud Eigle,1,417072,0,0,0,834.14,0.0,2026-07-25 11:35:17.479934
UC6kLpAXqWy6vuKEfHVs8Ceg,Demet İnam,1,9079,400,20,0,18.16,0.0463,2026-07-25 11:35:17.479934
UC6kv1x8PbXQRzDGDFYVSt9A,Tequero,1,316102,2200,50,0,632.2,0.0071,2026-07-25 11:35:17.479934
UC6l45JNYCSCQdX1BME04uFA,Meral Sezgin,1,967648,3800,239,0,1935.3,0.0042,2026-07-25 11:35:17.479934
UC6lChnqFV3IQlvGCKGCseEw,bora yücel,2,1390172,1699,190,0,2780.34,0.0022,2026-07-25 11:35:17.479934
UC6lHFZtcyNuZTzuZVBv0Rgg,Design Construction Creative,2,2975991,15800,3233,0,5951.99,0.0065,2026-07-25 11:35:17.479934
UC6lkm6rGYSOD8VhDyCXYJyw,JoshPalerLin,2,53094170,573000,27700,158,106188.34,0.025,2026-07-25 11:35:17.479934
UC6lwKAP-U_ItajQhoV5VPPg,tomo306Jeans,1,954208,2100,480,0,1908.42,0.0027,2026-07-25 11:35:17.479934
UC6m8Bek2pCvSdDRqbgjM18g,aktasozan,1,54990,133,4,0,109.98,0.0025,2026-07-25 11:35:17.479934
UC6mFZlbBk6QFz4Qt7CvS-ng,kiekeboe98,3,4187330,10012,1054,0,8374.66,0.0028,2026-07-25 11:35:17.479934
UC6mJ5IIA-2P8l1TLRXy4mbQ,piranay21,1,232072,469,105,0,464.14,0.0025,2026-07-25 11:35:17.479934
UC6mKgdk_Sr7c2KxOQ0fRvSw,harti213,1,1939948,4600,422,0,3879.9,0.0026,2026-07-25 11:35:17.479934
UC6mLgeDLvD9v2AGSlzKwlgg,A HOMER,1,7496156,64000,10000,0,14992.31,0.0099,2026-07-25 11:35:17.479934
UC6m_8YiO9jrQytEe3NCZdpQ,Öykü Saraçbaşı,1,107122,854,371,0,214.24,0.0114,2026-07-25 11:35:17.479934
UC6mqKt8hzL7dO694ghECTHw,Richard S. Dargan,2,2169015,7125,468,0,4338.03,0.0126,2026-07-25 11:35:17.479934
UC6my_lD3kBECBifeq0n2mdg,X Factor Global,12,110960888,1113900,58995,0,221921.77,0.01,2026-07-25 11:35:17.479934
UC6n1oMuDxSC5LQzoSRWgIQw,Master Hands,16,3792254,47348,3542,1,7584.5,0.0171,2026-07-25 11:35:17.479934
UC6n493r6A1VXtU25Yh_dyuw,Hüseyin Yalova,1,26218,105,0,0,52.44,0.004,2026-07-25 11:35:17.479934
UC6n8I1UDTKP1IWjQMg6_TwA,The B1M,4,1956459,24500,934,0,3912.91,0.017,2026-07-25 11:35:17.479934
UC6nMCM7XlUEf8n_P3sQ7LdA,Yasin Akin,1,61587,121,20,0,123.17,0.0023,2026-07-25 11:35:17.479934
UC6nSFpj9HTCZ5t-N3Rm3-HA,Vsauce,11,97221769,2237000,37200,0,194443.53,0.0198,2026-07-25 11:35:17.479934
UC6nXY-E3mfRLzmLrxb74NcA,Feray Başer,2,18888,63,4,0,37.78,0.0037,2026-07-25 11:35:17.479934
UC6nZXhOz_gHr4mlb5UNl9ug,Matt Jordan,1,1794489,12000,777,0,3588.98,0.0071,2026-07-25 11:35:17.479934
UC6n_HeL8xgWIQsKsWs4KO4w,TRACKS,7,693431,4745,533,0,1386.86,0.0085,2026-07-25 11:35:17.479934
UC6ncaEYZ54TYx6DYlZ6xe9g,Bilkom,1,9287,67,6,0,18.57,0.0079,2026-07-25 11:35:17.479934
UC6nkBIbciw-ekPyIVAxaCrA,buenyamin16,2,1395274,3621,484,0,2790.55,0.0024,2026-07-25 11:35:17.479934
UC6o-wWU-v2ClFMwougmK7dA,BBC Newsnight,7,13555740,130372,14085,0,27111.49,0.0122,2026-07-25 11:35:17.479934
UC6o339IxpafO-t4sfiG6zww,NM2255 Car HD Videos,1,207366,1500,43,0,414.73,0.0074,2026-07-25 11:35:17.479934
UC6oBAuXY_7r8-D22P6hIFBA,Kuklacı Abdullah,1,46919,173,25,0,93.84,0.0042,2026-07-25 11:35:17.479934
UC6oFKCWeMEY12_1i5CabgMg,ramett,1,8824132,39000,1600,0,17648.26,0.0046,2026-07-25 11:35:17.479934
UC6on_AbiRG80sUfCyvSIalA,amin sh,1,605466,2500,142,0,1210.93,0.0044,2026-07-25 11:35:17.479934
UC6ow5uGOcaqDmx08Zlw6Dhw,GÜNEŞ'li Hayat,7,55711,1058,44,0,111.43,0.029,2026-07-25 11:35:17.479934
UC6p97bB2-SJj42OLr29x8Pg,Ömer DEMİRÖRS,1,45954,91,20,0,91.91,0.0024,2026-07-25 11:35:17.479934
UC6pO3f62NvLeUsd-wKe4GDQ,Rare Fact,8,1955792,35000,2300,183,3911.59,0.0238,2026-07-25 11:35:17.479934
UC6pdtSqPZEQb0TPgC00DRbA,elitaloina21,3,980466,14577,449,0,1960.93,0.0158,2026-07-25 11:35:17.479934
UC6pkQ8p5wRqC3wGNdyCqKMQ,Ali temel,1,88289,1000,50,0,176.58,0.0119,2026-07-25 11:35:17.479934
UC6po3cGF8AFHIqsb-8oRnYg,Simge Acarlar,2,19597,198,22,0,39.19,0.0208,2026-07-25 11:35:17.479934
UC6pzdO0uza1W9q2-rz-k5Lw,Quentin LEPLAT,1,10580,0,0,0,21.16,0.0,2026-07-25 11:35:17.479934
UC6q0eGHt5euC8aYLDjhaHpA,Can Sungur ve Yakın Evren,1,192207,6700,136,0,384.41,0.0356,2026-07-25 11:35:17.479934
UC6r5mUJLmrbX2FCVZ5mFErA,AZIRU Music,2,1202294,11372,360,0,2404.59,0.0093,2026-07-25 11:35:17.479934
UC6rVMCTMDWjveT8ahpXXTCA,Art and Beauty Vicky,1,182342,7000,137,0,364.68,0.0391,2026-07-25 11:35:17.479934
UC6rYgg-Vv9-ItM48sHYDA-A,CircassianMinstrels,1,1574061,13000,508,0,3148.12,0.0086,2026-07-25 11:35:17.479934
UC6raRxMHFn7ONEYIk0A-4IQ,Nurtaç Türkeli,5,67406,2123,62,0,134.81,0.0299,2026-07-25 11:35:17.479934
UC6rfQxxCox79X-0plvZpKkQ,AKMakeup1,2,9951889,54000,3300,0,19903.78,0.0055,2026-07-25 11:35:17.479934
UC6rp3pJfTfcUJP7skaaYOUQ,Cuma Uğurlu,1,1440991,3600,735,0,2881.98,0.003,2026-07-25 11:35:17.479934
UC6rsnyiGAVJeAVtxhtp1KoA,hasan yaman,1,197393,1400,52,0,394.79,0.0074,2026-07-25 11:35:17.479934
UC6sE8B2O-itfmP1PUxGIvZw,CT Kurdistan,1,661355,3700,1000,0,1322.71,0.0071,2026-07-25 11:35:17.479934
UC6sK-8-j1jmQFuxmuk9ainw,Wishtrend TV,10,10480268,246500,9040,0,20960.55,0.0295,2026-07-25 11:35:17.479934
UC6sRA5xH8Vee0c00mlLLzbw,Estrella Fs,3,2549959,65000,2595,0,5099.91,0.0328,2026-07-25 11:35:17.479934
UC6sUPUprCOzQzHHVcSpI0lQ,Nineteen Sixty-Nine,7,402896,1359,165,0,805.79,0.0056,2026-07-25 11:35:17.479934
UC6t9VvQ4CDQKUO1xlTztOPA,World Top ONE,4,7030074,23600,5257,0,14060.15,0.005,2026-07-25 11:35:17.479934
UC6tBoPdiemv70s6ylZZorzw,Grupa Obiektywni,1,35841,292,17,0,71.68,0.0086,2026-07-25 11:35:17.479934
UC6tO9K4IBXoF3BXrlvQ89-Q,Jo O'Key,2,1065,3,0,0,2.13,0.0065,2026-07-25 11:35:17.479934
UC6tgEUzUrAxe6LuQLg9-QZQ,loileung,1,265198,1900,219,0,530.4,0.008,2026-07-25 11:35:17.479934
UC6u0oJEYZwRScEm2WDqlzJA,Vugar Orujov,1,85273,1900,60,0,170.55,0.023,2026-07-25 11:35:17.479934
UC6uIqZCjZ8pVXeJtDwjoC5Q,Serdar Erkut,1,6905328,19000,3600,0,13810.66,0.0033,2026-07-25 11:35:17.479934
UC6uRmnmt9YFX3mkv3JSKPmg,Mehtap Çankaya,1,495489,1400,64,0,990.98,0.003,2026-07-25 11:35:17.479934
UC6uVtTpguOio5sV2Ac0X64Q,BOLERO Tổng hợp,1,2317511,6600,2700,0,4635.02,0.004,2026-07-25 11:35:17.479934
UC6ufj77121qR9OMZ5BQO1Wg,Nick Cunfer,1,372686,9800,195,0,745.37,0.0268,2026-07-25 11:35:17.479934
UC6upNb5w1pVbjLDKSr1o2lw,Mevlüt ACAROĞLU,2,11515,33,2,0,23.03,0.0029,2026-07-25 11:35:17.479934
UC6utqyuytlMpGb0oueyz2hg,ANKARA MÜZİK VİDEO PORTALI II,1,23411,107,10,0,46.82,0.005,2026-07-25 11:35:17.479934
UC6uuf31rAAYxzgHa08FdmpQ,Mersin Dugun Videolarım,1,328541,843,115,0,657.08,0.0029,2026-07-25 11:35:17.479934
UC6vEVusqhZScflVl6XqAiWQ,Ateliê Sagitário,5,3074314,50247,3408,0,6148.63,0.0291,2026-07-25 11:35:17.479934
UC6vH8u8t39X-c8vcJrwOJGQ,CBC TV Xəbərlər,3,60173,697,28,0,120.35,0.0125,2026-07-25 11:35:17.479934
UC6vThpOqfeXh2zwcbH1xrzw,Genie Kids TV,1,3252229,9400,2400,0,6504.46,0.0036,2026-07-25 11:35:17.479934
UC6vfK0xTHZBdR5vegksP-8w,FERHAT TUNÇ,3,1054317,5204,393,0,2108.63,0.0064,2026-07-25 11:35:17.479934
UC6w37ffLootwTJBNCn-nx8w,Acil Aşk Aranıyor,1,67865,412,73,0,135.73,0.0071,2026-07-25 11:35:17.479934
UC6w5Yw2pfZ1AbR32AiuHrdA,meri daricilar,1,96659,173,18,0,193.32,0.002,2026-07-25 11:35:17.479934
UC6wBSScTGLjj7aaGuQUuSyg,doğan dovancioğlu,1,292572,896,51,0,585.14,0.0032,2026-07-25 11:35:17.479934
UC6wBro4B4pf9xnBh9Xi2zcQ,David Hoffman,1,29328,0,0,0,58.66,0.0,2026-07-25 11:35:17.479934
UC6we6vYabx7jihM2Sigz4YQ,NetGazete,2,463875,3292,151,0,927.75,0.0075,2026-07-25 11:35:17.479934
UC6wl-g63biZZk18fM2_aBUg,Yılmaz Candemir,1,364825,1600,140,0,729.65,0.0048,2026-07-25 11:35:17.479934
UC6xL4DGf8BWgPNEGa3_A_gg,Tehran Turan Group,1,123,2,0,0,0.25,0.0163,2026-07-25 11:35:17.479934
UC6xqdWHzWZ4-IWsqmk6AYfA,Taner Arsever,1,4382,8,2,0,8.76,0.0023,2026-07-25 11:35:17.479934
UC6xsOr6wBcTFyf9nY4NohjQ,Ayşən Mehdiyeva,13,184754,1830,67,1,369.5,0.0112,2026-07-25 11:35:17.479934
UC6xsUYK3eJyrCvw3kkDCifA,kinkysweat,2,43450,2400,63,0,86.9,0.0574,2026-07-25 11:35:17.479934
UC6yCg2xvdXBNol0PFPy6qRQ,Gözde Kamera,2,26711,61,4,0,53.42,0.0023,2026-07-25 11:35:17.479934
UC6yhKD76pTRR8GBdOvryn2A,Mehmet Orhan,1,33335,91,12,0,66.67,0.0031,2026-07-25 11:35:17.479934
UC6yuooR5i1ZN_gX_yEYuP-Q,Senem Diyer,2,135933,1404,109,0,271.86,0.0104,2026-07-25 11:35:17.479934
UC6z3NjgsnRhnRRf61jHXDOQ,Pro Video Şemsi ve Kyaşif Full HD,2,2478641,4800,1883,0,4957.29,0.0029,2026-07-25 11:35:17.479934
UC6z7G1JXmjwsFg5S0oDtEFg,CKenan Kemik,1,3909,7,7,0,7.82,0.0036,2026-07-25 11:35:17.479934
UC6zGJ-2PT9Cabcf9YW0oFJg,Anlatılmayanlar,2,20070,296,16,0,40.14,0.0191,2026-07-25 11:35:17.479934
UC6zH5WreFNO5a_3n3ZAsFig,Pohua dondrup,1,1584742,9600,858,0,3169.48,0.0066,2026-07-25 11:35:17.479934
UC6zJBeR0SdgnwFT1tneWnkg,Bilgi Yolu,1,512290,795,623,0,1024.58,0.0028,2026-07-25 11:35:17.479934
UC6zka6KzaaX_MJwFDPeZbDQ,Erbakan Malkoç,2,2261320,59000,5284,0,4522.64,0.0279,2026-07-25 11:35:17.479934
UC6zkgIEq_61FQL1hh3YyUoA,murat tı,4,1186711,2502,484,0,2373.42,0.0024,2026-07-25 11:35:17.479934
UC6zl_U-HEajk9JSHkuTlaZQ,Timelab Pro,1,6133280,115000,2900,0,12266.56,0.0192,2026-07-25 11:35:17.479934
UC6zp_ubQN5Va2zAHfktJsiA,TULPAR,1,136517,840,57,0,273.03,0.0066,2026-07-25 11:35:17.479934
UC7-ZfPrrZ8E2wjhOzAK3zFQ,Batuhan Ba,1,6819,78,6,0,13.64,0.0123,2026-07-25 11:35:17.479934
UC7-oHfjiQOwLv_731FDa21w,Hlias Egeo Tours,1,5240,16,3,0,10.48,0.0036,2026-07-25 11:35:17.479934
UC70LNNmCPmGrXniSdVcCyfw,Emin Akkuş,1,10250832,11000,1300,0,20501.66,0.0012,2026-07-25 11:35:17.479934
UC70LoSsxRo4LFKIioCDVDeQ,Dijital Medya,2,112485,395,32,0,224.97,0.0086,2026-07-25 11:35:17.479934
UC71093fnUtdfw7ZZW784FOQ,BhandarTV,5,4218776,41000,5670,0,8437.56,0.0115,2026-07-25 11:35:17.479934
UC714Xm7Lmrb0LxNa4F4lR4g,Le Ricette di Ely,1,922193,4200,606,0,1844.39,0.0052,2026-07-25 11:35:17.479934
UC71WSnGAdY65AjkOiPeAirQ,قناة فنون المتحدة,1,568,5,4,0,1.14,0.0158,2026-07-25 11:35:17.479934
UC71Ydy7bDVCZFJG7NsgmBLw,VatanFedaisi53,17,4703716,21250,995,4,9407.44,0.0056,2026-07-25 11:35:17.479934
UC71fy9ivFJ1PR3LwJH6Jb_w,Айдемир Шумахов,1,284744,925,57,0,569.49,0.0034,2026-07-25 11:35:17.479934
UC724p4Uxf_kcJjtoi4BhVLA,"Dr,Aytuğ İle Sağlıklı Yaşam",1,403064,1200,284,0,806.13,0.0037,2026-07-25 11:35:17.479934
UC726J5A0LLFRxQ0SZqr2mYQ,Curious Droid,1,808874,20000,632,0,1617.75,0.0255,2026-07-25 11:35:17.479934
UC72A-H0oCkMuz5PsduxJqKA,Gökçen Erdoğan,2,6203,63,2,0,12.4,0.0098,2026-07-25 11:35:17.479934
UC72LwNIUbxlLA5EUxfFRo1w,Caner Kunker,1,775629,3900,298,0,1551.26,0.0054,2026-07-25 11:35:17.479934
UC72dDEWYeoqgbNG9s66N5YQ,Hunermend Dilyar,1,177188,716,84,0,354.38,0.0045,2026-07-25 11:35:17.479934
UC72nbKQLSDyiSARhg0Ywj4w,9NEWS,3,773599,3714,313,0,1547.2,0.0039,2026-07-25 11:35:17.479934
UC72pL3Et-Kt7lu3wfnnqAxQ,Apna Beauty Channel,1,275324,3600,218,0,550.65,0.0139,2026-07-25 11:35:17.479934
UC72tdOkBy8MtnhTiYXzS2SQ,Star Kamera,2,567084,897,231,0,1134.17,0.0019,2026-07-25 11:35:17.479934
UC73PNCr-IjgrtrHhu4MqeVw,Semra Fayez,1,44192,204,7,0,88.38,0.0048,2026-07-25 11:35:17.479934
UC73TYn0zfw0emiqxHQyVYIA,TOP 5 Of Anything,1,1099921,5300,2400,0,2199.84,0.007,2026-07-25 11:35:17.479934
UC73Vda9OccKFB6xFHMuASEg,Hadi Özışık,17,534575,10190,1132,0,1069.17,0.0325,2026-07-25 11:35:17.479934
UC73_5y-AeD7mj7N2cRVM5Jg,İSMAİL KAÇAN,2,217319,492,71,0,434.63,0.0027,2026-07-25 11:35:17.479934
UC73j5jwffCMV412aAMWK-3A,Insider Audiobooks,2,37225,633,37,0,74.45,0.018,2026-07-25 11:35:17.479934
UC73q_oVd1p2c2e8xQcdSvXg,D. Westry - Master Speed Painter Extraordinaire TM,1,71501,231,10,0,143.0,0.0034,2026-07-25 11:35:17.479934
UC740ilqsaYlnp0CFdYQoowA,Teo CRi,1,3980509,56000,872,0,7961.02,0.0143,2026-07-25 11:35:17.479934
UC74U0tk5hUz3ZvU_abBlLdw,sonmagazinci,1,2563332,1900,904,0,5126.66,0.0011,2026-07-25 11:35:17.479934
UC74YtZ3uLyE9cnNC1bHKVvg,tourism in Turkey,4,901734,32700,1160,0,1803.46,0.0425,2026-07-25 11:35:17.479934
UC74w62Oo3h_N5yqTNK5Npkw,alfabet bettalf,1,865721,2700,404,0,1731.44,0.0036,2026-07-25 11:35:17.479934
UC74zYjkxWCDyGIi7Hem0Rrw,erkanibrahimoglu,1,315230,718,45,0,630.46,0.0024,2026-07-25 11:35:17.479934
UC75-wLZrHZMqv8qqnuB-Hrg,Twitch Dumpster,1,1321,31,2,0,2.64,0.025,2026-07-25 11:35:17.479934
UC751OJry7QO0wj54aFG_MYg,Gönül Dili,1,65,0,0,0,0.13,0.0,2026-07-25 11:35:17.479934
UC7522LVLwNMwhx9oe_kPimw,TV'den Kareler,1,686883,1000,450,0,1373.77,0.0021,2026-07-25 11:35:17.479934
UC75DPUkOw93Ozkc19icfg3Q,ARABA,1,950814,8800,1200,0,1901.63,0.0105,2026-07-25 11:35:17.479934
UC75ZJrStWZkXoS009G6thTw,Yüksekova Production,1,16576,118,36,0,33.15,0.0093,2026-07-25 11:35:17.479934
UC75dlilp5CWrTZ11-GBlZwg,izmiray,1,1598026,3100,220,0,3196.05,0.0021,2026-07-25 11:35:17.479934
UC75fYAWdKTxhfNBP-ADR2Ug,TV Music,2,5187639,10000,2407,0,10375.28,0.0034,2026-07-25 11:35:17.479934
UC76-MbgwqcqAW2lxil-Crxw,Raiza Contawi,1,155749,4900,89,0,311.5,0.032,2026-07-25 11:35:17.479934
UC76GbZLAMOLRlyuWZohcP2w,ESER,2,237412,3436,137,0,474.83,0.0374,2026-07-25 11:35:17.479934
UC76JdOQsBfp3p3oDn7Ec14w,tanerrr,2,1037926,989,114,11,2075.85,0.0011,2026-07-25 11:35:17.479934
UC76LdVhZJl89Kmbm6W3XNrQ,Van Anadolu Müzik Derneği,1,116,2,0,0,0.23,0.0172,2026-07-25 11:35:17.479934
UC76_oNWiiBcGC7SRNmisCVw,Dünya Tek Biz İkimiz,2,616052,9700,465,0,1232.1,0.0146,2026-07-25 11:35:17.479934
UC76b6XAkcfMLqgCV4xBuoTQ,Simon &amp; Schuster Books,2,296510,1015,143,0,593.02,0.0038,2026-07-25 11:35:17.479934
UC76bXvxIhHBoMNaZ4cEW0tg,Sarahy Delarosa,1,161956,6100,60,0,323.91,0.038,2026-07-25 11:35:17.479934
UC76fzAbD5W8iXnbK3FZRGJA,Tamires Pessoa Hair Stylist,2,4795494,21033,4011,0,9590.99,0.0151,2026-07-25 11:35:17.479934
UC76n5Poqpbrm908fiUZg6pw,sila39,1,2245380,6400,455,0,4490.76,0.0031,2026-07-25 11:35:17.479934
UC76r9K-_Knc7d38c9uKRwaw,DayDreams,1,563633,4700,742,0,1127.27,0.0097,2026-07-25 11:35:17.479934
UC76trpI6PRwvqOSYM2nmu1A,SEK ADAM,2,138918,992,50,0,277.83,0.0574,2026-07-25 11:35:17.479934
UC76uLdfmK9nFd1E2ILHpg3A,general videos,1,1037,144,3,0,2.07,0.1418,2026-07-25 11:35:17.479934
UC76xfJIONdBn7uuKljB7Irw,Antalya TV,1,13075,18,9,0,26.15,0.0021,2026-07-25 11:35:17.479934
UC775JNQ6LyaHMQ7l1nYtZ1A,alirizaaltinkeser,2,166409,474,38,0,332.82,0.0041,2026-07-25 11:35:17.479934
UC77EdMk7woBr5UBhrHiPPXQ,brn Onr,1,38835,413,38,0,77.67,0.0116,2026-07-25 11:35:17.479934
UC77KWF0y3vFM5l1b4PmGlIA,Melih Mustafa Kahya,1,1405,122,2,0,2.81,0.0883,2026-07-25 11:35:17.479934
UC77TRTrJN-ipkT5M5E9DfYQ,MINDF*CK,2,442974,5800,137,0,885.95,0.0206,2026-07-25 11:35:17.479934
UC78UbprFA_eBC8hTXh8JxRA,semsuvereq,1,51677,224,15,0,103.35,0.0046,2026-07-25 11:35:17.479934
UC78Y2Vr6y9bM8r2qPDpQeUA,karkanchngr228,1,398109,1000,62,0,796.22,0.0027,2026-07-25 11:35:17.479934
UC78euTMh9KcVbql3UeWOqBw,Commonwealth Club,1,65920,872,75,0,131.84,0.0144,2026-07-25 11:35:17.479934
UC78kmowyifgYMS3wVmzO5Mg,Emrullah Danacı,1,11228934,36000,2800,0,22457.87,0.0035,2026-07-25 11:35:17.479934
UC78qbOas214NzHlyBwZsQUw,Hemad Nazari,1,806157,2200,498,0,1612.31,0.0033,2026-07-25 11:35:17.479934
UC792Pv8QHpxcRyW0fVmpL1g,miraclesystem,1,8076648,21000,4900,0,16153.3,0.0032,2026-07-25 11:35:17.479934
UC79531xsX5r5rbM9c2Q_wsw,Kurtuluş KILINÇ,1,122911,1500,55,0,245.82,0.0127,2026-07-25 11:35:17.479934
UC79FyJ_choPudvaY5Tx_TvA,Scratch Golf Academy,1,105985,144,79,0,211.97,0.0021,2026-07-25 11:35:17.479934
UC79TRbQJv-RV4UmX0OzU_oA,SagibbsVentco,1,228513,757,217,0,457.03,0.0043,2026-07-25 11:35:17.479934
UC79XmKIY9Ul-VRimsUyghHw,Yol Pusulam,2,15635,192,7,0,31.27,0.0149,2026-07-25 11:35:17.479934
UC79d0tprXwxANGOwh_wGClA,Kutay Ertürk,1,510928,2500,167,0,1021.86,0.0052,2026-07-25 11:35:17.479934
UC79ztYhLC5xNUJtLWxxG-Lg,israfil yılmaz,1,149688,328,37,0,299.38,0.0024,2026-07-25 11:35:17.479934
UC7A0xbt0nQUz-E0_c0YIVDA,Barış Tutmaz,1,984772,2100,202,0,1969.54,0.0023,2026-07-25 11:35:17.479934
UC7AFkOtbAWUCfC8Bfh0tsNw,mustafa mollaoglu,1,1125214,3300,227,0,2250.43,0.0031,2026-07-25 11:35:17.479934
UC7ANQ40XUeC0cWVEfXYkF5g,דרופשיפינג ומכירות באיביי ואמזון,1,29006,179,26,0,58.01,0.0071,2026-07-25 11:35:17.479934
UC7AdxPomyGihrlwUo6tzpXA,Kru Yhing Pakara,3,2424411,17900,1426,0,4848.83,0.0082,2026-07-25 11:35:17.479934
UC7Af-rmnxrzym6WLHiA5sDA,Hysterian TV,1,2219,17,4,0,4.44,0.0095,2026-07-25 11:35:17.479934
UC7Af75LtPn5Jav4dEHFiIqQ,gtasoul,1,1080298,18000,502,0,2160.6,0.0171,2026-07-25 11:35:17.479934
UC7AhyU8YTUftREhHCT1Qsfw,Fah Bur,1,2136239,9700,840,0,4272.48,0.0049,2026-07-25 11:35:17.479934
UC7B-ElmoVcl4fo-WHd7z94Q,Gadgetlily,5,2459285,84500,1333,0,4918.57,0.0209,2026-07-25 11:35:17.479934
UC7B06G7C-lA4i103fu3yQLw,Anka Leydi,1,937012,10000,751,0,1874.02,0.0115,2026-07-25 11:35:17.479934
UC7BIoHsP3K9aRZrN4y_ECRg,Niyans in Motion,26,1841357,62674,2161,44,3682.7,0.0428,2026-07-25 11:35:17.479934
UC7BaXdSMyAc3EElg0rpckYQ,Altun Güzel,2,504819,768,47,0,1009.64,0.0016,2026-07-25 11:35:17.479934
UC7BicwcRMDu3Ed1CJ7BZsxA,wcolby1,1,2748598,5300,1000,67,5497.2,0.0023,2026-07-25 11:35:17.479934
UC7BpwuA52iJ16tEZ3kfiqLQ,Yeni dünya Organik gübre Ltd şirketi,1,224479,1100,107,0,448.96,0.0054,2026-07-25 11:35:17.479934
UC7Bun5oIDgSRaQG5G8tFDug,Mir Video Production,2,1295129,2433,444,0,2590.26,0.0069,2026-07-25 11:35:17.479934
UC7CKJ7VYDjYTC1eFpHCIJAA,MIXED AMUSEMENT,1,5489296,16000,1900,0,10978.59,0.0033,2026-07-25 11:35:17.479934
UC7COwbN0rNIeLLn97jXGY0g,ClaireTrips,1,6582,25,2,0,13.16,0.0041,2026-07-25 11:35:17.479934
UC7CXDA7ZCU9Od6qzQr6phww,Eyewitness News,1,280502,2900,70,0,561.0,0.0106,2026-07-25 11:35:17.479934
UC7CjkQkW9Ho48OnGbX5-ZZw,muzxyen,1,8797296,32000,1900,0,17594.59,0.0039,2026-07-25 11:35:17.479934
UC7Cx7O4p1mjNzL3FqY-4DAQ,Araz News TV,1,14324,604,8,0,28.65,0.0427,2026-07-25 11:35:17.479934
UC7Cz01VXaB_snSF0L-wUM4g,Furkan Pehlivan,1,720,18,0,0,1.44,0.025,2026-07-25 11:35:17.479934
UC7DDcxd92wR0LzlMKIcHDAA,Show Ana Haber,165,105328429,639998,59237,239,210656.84,0.0066,2026-07-25 11:35:17.479934
UC7DIwkg2oz6N7_ZVzUG3prA,casarealtv,2,190362,0,0,0,380.72,0.0,2026-07-25 11:35:17.479934
UC7DdEm33SyaTDtWYGO2CwdA,Physics Girl,1,1395091,36000,2100,0,2790.18,0.0273,2026-07-25 11:35:17.479934
UC7Dfueww5qdmzQqsIn_FPRA,AlwaysPrettyUseful,2,31302908,297000,31500,0,62605.82,0.0108,2026-07-25 11:35:17.479934
UC7DlGmd1GZtlgld9_g_ympQ,ali citak,1,6629,29,2,0,13.26,0.0047,2026-07-25 11:35:17.479934
UC7E7mprYg62IOxVD7plaSJQ,Anlatılmayan Bilgiler,3,594918,12400,1514,0,1189.83,0.0298,2026-07-25 11:35:17.479934
UC7EMiY_w5h6Kz3EGNFXrT0w,Jens Nørgaard,1,224971,1900,67,0,449.94,0.0087,2026-07-25 11:35:17.479934
UC7EgyiZcUScwyJNqyGM0OsA,Sanat Sokak,3,181413,850,23,0,362.83,0.0049,2026-07-25 11:35:17.479934
UC7EpYSYC-pvJIXnVEoPvUJA,Millie Jackson,5,6731182,40722,3701,263,13462.37,0.0075,2026-07-25 11:35:17.479934
UC7FCHXCwfkFtuss3o84hf-g,İrembağı Web,1,6689,89,0,0,13.38,0.0133,2026-07-25 11:35:17.479934
UC7FDstYmSzYZWhEh2jzIXoA,cangruo can,3,245481,827,77,0,490.97,0.0036,2026-07-25 11:35:17.479934
UC7FMrTXTSqmQW8-C5t-NA_g,modavesosyete,2,550173,4300,619,0,1100.35,0.0092,2026-07-25 11:35:17.479934
UC7FQjeHpe5C8zeEBy0d9zOQ,Karolos Kouklakis,1,8206,88,2,0,16.41,0.011,2026-07-25 11:35:17.479934
UC7FpMEbifPQlrRk3Xq-E7Kg,grupo art móvil,1,779,19,5,0,1.56,0.0308,2026-07-25 11:35:17.479934
UC7G-fVIr3YNDG89K-pvjUdA,SiyahBeyaz Akustik,2,4370921,65200,1109,0,8741.84,0.0286,2026-07-25 11:35:17.479934
UC7G8qP446Mwd3DwUQf_-N5w,Savaşçı,26,24581294,127165,10853,0,49162.57,0.0065,2026-07-25 11:35:17.479934
UC7GQczqE8bHDRMN233lQiLg,Emily Susanah,2,1945933,24000,1899,0,3891.86,0.0133,2026-07-25 11:35:17.479934
UC7Gfq1nZPy3spwxx3CfhqkQ,Dizi Bilgi,1,3617625,12000,511,0,7235.25,0.0035,2026-07-25 11:35:17.479934
UC7Gl_Of9JO23UYUjIS2gc-Q,BlairyFireOSTs IZ,1,3366343,20000,530,0,6732.69,0.0061,2026-07-25 11:35:17.479934
UC7GpNj3OSI7Do1wr97z3gkA,Mehmet Özhaseki,1,232395,2400,122,0,464.79,0.0109,2026-07-25 11:35:17.479934
UC7GyuscF7yKHkJut-OSwCEw,RAVEN ELYSE,3,3429047,72000,1544,0,6858.1,0.0232,2026-07-25 11:35:17.479934
UC7HClLPO-e38XAN20ryOgNA,Burcu,1,839953,1200,53,0,1679.91,0.0015,2026-07-25 11:35:17.479934
UC7HIxwBimIGanoyHRNh5fVw,AnnemMutfakta. TV,1,89988,683,45,0,179.98,0.0081,2026-07-25 11:35:17.479934
UC7HK9iOFuRWiPU7_LEktPWA,Köşe Bucak Dünya,3,62724,1413,53,0,125.45,0.019,2026-07-25 11:35:17.479934
UC7HNWS_5qE3INQudrXdwn7A,Mehmet Ali Yassı,1,2201,18,3,0,4.4,0.0095,2026-07-25 11:35:17.479934
UC7HPPQmWIkO1694SY9Oo3FQ,Meyxana Azerbaijan,2,542382,6425,323,0,1084.77,0.0153,2026-07-25 11:35:17.479934
UC7Hd9MfIOyYZeLlwFahYT4w,Bright lens Photography,1,1031103,7600,827,0,2062.21,0.0082,2026-07-25 11:35:17.479934
UC7ID5ddOS5Sv1ddUihST4uw,Tolgahan Yıldız,1,36299,184,21,0,72.6,0.0056,2026-07-25 11:35:17.479934
UC7IOaUK9ByosWXU7aOam5lw,Jenia on Film,1,2005519,21000,2100,0,4011.04,0.0115,2026-07-25 11:35:17.479934
UC7IXyElt2L1PKN-MQOm-WAA,Monica Machuca,1,909719,10000,622,0,1819.44,0.0117,2026-07-25 11:35:17.479934
UC7IcJI8PUf5Z3zKxnZvTBog,The School of Life,4,9447747,61000,2401,0,18895.5,0.0131,2026-07-25 11:35:17.479934
UC7IeuHw5GbEEgabyenT4ZbQ,Kairat Абай,1,4327889,20000,3200,0,8655.78,0.0054,2026-07-25 11:35:17.479934
UC7Ily1MZAlZoBg3r8gY5S0A,Nankatsuspor,1,621231,1300,335,0,1242.46,0.0026,2026-07-25 11:35:17.479934
UC7ImfI8fRInLmhZZg4Z-pjQ,Ferdi19824,1,500009,786,129,0,1000.02,0.0018,2026-07-25 11:35:17.479934
UC7IrJp6Ore_pZalhCBzhsvw,hayrie ahmedova,1,694208,2700,207,3,1388.42,0.0042,2026-07-25 11:35:17.479934
UC7Izb5__Vd8VJ999pexexbQ,oz kan,1,187420,544,39,0,374.84,0.0031,2026-07-25 11:35:17.479934
UC7J2228zEgH1qd7MboM4XGQ,Müslüm Gürses,8,245250,438,8,6,490.5,0.0021,2026-07-25 11:35:17.479934
UC7J8aQr436T6w7g4ADSKh8w,Cefri Ohm,2,2831905,5000,1132,0,5663.81,0.0032,2026-07-25 11:35:17.479934
UC7JJRJkSbHGETG4nraspJuA,Edmond Dantès,1,1247045,19000,514,0,2494.09,0.0156,2026-07-25 11:35:17.479934
UC7JQo-l4Xo6CcVdj-FjjLTw,Gökhan Yıldırım,1,26697552,86000,2900,0,53395.1,0.0033,2026-07-25 11:35:17.479934
UC7JVifTewdJhKd6sZSvEzpA,T0RAMANLI,1,1467451,3100,293,0,2934.9,0.0023,2026-07-25 11:35:17.479934
UC7JiQ9PUj3fw4IYwlXB9G_Q,Fatih Bank Kombi ve Beyaz Eşya Servisi,5,686908,7240,721,37,1373.81,0.0225,2026-07-25 11:35:17.479934
UC7JpGws-tPUGhHfL2DLK1-A,Onder Bilge,2,7192,42,4,0,14.38,0.0067,2026-07-25 11:35:17.479934
UC7JuZXnYh0Cq8Yz-nDgLubg,V4T4ND3LiSi,2,24323,118,12,0,48.64,0.0091,2026-07-25 11:35:17.479934
UC7K7G-2SYPJRGH17-rCI8mQ,Friends of the IDF (FIDF),2,205307,2134,120,0,410.61,0.0264,2026-07-25 11:35:17.479934
UC7KHmsZzPlDJOukA4-JLBcQ,Benim Adım Melek,4,6654815,36100,3903,0,13309.64,0.006,2026-07-25 11:35:17.479934
UC7KqPOHnMTzdBjkbTQp5ebg,JohnNewmanVEVO,1,717808638,3600000,97000,0,1435617.28,0.0052,2026-07-25 11:35:17.479934
UC7Kwbh0a4D4mJUfMYyaQnsQ,rukia dagtan,1,76268,533,269,0,152.54,0.0105,2026-07-25 11:35:17.479934
UC7L34UzGoCqsOBJqN6dKGCQ,KL Prod.,1,4858381,54000,3300,0,9716.76,0.0118,2026-07-25 11:35:17.479934
UC7L6P29Eaom6FWGP2I-YmgQ,Andy's Awesome Adventures,1,15686,172,18,0,31.37,0.0121,2026-07-25 11:35:17.479934
UC7LHnSedr1K0l3lp5IlMC5g,VILLA'S VOGUE,1,9894,210,2,0,19.79,0.0214,2026-07-25 11:35:17.479934
UC7LNgChxDyW02H_Il5aFOvA,brian M,2,466041,4736,283,0,932.08,0.0163,2026-07-25 11:35:17.479934
UC7LgavyXkEyUKDIRsOUcFLQ,AliRıza ÇİMEN,2,233547,353,100,0,467.1,0.002,2026-07-25 11:35:17.479934
UC7LkBe28mW7efufu4bT6Gug,Londra Aktuel,1,423420,1100,238,0,846.84,0.0032,2026-07-25 11:35:17.479934
UC7Lu-ONZhIM_lvKnZn0F19Q,Kafalar,22,104218683,4577000,137300,0,208437.35,0.0472,2026-07-25 11:35:17.479934
UC7LuCZ488pr8dV6SRT7T9fw,VideonTR,6,129938,1741,202,0,259.87,0.0175,2026-07-25 11:35:17.479934
UC7LzJpIrh2MlJm0Ewy8t6yQ,Aşık Gülabi,1,14122,78,5,0,28.24,0.0059,2026-07-25 11:35:17.479934
UC7MEcFwlnUvKHEyZL47UqkQ,Melissa Pereira,1,1427798,20000,1000,0,2855.6,0.0147,2026-07-25 11:35:17.479934
UC7MWwr8uyh9rRcFdiXlmyhQ,Perihan Abla,3,143403,381,63,0,286.8,0.0037,2026-07-25 11:35:17.479934
UC7McHNOsrUL2fRxTB_xvgRQ,Johnny Carson,1,11922774,29000,3500,0,23845.55,0.0027,2026-07-25 11:35:17.479934
UC7Mge8VlwWFomEzEOl6NIVw,Özcan Cakin,1,5980,50,0,0,11.96,0.0084,2026-07-25 11:35:17.479934
UC7N7S9vTVYaDm8B-OawbpHA,Funny Land,5,15418762,118000,14200,0,30837.53,0.0093,2026-07-25 11:35:17.479934
UC7Nit14SUbdoE-DYnzEU5UA,Info Portal News,5,518604,1574,521,0,1037.21,0.0043,2026-07-25 11:35:17.479934
UC7O5_2UsoUROiEVP9TIehDA,EMEK EV YEMEKLERİ,1,412970,4400,319,0,825.94,0.0114,2026-07-25 11:35:17.479934
UC7O9a235KcXCQqSAxvo_qXQ,SAZCI HÜSO,6,218298,1865,113,0,436.6,0.0102,2026-07-25 11:35:17.479934
UC7OA4qz1cPMy7_2wG731LnA,AmericanTowmanTV,1,91196,457,15,0,182.39,0.0052,2026-07-25 11:35:17.479934
UC7OJJA9sk3SCcatYvhC1_cg,Restoration of Everything,1,6599422,53000,5200,0,13198.84,0.0088,2026-07-25 11:35:17.479934
UC7OMeUFuZMacpPk2fc9UlOA,Union Populaire Républicaine,5,487141,15000,344,0,974.28,0.0577,2026-07-25 11:35:17.479934
UC7OPqHtzAHh1KlqHfL4BClA,Yunus Köroğlu,1,527295,2700,834,0,1054.59,0.0067,2026-07-25 11:35:17.479934
UC7OVeORpOWX40wl6Jjak_0A,SARI SİYAH,1,3769,48,9,0,7.54,0.0151,2026-07-25 11:35:17.479934
UC7OXmKA4YEgqRcpa-ORBgag,Müziknet,1,14586108,23000,4300,0,29172.22,0.0019,2026-07-25 11:35:17.479934
UC7OZ2nKbp9TRyeXJ0hS_ZcA,Lajmi net,3,1025848,2446,501,0,2051.7,0.0028,2026-07-25 11:35:17.479934
UC7On0o_p6WQ6uixsCPoj0XA,En Mode REPLAY,1,2026931,6000,662,30,4053.86,0.0033,2026-07-25 11:35:17.479934
UC7OwfTYspNpvh8f3DnAS80A,Haluk ŞAHAN,1,667342,554,84,0,1334.68,0.001,2026-07-25 11:35:17.479934
UC7P0iEXfQmLoFAAOG8XQDnA,Huseyin Durukan,1,209262,1100,127,0,418.52,0.0059,2026-07-25 11:35:17.479934
UC7PY0etqxH1bbyon_9pzp_g,Pretty Pastel Please,8,2299717,89200,1867,0,4599.44,0.045,2026-07-25 11:35:17.479934
UC7Pmb9GRxmdFk5XG7z6hniA,Relax Day,1,4343876,24000,1100,0,8687.75,0.0058,2026-07-25 11:35:17.479934
UC7PwAf7jYMyyM-ADZTW_GVg,BrittanyNichole,2,94441,3800,128,0,188.89,0.0409,2026-07-25 11:35:17.479934
UC7PycJC-DwXt1cZ2VBLeeWA,RGBFLO,1,342384,2100,93,0,684.77,0.0064,2026-07-25 11:35:17.479934
UC7QBeubzVIOqFjUjd_gNEBQ,Beauty District,2,283382,4254,161,0,566.76,0.0195,2026-07-25 11:35:17.479934
UC7QSNE1_TJYsZaaPbGH9g5Q,Bre Hey,5,44639,222,19,0,89.28,0.006,2026-07-25 11:35:17.479934
UC7QT_2VSaf_sM-D1OY9YM2Q,tvcolicify,4,2388719,8277,1283,0,4777.43,0.0036,2026-07-25 11:35:17.479934
UC7RIIjllUOAPycUguMUS1oQ,Zuzu TV,9,1375009,14570,2757,0,2750.02,0.0157,2026-07-25 11:35:17.479934
UC7ReoSiYHMMycz_dVIGpG5Q,Alishahin,2,54826,954,13,0,109.66,0.0206,2026-07-25 11:35:17.479934
UC7RhK2bFDalQK5QaD6OEzkg,xiaobai5,1,917097,6400,241,0,1834.19,0.0072,2026-07-25 11:35:17.479934
UC7Rn8wU8biShNWSSunLxhqw,Nariman,1,57421,961,19,0,114.84,0.0171,2026-07-25 11:35:17.479934
UC7RsI1yqQ7QXQGIf6jdXX4w,EDIK 9019,1,959504,6300,457,33,1919.01,0.0071,2026-07-25 11:35:17.479934
UC7SJAPuol_P1mU72Eh0SL2A,Artistik Yapim,4,1197243,13400,1057,0,2394.48,0.0216,2026-07-25 11:35:17.479934
UC7SQp5SrNacQUror0Yldc5Q,gok006,1,151075,449,30,0,302.15,0.0032,2026-07-25 11:35:17.479934
UC7SWCkDDY018GqUzL9FC1SA,Big Trucks Central TV,1,449303,1100,128,0,898.61,0.0027,2026-07-25 11:35:17.479934
UC7SnhbQ9Hw2zOSVfcmPoUDw,Samreen Beauty,1,2623984,27000,1500,0,5247.97,0.0109,2026-07-25 11:35:17.479934
UC7Su8kW3GvPklZhwqxh3kbg,Kadri Yıldırım,1,44021,555,43,1,88.04,0.0136,2026-07-25 11:35:17.479934
UC7T0IHgvTwXXibO_y8HGcGA,Kiki Tv,1,9540131,51000,5700,0,19080.26,0.0059,2026-07-25 11:35:17.479934
UC7TQmOvOvIobrE2NwNtbIig,Bülent Maden,2,89569,2552,97,0,179.13,0.0322,2026-07-25 11:35:17.479934
UC7TRVEt2i7woBE6oV8FFkEQ,Joelle Hajj,2,3145701,96000,2177,0,6291.4,0.0279,2026-07-25 11:35:17.479934
UC7T_CoSSBDR5IlRYJoj9Lww,Elvin Levinler,29,12954274,309392,17077,50,25908.56,0.0301,2026-07-25 11:35:17.479934
UC7Tkv_D6KjVR8_B5vEGVEZw,Dinç Müzik,1,45188,626,49,0,90.38,0.0149,2026-07-25 11:35:17.479934
UC7ToK-ftjx5QKJp8laHCWlg,sarkılar burda,1,1095107,1700,229,0,2190.21,0.0018,2026-07-25 11:35:17.479934
UC7U3lawbCeM9xi7ozRSPbNQ,Cirilica TV HAPPY,1,48561,282,139,0,97.12,0.0087,2026-07-25 11:35:17.479934
UC7U6RY0CPZz5X_RU-oXaUnQ,10Karesi10,1,3463,10,2,0,6.93,0.0035,2026-07-25 11:35:17.479934
UC7U9X6X4BFt8pynYjlijJZQ,HARUN TAŞCI,1,227429,674,72,0,454.86,0.0033,2026-07-25 11:35:17.479934
UC7VOgC1AWxBjVYte75rMUvg,Holiday News,1,4716599,18000,5000,0,9433.2,0.0049,2026-07-25 11:35:17.479934
UC7VbLSyfg1MD9qqo4nJZilQ,Devrim Efe,1,345532,2900,64,0,691.06,0.0086,2026-07-25 11:35:17.479934
UC7VcgWt7x5r-oD982V4R3qw,Open. az,1,1472,3,0,0,2.94,0.002,2026-07-25 11:35:17.479934
UC7VguKUxdviTJDjGwRnaBTg,ByJill,2,189472,1222,393,0,378.95,0.0186,2026-07-25 11:35:17.479934
UC7VkPFw0eDKpECn9uAtJ2gQ,Her Şeyden Bir Şey,1,1262848,4300,1600,0,2525.7,0.0047,2026-07-25 11:35:17.479934
UC7Vkh_hpNqnqemYplmpgrNA,flowerone86,1,639219,374,30,0,1278.44,0.0006,2026-07-25 11:35:17.479934
UC7VzZ471NmDkXC_5O5Q8bLA,TeknoVia,1,1091071,5200,476,0,2182.14,0.0052,2026-07-25 11:35:17.479934
UC7W8ThlLrTfiqK6dVuHtvSw,Arslan BOZKURT,1,361278,1000,134,0,722.56,0.0031,2026-07-25 11:35:17.479934
UC7WF0qJ7uhAMh-1dSrvG9Xw,talip kocaman,1,9787016,12000,2400,0,19574.03,0.0015,2026-07-25 11:35:17.479934
UC7WWRG-bB4NavRGUeUKAD-g,Yıldızlı Tarifler,3,1297671,10534,1474,0,2595.34,0.0129,2026-07-25 11:35:17.479934
UC7WkYQsjpFM8mmasQROPFEQ,Emre Turkmen,1,24043,27,5,0,48.09,0.0013,2026-07-25 11:35:17.479934
UC7WsHpf_8n7koUFaGk7t7jw,özgür adam,1,397399,707,133,0,794.8,0.0021,2026-07-25 11:35:17.479934
UC7XuV77TO5tnRR7zAMRJEuA,KisaSohbetlerVeVaazlar Youtube,1,86089,1600,34,0,172.18,0.019,2026-07-25 11:35:17.479934
UC7Y7dgVznvDR4RJEHuo0fEQ,TheNBAFreak,1,1537494,4100,420,0,3074.99,0.0029,2026-07-25 11:35:17.479934
UC7YF3EAPWtChYNYgPjHQb9w,Maître de soi-même,1,202638,3600,123,0,405.28,0.0184,2026-07-25 11:35:17.479934
UC7YJqQIW_NACsE8wGZslsLw,E4,2,1349901,11200,256,14,2699.8,0.0077,2026-07-25 11:35:17.479934
UC7YNZzsOUkIxtdQk0YLAArw,Radyo 7,8,8855134,45606,1449,0,17710.27,0.0117,2026-07-25 11:35:17.479934
UC7Yh6BhK-5URZHqD2PBPUNg,UŞAK KARAHALLI BEKİ KÖY,2,27509,33,5,0,55.02,0.0017,2026-07-25 11:35:17.479934
UC7Z6QxQwpLZZPTRFqHsXLkg,Мuhammet Esat Durlanık,17,188946,790,53,0,377.88,0.0055,2026-07-25 11:35:17.479934
UC7ZILXJx6F8QdErAEzJDtag,nasil.com,6,331035,3785,230,0,662.07,0.0127,2026-07-25 11:35:17.479934
UC7ZNIHjoalklu4XANvyLh8g,Bektaş DOLU,4,123538,1404,32,0,247.08,0.0119,2026-07-25 11:35:17.479934
UC7ZqlezxdW_b0aeOZZElepA,Consulate General of Azerbaijan in Los Angeles,1,511220,3000,313,0,1022.44,0.0065,2026-07-25 11:35:17.479934
UC7Zt6THn5X3eu6YqV4zjzXg,SOUNDARYA,3,9466059,113000,6374,0,18932.12,0.0136,2026-07-25 11:35:17.479934
UC7_0pSNuyNjW_cySnuyAMcQ,Катя Вакуленко,1,3298234,52000,2600,0,6596.47,0.0166,2026-07-25 11:35:17.479934
UC7_VGkwCoKfqh1eZEkzey3A,Mercedes-AMG Petronas Motorsport,1,326410,13000,104,0,652.82,0.0401,2026-07-25 11:35:17.479934
UC7_gcs09iThXybpVgjHZ_7g,PBS Space Time,1,4621746,58000,2800,0,9243.49,0.0132,2026-07-25 11:35:17.479934
UC7_j2m1vY3s_YX90r9JlO_w,Merve Bali,1,3356,66,9,0,6.71,0.0223,2026-07-25 11:35:17.479934
UC7_j3-jALczL3tzilobawUA,Bekzat Qosai,1,356917,2400,360,0,713.83,0.0077,2026-07-25 11:35:17.479934
UC7_lET-EpyhMdS3uWBw1Qpg,Jessica Wyatt,2,378104,3472,492,0,756.21,0.0108,2026-07-25 11:35:17.479934
UC7_m3H_3Kx5pg_fPU31cESg,Ronen Braverman,1,164712,220,19,0,329.42,0.0015,2026-07-25 11:35:17.479934
UC7_sAuwcJBN5Omet1bUQUdA,Hayatın Sesi - Video,5,227262,1166,55,0,454.53,0.0079,2026-07-25 11:35:17.479934
UC7_yg-VDsKbLeG54ylVbC0g,Karanlik,1,327760,923,90,0,655.52,0.0031,2026-07-25 11:35:17.479934
UC7aH7HVqDvwB1xNHfSl-fDw,Dmitry OSIPOV,1,48201,1300,40,0,96.4,0.0278,2026-07-25 11:35:17.479934
UC7aLz5_yqdI-XXWS4Eu-zIg,ehsanovsky,1,30853,144,6,0,61.71,0.0049,2026-07-25 11:35:17.479934
UC7aaSJbhLZx66s270OkWUkA,Hassan Emmi,1,4911693,10000,1900,0,9823.39,0.0024,2026-07-25 11:35:17.479934
UC7aoNYx1R8GKp8ske3V6d8g,Kenan SoyLu,1,63562,295,27,0,127.12,0.0051,2026-07-25 11:35:17.479934
UC7axjJsBf76nijBTOGID95Q,aysun uğurlu,1,110601,246,33,0,221.2,0.0025,2026-07-25 11:35:17.479934
UC7bBiyr4vs_Cu4pTxApmTYw,IFILM2,24,3169058,17573,1547,0,6338.13,0.0066,2026-07-25 11:35:17.479934
UC7bBqfOrM-uKpHzOZ8BBtnQ,ÖZEL HACI NACİYE ATEŞ OKULLARI,1,409367,6700,264,0,818.73,0.017,2026-07-25 11:35:17.479934
UC7bD4DcZEfwQXkEJJR4Z6qg,studio yuksel,1,1179191,3300,629,0,2358.38,0.0033,2026-07-25 11:35:17.479934
UC7bFf4t5XbmXG6hw2d8T82g,Hend Omran,1,1459960,23000,2300,0,2919.92,0.0173,2026-07-25 11:35:17.479934
UC7bP_6B4_wDdyOguHO9kdHQ,Mel's World,1,350187,4500,237,0,700.37,0.0135,2026-07-25 11:35:17.479934
UC7bYSrwWDuzd_hd6ULmzCkw,ANADOLU PRODUCTİON,2,15992,64,5,0,31.98,0.0055,2026-07-25 11:35:17.479934
UC7bevYmY_eL_vr9Sr7U2wQg,Рустам Вагапов,1,3319953,36000,2500,0,6639.91,0.0116,2026-07-25 11:35:17.479934
UC7cC64njXaknK9bRLH1tykQ,thebonniehuntshow,1,6760683,19000,300,0,13521.37,0.0029,2026-07-25 11:35:17.479934
UC7cTCvwC-s1Glj9DE7iNP1w,Ferid 017,1,134827,1000,94,0,269.65,0.0081,2026-07-25 11:35:17.479934
UC7cY3rPJGwqjNFux8aVgHhA,BeŞeRiYüZ İNSaNiYüZ,1,146604,761,161,0,293.21,0.0063,2026-07-25 11:35:17.479934
UC7cc4tKpdg9rpUtcDQw6TPA,DjeyxunBakinskiyOfficial,2,1483830,9100,456,0,2967.66,0.0076,2026-07-25 11:35:17.479934
UC7coE0T1q_DzLlD0JvcJjAg,Peter Naydenov,1,8313,105,15,0,16.63,0.0144,2026-07-25 11:35:17.479934
UC7cpLbNj2znAhRZD21fU13A,Alberto Lipari,1,17496,155,62,0,34.99,0.0124,2026-07-25 11:35:17.479934
UC7cyFrK6b7kEmzVuLIKiMUg,DOĞAN OĞUZ TR,1,2735367,33000,2000,0,5470.73,0.0128,2026-07-25 11:35:17.479934
UC7d7kVEBGyoMj8IQrU63L1A,kirki210,1,564120,1100,92,0,1128.24,0.0021,2026-07-25 11:35:17.479934
UC7dLxflLsrukSCsF6CbAtew,Furkan Gençer,1,3824,39,2,0,7.65,0.0107,2026-07-25 11:35:17.479934
UC7dYC_zfd9D1e2h1Y8sOFjA,Altınbaş Üniversitesi,3,7087,96,6,0,14.17,0.015,2026-07-25 11:35:17.479934
UC7db8cKhZw5B19xegMbo-zQ,Linda Kerollyn,1,1547300,11000,1800,0,3094.6,0.0083,2026-07-25 11:35:17.479934
UC7doWrDnaQcIptQjEWIAhQw,tomasmg88,1,1272844,5400,392,0,2545.69,0.0046,2026-07-25 11:35:17.479934
UC7duijoFQpqxfjAeLpbc7uQ,Sharon Moon,1,1110624,6000,403,0,2221.25,0.0058,2026-07-25 11:35:17.479934
UC7e1XWjOlYy8XlNMeVxeKNg,Chotoonz TV - Funny Cartoons for Kids,4,168245405,300000,136000,0,336490.82,0.0011,2026-07-25 11:35:17.479934
UC7eBNeDW1GQf2NJQ6G6gAxw,The Dave Ramsey Show,1,2256109,15000,1300,0,4512.22,0.0072,2026-07-25 11:35:17.479934
UC7eUMXn1B2Gi3NU-iVu8s-A,AXIOMAXIOSA,1,896,26,7,0,1.79,0.0368,2026-07-25 11:35:17.479934
UC7eYexchXJO1Ad3WyqM5KQA,Mil Historical,1,311564,4100,300,0,623.13,0.0141,2026-07-25 11:35:17.479934
UC7ewLnT5sqz8fbNrL3tgPjA,Takla King,1,360275,30000,1700,0,720.55,0.088,2026-07-25 11:35:17.479934
UC7exQ2of5CGxLt0QKIFRL4g,FLANK,1,36752,675,12,0,73.5,0.0187,2026-07-25 11:35:17.479934
UC7fInwoLLEIIfGZV_uK1ggw,Bilmelisin,4,383959,3700,235,0,767.92,0.0112,2026-07-25 11:35:17.479934
UC7fPoOWGjE01zevpEzrZYoQ,Kadir Cigdem,1,8158,18,2,0,16.32,0.0025,2026-07-25 11:35:17.479934
UC7fWeaHhqgM4Ry-RMpM2YYw,TRT World,21,1610615,23378,3278,187,3221.23,0.0188,2026-07-25 11:35:17.479934
UC7fb5oNXVJ2J_A_McJ5PmNw,Megan Moore,2,268039,3157,130,0,536.08,0.012,2026-07-25 11:35:17.479934
UC7foTxErVJKorAitAcJuqDA,BBC Comedy Greats,1,235378,623,68,0,470.76,0.0029,2026-07-25 11:35:17.479934
UC7gD3YIyQlqG4iN-lUVfLaA,Her Telden,1,1562626,10000,1100,0,3125.25,0.0071,2026-07-25 11:35:17.479934
UC7gE7JFzSbWxR-AQDaeOaCw,Mutfakta Bir Erkek Murat Bilgin,1,900584,7300,1700,0,1801.17,0.01,2026-07-25 11:35:17.479934
UC7gF5l1PBQAuFJHPua0S4NQ,Sadık Akkoyun,2,300131,1316,153,0,600.27,0.0063,2026-07-25 11:35:17.479934
UC7grAvnEpKRWu2B8NPFi8Dg,Şimdi BENİM Sıram,1,717251,4500,594,0,1434.5,0.0071,2026-07-25 11:35:17.479934
UC7gvK4LujWATlAnYqHy2GUQ,Media24 Tv,16,328098,4918,405,0,656.19,0.0167,2026-07-25 11:35:17.479934
UC7gzJtyQKCjFWYzc75CwfqQ,Ahmet Gültekin ile Türküler,1,1043,12,2,0,2.09,0.0134,2026-07-25 11:35:17.479934
UC7hFO9ULouAZir7pirctYuw,SIMPLE Cutting,2,1921222,21500,1527,0,3842.44,0.0135,2026-07-25 11:35:17.479934
UC7hFtaXF5y65gpQY9NvqqBw,sertaç çınar,1,156027,235,90,0,312.05,0.0021,2026-07-25 11:35:17.479934
UC7hVUTSJ_32JjNAJr3ORGrQ,Musiciann,2,2464,30,2,0,4.93,0.0131,2026-07-25 11:35:17.479934
UC7hYV0-bxBz5T8OAwJ5G2Yg,Abdallah Helmy,1,11032,94,14,0,22.06,0.0098,2026-07-25 11:35:17.479934
UC7haSGkuI70tJjUnqfVyj1g,yildiraycinar1,1,20096,51,2,0,40.19,0.0026,2026-07-25 11:35:17.479934
UC7hfG-2Slqr2yhALdBMKGfQ,Seren Yalçın,3,614761,5193,1214,0,1229.52,0.0164,2026-07-25 11:35:17.479934
UC7huk7rOv3M73A7YnSDICww,UHD BELGESEL 2,1,377293,0,0,1,754.59,0.0,2026-07-25 11:35:17.479934
UC7hyUqIcfDV3kRBFumYUlnA,kokpitaero,19,3138937,36081,2081,0,6277.88,0.0257,2026-07-25 11:35:17.479934
UC7iCNf3kZcTkrJ57rgTZf2A,Oğuz Kaan,2,250623,1695,48,0,501.24,0.0078,2026-07-25 11:35:17.479934
UC7iTAGFegksMcGY77N9mBgA,DOLGOV,1,1320397,3400,611,0,2640.79,0.003,2026-07-25 11:35:17.479934
UC7iaV9PeMxpPFv1XqEkBlyw,acibademsaglikgrubu,1,12526,32,7,0,25.05,0.0031,2026-07-25 11:35:17.479934
UC7ieeJ3GYCtRjvu6OvzI0Dg,Madalena couture,13,3894953,66164,2143,0,7789.91,0.0195,2026-07-25 11:35:17.479934
UC7jDWMKTBh5orf_I6w0LDUg,Engin Bektaş,5,2277907,6397,661,0,4555.81,0.0047,2026-07-25 11:35:17.479934
UC7jmlbmLNGbGBWexZorASyA,Tübitak Bilim Genç,2,355963,4587,100,0,711.93,0.0213,2026-07-25 11:35:17.479934
UC7k17txDPS3Tp_SDQy3CN8A,Football Nation,1,40789153,221000,19000,0,81578.31,0.0059,2026-07-25 11:35:17.479934
UC7k2i__5hL0CJh620s1QWcA,Senai Demirci,2,3414068,29160,2102,0,6828.14,0.0478,2026-07-25 11:35:17.479934
UC7kTIC-yMYyR4A6k9ZB54ag,Aykut ÖVER,2,83659,566,24,0,167.32,0.0066,2026-07-25 11:35:17.479934
UC7kzwE6LiTwjZhk-bUJCjMw,#06BeyazMercedes06,37,635933,1176,137,0,1271.88,0.0048,2026-07-25 11:35:17.479934
UC7lB4siPrR7MDf-gTsLSpCw,Pedagog Gözde Erdoğan Gelişim Akademi,2,349576,3900,213,0,699.15,0.0121,2026-07-25 11:35:17.479934
UC7lBbVccA1NmYPYY5_5qnjw,Pelin Enez,2,224776,6369,168,0,449.55,0.0275,2026-07-25 11:35:17.479934
UC7lGoh84izsS3Xrmu0AYANg,kerem5555,4,85533,341,20,0,171.07,0.0049,2026-07-25 11:35:17.479934
UC7lIfDoyZz_fTELszNEekcg,Medyapım,4,1566790,7039,751,0,3133.58,0.0051,2026-07-25 11:35:17.479934
UC7lNDQgKS8N4gqhNBbmsLVw,ÜNSAL KUŞ,4,673627,6495,1157,0,1347.24,0.0183,2026-07-25 11:35:17.479934
UC7lkQZCEwev-y3EPE-D8XfQ,Ali Deniz Şenpotuk,1,1631665,20000,2600,0,3263.33,0.0139,2026-07-25 11:35:17.479934
UC7m179M8YZAYSRO8TjDxkiw,Deborah Milano,1,996,16,0,0,1.99,0.0161,2026-07-25 11:35:17.479934
UC7m4k9X2pRxuvzpwSz5jWgQ,Brooks Holt,1,4516849,22000,2600,0,9033.7,0.0054,2026-07-25 11:35:17.479934
UC7m8jaoaLXdtYcK5vjgUykA,aqa16,1,293831,388,49,0,587.66,0.0015,2026-07-25 11:35:17.479934
UC7mTfq3CYuid0-ijzbku-pA,Evan Lê Music,6,1025076,11728,252,0,2050.16,0.0171,2026-07-25 11:35:17.479934
UC7mUlEXJ5lc3vq_4y5Kpa6w,Esoes,1,51048,159,2,0,102.1,0.0032,2026-07-25 11:35:17.479934
UC7mjSdC2mKCxS1Vr665B1VA,Abeona,1,118044,1000,102,0,236.09,0.0093,2026-07-25 11:35:17.479934
UC7n-o6uDE1mbs-mRBfeCCZw,Krushhh by Konica - Makeup Tutorials,3,6290445,47900,3217,0,12580.89,0.0089,2026-07-25 11:35:17.479934
UC7n0z-g-fBJpMsdqur_Nrgg,Gamze KAYA,1,10938,249,21,0,21.88,0.0247,2026-07-25 11:35:17.479934
UC7n7VIqZ3SsBjgODsJU5GoQ,hakanaltun155,1,610516,831,52,0,1221.03,0.0014,2026-07-25 11:35:17.479934
UC7n7aMIAncE8DniDSozyy-Q,dipsahaf,2,86640,353,28,0,173.28,0.0048,2026-07-25 11:35:17.479934
UC7n9FTekpELiFBECDyuatkw,Ümitcan ÜNVER,1,73176,97,15,0,146.35,0.0015,2026-07-25 11:35:17.479934
UC7nGusCWh-go8-3K0wG21vA,Müge Ok,7,398500,4793,538,0,796.99,0.0189,2026-07-25 11:35:17.479934
UC7nLr-rPOKYhRE4wRZoLxkg,euronews (Türkçe),119,8115766,37781,5880,60,16231.52,0.0095,2026-07-25 11:35:17.479934
UC7nMrW3baKp0dA5Tz9ulVYQ,Thuy Nga,17,186816796,359000,70247,45,373633.59,0.0039,2026-07-25 11:35:17.479934
UC7nTQDjt8Vs9vXOBZozu5Ww,FATİH ÖZTÜRK,1,24407,59,10,0,48.81,0.0028,2026-07-25 11:35:17.479934
UC7nmeJU9xETuMJzi6fslt0g,Arsivci Mehmet Fevzi,2,247925,2732,107,0,495.85,0.0111,2026-07-25 11:35:17.479934
UC7nzGHbQ0Qw0xj7BcJj1tzQ,GEP,2,2034641,12334,414,0,4069.29,0.0123,2026-07-25 11:35:17.479934
UC7o-UFkoAPCoKxpKOfrs4zQ,UsefulCharts,1,502994,7000,279,0,1005.99,0.0145,2026-07-25 11:35:17.479934
UC7o0rQvMu8Fc8Tc6jOxgIwg,djjanim m,1,652363,12000,319,0,1304.73,0.0189,2026-07-25 11:35:17.479934
UC7o4brOBzg-_va8tNb5S2EQ,New Trailers,1,788,11,4,0,1.58,0.019,2026-07-25 11:35:17.479934
UC7oODPTbJ3TeTs8ch-GyrGw,macessentials,1,6930804,72000,1700,0,13861.61,0.0106,2026-07-25 11:35:17.479934
UC7oP89dTdJZd-USlHciYkgQ,Hakikatin İzinde,3,440536,5578,739,0,881.07,0.0138,2026-07-25 11:35:17.479934
UC7oTyqFY3cLKYMvlDjC7-AA,Uncle Joe's Garage,1,8203,47,2,0,16.41,0.006,2026-07-25 11:35:17.479934
UC7ogarOkLcParOMS4Q2tFKg,MUSTAFA ATAÇ,1,461001,1600,197,0,922.0,0.0039,2026-07-25 11:35:17.479934
UC7oglQGGwDXhQuHQXAS6K4Q,Elyse Ferguson,1,591983,3200,166,0,1183.97,0.0057,2026-07-25 11:35:17.479934
UC7onQcPDHYWO8rGwx2eGyaA,Osman Yurdusev,1,30644,40,15,0,61.29,0.0018,2026-07-25 11:35:17.479934
UC7ow90uYlS9myGFWrmcvqIg,Recipes Chef Salim,2,1046060,8850,1005,0,2092.12,0.0091,2026-07-25 11:35:17.479934
UC7p09S6Lq_zc4gLvp20D0bQ,Dasma Madheshtore,1,7326557,33000,3900,0,14653.11,0.005,2026-07-25 11:35:17.479934
UC7pjXqrtAmH_GfotWq7uxTQ,ИНФОРМАТОР 2020,1,923847,19000,887,0,1847.69,0.0215,2026-07-25 11:35:17.479934
UC7pluR6rB5KZIbN2IxamzxQ,BBC News Marathi,2,390279,5500,345,0,780.55,0.0135,2026-07-25 11:35:17.479934
UC7pw4vAvx8ZxKYbHcaFCB8Q,3 ALP,7,542483,7934,140,0,1084.97,0.0295,2026-07-25 11:35:17.479934
UC7q13HfQADw3L2y1g6hoLfQ,Hasan Otuk,29,24531385,61976,13911,0,49062.78,0.0036,2026-07-25 11:35:17.479934
UC7q3BhyZ8KTdizVHXjBbCdQ,Samet Bay,1,2120,15,0,0,4.24,0.0071,2026-07-25 11:35:17.479934
UC7q6RbCU7VyClvBKijl7Kjg,AJA Ancestral Healing,1,1534317,30000,1500,0,3068.63,0.0205,2026-07-25 11:35:17.479934
UC7qJavkVDcz4HN0ZwpHd7qg,junazg,12,79562,185,54,0,159.13,0.0059,2026-07-25 11:35:17.479934
UC7qOE8zrdHjZ0EbTJO2RKiQ,Meraklı minik Sarılar,1,105782,1400,27,0,211.56,0.0135,2026-07-25 11:35:17.479934
UC7qOEtwIh1Ocbq74ECD-ZXA,STR RAUF,1,32722,204,35,0,65.44,0.0073,2026-07-25 11:35:17.479934
UC7qP425iCyO5W9CoIgjVQLQ,Gecce.com,4,2015983,3580,686,0,4031.96,0.0039,2026-07-25 11:35:17.479934
UC7qPftDWPw9XuExpSgfkmJQ,Nostalgia Nerd,1,809225,23000,422,0,1618.45,0.0289,2026-07-25 11:35:17.479934
UC7qRN5hlO35rCuQzYoICGNA,Ercan Bey,1,7193,6,0,0,14.39,0.0008,2026-07-25 11:35:17.479934
UC7qRpZz-n5C8ILAQxQpd_kA,namex225,1,21828,25,0,0,43.66,0.0011,2026-07-25 11:35:17.479934
UC7qRzKbdKYrh3OhFRxY5vIQ,Yiğit Can İÇ,5,462350,14500,212,25,924.69,0.0347,2026-07-25 11:35:17.479934
UC7qdVCUeKDgHkNFWa8Na-lQ,İbrahim BİLGİLİ tv,1,4132,16,2,0,8.26,0.0044,2026-07-25 11:35:17.479934
UC7qi5QvdXTYxN-xpeb9_WMg,Kemenceci1979,1,67633,255,32,0,135.27,0.0042,2026-07-25 11:35:17.479934
UC7qnYpVcuFbURi3E2E6_f6Q,Радіо Свобода,7,2018865,11068,4542,0,4037.72,0.0177,2026-07-25 11:35:17.479934
UC7r4jRx2yS_RVvR5IfxSxTg,ELshan Aliyev,1,1535831,0,0,33,3071.66,0.0,2026-07-25 11:35:17.479934
UC7s3TGWW_-hVh8KgdCzmBmg,mehmet celebi,1,1020,9,2,0,2.04,0.0108,2026-07-25 11:35:17.479934
UC7s6xCE-Iq-C-z-pKAe3_PQ,Türküdaş,3,293544,1386,189,0,587.09,0.0054,2026-07-25 11:35:17.479934
UC7sj0z27dmE2m9hHweLCoYQ,y3llow,1,443890,360,16,0,887.78,0.0008,2026-07-25 11:35:17.479934
UC7t1D0OQaZG_CNiV7fLiwow,zyon1975,1,4030649,12000,344,0,8061.3,0.0031,2026-07-25 11:35:17.479934
UC7t2NMxMsPQWDG51cUGAZPQ,burak yılmaz,1,39220,402,10,0,78.44,0.0105,2026-07-25 11:35:17.479934
UC7t8a9CPcKmdH0vZw23Cr8g,SPD Schleswig-Holstein,1,82,2,2,0,0.16,0.0488,2026-07-25 11:35:17.479934
UC7tXc8fNVniu94E8y0tPPgg,Ömer Faruk Bostan,2,634988,2188,166,0,1269.98,0.0035,2026-07-25 11:35:17.479934
UC7ta1qj7_Aj1SzT8CA0j-pA,NENA,1,202313,16000,300,0,404.63,0.0806,2026-07-25 11:35:17.479934
UC7tb7HrquUV26vh8bhHVyPw,Virus Media,3,9008585,23600,4916,0,18017.17,0.0048,2026-07-25 11:35:17.479934
UC7u0IlEnHILoxvf-o0-diWw,GAME OF AZERBAIJAN,1,216343,1500,70,0,432.69,0.0073,2026-07-25 11:35:17.479934
UC7u88yxStULqxoqbcreQZxg,Sakarnews,2,296853,335,137,0,593.7,0.0015,2026-07-25 11:35:17.479934
UC7u95v5vmeCrrnx-lgPW5RA,Dergah Müzik,1,21001309,73000,10000,0,42002.62,0.004,2026-07-25 11:35:17.479934
UC7uLVM7ZJ2P8vcS5gKSrUew,irfan vural,1,49214,93,12,0,98.43,0.0021,2026-07-25 11:35:17.479934
UC7umQAA8m9kmT-UKDxk_pxQ,livelife365,2,5055961,22456,5542,0,10111.92,0.0048,2026-07-25 11:35:17.479934
UC7uu-BO_hWJED7WsZMeKNVw,Shani Shamir,2,145030,1193,126,0,290.06,0.0089,2026-07-25 11:35:17.479934
UC7uzJ5bqppLod9CIEBLNlBg,Güney Marlen,1,8534876,30000,1200,0,17069.75,0.0037,2026-07-25 11:35:17.479934
UC7v0CRFJyXKIu1dOX5EYJcw,Khichi Beauty,13,14649565,224094,14309,0,29299.14,0.0235,2026-07-25 11:35:17.479934
UC7v84Awn2aSwmOPIg6Ut_iw,Ali Çelikkaya,1,2735,16,0,0,5.47,0.0059,2026-07-25 11:35:17.479934
UC7vKdwn8BgNw0cdW7vbv2KQ,Aylin Anne,1,28753,215,26,0,57.51,0.0084,2026-07-25 11:35:17.479934
UC7vKeZ4Jt6NIYLvC9QaP12A,Vannie3000,1,4960,0,0,0,9.92,0.0,2026-07-25 11:35:17.479934
UC7vOA0WsODBrWbHrMP-lIbA,SEBEP? SONUÇ?,12,176269,3738,163,0,352.53,0.0282,2026-07-25 11:35:17.479934
UC7vvknplv6Kjr9Nnenvs1cw,Just4Gust,2,19015978,84020,9302,0,38031.95,0.0175,2026-07-25 11:35:17.479934
UC7wBQNK89F5vSchsNnRy3aw,Yunus Alageyik,1,81239,581,163,0,162.48,0.0092,2026-07-25 11:35:17.479934
UC7wFjxP1TBIU5fYIXcZ7T5A,Serkan Doğan,1,6155,46,0,0,12.31,0.0075,2026-07-25 11:35:17.479934
UC7x-SyFTwLZzYZIZCL1hZBA,Saklı Hazineler,1,3351,83,11,0,6.7,0.0281,2026-07-25 11:35:17.479934
UC7x6Q1zMZMtnkFSZuol8pTA,Aykırı Düşünen,1,1037674,12000,1700,0,2075.35,0.0132,2026-07-25 11:35:17.479934
UC7xHX82HI2XR_yoL-ru6SmQ,İstanbullu Gelin,3,541410,3313,158,0,1082.82,0.0124,2026-07-25 11:35:17.479934
UC7xMZcSxtvyTeQZQho95TNQ,Delije Sjever,1,949536,2900,147,0,1899.07,0.0032,2026-07-25 11:35:17.479934
UC7xOJsQfTIejSHE0vexPBDQ,Vusal Qafarov,1,641990,3500,373,0,1283.98,0.006,2026-07-25 11:35:17.479934
UC7xSc0yxIXw4YALbZbThYkg,TaiChiHealthProducts.org,2,1929275,0,0,0,3858.55,0.0,2026-07-25 11:35:17.479934
UC7xoNC3wHoTBz__HX2fZKAw,sinan aytekin,1,307309,3100,99,0,614.62,0.0104,2026-07-25 11:35:17.479934
UC7xph2qAEotmyUPJbFVI95w,Courrier international,2,184552,2315,120,0,369.1,0.0238,2026-07-25 11:35:17.479934
UC7xz2S8O6pMD6hEfEvG-QUw,Tim Atkinson,1,321,2,0,0,0.64,0.0062,2026-07-25 11:35:17.479934
UC7y3Asj6ijrxfrsgSzplOOw,sami darwisch,1,2016792,6100,736,0,4033.58,0.0034,2026-07-25 11:35:17.479934
UC7y8FtZVaDRq422BWQ9Z-Sw,Atilla Hacıoğlu,1,1255155,4100,340,0,2510.31,0.0035,2026-07-25 11:35:17.479934
UC7yBoXKdfXqOCbaTZcdZu8g,Mekan Seçelim,1,19470,23,13,0,38.94,0.0018,2026-07-25 11:35:17.479934
UC7yubZ85sDBH5fSJ-qYUGtg,Alik Mamed,1,132288,637,102,0,264.58,0.0056,2026-07-25 11:35:17.479934
UC7zF11dgqwyqZ58fhCNFNdg,Enduromasen,1,184255,828,32,5,368.51,0.0047,2026-07-25 11:35:17.479934
UC7zLSTMTUC1LbCpzuwH3IIQ,ComedyHeaven,1,24069248,416000,11000,0,48138.5,0.0177,2026-07-25 11:35:17.479934
UC7zVPl44l47X_JAg8dEfs7A,Hüseyin Karabacak,3,4702,195,2,0,9.4,0.0966,2026-07-25 11:35:17.479934
UC7zemE5pZ5lhDeW4Fs2u74g,No BS Beauty,1,42081,510,49,0,84.16,0.0133,2026-07-25 11:35:17.479934
UC7zpMll61-MfoXACup3AEHw,sohbetrengi.com,3,20041426,39844,4061,0,40082.86,0.0041,2026-07-25 11:35:17.479934
UC8-0f1PAWAqjdtk9ajwtmqg,5-MINUTEN-TRICKS,23,3403890,27490,2850,0,6807.82,0.0121,2026-07-25 11:35:17.479934
UC8-4DBG_s3OvpuNFdEYxnFA,Izabela Stress,1,35235118,174000,46000,0,70470.24,0.0062,2026-07-25 11:35:17.479934
UC8-P0aZZr4CPXqa8tWk7_RA,mevlüt can elmas,1,68039,155,21,0,136.08,0.0026,2026-07-25 11:35:17.479934
UC8-Th83bH_thdKZDJCrn88g,The Tonight Show Starring Jimmy Fallon,85,898000569,9785300,224056,332,1796001.14,0.0134,2026-07-25 11:35:17.479934
UC8-rTSV54xUHGeWetcYTvZA,VeliDim X Gesha,2,860960,6700,678,0,1721.92,0.0086,2026-07-25 11:35:17.479934
UC800jDItKthS9HrUxv8yuog,Music Tv,1,2032370,3800,283,0,4064.74,0.002,2026-07-25 11:35:17.479934
UC808kedUHsDHY3M4qatUleQ,Cemal KAÇAR,1,247374,322,29,0,494.75,0.0014,2026-07-25 11:35:17.479934
UC80J8lGH4RIXzZsg1XqHsHg,Mzk TV,2,1158668,27000,543,0,2317.33,0.0223,2026-07-25 11:35:17.479934
UC80lt6SeTYmZFyCUoWzPr6A,zirvezirve1,2,5632147,7800,1159,0,11264.3,0.0014,2026-07-25 11:35:17.479934
UC80yyJG2JXd4jK5H3foUWiA,Tefsir Sohbetleri,1,22252,499,14,0,44.5,0.0231,2026-07-25 11:35:17.479934
UC80zmRV3M2utYDu-FRqAnqQ,Emily Freybler,1,62674,472,24,0,125.35,0.0079,2026-07-25 11:35:17.479934
UC812SjfrUpZSMYHqSIP5QIQ,tkarac06,1,33285,129,6,0,66.57,0.0041,2026-07-25 11:35:17.479934
UC8195FXD1Jrqfxcfg0Lu-Uw,New Wave,1,152192,3400,57,0,304.38,0.0227,2026-07-25 11:35:17.479934
UC81JVJoiJJupMWahY6mQZbA,لقطة رياضية,1,782054,11000,1200,0,1564.11,0.0156,2026-07-25 11:35:17.479934
UC81hozhk_ue2PFMDYityGCg,Nard Mirashi,1,145285,238,48,0,290.57,0.002,2026-07-25 11:35:17.479934
UC822umWD6D8sSq9ikXf5nsw,القناة الرسمية للإعلامي محمد ناصر,1,266003,1700,240,0,532.01,0.0073,2026-07-25 11:35:17.479934
UC82DCDqwjamADsbDF-ygmPA,Cangül Kanat,4,581977,4112,151,11,1163.95,0.0088,2026-07-25 11:35:17.479934
UC82EuBtjnUg3PfNPj1oRLSw,Maçtan Sonra,2,66875,885,250,0,133.75,0.0126,2026-07-25 11:35:17.479934
UC82MZqkXK5K_fWF8xzI025w,TV ŞOU,2,1724138,4949,776,0,3448.27,0.0115,2026-07-25 11:35:17.479934
UC82UK_P4DuDZ42Q0SHcey1w,Ezel,23,61342801,220689,15500,0,122685.6,0.0058,2026-07-25 11:35:17.479934
UC82ZIpmWhgwXfwMfGc5FYoA,Итальянцы by Kuzno Productions,1,1120969,40000,1900,0,2241.94,0.0374,2026-07-25 11:35:17.479934
UC82irNz82WqxNMxwsomaJoQ,Gökhan Kaya,2,22611,140,22,0,45.22,0.0074,2026-07-25 11:35:17.479934
UC82r6TIOek-5nEs87NRVjew,u buntu,1,2698382,3200,1000,0,5396.76,0.0016,2026-07-25 11:35:17.479934
UC830qjUr3CXawol-lOeMl-Q,Diana Askarova Filipets,1,70549,1200,122,0,141.1,0.0187,2026-07-25 11:35:17.479934
UC833fxO053brHVUW2BK-ryA,每日点兵,1,340122,1600,248,0,680.24,0.0054,2026-07-25 11:35:17.479934
UC83EGkFFINgU3a2VHpclTfw,M by Mickie,2,22075696,107057,41002,0,44151.39,0.0228,2026-07-25 11:35:17.479934
UC83FQz9OeFtS9GMUimLE5zQ,Karbonat Erol,2,3342364,11701,926,0,6684.73,0.0041,2026-07-25 11:35:17.479934
UC83FapU3UH3hS9ckCU2fy1g,Kerem Gök,16,6795697,132700,5499,0,13591.38,0.0319,2026-07-25 11:35:17.479934
UC83d2OKjumc4ypLqHrA5qKQ,Oh My Goal - France,2,1219408,17900,740,0,2438.82,0.0168,2026-07-25 11:35:17.479934
UC83jt4dlz1Gjl58fzQrrKZg,CNA,7,3405817,19171,1981,16,6811.63,0.0085,2026-07-25 11:35:17.479934
UC83kPdX3Be3SdJWQ91yvXzQ,cCcGizemOzgul,1,2767,5,2,0,5.53,0.0025,2026-07-25 11:35:17.479934
UC83t2KbucN4BGhK4-Rzu6Nw,Gıda Sanayim,1,1396,29,5,0,2.79,0.0244,2026-07-25 11:35:17.479934
UC83tMpQ0X_MPqMRzVIAYFdA,Mustafa BOZDOGANOGLU,1,55937,249,22,0,111.87,0.0048,2026-07-25 11:35:17.479934
UC84EdrrlR-O9RLA5jPjIgMA,okan oktay,1,480656,1600,133,0,961.31,0.0036,2026-07-25 11:35:17.479934
UC84JF76C4CM7_LcdAoNtCUA,TIMUR CETIN,1,66434,342,25,0,132.87,0.0055,2026-07-25 11:35:17.479934
UC85GA-IPTrZaizloFxCo2Tg,hasan ozmercan,1,1646906,4000,584,0,3293.81,0.0028,2026-07-25 11:35:17.479934
UC85VkSmnpKyJNhSHaDLS8yg,ZihinX,4,2316698,81000,2015,0,4633.39,0.0368,2026-07-25 11:35:17.479934
UC86LxRR-eDgcQqWU4pAHZ6w,Eyüp Akıncı,1,19769,103,4,0,39.54,0.0054,2026-07-25 11:35:17.479934
UC86a3Futl_uw2FzDCUzQfJw,Live To Bloom,2,44626,577,20,0,89.25,0.0105,2026-07-25 11:35:17.479934
UC86dbj-lbDks_hZ5gRKL49Q,AFP news agency,5,4836629,11041,2228,0,9673.27,0.0063,2026-07-25 11:35:17.479934
UC86dfqpMOoTXxrkNuxZ5mtA,Selin Dereli,4,318187,12400,270,0,636.36,0.0415,2026-07-25 11:35:17.479934
UC870eIJ80uX6yiTLRZhunNw,Românii au talent,2,1765174,15200,561,0,3530.35,0.0083,2026-07-25 11:35:17.479934
UC87A1TZnntkg73boLOoDkcA,AzeHDV,1,317656,2000,185,0,635.31,0.0069,2026-07-25 11:35:17.479934
UC87I7n8_AtZ_GTabMK2Tvyw,Aşık Orhan Üstündağ,1,123758,268,52,0,247.52,0.0026,2026-07-25 11:35:17.479934
UC87gKGUxHsiTcUFNBQThQIQ,seyyah83,1,2089754,8200,591,0,4179.51,0.0042,2026-07-25 11:35:17.479934
UC87jMcoR9sMe2rBs2TiHaSg,Coisas de Filó,2,725811,42300,2019,0,1451.63,0.0558,2026-07-25 11:35:17.479934
UC87nJmStndwS5l1C5m4fPtw,Kellie Goodwin,1,196117,605,93,0,392.23,0.0036,2026-07-25 11:35:17.479934
UC87w-9ngrWSudVxjR5LXvmg,Beginner youtuber,2,18164,80,10,0,36.33,0.0535,2026-07-25 11:35:17.479934
UC8882ICs-Exdx6leIfOUclg,Zorlu Performans Sanatları Merkezi,1,452209,7000,195,0,904.42,0.0159,2026-07-25 11:35:17.479934
UC88F1JB2bGzrP7lH4C--VmQ,Yeşil Velespit - Tohum Sepeti,1,1054,19,5,0,2.11,0.0228,2026-07-25 11:35:17.479934
UC88I42a5yP0RVRRzrLfUj1w,Mika Dela Cruz,1,2169463,26000,1000,0,4338.93,0.0124,2026-07-25 11:35:17.479934
UC88WERV2ANGAB9mpTTRoZDA,kuzey akar,1,32714,153,12,0,65.43,0.005,2026-07-25 11:35:17.479934
UC88_YkXY5uqMdAD6bpEUqEg,windy frasco,1,2851368,8000,2700,0,5702.74,0.0038,2026-07-25 11:35:17.479934
UC88jSDpguqrkIxkv55Dl-3w,yaşar Bilen,1,3960688,5700,251,0,7921.38,0.0015,2026-07-25 11:35:17.479934
UC88kxvGvFlU7eJGQKeHGfgw,Kadir Güçtekin,1,240030,455,69,0,480.06,0.0022,2026-07-25 11:35:17.479934
UC88lvyJe7aHZmcvzvubDFRg,Timeline - World History Documentaries,36,34393860,226086,25609,20,68787.74,0.0084,2026-07-25 11:35:17.479934
UC88qVCz0RpCre3Pmy3L-5GA,Filinta Fan Videoları,1,29476,88,12,0,58.95,0.0034,2026-07-25 11:35:17.479934
UC88tpJSBOsbjg-zEPSrP_Xw,Slime Man,1,1257,54,9,0,2.51,0.0501,2026-07-25 11:35:17.479934
UC89-Uz72q8O1OE7-ImK-U0w,Всё Самое Интересное,1,600739,11000,596,0,1201.48,0.0193,2026-07-25 11:35:17.479934
UC893TMfdqAQfZFR5HmLG2pw,1stMrC vlog Tik tok vlog,1,1512400,7200,579,0,3024.8,0.0051,2026-07-25 11:35:17.479934
UC899SmDyBlttgY-JJsnRQLA,mevacid,1,3983482,14000,1100,0,7966.96,0.0038,2026-07-25 11:35:17.479934
UC89J_-LZ6uvRzXOQsVd5YqA,Turgut TAŞPINAR,1,162,0,0,0,0.32,0.0,2026-07-25 11:35:17.479934
UC89p-oN-z12Z3Qtm8SVd3Qw,ConTolStyle,2,713896,10286,447,0,1427.8,0.0149,2026-07-25 11:35:17.479934
UC8ABOcu-umL5KVkTVcGCl3A,smartfion1,1,1949674,9700,350,0,3899.35,0.0052,2026-07-25 11:35:17.479934
UC8AQxadgdLkng9L6hg8oVVQ,HobbyMarket,2,268286,6800,130,0,536.58,0.0278,2026-07-25 11:35:17.479934
UC8AbVR8yFE_W2u0k9J-q-kw,ТЕРРИТОРИЯ ТАЙН,2,425257,2477,563,0,850.52,0.0067,2026-07-25 11:35:17.479934
UC8AvcEE8l8mHs-rZTXoynVQ,LADB Restoration,2,1099719,15400,1009,0,2199.44,0.0165,2026-07-25 11:35:17.479934
UC8BWmlZQpCjMAU2T-yBgb7A,jibilaytop,1,678805,1500,99,0,1357.61,0.0024,2026-07-25 11:35:17.479934
UC8BpYyNHFNDk4E-GUF_WAog,YalnizKovboyUgur,1,935944,2100,160,0,1871.89,0.0024,2026-07-25 11:35:17.479934
UC8C7sbw7tHN2gD6fE9Cj9rw,Jessica Braun | JAMbeauty89,23,3155251,127700,2145,0,6310.5,0.0479,2026-07-25 11:35:17.479934
UC8C8WuWSsFjWFaTHcUQeQxA,VICE Sports,2,6691704,71000,2296,0,13383.41,0.0122,2026-07-25 11:35:17.479934
UC8CB0ZkvogP7tnCTDR-zV7g,Decypher Media,1,5593,93,3,0,11.19,0.0172,2026-07-25 11:35:17.479934
UC8CDG1ixhicnKMmhPwgtp0A,Hakan Çakmak,1,42,6,0,0,0.08,0.1429,2026-07-25 11:35:17.479934
UC8CHJAhK3tMttCexCz3gkgw,jazmineee212,2,1809043,3200,1457,0,3618.09,0.0027,2026-07-25 11:35:17.479934
UC8CSUC5G1esD9vTE9mh_izA,#Healing Music,1,1136995,14000,945,0,2273.99,0.0131,2026-07-25 11:35:17.479934
UC8CboUUesFG-KUjqH-4YPJg,Aslıgül,1,533941,1700,182,0,1067.88,0.0035,2026-07-25 11:35:17.479934
UC8Cnju7jUexz961DN_MkJIw,iFutGol,4,54451109,161000,17600,0,108902.23,0.0021,2026-07-25 11:35:17.479934
UC8CyXzbfxwhTPQTGLtFhagw,Orhan Sef,2,359116,4100,253,0,718.24,0.0121,2026-07-25 11:35:17.479934
UC8D6ZP6mFcqzXFVzePNTy4w,sohbet66,1,3562492,5700,959,0,7124.98,0.0019,2026-07-25 11:35:17.479934
UC8DItOFhXJcZPRGpuC0yw9A,Александр Розенбаум,3,1506986,6900,869,0,3013.97,0.0077,2026-07-25 11:35:17.479934
UC8DJuPwCJjgOvMdqNfdb6Tw,Özlem YILMAZ TELTİK,1,32227,360,12,0,64.45,0.0115,2026-07-25 11:35:17.479934
UC8DNQzzDHm7bD-G0-6bq_lw,Физули Теймуров,1,139555,540,29,0,279.11,0.0041,2026-07-25 11:35:17.479934
UC8DXSGBmnbQbhzcaX2imFyQ,KenTT,2,75440731,163000,68000,0,150881.46,0.0033,2026-07-25 11:35:17.479934
UC8DexDX5DlnJckFEeTUvZlg,araştırmacı okuyucu,1,32307,289,77,0,64.61,0.0113,2026-07-25 11:35:17.479934
UC8EAGYrn1EpqC7It7C5Jujg,clubaspava,1,235062,2300,48,0,470.12,0.01,2026-07-25 11:35:17.479934
UC8EQAfueDGNeqb1ALm0LjHA,Exploring Alternatives,1,338908,2300,152,0,677.82,0.0072,2026-07-25 11:35:17.479934
UC8EdYe12lwKPbSxQ19U8FYg,M Ner,1,187003,818,68,0,374.01,0.0047,2026-07-25 11:35:17.479934
UC8EdjV0bBFY6aWX8A2fCaXg,Ceren Şen,2,14228,477,45,0,28.46,0.0546,2026-07-25 11:35:17.479934
UC8ElTSTk7uJpBBQ5N6SuD8g,Gizem Sucu,1,243641,3300,98,0,487.28,0.0139,2026-07-25 11:35:17.479934
UC8Eu_01cIXdxUXjzyxOjbeA,Darvoz Show,1,90913,1100,61,0,181.83,0.0128,2026-07-25 11:35:17.479934
UC8EzKGkEiusTm7g0mTfkWkg,28 minutes - ARTE,8,339518,2064,578,0,679.03,0.0099,2026-07-25 11:35:17.479934
UC8F4oROh5SlnJdkIzdWfoRg,Pera band,1,12620922,66000,1500,0,25241.84,0.0053,2026-07-25 11:35:17.479934
UC8FCFpPpUMhfVwzXDJrru8w,Nick Uhas,1,4745,340,10,0,9.49,0.0738,2026-07-25 11:35:17.479934
UC8FHvnidbA1ZFUiV5DNTdNg,Jale Parıltı,2,195110,743,68,0,390.22,0.0042,2026-07-25 11:35:17.479934
UC8FNfRiEQD4Yc2xwAWuzhEw,Joshjames1234,1,193497,180,9,0,386.99,0.001,2026-07-25 11:35:17.479934
UC8FQIwb9DY6rxXsceLuRssA,Huseyin Guvenc,1,15141,31,5,0,30.28,0.0024,2026-07-25 11:35:17.479934
UC8FkDU9iNnIXAGBNkWBRUjw,idris Kaya,1,303,3,0,0,0.61,0.0099,2026-07-25 11:35:17.479934
UC8Fort8oeYvVhDhS5c7SiHQ,ATV Show,60,11192325,62092,8623,17,22384.66,0.013,2026-07-25 11:35:17.479934
UC8Fwzh9fZaFVb35n_UrQjrw,Onur Ergüven,1,305502,1300,235,0,611.0,0.005,2026-07-25 11:35:17.479934
UC8G-6ltcro_hQ8lC6CEG4gg,Buse Terim,12,2631892,31800,2869,0,5263.79,0.0161,2026-07-25 11:35:17.479934
UC8GA1Q7oRMEX059Mqdqn-MQ,Syed ALI,1,1489,57,2,0,2.98,0.0396,2026-07-25 11:35:17.479934
UC8GBaRRQgb6I7BBGTK3YO1g,Emirhan Bal,1,20680,89,20,0,41.36,0.0053,2026-07-25 11:35:17.479934
UC8GKHoPh89JmK19JdrTI9dQ,orhan baylan,1,11142,12,2,0,22.28,0.0013,2026-07-25 11:35:17.479934
UC8GaoKKWqfAnQ6Kcl67JQvA,BUZLU RAKI,1,39207,1100,88,0,78.41,0.0303,2026-07-25 11:35:17.479934
UC8Gk2H5rxF-KF7uZ9uCPS2A,Relax King,1,96556,0,0,0,193.11,0.0,2026-07-25 11:35:17.479934
UC8GlTq1oHWVq0wEANn1IKuw,AUTOMOHO,3,5641769,24100,3724,0,11283.53,0.0065,2026-07-25 11:35:17.479934
UC8H_u7qtWuJHHcY5RK8057Q,UmiKids,17,27666968,58233,20006,0,55333.95,0.0036,2026-07-25 11:35:17.479934
UC8HgYr1uKoJy48NjxYQYoHQ,Hamit Arabacıoğlu,1,804179,2200,123,0,1608.36,0.0029,2026-07-25 11:35:17.479934
UC8Hm3g7314qLJn_niKSBE2g,UmutAkyurek,4,67797,212,16,0,135.6,0.0032,2026-07-25 11:35:17.479934
UC8HrfrI31d4-pMFLuBPJ2mQ,Всё о тюрьме,1,11140051,51000,12000,0,22280.1,0.0057,2026-07-25 11:35:17.479934
UC8I7svRcIzCpJDqjWkivU5g,MüZiK,2,988400,3095,367,0,1976.8,0.0039,2026-07-25 11:35:17.479934
UC8I8vfAyVship3xOIkSyv9g,11 Комиков,2,1572270,9500,998,0,3144.54,0.0067,2026-07-25 11:35:17.479934
UC8IAR2gn8UoYhr25ETiW_mg,TOP10Wszystkiego,2,5205759,43900,3337,0,10411.52,0.0223,2026-07-25 11:35:17.479934
UC8ITFoaTHaho3yB-Wn84T2A,Classy TV Woman,1,401697,526,99,0,803.39,0.0016,2026-07-25 11:35:17.479934
UC8IV6IOfqy_Rzll-_jIkIQQ,Asım YILDIRIM,1,13609,653,12,0,27.22,0.0489,2026-07-25 11:35:17.479934
UC8IVdgW3yDY1-OqOP7K4uMw,Zndaf,1,4265265,32000,3500,0,8530.53,0.0083,2026-07-25 11:35:17.479934
UC8IW2rwY34fRkBTLs_mrh1g,İlahi Sesler,12,923688,13012,437,0,1847.37,0.0143,2026-07-25 11:35:17.479934
UC8IYS8zeKo3s2nVx9tTixBw,Azad Mətbuat,2,466902,6516,1243,0,933.81,0.0385,2026-07-25 11:35:17.479934
UC8Iop0xtHvIiPUxlW3nxDbw,povodu,1,24186,391,19,0,48.37,0.017,2026-07-25 11:35:17.479934
UC8IpZL54VHUKaXXYPKFnDcA,Ömer Faruk,1,431932,997,91,0,863.86,0.0025,2026-07-25 11:35:17.479934
UC8IwnRExv2AeC_ynu6uIG-g,Growing Forever,2,1480698,18700,1667,0,2961.39,0.0146,2026-07-25 11:35:17.479934
UC8J3UEOrHjf6vBcTPPHHDrQ,Dree McColl,2,754283,3515,709,0,1508.56,0.0108,2026-07-25 11:35:17.479934
UC8JDnDIydpU-nbh2S8is7rQ,VHSfx,1,771426,5000,196,0,1542.85,0.0067,2026-07-25 11:35:17.479934
UC8JPSP_JunV-OiRu2-BE6BQ,asi trabzon,12,2952041,5286,427,0,5904.08,0.0026,2026-07-25 11:35:17.479934
UC8JQTE_TD7sfrFjSXxUcaNw,Suara Malaysia,1,884738,1200,363,0,1769.48,0.0018,2026-07-25 11:35:17.479934
UC8JREQ6Xz1WBn2-IaKtSDMg,Queeny Kaay,1,59182,1900,46,0,118.36,0.0329,2026-07-25 11:35:17.479934
UC8JT2m0mKEgvEtie3JNKwew,Naked Science,14,19876217,70152,10443,0,39752.43,0.0053,2026-07-25 11:35:17.479934
UC8J_lCq9_8qhzTcguKWWRgg,Ebru Birçak,1,223630,1100,217,0,447.26,0.0059,2026-07-25 11:35:17.479934
UC8JdGT6LPDBg4K6Ye2cFSLQ,PlaneSpottingBerlin ✈ Aviation Videos,1,15817,270,39,0,31.63,0.0195,2026-07-25 11:35:17.479934
UC8K4Pliq12B3d2iJ295NMOg,aktifkozmetik,1,23943,14,2,0,47.89,0.0007,2026-07-25 11:35:17.479934
UC8K4d9NYv7UFrV7MXbrU1BA,Baku Music Factory,13,26475392,155843,6122,0,52950.78,0.0091,2026-07-25 11:35:17.479934
UC8K5HKWARo8xGVCBnU8Uoiw,Кухнята на Звездев - La Cocina Búlgara,2,466014,11300,359,0,932.02,0.0269,2026-07-25 11:35:17.479934
UC8K8Jb4sLwqbNL0MtQpsnmg,Ambulans Şoförü,1,5370,198,5,0,10.74,0.0378,2026-07-25 11:35:17.479934
UC8KB52UBo6sc0ULGrtUgBPQ,Okkaliyurek,2,124899,244,16,0,249.8,0.0018,2026-07-25 11:35:17.479934
UC8KE1kM8srICI8vXtaXGwOw,Mustafa Dinç,6,92295,134,18,0,184.58,0.0014,2026-07-25 11:35:17.479934
UC8KJut-WFnGOCmRq4qegr7w,prettybarbiea,1,160927,262,25,0,321.85,0.0018,2026-07-25 11:35:17.479934
UC8KQ6_RNAvc7a3B5hZ980iQ,Made in Poland,3,30206850,255200,17541,0,60413.7,0.0098,2026-07-25 11:35:17.479934
UC8KV_bKCYUXsd2a9AUdIhNA,Ali Haydar Özgür,1,164248,502,54,0,328.5,0.0034,2026-07-25 11:35:17.479934
UC8KbWhBEWVlEdkHmETx8MlA,Trigger Happy Media,1,4026570,96000,4000,167,8053.14,0.0249,2026-07-25 11:35:17.479934
UC8KyIK6x1SbFulElCXb3ndQ,Ceramah Sunnah Muakkad,1,635245,7200,471,0,1270.49,0.0121,2026-07-25 11:35:17.479934
UC8L-eKHdQ7r_F58UjmnsaIA,Leyladan Mevlaya,1,2124509,8600,139,0,4249.02,0.0041,2026-07-25 11:35:17.479934
UC8L1PHP7rdfU5LoLsgr_wIg,Makyaj Delisi,1,22967,253,40,0,45.93,0.0128,2026-07-25 11:35:17.479934
UC8LU9luOfCv1I3jtoAyp8Qg,Naturence Beauty World,13,11216427,130600,12428,0,22432.86,0.025,2026-07-25 11:35:17.479934
UC8LbIg5SACLqIG3bizUpKIg,Sportv07,1,2242298,2800,1500,0,4484.6,0.0019,2026-07-25 11:35:17.479934
UC8LgatRliI0DS6Xlx4ieyCA,Ahmed Semih Çelik,1,848,11,4,0,1.7,0.0177,2026-07-25 11:35:17.479934
UC8LoM_QaOFKuTsIS6d0U9gw,gossmakeupchat,2,2119639,20900,2903,0,4239.28,0.014,2026-07-25 11:35:17.479934
UC8Lv0uuxSUzczlA9TMmxW7w,Dinamit,12,280239,1941,421,0,560.49,0.0108,2026-07-25 11:35:17.479934
UC8LvKhNtQWsNUYDlPQ9nYjg,pazarcık TV,1,116601,372,47,0,233.2,0.0036,2026-07-25 11:35:17.479934
UC8MA-GA_1oWm-J7xPWZUdgg,Mahmut Hoca,2,15531,153,21,0,31.06,0.0642,2026-07-25 11:35:17.479934
UC8MIut8IN2sefVKcZZ4NQWQ,BilirKişi TV,1,419272,711,357,0,838.54,0.0025,2026-07-25 11:35:17.479934
UC8MR0wSTbzs5Yo7DgP04P-w,Tic Tac Toy,3,66958651,332000,49000,0,133917.3,0.006,2026-07-25 11:35:17.479934
UC8MX9ECowgDMTOnFTE8EUJw,HistoryMarche,5,1168330,26230,807,0,2336.66,0.0289,2026-07-25 11:35:17.479934
UC8N4WpIr7RKGC6pnCUSMqEA,Andrej Šunko,1,953370,11000,343,0,1906.74,0.0119,2026-07-25 11:35:17.479934
UC8NPEgILEUV4ijqWQ8BPIMg,TV52,1,1615,3,2,0,3.23,0.0031,2026-07-25 11:35:17.479934
UC8NefA2gvlhO5TKXCxkpplA,Marja S.,1,6510,39,2,0,13.02,0.0063,2026-07-25 11:35:17.479934
UC8Nl7TQLC6eX8MTRCuAw3SA,Сила Слова,6,5932522,47378,12267,0,11865.05,0.01,2026-07-25 11:35:17.479934
UC8Nq-SrQLyc0DYuPrj0Y9uw,Pampered Wolf,6,2124283,59400,1384,0,4248.57,0.0406,2026-07-25 11:35:17.479934
UC8Nu6P7bymjiNt2liWR6Scg,Türküler Sevdamız,1,6294,52,2,0,12.59,0.0086,2026-07-25 11:35:17.479934
UC8O6B9XeAoG10cKUdYGC3YQ,The Meticulous Manicurist Nail Tutorials,3,4641890,23100,5509,0,9283.78,0.0095,2026-07-25 11:35:17.479934
UC8OPJ9Q54QVDqcFqCD0C-eQ,efkadoptionen,1,158039,764,67,0,316.08,0.0053,2026-07-25 11:35:17.479934
UC8OWw58bmGim6oVK0TzgIeQ,Başak Karahan,7,27762124,377000,51189,0,55524.24,0.0258,2026-07-25 11:35:17.479934
UC8Oh2-hEggr_vCQ9yGUwqVQ,A Capella Bogazici,1,3146186,36000,653,0,6292.37,0.0116,2026-07-25 11:35:17.479934
UC8Oi9PcW8MLbTOEFXC7bNRw,SV Football,2,214186,3472,115,0,428.37,0.0147,2026-07-25 11:35:17.479934
UC8Ok5rI0WG1ScS6twABeHxw,SarıKırmızı Arşiv,2,1208916,2800,967,0,2417.83,0.0035,2026-07-25 11:35:17.479934
UC8P88Oz7kbEmREBKMPVj4sg,Fulya Akpolat,1,4106,41,7,0,8.21,0.0117,2026-07-25 11:35:17.479934
UC8P9KTwYpcCJmj8YSA5YICQ,Legend,1,23549,267,109,0,47.1,0.016,2026-07-25 11:35:17.479934
UC8PAwYYo8PhZYyxyJTCRu2g,68Shahini,2,867659,2673,378,0,1735.32,0.0033,2026-07-25 11:35:17.479934
UC8PFn7utRaQMT8xSZAsXFQg,ポントイズPonToys,1,55862032,144000,62000,0,111724.06,0.0037,2026-07-25 11:35:17.479934
UC8PGov1ZfqnxOH_Lez2VFyg,VizördenBakan,1,19913,53,13,0,39.83,0.0033,2026-07-25 11:35:17.479934
UC8Py6h_w2atrj6lsg0Z5JgQ,PRO MUSICA ARTIS,1,2536475,16000,701,0,5072.95,0.0066,2026-07-25 11:35:17.479934
UC8PzKN2ERrkjHjylpHfd_mA,INTEGRITY INTERNATIONAL,1,4815,74,9,0,9.63,0.0172,2026-07-25 11:35:17.479934
UC8Q1gJfcRy5HKweJJb35gyQ,MBC THE VOICE KIDS,4,252332054,7700,971,0,504664.1,0.0049,2026-07-25 11:35:17.479934
UC8Q2dkv76LcH7lh3oDhY8aQ,123 GO! French,1,8037292,34000,9100,0,16074.58,0.0054,2026-07-25 11:35:17.479934
UC8Q6X6mng5L_lkWWbJWsetw,RicoBey35,1,102684,590,30,0,205.37,0.006,2026-07-25 11:35:17.479934
UC8QaZnoh0MiE1WIAlZaBjew,videon,1,571572,4600,475,0,1143.14,0.0089,2026-07-25 11:35:17.479934
UC8QddkFCVS4lBH5rvr6qKZw,SisandSis,3,1499068,10300,3012,0,2998.13,0.0186,2026-07-25 11:35:17.479934
UC8R0rW_zZqIRerMRL1Nz9uw,Linç Squad Twitch,2,1257593,19100,1011,0,2515.19,0.016,2026-07-25 11:35:17.479934
UC8R392KxBYwkYbypJvmpbJQ,حرف ابداعية للأطفال في 5 دقائق,6,12316252,80872,12973,0,24632.51,0.0151,2026-07-25 11:35:17.479934
UC8R3sPIgEWEZBZY9YDAYoxw,Karimoff's Home,1,44888,464,44,0,89.78,0.0113,2026-07-25 11:35:17.479934
UC8RCMf-y423FffmjrvX974A,Gündüz Karslı,2,331314,1287,139,0,662.62,0.0043,2026-07-25 11:35:17.479934
UC8RJ1f4b-26blpnrdH3YWvw,Türkiye Voleybol Federasyonu,1,105960,1000,36,0,211.92,0.0098,2026-07-25 11:35:17.479934
UC8RNe-itY5d__iPOk7SRvxQ,Ozataairlines,1,111632,2600,47,0,223.26,0.0237,2026-07-25 11:35:17.479934
UC8ROuQutK_fMtYrZSIYtixw,88FIRARI06,1,925690,1700,104,0,1851.38,0.0019,2026-07-25 11:35:17.479934
UC8RP9YYsMToxenZW157u74Q,vakti dirilis,2,137880,532,220,0,275.76,0.0083,2026-07-25 11:35:17.479934
UC8RV7VMlB79LVdUrZe6YK6Q,Arda Müzik,17,114453521,317000,26908,0,228907.03,0.0044,2026-07-25 11:35:17.479934
UC8RzLMfMIBO3hl11iwgzaFw,Balikesir Türküleri,9,342194,1076,106,0,684.37,0.0057,2026-07-25 11:35:17.479934
UC8S2y4szg5ByJruzV3QNjGQ,C-MAJ,1,10804,0,0,0,21.61,0.0,2026-07-25 11:35:17.479934
UC8S6SmEjYdg5s9UcbMx_ySQ,Cahandar Aqa 3,1,20468,199,3,0,40.94,0.0099,2026-07-25 11:35:17.479934
UC8SFoagJC82F0LrU6lbk76g,Hamari Awaz Official,1,3592,160,10,0,7.18,0.0473,2026-07-25 11:35:17.479934
UC8SIFiCKzOSDOTNocXgfXkA,Damla Bayko,1,12113,111,6,0,24.23,0.0097,2026-07-25 11:35:17.479934
UC8SPhPoZ1FZs2fu-o1Gb_NA,geoffmackley,2,13622104,26954,1724,0,27244.21,0.0019,2026-07-25 11:35:17.479934
UC8SdmRtd-St8FCyPIRhBgPg,01cukurovalim,1,461349,1500,128,4,922.7,0.0035,2026-07-25 11:35:17.479934
UC8Su5vZCXWRag13H53zWVwA,TIME,3,91164,714,120,0,182.33,0.0094,2026-07-25 11:35:17.479934
UC8SuB7o4t434nR0Gj8Pv05A,LabHydroDyn,1,485466,1900,295,0,970.93,0.0045,2026-07-25 11:35:17.479934
UC8T5DO9kdpoBe4ZU1bdUFVA,komikvideolar2014,1,1244270,1800,442,0,2488.54,0.0018,2026-07-25 11:35:17.479934
UC8TBwWkUvwYeWSoNnAHP4yA,Nail Operator,1,139069,649,60,0,278.14,0.0051,2026-07-25 11:35:17.479934
UC8TKuyf3YLLpZyhSSfWeC5g,EMOTION BOX,1,221984,2400,243,0,443.97,0.0119,2026-07-25 11:35:17.479934
UC8Ta-JaTRD_Tvp3oZv_qqUw,Игорь Якимов,1,596161,1900,371,0,1192.32,0.0038,2026-07-25 11:35:17.479934
UC8TdEuPOutJq6jtUyHM7EWg,Elena Ozhegova,2,94480,593,106,0,188.96,0.0067,2026-07-25 11:35:17.479934
UC8TkXi0l7frp3nY72wYQmZg,64enes,1,6876,17,2,0,13.75,0.0028,2026-07-25 11:35:17.479934
UC8TnC1AFB3BdqybAMUajw-w,HAKAN ERKEZ,2,216060,275,46,0,432.12,0.0038,2026-07-25 11:35:17.479934
UC8U8DWoJ6__GVXOnNfKqfPg,tahir6500,1,1949946,9900,479,0,3899.89,0.0053,2026-07-25 11:35:17.479934
UC8UWFWQCef0a9z2j8I_6W6g,ÇİÇEKLER VE BİTKİLER DİYARI,2,396513,4200,503,0,793.02,0.0133,2026-07-25 11:35:17.479934
UC8Uc6mdsUb1GDEhKW1C_t8g,0646271191,1,14537707,57000,1200,0,29075.41,0.004,2026-07-25 11:35:17.479934
UC8UexTu0pRdzJU83eLXGPIA,Zohar StarGate Ancient Discoveries,1,2334403,33000,1700,0,4668.81,0.0149,2026-07-25 11:35:17.479934
UC8UnUuH3FyJaEpxb7OLeK5g,TUBA ÖZMEN KOCAMAN,6,4499808,76400,3139,0,8999.61,0.0232,2026-07-25 11:35:17.479934
UC8UtwF8BLoEimC8pSrU2_hA,Mayuri Sinha Sarkar - Makeup Artist,1,259713,6300,195,0,519.43,0.025,2026-07-25 11:35:17.479934
UC8UwirDUs3wjyQSQOD27uPQ,Bay ZADE Müzik,5,3939708,31271,1468,0,7879.41,0.0089,2026-07-25 11:35:17.479934
UC8UxNCyLkh88IrSdKn1EfBA,arapgirlisaffet,4,242216,994,50,0,484.43,0.0042,2026-07-25 11:35:17.479934
UC8Uy4yaBNxp0ocYLrLNNrxQ,Radiotelevision 21 [ Official Channel ],28,4964210,19240,2728,0,9928.44,0.0042,2026-07-25 11:35:17.479934
UC8V5qe8xkQdbBvYt2B-oHIQ,IraqiRomanceKing,1,6167259,14000,1300,0,12334.52,0.0025,2026-07-25 11:35:17.479934
UC8VTpQKBMGwJRNDUSa_AUbg,ismail Mercan,1,13,2,0,0,0.03,0.1538,2026-07-25 11:35:17.479934
UC8VYGnMq8KeWwwDpFGxhmSQ,Artebella Art &amp; Craft,2,267375,1226,95,0,534.75,0.0042,2026-07-25 11:35:17.479934
UC8VyAkcy9QpYcaLYiV2p6yw,Clareno,3,406366,6510,1531,0,812.73,0.0393,2026-07-25 11:35:17.479934
UC8W1JRn8hU6OnL5vDTobG6A,Sciences Tube,1,213886,1400,108,0,427.77,0.0071,2026-07-25 11:35:17.479934
UC8W2txdVLlJUjFBtNf3iC0g,benvahid,1,894973,1400,155,0,1789.95,0.0017,2026-07-25 11:35:17.479934
UC8W87QVwgTe_kJeBC-_Yw8Q,Coleman Productions Highlights,1,3737063,11000,1300,0,7474.13,0.0033,2026-07-25 11:35:17.479934
UC8WAJJLY9hKDrv1rMwBEVeA,aleminkirali,2,386783,574,13,0,773.57,0.0017,2026-07-25 11:35:17.479934
UC8Ws8_8B9jBzRBsvASnEsBw,The Patrick's channel,1,10069,207,29,0,20.14,0.0234,2026-07-25 11:35:17.479934
UC8X5al6Ofcf3ck4zTXD4pyA,Zegabon,16,6294074,200800,7816,65,12588.13,0.045,2026-07-25 11:35:17.479934
UC8XBizOfQBLUrUcv_9DHCog,THE PAGE（ザ・ページ）,5,1749842,11642,963,8,3499.68,0.007,2026-07-25 11:35:17.479934
UC8XEiFn7F09b8xyMdKItjMA,Yeraltı Dünyası,1,1506467,1400,687,0,3012.93,0.0014,2026-07-25 11:35:17.479934
UC8XEq3035bcVp5Z1Brfn7zQ,Serhatlı Z,1,1213,16,4,0,2.43,0.0165,2026-07-25 11:35:17.479934
UC8XMxYK8bRdEV3VYkkGbwUQ,Brush Bianka,1,429535,4300,148,0,859.07,0.0104,2026-07-25 11:35:17.479934
UC8XZhcWYr3RUQ6JvVfQojXw,Man a Man TV,1,1419613,4700,566,0,2839.23,0.0037,2026-07-25 11:35:17.479934
UC8XcddWnWGj5FRpd1zzF2KQ,Barış Yakut,1,153594,1000,101,0,307.19,0.0072,2026-07-25 11:35:17.479934
UC8XfZiR8MjsX5kJhVMZY15Q,vaqif haciyev,1,280491,2000,144,0,560.98,0.0076,2026-07-25 11:35:17.479934
UC8Xr4ENA7Puxr_gxogBqpnA,Ideias Incríveis KIDS,11,21607673,129983,19537,14,43215.34,0.0092,2026-07-25 11:35:17.479934
UC8Y-jrV8oR3s2Ix4viDkZtA,Food Network,1,1388551,13000,740,0,2777.1,0.0099,2026-07-25 11:35:17.479934
UC8Y6372lloley5oEDMy_KLg,TRANSLATION-I OTTOMAN,1,1240858,11000,570,0,2481.72,0.0093,2026-07-25 11:35:17.479934
UC8YRZmh1haesTETyhWKsIvQ,TheComputerGamer,1,1123207,16000,536,0,2246.41,0.0147,2026-07-25 11:35:17.479934
UC8YY0WrQky10OcbPYgxqhaQ,Indigo Planet,1,168242,1300,177,0,336.48,0.0088,2026-07-25 11:35:17.479934
UC8YZlGjWJRXU9NRbIbxYpyw,Zamiq Hüseynov,2,24448913,141900,7114,0,48897.83,0.0156,2026-07-25 11:35:17.479934
UC8YczMqMkzUQ9VAayeLBnzg,SALIM KADIBESEGIL,1,53347,975,28,0,106.69,0.0188,2026-07-25 11:35:17.479934
UC8Yf35tfBVvY4O-InLGZXIA,Real Məlumatlar,1,20000,181,59,0,40.0,0.012,2026-07-25 11:35:17.479934
UC8Z6NWIP_44rjKnbltlt-hA,Aviation World,3,11407879,46000,2459,0,22815.76,0.0047,2026-07-25 11:35:17.479934
UC8ZCvhhkUFIR-4xoSL2JtqA,görünmez adam,1,18243,84,2,0,36.49,0.0047,2026-07-25 11:35:17.479934
UC8ZJ_6tqrcCYQaGUtzxMx7g,biiadallago,2,839705,24446,3607,0,1679.41,0.0478,2026-07-25 11:35:17.479934
UC8ZL_GjNaU5WaLKGanJMq4w,Best of Just for Laughs,1,4379251,10000,1900,0,8758.5,0.0027,2026-07-25 11:35:17.479934
UC8ZLzZtZ_PWTCy9s01b0bjw,Nụ Cười Mới,1,199914,465,76,0,399.83,0.0027,2026-07-25 11:35:17.479934
UC8ZNwowJagXR8RQBInwc8Pw,atv Nostalji,3,731291,3297,342,0,1462.57,0.0052,2026-07-25 11:35:17.479934
UC8ZV-MfWmFVhH0JxVclx5Bw,trippyforever,1,24540,411,11,0,49.08,0.0172,2026-07-25 11:35:17.479934
UC8Zx_otmDM-hED_2i1ophxQ,celinedion -,1,827738,2600,212,0,1655.48,0.0034,2026-07-25 11:35:17.479934
UC8ZyfGD_qP-v75DGCzYQw6g,VICE Asia,4,2993500,43500,2339,0,5987.0,0.0171,2026-07-25 11:35:17.479934
UC8_99hNgsYFdPem3EA67HSg,TroomTroom PL,6,2720846,28700,3215,0,5441.69,0.0136,2026-07-25 11:35:17.479934
UC8_UYrQATJSCiqMO-8tTa5A,mertoglu11,1,19914,28,7,0,39.83,0.0018,2026-07-25 11:35:17.479934
UC8aCYoCsPHBHjEoRTSZe_FA,DreamwaII,1,3047125,9500,533,0,6094.25,0.0033,2026-07-25 11:35:17.479934
UC8aczNt-hizHBrkEnDdwstw,Ali rıza köse,2,15189,95,11,0,30.38,0.0283,2026-07-25 11:35:17.479934
UC8alqOGdkvDFvJBpc9S-svA,Der Norden Singt,1,16390312,119000,4300,0,32780.62,0.0075,2026-07-25 11:35:17.479934
UC8avBJUYLfHYEBhI1NOhaTg,Tibet Sarıca,1,98202,132,12,0,196.4,0.0015,2026-07-25 11:35:17.479934
UC8awwyaA-Ss3-f0WOuOV7eA,TechBeauty,2,2182819,15120,1440,0,4365.64,0.0064,2026-07-25 11:35:17.479934
UC8b0OGjmcJYsnvf4TZHU9AA,İsmail Akçay Yörük Türkmen TV,13,242676,633,72,0,485.37,0.0093,2026-07-25 11:35:17.479934
UC8b1B7S81xoTMhZoNAZHORQ,Cavid Huseynzade,2,268026,7800,330,0,536.05,0.0308,2026-07-25 11:35:17.479934
UC8b6cWougVxwOgZT_nZm8BA,Малик 1,1,913645,8400,341,0,1827.29,0.0096,2026-07-25 11:35:17.479934
UC8bTQzxgvKkXDAaWkeuUlkg,Trevor Noah,10,17261438,413000,9066,0,34522.88,0.0244,2026-07-25 11:35:17.479934
UC8bY4jusY38uUrT4wHif6MQ,Cachos Mil,2,833079,36300,786,0,1666.16,0.0502,2026-07-25 11:35:17.479934
UC8bc7q3t6h8EbXHXLFlmtdQ,ozcan dilek,1,184302,324,27,0,368.6,0.0019,2026-07-25 11:35:17.479934
UC8bp4bt79N5XfLJ2n54jaGQ,Bülent Şakrak,2,634598,11800,320,0,1269.2,0.0183,2026-07-25 11:35:17.479934
UC8bqAtmjnu6lrop5YAzIRZw,Ulu Çınar,1,278482,3800,205,0,556.96,0.0144,2026-07-25 11:35:17.479934
UC8cP3F7DseB_k-D1Afmstzw,American Eye,3,12995789,23600,8100,0,25991.58,0.0025,2026-07-25 11:35:17.479934
UC8cZ5fYfEoWisbCyVb9_1DQ,hüseyin sevimli,1,38971,110,19,0,77.94,0.0033,2026-07-25 11:35:17.479934
UC8ctItMhn_FNS1c301_Q-zA,valeriyaofficial,3,2805273,10000,601,0,5610.55,0.0013,2026-07-25 11:35:17.479934
UC8dAB8YMy7FMy-bTQpntFrQ,İpek Nazlı,2,6442,58,8,0,12.88,0.0189,2026-07-25 11:35:17.479934
UC8dQl7VpXtWgkm9mQlJpTzA,Boğaziçi Zeybek Ekibi,5,26169,301,15,0,52.33,0.0188,2026-07-25 11:35:17.479934
UC8dtEjD4RohYy1dO42jIWVQ,ПОДБОР АВТО,2,577327,10600,699,0,1154.66,0.0176,2026-07-25 11:35:17.479934
UC8e4Mn901UyiWGz5FpunHAw,Kessi,1,11777784,72000,1600,0,23555.57,0.0062,2026-07-25 11:35:17.479934
UC8eNyxlMHEBorNRGaNb0Xig,Seza Tetik,1,34435,265,25,0,68.87,0.0084,2026-07-25 11:35:17.479934
UC8eVReYsJE-VMq_jRDrzHlg,CHAMS MEDIA TV,1,205395,2700,110,0,410.79,0.0137,2026-07-25 11:35:17.479934
UC8edOrEk5rEXk6VryJNxq_g,ENGİN KELEŞ 25,1,57437,201,18,0,114.87,0.0038,2026-07-25 11:35:17.479934
UC8eed8yu7scS7gFLrSN0B5A,TARİHE GEÇMİŞ EFSANELER,1,46512,311,16,0,93.02,0.007,2026-07-25 11:35:17.479934
UC8etV3oD37faZ0ZxIE1JIlw,CASPIAN BAKU,1,1091006,5300,499,0,2182.01,0.0053,2026-07-25 11:35:17.479934
UC8ezvxw6dD3dF5Xu9Aw7icA,TruthRevolutionNet,16,174036711,255586,110044,0,348073.43,0.0027,2026-07-25 11:35:17.479934
UC8f1WaU1ozW2usAi1kPRQ2A,Abdullah Alptekin HAS,1,1502608,3900,387,0,3005.22,0.0029,2026-07-25 11:35:17.479934
UC8f2CDyLibpGYSN3O2LfDwg,Beauty Within,12,9899569,213500,5102,0,19799.14,0.0231,2026-07-25 11:35:17.479934
UC8fLfK77D-rDTxIuoLS8J9g,Selahattin Kılıç,1,3629,11,3,0,7.26,0.0039,2026-07-25 11:35:17.479934
UC8fMkMeiy0xvAI_a587NMEQ,Onur Güney Kumas,2,28489,533,10,0,56.98,0.0222,2026-07-25 11:35:17.479934
UC8fOdrNZ4Vzgp4odVyrpOZw,FurkanNur,9,467025,1613,534,0,934.05,0.0049,2026-07-25 11:35:17.479934
UC8fQmNMZUE2DapUW04lCL5A,mihankhah,1,1685918,3600,267,0,3371.84,0.0023,2026-07-25 11:35:17.479934
UC8fSpB3GUT3cDrGe5C7vdBA,Mark Dukes,1,8374632,88000,2500,0,16749.26,0.0108,2026-07-25 11:35:17.479934
UC8g9yechKtxgiSsRr2kDcGQ,İyi Fikir,20,25515338,260788,21025,1,51030.67,0.0122,2026-07-25 11:35:17.479934
UC8gBCMaQG3Bi8SvYIqFoBvA,Yasin Kün,2,906286,2927,194,0,1812.57,0.0064,2026-07-25 11:35:17.479934
UC8gFadPgK2r1ndqLI04Xvvw,Maangchi,1,7627244,125000,2600,0,15254.49,0.0167,2026-07-25 11:35:17.479934
UC8gFsV2PKVL-cgl_KBq5veA,AVCI KARDEŞLER,1,183345,417,43,0,366.69,0.0025,2026-07-25 11:35:17.479934
UC8gcC1ONy3ptJruHeJPLkWA,Vahiy'den Hayata,5,443320,3956,841,0,886.65,0.0122,2026-07-25 11:35:17.479934
UC8gzHM9ZXP-Ft-vg35ZVXpw,Sabina Selcan,1,659049,6300,291,0,1318.1,0.01,2026-07-25 11:35:17.479934
UC8gzp72RT3X7M8-_TtZ-Lrw,fatih caloglu,1,18934,99,13,0,37.87,0.0059,2026-07-25 11:35:17.479934
UC8hTRtc_zaoVZMArraqfPuA,De gustibus,1,542769,5900,260,0,1085.54,0.0113,2026-07-25 11:35:17.479934
UC8hXNtL_bcTd9ankPvzlyEg,Elvin Omerov,1,564330,3700,210,0,1128.66,0.0069,2026-07-25 11:35:17.479934
UC8hdTg3u9MLu2-sz_b9btAA,Kutan Eski,1,649185,2300,142,0,1298.37,0.0038,2026-07-25 11:35:17.479934
UC8hgx5hCiyDmO3UeBl95_1Q,KhanAcademyTurkce,1,3489,86,2,0,6.98,0.0252,2026-07-25 11:35:17.479934
UC8hoVkAn2Xm030bRn-Jvlzw,TWINKLE,2,20412609,141000,27300,0,40825.21,0.007,2026-07-25 11:35:17.479934
UC8i0EI_4BGTWLtK4pODexHQ,"ЦО ""Карвен 4 сезона""",1,1103,18,0,0,2.21,0.0163,2026-07-25 11:35:17.479934
UC8i1vrL9bsyfx9hxXHAtrPQ,Öykü Sıla YAZICI,1,1749,12,2,0,3.5,0.008,2026-07-25 11:35:17.479934
UC8iDfQmgQ9HNXYGoiU-vo-A,Gags rigolos COMPILATION,3,11795838,29200,5736,0,23591.67,0.0033,2026-07-25 11:35:17.479934
UC8iEO0t6TyibErr2RkdOKbA,Harbi Yiyorum,1,4218427,10000,2900,0,8436.85,0.0031,2026-07-25 11:35:17.479934
UC8iEqMRGt41Fng1_M2F00uA,Gabriela Vlase,1,130050,98,17,0,260.1,0.0009,2026-07-25 11:35:17.479934
UC8iJbSOYtvMaxfdNO4vCXcw,ismail kazanci,1,1732544,7500,469,0,3465.09,0.0046,2026-07-25 11:35:17.479934
UC8ib0oNxTPRY44gGPC-phNg,Aygün Kazımova,2,2301061,15800,881,0,4602.12,0.0092,2026-07-25 11:35:17.479934
UC8ihNr8Dr3m6-BZRbYrR2wg,TurkulerYanmaz,1,221678,719,43,0,443.36,0.0034,2026-07-25 11:35:17.479934
UC8isnGHdXVm0cWTCzHqNp0A,Respect43,2,4200,37,4,0,8.4,0.0099,2026-07-25 11:35:17.479934
UC8iyLnuWWeYBx559e3RbkTA,Noelia beauty,6,347480,10393,312,0,694.96,0.0507,2026-07-25 11:35:17.479934
UC8jG38WKPq_svrsMoBaL1Jw,No 10,9,16400448,67000,15721,0,32800.89,0.009,2026-07-25 11:35:17.479934
UC8jIZbXk9YYD1j6iixJN_YA,FeRiT SeZeR MüZiK ReSiTaLi,2,1923262,6600,488,0,3846.53,0.0039,2026-07-25 11:35:17.479934
UC8jSdiTfai1PFwjQ9MrkkBg,Géopolitis,1,161839,1700,129,0,323.68,0.0113,2026-07-25 11:35:17.479934
UC8jjkeGTTSLaA0SSwPljGwg,MUKAM,10,244180,1418,166,0,488.36,0.0089,2026-07-25 11:35:17.479934
UC8jtjA7fi4tDIrouG8REzzA,Haberin Olsun !,1,164203,1100,65,0,328.41,0.0071,2026-07-25 11:35:17.479934
UC8jzIN5jsxmNoHfJRPQg5Mw,BY MUHTAR,2,13051,45,4,0,26.1,0.0063,2026-07-25 11:35:17.479934
UC8kAD9MVW6Cd1qGms10ZKgw,Halil Nebioğlu,1,1293864,4400,221,0,2587.73,0.0036,2026-07-25 11:35:17.479934
UC8kI2B-UUv7A5u3AOUnHNMQ,Aleksandr Nevzorov,2,302562,14900,367,0,605.12,0.0553,2026-07-25 11:35:17.479934
UC8kLSAlIGM35VCxscYhedCA,YS Muzik Klip,3,11782435,39400,5854,0,23564.87,0.0035,2026-07-25 11:35:17.479934
UC8kQ0oLV8tg8qbv74DI6c4g,TrueVideo Bash,2,1068966,11100,1227,0,2137.93,0.0116,2026-07-25 11:35:17.479934
UC8kT2HRpZ-sPah21qMCJh2Q,Hasan Esen,1,9029,42,4,0,18.06,0.0051,2026-07-25 11:35:17.479934
UC8khfY3qHwP6PZiudzvL3GA,Mürekkep Haber TV,2,413097,3503,174,0,826.2,0.0115,2026-07-25 11:35:17.479934
UC8khxeFUw54fVrB4jzJgy-w,Tim Noonan,1,24419,166,61,0,48.84,0.0093,2026-07-25 11:35:17.479934
UC8km8Lefo3zrUiZfiBK3nXw,SÜREYYA KÖKSAL,1,8713,17,4,0,17.43,0.0024,2026-07-25 11:35:17.479934
UC8kxey-SCSzQhpvpvRqMzew,ALTIN MÜZİK YAPIM,1,605291,3400,299,0,1210.58,0.0061,2026-07-25 11:35:17.479934
UC8l-1xlYYwwsnjBCoVOw5-w,About Life,1,41671,374,29,0,83.34,0.0097,2026-07-25 11:35:17.479934
UC8l67rbY-X_W_E1JyZFzJYg,Laurens,2,1197403,1926,354,0,2394.81,0.0032,2026-07-25 11:35:17.479934
UC8l8qq0FpM4KaxYCTiXMmmQ,KeiuroFanForever,1,278687,1500,412,0,557.37,0.0069,2026-07-25 11:35:17.479934
UC8lBoa7hfVvTmwby3dJ_Icg,Avaye Irani,2,566400,4747,139,0,1132.8,0.0076,2026-07-25 11:35:17.479934
UC8lOTJCCgjFBTiIhfJWt8Sg,Takeoff TV,2,188802,711,36,0,377.61,0.0032,2026-07-25 11:35:17.479934
UC8lcHh-ftUh5iX5wdQUwMog,efqan90,1,454158,2800,164,0,908.32,0.0065,2026-07-25 11:35:17.479934
UC8lpcnzncSvw57QwBmeG1dQ,OzlemProductions,3,1167518,3866,552,0,2335.04,0.0067,2026-07-25 11:35:17.479934
UC8m0c5CWRhKjlMMBdLC4HMw,Bring The Funny,1,304982,8800,162,0,609.96,0.0294,2026-07-25 11:35:17.479934
UC8m1qFeIeELG6TqOg_yXVtw,Jenny&amp;family,1,15931,346,208,0,31.86,0.0348,2026-07-25 11:35:17.479934
UC8m4mz4HLEiSflrT-yCOZfQ,Fehmi İlkay Çeçen,8,929920,7336,4472,0,1859.84,0.0183,2026-07-25 11:35:17.479934
UC8m58y-8C1GlhQV08mUwXew,Zhansaya Sainoldina,1,958686,2300,566,0,1917.37,0.003,2026-07-25 11:35:17.479934
UC8m7jtAFzmIGfn1RJXhHk4A,Jo's Logic vs Luxury,1,24986,1300,16,0,49.97,0.0527,2026-07-25 11:35:17.479934
UC8m8J4rwgFYbU3oUgETA9ig,emrullah doğangün,1,9991,67,2,0,19.98,0.0069,2026-07-25 11:35:17.479934
UC8mA1vOAm6LAbyrCb4J3EiA,My Trips,1,65968,790,33,0,131.94,0.0125,2026-07-25 11:35:17.479934
UC8mAbhjrSajQVXhp_znbycA,Bun Hairstyles,3,1296468,4727,868,0,2592.93,0.0073,2026-07-25 11:35:17.479934
UC8mHoc1Ar4N778wjLcPgvtQ,Peter Backhausen,2,255515,1703,47,0,511.03,0.0659,2026-07-25 11:35:17.479934
UC8mcIi-QT6tSDC0pEmcsf2w,TrinaDuhra,2,196106,2287,85,0,392.21,0.0142,2026-07-25 11:35:17.479934
UC8mrUR77yET6tdWyuadIUzg,06sincan06yasin,1,971453,317,101,0,1942.91,0.0004,2026-07-25 11:35:17.479934
UC8n5U5rgkN8bKbvzp3ILi_Q,Bayram Kerimov Qobustan,1,149236,1900,33,0,298.47,0.013,2026-07-25 11:35:17.479934
UC8nQCWr1xKk6zJ2xgZjtwcg,Arif Çağdaş,1,22024,107,2,0,44.05,0.0049,2026-07-25 11:35:17.479934
UC8nZEEBWm5HU8N1IZdBY0Ug,Closer,2,683668,922,377,0,1367.34,0.0022,2026-07-25 11:35:17.479934
UC8nmtDrrznRO9fyZIRO4EjA,Bjk 1903,1,8636214,39000,2400,0,17272.43,0.0048,2026-07-25 11:35:17.479934
UC8oIqvFonfFtEnK6K7BkOZQ,Dikiş Hocam,6,771339,8785,531,0,1542.68,0.0171,2026-07-25 11:35:17.479934
UC8oRnU8Fol7nMe_Ih-t4dcA,Gizli Dosyalar,2,109973,813,96,0,219.95,0.0084,2026-07-25 11:35:17.479934
UC8oUffelSWg-VT0iEknqTxQ,kadir atatepe,1,42739,220,15,0,85.48,0.0055,2026-07-25 11:35:17.479934
UC8oYgcBuozTMIhMybk_yE9A,Ali Baran,2,7727921,40900,1327,0,15455.85,0.0067,2026-07-25 11:35:17.479934
UC8okGupD69PzYEAUWm0kuTA,MeyxanaClubN1,1,181220,1500,69,0,362.44,0.0087,2026-07-25 11:35:17.479934
UC8oylMhi4UW4KqwaoHwYtxg,Yaprak Özer,2,10820,193,10,0,21.64,0.0187,2026-07-25 11:35:17.479934
UC8p1vwvWtl6T73JiExfWs1g,CBS News,31,31322702,189669,19471,1,62645.39,0.0085,2026-07-25 11:35:17.479934
UC8pMpA3Oq0jdNY9Ed9QqPgg,Vüqar Sübhan,2,11630676,61000,3000,0,23261.35,0.0074,2026-07-25 11:35:17.479934
UC8psAj37I1eC3xriFT5e-mA,nazan soydemir,1,276730,655,69,0,553.46,0.0026,2026-07-25 11:35:17.479934
UC8pt44mVxLNROGXSMl49d0A,Damla ALPDOGAN,2,80023,927,85,0,160.05,0.0127,2026-07-25 11:35:17.479934
UC8pxqLYuwyQkZH8yUDJC5RA,Shonagh Scott,3,2960259,40700,762,0,5920.52,0.0226,2026-07-25 11:35:17.479934
UC8q2GgxOUS_Dzd5KIYeJQIw,Black Beard Projects,1,29086854,126000,21000,0,58173.71,0.0051,2026-07-25 11:35:17.479934
UC8q6uIY5yCOXu67YuU1BfSQ,assaadinho,2,2747536,32329,1312,0,5495.07,0.0147,2026-07-25 11:35:17.479934
UC8qWRm4St0z0xzb1MsVvgvQ,Muhammed Onur BAYRAKTAR,1,7308438,65000,1500,0,14616.88,0.0091,2026-07-25 11:35:17.479934
UC8qkjS1wc6gBC6DSK1bUdNQ,Sefa Esen,1,7834,21,3,0,15.67,0.0031,2026-07-25 11:35:17.479934
UC8qrs7wxwWcJLRnNwdPffYg,olcaytuğ kesmekaya,1,411222,1100,52,0,822.44,0.0028,2026-07-25 11:35:17.479934
UC8qxftC5pwxJZsfuLrlClJA,750g,1,284547,924,97,0,569.09,0.0036,2026-07-25 11:35:17.479934
UC8qztwF9ZQHXmPFUqbrCBvw,An Amazing World.,15,16532787,33752,8170,14,33065.57,0.0028,2026-07-25 11:35:17.479934
UC8rBEcehOdx5v5veO72iAXQ,Miss Xəzər,1,7242,390,7,0,14.48,0.0548,2026-07-25 11:35:17.479934
UC8rP-_TDFW8UYb-3a_2pyJw,Semih Aslan,1,1031899,5800,644,0,2063.8,0.0062,2026-07-25 11:35:17.479934
UC8rador8CU-pTJ6p7WNiv6w,Goodwood Road &amp; Racing,3,3745529,31400,906,0,7491.06,0.0089,2026-07-25 11:35:17.479934
UC8rh34IlJTN0lDZlTwzWzjg,TVNET,18,277582,3310,243,0,555.17,0.0175,2026-07-25 11:35:17.479934
UC8rjoaWZR8PejmAUxnCRveg,Sıra Sende Türkiye,1,5302474,23000,1600,0,10604.95,0.0046,2026-07-25 11:35:17.479934
UC8rnNIpGh8n6ZpWVqOBaKUQ,Sihirli Annem,10,32006969,129621,32495,0,64013.94,0.0064,2026-07-25 11:35:17.479934
UC8rraUhqs1GHjXj86gvt4FQ,Quantastic,3,6441779,90100,3574,0,12883.57,0.0141,2026-07-25 11:35:17.479934
UC8s57f4e1MJbhawL3Po7mLA,GAR MED,1,345058,2600,238,0,690.12,0.0082,2026-07-25 11:35:17.479934
UC8sVnADYLJQ9OVX1-gBqYXA,MONAI Belgium,1,2100524,16000,1000,0,4201.05,0.0081,2026-07-25 11:35:17.479934
UC8sXc2DyGTdobiCkqRDIdgw,Hakkani Bakış,1,6279,228,5,0,12.56,0.0371,2026-07-25 11:35:17.479934
UC8sdE6c_XkwNDSXEEDg3IuA,yaşamın içinden,1,396,15,2,0,0.79,0.0429,2026-07-25 11:35:17.479934
UC8sr7DXZY0UQucMpxcySzQw,SADHGURU's advocate,1,73401,1200,39,0,146.8,0.0169,2026-07-25 11:35:17.479934
UC8szieYy5ZuwlONsBGwX-pg,Nessa Nessa,1,99956,5800,75,0,199.91,0.0588,2026-07-25 11:35:17.479934
UC8ti7W7MQWzgn-R4O-X16_w,Belgeselci,6,184594,1254,75,0,369.19,0.0079,2026-07-25 11:35:17.479934
UC8tvDFM2GjAw4pG8iBEyY8A,Amys Makeup Box,2,1780900,44000,864,0,3561.8,0.0296,2026-07-25 11:35:17.479934
UC8txzFHbKdXLD-0u0wJhz8Q,WORLDOF İNDİA,1,324788,826,200,0,649.58,0.0032,2026-07-25 11:35:17.479934
UC8u8BY9TbvUL6-0ixNkRpzA,Liza Decor,2,330219,7300,206,0,660.44,0.0466,2026-07-25 11:35:17.479934
UC8uT9cgJorJPWu7ITLGo9Ww,The 8-Bit Guy,1,704506,10000,525,0,1409.01,0.0149,2026-07-25 11:35:17.479934
UC8uTWdM6Ns528noHMHBN15g,Ali Baba,3,194861082,468000,201800,0,389722.17,0.0041,2026-07-25 11:35:17.479934
UC8ueG5M-ExHP-mKNcIXKBig,Güven Danışman,1,57766,221,16,0,115.53,0.0041,2026-07-25 11:35:17.479934
UC8v4vz_n2rys6Yxpj8LuOBA,KathleenLights,18,15446645,530000,7971,0,30893.28,0.0412,2026-07-25 11:35:17.479934
UC8vEwJx5sHHyhfPX_OSIOVg,Turan Gürel,16,415681,3177,167,0,831.35,0.0202,2026-07-25 11:35:17.479934
UC8vF-HiGL42_ItnxBkQjTuA,Государственный академический ансамбль народного танца имени Игоря Моисеева,2,12963303,258000,6903,0,25926.61,0.0257,2026-07-25 11:35:17.479934
UC8vFq_qsJXIfS9n8m78T6gQ,Fix My Rim Inc,1,2897219,4400,878,0,5794.44,0.0018,2026-07-25 11:35:17.479934
UC8vT3G8pbuQWMbkhGWafmsQ,YuraPaPu - Жизнь в Финляндии,1,1967861,28000,3000,0,3935.72,0.0158,2026-07-25 11:35:17.479934
UC8v_m3i0M1Wn3x8lzN1ZD2A,Alejandra's Makeup,1,3636143,9800,2700,0,7272.29,0.0034,2026-07-25 11:35:17.479934
UC8vzKYQbzAxekAJO3Icewmg,Turk Medya,1,26797,46,11,0,53.59,0.0021,2026-07-25 11:35:17.479934
UC8w7ynzLYXpRbPrfpDbMHlw,morn1415,1,119018,564,53,0,238.04,0.0052,2026-07-25 11:35:17.479934
UC8wCZkoI_RttzOGPg-4dwVQ,Mahmut Usta,2,31780,322,12,0,63.56,0.0283,2026-07-25 11:35:17.479934
UC8w_SINJBQhPMi9Bd14C_CQ,DewsTV,1,11721,38,2,0,23.44,0.0034,2026-07-25 11:35:17.479934
UC8wgl5F9Vf9pfdhJaFe1JYg,"Salud, Vida y Más...",4,8464641,42097,4939,0,16929.28,0.0245,2026-07-25 11:35:17.479934
UC8wkREtZ202BxrrAdP_bcAg,Büşra Bayram,3,5794,367,6,0,11.59,0.0641,2026-07-25 11:35:17.479934
UC8wrwa_Cxk7l4EKjkwa_f1w,Unbelievable India,1,1194231,15000,1000,0,2388.46,0.0134,2026-07-25 11:35:17.479934
UC8wtmNtwg8kBRhH1bQWhlbg,BuzzKill,2,572843,1378,215,0,1145.68,0.0087,2026-07-25 11:35:17.479934
UC8wvSO_LvTBJsXUjhnLEIGw,Mehmet Sökmen Tv - Video Productions,7,392601,939,209,0,785.2,0.0028,2026-07-25 11:35:17.479934
UC8xG3ZlLV8RQ9OtyaR0CPdw,Keşf-i Kadîm,2,132856,833,221,0,265.71,0.0084,2026-07-25 11:35:17.479934
UC8xHw3lPEiBmhGzv2nlCrOw,Ayhan YAĞIZ,2,9829,131,5,0,19.66,0.0199,2026-07-25 11:35:17.479934
UC8xinrdmPqc3X-tGmMHvUCA,RumeliBeyoOffical,5,211356,375,57,0,422.72,0.0022,2026-07-25 11:35:17.479934
UC8xsTQLCx6Mo2qyJpdiiqWw,유용원TV,1,142592,1100,59,0,285.18,0.0081,2026-07-25 11:35:17.479934
UC8y0xr8tWYJQ1itXWjSUYFg,TheStockdalecenter,1,88112,743,72,0,176.22,0.0092,2026-07-25 11:35:17.479934
UC8y1iIeSJXABAVhLmMfxW1g,,1,28356,22,17,0,56.71,0.0014,2026-07-25 11:35:17.479934
UC8y6-lAhLSVXYXlaTM7a8eQ,Adnan ALTIN,1,51105,61,2,0,102.21,0.0012,2026-07-25 11:35:17.479934
UC8yE0xnuB3kOuNNCh_3vZ0A,melek1896,1,107827,758,15,0,215.65,0.0072,2026-07-25 11:35:17.479934
UC8yH-uI81UUtEMDsowQyx1g,SABC Digital News,2,292157,2076,389,0,584.31,0.0075,2026-07-25 11:35:17.479934
UC8yHRAnpgl6PcPN87H-NG5w,burak aydınyılmaz,1,133874,346,127,0,267.75,0.0035,2026-07-25 11:35:17.479934
UC8ylYW-2qyU4LjgcD_eY3VA,Blossom Español,3,29767783,188700,37276,0,59535.57,0.0076,2026-07-25 11:35:17.479934
UC8yyouZaOIRgq9aCqK3CiYg,RAUL ROA ESTILISTA,1,13133,889,17,0,26.27,0.069,2026-07-25 11:35:17.479934
UC8zQiuT0m1TELequJ5sp5zw,BBC News - Русская служба,8,4856543,56177,7521,0,9713.07,0.0154,2026-07-25 11:35:17.479934
UC8zVdKGantAaHGdGDmyeEoA,TheSimonCowellfan,1,23428679,140000,6700,0,46857.36,0.0063,2026-07-25 11:35:17.479934
UC8zXTK1rVLDMdTir2X9zpow,Hozan Beşir,1,494046,2000,129,0,988.09,0.0043,2026-07-25 11:35:17.479934
UC8ze8aGNiWpCr3m6vWR0Z3A,Yaban Arısı,3,101831,413,14,0,203.67,0.0048,2026-07-25 11:35:17.479934
UC9--1zpxWXivYX1zC7k4aXg,Sait MEMİŞ,1,746,8,2,0,1.49,0.0134,2026-07-25 11:35:17.479934
UC9-F406E1n1NXJ23JK61eog,askperest,1,191217,1300,36,0,382.43,0.007,2026-07-25 11:35:17.479934
UC9-H6NEkjEaQhGijD77pWxw,Yavuz Sultan Selim Gençlik Derneği,2,4773,271,11,0,9.55,0.0591,2026-07-25 11:35:17.479934
UC9-JcOLGZlYGDKssORDzHGg,Muhammed Yusuf ESER,1,94291,309,46,0,188.58,0.0038,2026-07-25 11:35:17.479934
UC9-LKuAsGYBDBWVsuACXHXw,Bi'Başka Yakalılar,2,69681,965,31,0,139.36,0.0159,2026-07-25 11:35:17.479934
UC9-a6pJ7It-qhQZxehee9-g,Artvin Sevdası,1,1065958,2100,312,0,2131.92,0.0023,2026-07-25 11:35:17.479934
UC9-a8j_GPDWMK3GUVgocWSg,AlmaDeutscher,1,768216,15000,432,0,1536.43,0.0201,2026-07-25 11:35:17.479934
UC90CKqwSumlC47Ljh33Al6g,asil kamera,2,610340,1545,281,8,1220.68,0.0034,2026-07-25 11:35:17.479934
UC90GuDNInHhbXpJvm4n3s4A,ali yıldız,3,119730,1199,79,0,239.45,0.0104,2026-07-25 11:35:17.479934
UC90du44_RiXEHb7YtADqEqQ,Bessy Dressy,1,1462299,23000,1700,0,2924.6,0.0169,2026-07-25 11:35:17.479934
UC914xqKeYo1ZmB-ZjmGAi3g,FAKHAMA360,2,488194,5358,574,0,976.39,0.0202,2026-07-25 11:35:17.479934
UC918iveiepp1zbyWcgsN1Pg,Erdem AKIN,1,45320,175,3,0,90.64,0.0039,2026-07-25 11:35:17.479934
UC91OwXR14ip6dMFfP819MqQ,Sexavet Memmedov,1,127475,734,37,0,254.95,0.006,2026-07-25 11:35:17.479934
UC91YQ7U-7ROAW5EO2Z_V9BA,nem bass,1,34760,316,3,0,69.52,0.0092,2026-07-25 11:35:17.479934
UC91ZvbX6_vW65r-Z7jqadJQ,FİKRET Telek,3,3028094,8790,670,0,6056.19,0.0058,2026-07-25 11:35:17.479934
UC925MUb8EP06JRvfahtWlZw,Alev Türken,2,465388,6200,548,16,930.78,0.015,2026-07-25 11:35:17.479934
UC92CXoP6IJ0inB5mvM00XXg,Afghanistan today,2,1059998,4547,465,0,2119.99,0.0084,2026-07-25 11:35:17.479934
UC92LolUDODKODjZ7lpWXNCQ,ilhan Oğlakçıoğlu,1,116149,694,26,0,232.3,0.0062,2026-07-25 11:35:17.479934
UC92PYjDyOGMwPirkh-WAT9A,Selim Aydın HD,1,2166309,7900,1300,0,4332.62,0.0042,2026-07-25 11:35:17.479934
UC92aRnThJra-o3tQSFNuGug,Ishitaz Makeover,1,734709,4700,568,0,1469.42,0.0072,2026-07-25 11:35:17.479934
UC937ZskTRFhQjck4OjtzIQA,kenan ölmez,1,13003,18,5,0,26.01,0.0018,2026-07-25 11:35:17.479934
UC93CX38zonkxkab4_7Ddhfg,Ольга Головина,3,476210,2149,77,0,952.42,0.0062,2026-07-25 11:35:17.479934
UC93f4DPKUT_8Qb16Rcf5K7Q,Vooluu,1,1072423,5000,373,0,2144.85,0.005,2026-07-25 11:35:17.479934
UC93vdkgxWhVyZgMDWFnoqxA,Mr. Kamran,4,3862396,30200,5311,0,7724.8,0.0107,2026-07-25 11:35:17.479934
UC94WiyLFPHrXLkEHqnwPdbA,NASKO KAMERATA,1,1337,7,2,0,2.67,0.0067,2026-07-25 11:35:17.479934
UC94xwjAqr1xGSpVQi-eySpA,Brain Center İstanbul,1,615,2,0,0,1.23,0.0033,2026-07-25 11:35:17.479934
UC955tARcUq-JiKMummWOHuQ,serkankont,1,9654566,19000,1800,0,19309.13,0.0022,2026-07-25 11:35:17.479934
UC95C7Q8aAyFymKirpziohDQ,Kino Kyo Ashita,1,9628,165,32,0,19.26,0.0205,2026-07-25 11:35:17.479934
UC95DQJkYyyKpehkDCAWIDTA,Paul Santisi,1,1062129,5500,1100,0,2124.26,0.0062,2026-07-25 11:35:17.479934
UC95IU5ojmh04tOHHZdvKhsA,Jay MeeL,1,2302487,28000,450,0,4604.97,0.0124,2026-07-25 11:35:17.479934
UC95JC__GHG37up6JvOHfr3Q,YALÇIN NIÇLAY,1,99633,183,17,0,199.27,0.002,2026-07-25 11:35:17.479934
UC95KwYt2lD3XYPITJs9oeHw,Niyameddin Yusubov,1,522689,3300,291,0,1045.38,0.0069,2026-07-25 11:35:17.479934
UC95V0fyx13lMmipYPEVB7vA,Ahmet Furkan,1,179750,3200,112,0,359.5,0.0184,2026-07-25 11:35:17.479934
UC95mSkD-oSXJYfEk_FXwtKg,Necmi Adlim,1,1549,8,2,0,3.1,0.0065,2026-07-25 11:35:17.479934
UC95paK9AXizG-anVUc2-PjQ,Arda İle Omuz Omuza,2,102066,1210,24,1,204.13,0.0157,2026-07-25 11:35:17.479934
UC95vq4mCIqzAj-SQTE0_O1g,Amasyalı Mehmet TURNA eski sayfa,2,147315,376,36,0,294.63,0.0028,2026-07-25 11:35:17.479934
UC95xFAEKtLQzpVJKI87tOog,Danzig HD Mapper,2,637181,9300,616,0,1274.37,0.0156,2026-07-25 11:35:17.479934
UC96Ok43R1DW5MuN05OMcv7g,trndby,1,1219327,3100,266,0,2438.65,0.0028,2026-07-25 11:35:17.479934
UC96va5fW-VOVkJI0XEWETVQ,Emin Veli,1,1104656,2300,195,0,2209.31,0.0023,2026-07-25 11:35:17.479934
UC977LIT_ZuWXgvaHsG1sd8A,Zaman Yolu,1,173324,919,44,6,346.65,0.0056,2026-07-25 11:35:17.479934
UC97PTSpQ99A_kMYvaemuyiQ,İbrahim Ataş,1,761248,3400,123,0,1522.5,0.0046,2026-07-25 11:35:17.479934
UC97b_8ouwEGgjPOPed9Lecw,ERTUĞRUL TEKEDERELİ,1,52177,94,32,0,104.35,0.0024,2026-07-25 11:35:17.479934
UC97cZsOCVufvmRXvLusdj2Q,Bobbi Brown Cosmetics,3,929783,4309,203,0,1859.57,0.0149,2026-07-25 11:35:17.479934
UC97pCq6Uhnv5u7tFOqaZQaQ,EJ-sewing,3,792523,16700,579,0,1585.05,0.0231,2026-07-25 11:35:17.479934
UC97tu-7lrB2t8X2VgkQ6F-A,Efrayim Yldrm efo plak,2,60701,379,24,0,121.4,0.0063,2026-07-25 11:35:17.479934
UC97uYHFYS_JpKKM3XII_UDw,ÇELİKKAYA MÜZİK ALETLERİ,1,51480,227,7,0,102.96,0.0045,2026-07-25 11:35:17.479934
UC98BEeJVt_n_7AlhCgQEZyg,Ahmet İhvani,2,11316990,37500,2126,0,22633.98,0.0075,2026-07-25 11:35:17.479934
UC98Tb5A5X0WF1t8Rcjty8bQ,Yunus DALGIÇ,1,506506,6300,301,0,1013.01,0.013,2026-07-25 11:35:17.479934
UC98Zo7GNJXtTeii0MZo82Tg,Adnan Şenses,3,9223873,30133,3135,0,18447.75,0.0068,2026-07-25 11:35:17.479934
UC98dclLj-kHjPVUwXSRMbeQ,ОТВ Екатеринбург,1,281,12,2,0,0.56,0.0498,2026-07-25 11:35:17.479934
UC98iu9fIUR6OTgh0NjvAdwA,Cavit Utku,2,15054,364,12,0,30.11,0.0383,2026-07-25 11:35:17.479934
UC98s8DzX1uRapwhoiVTSH1g,aksuselcuk,2,168299,766,84,0,336.59,0.0049,2026-07-25 11:35:17.479934
UC99JadZaqowmJR2z6syIZyw,5 मिनट शिल्,19,9310622,43561,8525,0,18621.26,0.0065,2026-07-25 11:35:17.479934
UC99SumIk3ICaLRXMg9k2s0w,Zomayra Celina,1,96530,2100,41,0,193.06,0.0222,2026-07-25 11:35:17.479934
UC9A4Pkp6D6soxpp845uQgxQ,Cx571,2,405027,324,73,0,810.06,0.001,2026-07-25 11:35:17.479934
UC9AGtdHF1KIrx_ql9INA8cg,الحبيب علي الجفري Alhabib Ali Aljifri,1,42643,1000,78,0,85.29,0.0253,2026-07-25 11:35:17.479934
UC9Adi-inmVlQYyOQ3nozsYQ,Erkin Ergin,3,72931,2675,100,0,145.86,0.0386,2026-07-25 11:35:17.479934
UC9Akzs7yP0BwVsN4SJHJ3yw,Ismet Uzun,1,3840008,9100,709,0,7680.02,0.0026,2026-07-25 11:35:17.479934
UC9AzlbfbI-yRpGb5nuuXNOQ,Nihat Dəmirov,3,163487,2174,87,0,326.98,0.0174,2026-07-25 11:35:17.479934
UC9B47GnzCRFHTT1BIBWvStQ,FIDE chess,2,48385,455,10,0,96.77,0.0149,2026-07-25 11:35:17.479934
UC9B4wAQ9H42DWxBXkD__qYQ,Nazım Daştan,1,21975,212,34,0,43.95,0.0112,2026-07-25 11:35:17.479934
UC9B6J4qn5M_TLMh7zX0ISBA,Brilliant Classics,2,12201719,94000,3400,0,24403.44,0.0074,2026-07-25 11:35:17.479934
UC9B6c09n61wgu5w6bh1v68Q,StingVEVO,2,331440558,1417000,42000,0,662881.11,0.0045,2026-07-25 11:35:17.479934
UC9BbmFs_Vrdpx2yhrUCddvA,Sinan topaloğlu,1,13883,42,15,0,27.77,0.0041,2026-07-25 11:35:17.479934
UC9CO0cpqJrX4lh-FQbRP1uA,GMTV,2,7065730,35100,4112,0,14131.46,0.0068,2026-07-25 11:35:17.479934
UC9CYT9gSNLevX5ey2_6CK0Q,NDTV India,4,949837,18916,1841,0,1899.68,0.0199,2026-07-25 11:35:17.479934
UC9Cbrs9wttLqwHKA_PdFiOA,الإعلامي محمد الملا,1,3391,339,13,0,6.78,0.1038,2026-07-25 11:35:17.479934
UC9CtexYTaCupSdivso9VukQ,YouTube Azerbaijan TV,1,77576,2000,124,0,155.15,0.0274,2026-07-25 11:35:17.479934
UC9D2WT9Ct4m5JSTEcyRxZsw,bho76sktu,3,719754,2358,161,0,1439.51,0.0033,2026-07-25 11:35:17.479934
UC9DJ_z8WwYw9ghjcTs6gBBA,Aydın GÜMÜŞTAŞ,1,2244027,12000,566,0,4488.05,0.0056,2026-07-25 11:35:17.479934
UC9DOhtRrWCARqsZU9rDORAQ,mjjlanza,2,10085768,57078,4726,0,20171.54,0.0103,2026-07-25 11:35:17.479934
UC9D_41XZiozyLLeRKVQIBmQ,Live Sessions &amp; Disco 80's Hits (Autoradio),3,46286353,99519,11399,0,92572.71,0.0139,2026-07-25 11:35:17.479934
UC9E4HIOEptwjwb9CX92onKQ,Duymadım Deme,1,18516,130,22,0,37.03,0.0082,2026-07-25 11:35:17.479934
UC9E5L1KzbJaSKJqrLHgQ0-Q,RRTeeVee,1,33114,0,0,0,66.23,0.0,2026-07-25 11:35:17.479934
UC9EXt0EFLCThZASl6KvChaw,Hacibayrammercan,27,1114184,8846,802,0,2228.34,0.0111,2026-07-25 11:35:17.479934
UC9Ep0Y4T5rvUuIfjKN1wqTw,Ridddle,2,4704876,113800,5647,0,9409.75,0.0266,2026-07-25 11:35:17.479934
UC9ExtsdIcu1ffi14bxAFDkQ,Alexandr Iradyan,1,68255,1000,9,0,136.51,0.0148,2026-07-25 11:35:17.479934
UC9F1R6RV_2J4UTy7yG7e4iw,megválaszolatlan kérdés,8,58204,625,25,0,116.41,0.0121,2026-07-25 11:35:17.479934
UC9FA6IOZ_mx_exL46uafSmg,İMKAN DER,1,5227,51,2,0,10.45,0.0101,2026-07-25 11:35:17.479934
UC9FMg1tuTecektuy9gO8sGw,Bakırköy Ruh Sinir,1,11577,21,2,0,23.15,0.002,2026-07-25 11:35:17.479934
UC9FfegTd2dxfoaLe6De8E9w,LOOK !WHAT HAPPENED,5,811918,12589,414,0,1623.84,0.0234,2026-07-25 11:35:17.479934
UC9Fq6VIfJg3c6yQxSW1t_cw,A Thing Gaming,2,500458,3500,438,0,1000.92,0.0082,2026-07-25 11:35:17.479934
UC9GFZCroseShGtoYduFt_QA,oguz kiziltug,1,1157908,4500,351,0,2315.82,0.0042,2026-07-25 11:35:17.479934
UC9GGzAhhvhJO1hL10-BcgNA,Le Huffington Post,12,2526187,21231,2355,0,5052.36,0.0087,2026-07-25 11:35:17.479934
UC9GJhcP9qX4xdbojsBuXDAA,VCompare,2,355818,4542,286,0,711.63,0.0161,2026-07-25 11:35:17.479934
UC9GOAra-8SOLK-cCUN8_xTg,Nigar Dilmaç,1,99714,1100,45,0,199.43,0.0115,2026-07-25 11:35:17.479934
UC9GT9nI5GfDh78E17egyJvQ,ASAF ABRAHAM,12,1846411,12741,4312,0,3692.8,0.0166,2026-07-25 11:35:17.479934
UC9G_8-ZGfjaBhAAicsHcOeQ,celal aK,1,28117,142,31,0,56.23,0.0062,2026-07-25 11:35:17.479934
UC9GeKZS8cot8Zn-O2CP3TMA,Arum Sekar,1,1405965,37000,1300,0,2811.93,0.0272,2026-07-25 11:35:17.479934
UC9GnszI6Fxvl-VT6Xhtkjvw,Murat Akbaş,1,34429,88,12,0,68.86,0.0029,2026-07-25 11:35:17.479934
UC9GuidIeBDZ-7EBgZQWs2dw,Mogan Sanat Atölyesi,1,15896,196,8,0,31.79,0.0128,2026-07-25 11:35:17.479934
UC9HLrlyUrAFheMtojJ_B-Lg,GoalsHere,1,1083058,2400,251,0,2166.12,0.0024,2026-07-25 11:35:17.479934
UC9HN6k4UY7wz0jznVsJ25QA,PuanSetya,1,58195,131,18,0,116.39,0.0026,2026-07-25 11:35:17.479934
UC9HdUQx5l-JMYoIh4Z8zNJg,Çepni Giresun,2,147423,508,54,0,294.85,0.0039,2026-07-25 11:35:17.479934
UC9Hk_VQd0p_3YlZmGkup36g,Shemaroo Spiritual Life,2,2061223,18500,1749,0,4122.45,0.0107,2026-07-25 11:35:17.479934
UC9HlkJM1Z2HfIBiH2uVMh0w,süleyman sayın,1,131807,624,33,0,263.61,0.005,2026-07-25 11:35:17.479934
UC9HrklTE8E2MKgnTKV7gKlQ,PUTNIK SUPER,1,31227,195,17,0,62.45,0.0068,2026-07-25 11:35:17.479934
UC9I3bCEXGAjPGbN8weqz_LQ,Mari Foster,1,5405669,7400,4600,0,10811.34,0.0022,2026-07-25 11:35:17.479934
UC9IWApEJZXJjGUhSb_XVezA,Не может быть,2,7456634,66000,6300,0,14913.26,0.0097,2026-07-25 11:35:17.479934
UC9IWQUn9s8Fa-v3yC8CqNfg,Musikisever,1,501,2,0,0,1.0,0.004,2026-07-25 11:35:17.479934
UC9Ib9OpBaaNQjsAFpCGIUnQ,Nurullah Düvenli,1,171,5,2,0,0.34,0.0409,2026-07-25 11:35:17.479934
UC9Ivm3Nnwka8eDGENwAda6g,Мировая история,3,1590346,15636,1496,1,3180.69,0.0107,2026-07-25 11:35:17.479934
UC9Ixb8Q3eYsMV1JgZOFH_Hw,Serkan Çağrı,1,70180,578,16,0,140.36,0.0085,2026-07-25 11:35:17.479934
UC9J44w3zw6xvau7z0ydFqWg,ellnk2009,2,76605,321,4,0,153.21,0.0048,2026-07-25 11:35:17.479934
UC9J5b3AmIJ_f3z4k8Nm4l6w,dogancali,1,24034,68,9,0,48.07,0.0032,2026-07-25 11:35:17.479934
UC9JDzum9bBkvKgARiO2M33A,Demet Şener,5,582955,6956,617,0,1165.9,0.0139,2026-07-25 11:35:17.479934
UC9JMe_We017gYrRc7kZHgmg,Show TV,64,38266911,131475,14931,30,76533.84,0.0041,2026-07-25 11:35:17.479934
UC9JSzJkQyIeJGBuKxXOgk4g,Tulumcu Kadir,5,471117,2370,137,0,942.23,0.0058,2026-07-25 11:35:17.479934
UC9JXN8IuVYOLKqG2Ij1YsZw,Sevda Özçelik,1,2794,70,5,0,5.59,0.0268,2026-07-25 11:35:17.479934
UC9JhQz4Vp55-lNKaMILHR-w,SIGNATURE WORKSHOP,4,548793,7442,234,0,1097.58,0.0192,2026-07-25 11:35:17.479934
UC9JmzcvuxZLwckx0slbsIQA,Atakan Yasemin Akil,1,969424,3400,335,0,1938.85,0.0039,2026-07-25 11:35:17.479934
UC9JvNjdnxYlbwoSoTSw3A4g,Monica LCapucco,1,2175609,4300,1600,0,4351.22,0.0027,2026-07-25 11:35:17.479934
UC9K7a72mdanp1osda7QSUzw,ИНФО,1,87244,1500,139,0,174.49,0.0188,2026-07-25 11:35:17.479934
UC9Kje8oDXIn5HkwbWwMKWtQ,Birch Paradise,1,2918,67,10,0,5.84,0.0264,2026-07-25 11:35:17.479934
UC9Ks_EloWi4bkkmw-c8wCIw,Mustafa Soydere,4,25973980,300000,6455,0,51947.95,0.0138,2026-07-25 11:35:17.479934
UC9L2l5ne7AvPLw-Ra3Z_dvw,BeDiRoĞLu YuSuF,1,4361,8,0,0,8.72,0.0018,2026-07-25 11:35:17.479934
UC9LJMOJFgbjgOsiYEQTphzg,melodramful,1,661696,5700,177,0,1323.39,0.0089,2026-07-25 11:35:17.479934
UC9LJp7GQWCeKvnzFkqT-5lg,Fabiosa,2,14802982,32054,7800,0,29605.96,0.0062,2026-07-25 11:35:17.479934
UC9LQwHZoucFT94I2h6JOcjw,Liverpool FC,29,65157354,1076100,20783,77,130314.71,0.0174,2026-07-25 11:35:17.479934
UC9LWpc82JeDctJW_L2YM5wg,dyapim,1,135005,292,21,0,270.01,0.0023,2026-07-25 11:35:17.479934
UC9LnWoZxv9vWdEuq5bCAF5A,NisA Photography,1,738474,6700,346,0,1476.95,0.0095,2026-07-25 11:35:17.479934
UC9M7PaDhHplXEZK1J9UONFA,Maybelline New York Türkiye,11,2423289,61212,2503,13,4846.58,0.0286,2026-07-25 11:35:17.479934
UC9MAhZQQd9egwWCxrwSIsJQ,HISTORY,16,9027269,59987,3677,0,18054.54,0.0075,2026-07-25 11:35:17.479934
UC9MAik5GzMQtu4VT6Jh8MkA,Rıfat Vardar,7,4827193,14903,824,2,9654.39,0.008,2026-07-25 11:35:17.479934
UC9MorWZEUeeHjFVKo2xMwAQ,Nikkia Joy,15,4103829,108200,2796,0,8207.66,0.0322,2026-07-25 11:35:17.479934
UC9MtfgLSYviju3xuKisq79g,Hüseyin Kaya,3,42372,622,9,0,84.74,0.0136,2026-07-25 11:35:17.479934
UC9MxKvlt9jo3GgdbP5oJHVQ,Sofia Moutidou,1,322726,5200,351,0,645.45,0.0172,2026-07-25 11:35:17.479934
UC9MyROnB6ilGSpK6p0ph1eg,Türk Sanat Müziği,1,122251,1200,35,0,244.5,0.0101,2026-07-25 11:35:17.479934
UC9N-UG8Vkgat7ndSbILDZbQ,Technology Work,2,8858149,14400,5500,0,17716.3,0.0024,2026-07-25 11:35:17.479934
UC9N2PoOozyao05rvIUrnu_A,Balıkçılık Üniversitesi,2,139760,1755,168,0,279.52,0.0137,2026-07-25 11:35:17.479934
UC9NKrbtT__BXXmyBh_Zmx5w,yüksel yılmaz,1,4390,17,0,0,8.78,0.0039,2026-07-25 11:35:17.479934
UC9Nkqo5O6clQqqcaKU4bfYQ,KORANG BOLONG,1,753165,4200,668,0,1506.33,0.0065,2026-07-25 11:35:17.479934
UC9NnyC2_h2iJNXLRVGuF25w,HAYAT VE EĞİTİM KANALI,2,566134,5879,617,0,1132.26,0.018,2026-07-25 11:35:17.479934
UC9No32Ykd-QxECPcaqD0Lkw,oktayelipek,1,165637,238,17,0,331.27,0.0015,2026-07-25 11:35:17.479934
UC9O8fXQe-9JBtdEI3zotveQ,Bizgroup Production,2,227976,12600,217,0,455.96,0.0558,2026-07-25 11:35:17.479934
UC9OBxOV1gHR8Qq5OJGDd41w,Gabriella ♡,5,983867,47200,1273,0,1967.74,0.046,2026-07-25 11:35:17.479934
UC9OpmkDt-iR0sNAL29_zPJw,YangiKulgu,22,18867136,84474,13788,0,37734.3,0.0091,2026-07-25 11:35:17.479934
UC9OqUWZe2RrktlIV4Iq9Lcg,Prissouz,1,315727,699,16,0,631.45,0.0023,2026-07-25 11:35:17.479934
UC9OwFFaDdRM1B396y27cxkg,Faramarz Ganjjou,1,306090,1700,178,0,612.18,0.0061,2026-07-25 11:35:17.479934
UC9OyCKP2aU_YOxDl1i4jA0A,Erol KILINÇ,1,324874,1400,66,0,649.75,0.0045,2026-07-25 11:35:17.479934
UC9P9BQyENii52yxmTooJeoA,Leyla İnanır Kalıcı Makyaj ve Güzellik,1,2132,20,3,0,4.26,0.0108,2026-07-25 11:35:17.479934
UC9PArcOoNhWCCtvKRripVbQ,VOA Lastpage,3,632675,4165,706,0,1265.35,0.0074,2026-07-25 11:35:17.479934
UC9PMZz5R_Pf6Zpj8tUjCfPw,Gaziemir Belediyesi Halk Dansları Topluluğu,2,35850,452,14,0,71.7,0.0208,2026-07-25 11:35:17.479934
UC9PS3q6vzpYiBbR3d5IBB8g,Воскрешение Эртугрул,3,1702189,6370,998,0,3404.38,0.0046,2026-07-25 11:35:17.479934
UC9PVSjvyS1kJl1MTlXuEghA,Rinku's Rasoi,2,740191,4734,643,0,1480.39,0.005,2026-07-25 11:35:17.479934
UC9PV_e9dYsBVyzhydDQ3Hjw,SAVUNAN ADAM,6,996228,39800,1290,0,1992.45,0.0457,2026-07-25 11:35:17.479934
UC9Pbt3q-ihROg1lmmmQdU2w,Go Natural English with Gabby,2,3265987,74800,1564,0,6531.97,0.0285,2026-07-25 11:35:17.479934
UC9PfAU8pdnTs7afxIXKhgVA,Erkan Öz,3,213330,4000,211,0,426.66,0.0476,2026-07-25 11:35:17.479934
UC9PfUkSr84OTcCubcNB_BWw,Prof. Dr. Yakup YILDIRIM,1,8096,148,3,0,16.19,0.0187,2026-07-25 11:35:17.479934
UC9PgszLOAWhQC6orYejcJlw,Braille Skateboarding,1,805334,19000,310,0,1610.67,0.024,2026-07-25 11:35:17.479934
UC9QGV25qSJgK5yxAsdYqcSA,Vivi Martins,2,19256,516,68,0,38.51,0.0383,2026-07-25 11:35:17.479934
UC9QUgfMMVfLYCn62alSK4Rg,Şahıslar,1,57615,686,21,0,115.23,0.0123,2026-07-25 11:35:17.479934
UC9QZqS7sKv5UOLgzjpQfsVQ,Ata Demirer,7,2518799,12587,1185,2,5037.59,0.0054,2026-07-25 11:35:17.479934
UC9QlkQ6sCN34tXhvG9s7NFQ,Classical Turkish Music,1,5065,35,8,0,10.13,0.0085,2026-07-25 11:35:17.479934
UC9QxKn8sKV_cPR-XzGFwtfQ,Video Yolu,1,699047,772,174,0,1398.09,0.0014,2026-07-25 11:35:17.479934
UC9RJfAqppRrwLmuS3Yl2yww,Sarısıvat Tv,1,6854,10,2,0,13.71,0.0018,2026-07-25 11:35:17.479934
UC9RJihOFsddOjiRwKabu1Bw,hypherism,1,3138417,17000,279,0,6276.83,0.0055,2026-07-25 11:35:17.479934
UC9RM-iSvTu1uPJb8X5yp3EQ,Wendover Productions,22,61153226,1082000,52162,0,122306.47,0.0225,2026-07-25 11:35:17.479934
UC9RQBeJ6gk4LzMCtvaJ2FdQ,Fun Cafe Vids,1,7747504,82000,4400,0,15495.01,0.0112,2026-07-25 11:35:17.479934
UC9S6AlLwEa1Oh9w8oMEs5YQ,İnce Photography,2,333035,1624,86,0,666.07,0.0053,2026-07-25 11:35:17.479934
UC9SIYzAqsCmfHsZrxdPGvzA,Dr Davin Lim,3,1721776,26415,857,0,3443.55,0.0121,2026-07-25 11:35:17.479934
UC9SOMwV_05IKz-qZZGm5Baw,ADEM GÜMÜŞKAYA,1,82685382,143000,11000,0,165370.76,0.0019,2026-07-25 11:35:17.479934
UC9SSUKnJIJxUjTD3eBaymLQ,Davidsbeenhere,1,1043740,15000,1300,0,2087.48,0.0156,2026-07-25 11:35:17.479934
UC9Se4yOQA93gs7jPxvXY2_Q,Zeugma Yapım,1,8587,66,3,0,17.17,0.008,2026-07-25 11:35:17.479934
UC9SlIYeOQb2vrTQ3opSCXkg,Amena,2,613952,11200,437,0,1227.91,0.0189,2026-07-25 11:35:17.479934
UC9SuELWTdhiAvuauGhNW--w,SAĞLICAKLA,1,324870,3000,225,0,649.74,0.0099,2026-07-25 11:35:17.479934
UC9T6Se4HP6uuMMCJhmjZT2Q,X Factor Kazakhstan,1,507047,0,0,0,1014.09,0.0,2026-07-25 11:35:17.479934
UC9T9hpLT-kmYc2hnOzsWaUw,İsmail Kasım Böler,1,2725438,5200,325,0,5450.88,0.002,2026-07-25 11:35:17.479934
UC9TDTjbOjFB9jADmPhSAPsw,NTV,29,2958641,23828,2723,0,5917.27,0.0105,2026-07-25 11:35:17.479934
UC9TJezP2M1ADmUYVl8hrQ2A,BRICO SYMPA,16,18506259,83647,14807,0,37012.51,0.0071,2026-07-25 11:35:17.479934
UC9TPnSTAKzf7KK11O9I7xsQ,Şiirli paylaşımlar Selim Bayraktar,1,842,40,0,0,1.68,0.0475,2026-07-25 11:35:17.479934
UC9TXLI8WyUqlXtW6sP_j5XQ,Devlet-i Safeviyye,1,1134047,3400,177,0,2268.09,0.0032,2026-07-25 11:35:17.479934
UC9T_qxz0g7FKhj6sXz2LKyQ,Cambridge House International Inc.,5,1423741,15678,1144,0,2847.48,0.0105,2026-07-25 11:35:17.479934
UC9TreTE-iXwfwQl72DzDurA,Kandee Johnson,3,5021669,80300,2500,0,10043.34,0.0237,2026-07-25 11:35:17.479934
UC9U-uSV0VVFHNi1ss-ZDmNA,rıfat ceylan,1,1373897,4600,749,0,2747.79,0.0039,2026-07-25 11:35:17.479934
UC9UdM5xkaYRgO3ItqUrjyrA,Bizim Yol,2,2192043,13026,728,0,4384.09,0.006,2026-07-25 11:35:17.479934
UC9UdqkXGuaI5rmh16c6Hy4g,virgola_,1,14354,426,18,0,28.71,0.0309,2026-07-25 11:35:17.479934
UC9UfNASD814-E2j7WRtG-NA,Selçuk EROĞLU,1,2856511,7500,447,0,5713.02,0.0028,2026-07-25 11:35:17.479934
UC9UiHmBS68rwA9mdUSTn4ZA,Канал охотника,3,1591947,6600,1765,0,3183.89,0.0058,2026-07-25 11:35:17.479934
UC9UtaJm9hFbS0fhgsIMfv5Q,Murat OTHAN,1,2496255,9300,1100,0,4992.51,0.0042,2026-07-25 11:35:17.479934
UC9V1G5Kv8lxmrxU3sFXD05Q,Souruzg,1,844,6,2,0,1.69,0.0095,2026-07-25 11:35:17.479934
UC9VI1P5SIC3HqFNwNsTtmPQ,Ufuk Esen,1,210,4,2,0,0.42,0.0286,2026-07-25 11:35:17.479934
UC9VMWYiId1y2HZIRpCJu-eg,Unique Kinetics,1,4730517,9400,1300,0,9461.03,0.0023,2026-07-25 11:35:17.479934
UC9VauhsbLgpybiVlBJzUQng,Mitch Anderson,1,682434,4800,716,0,1364.87,0.0081,2026-07-25 11:35:17.479934
UC9VsV3sjZZzSjdML3SWeb4A,Happy Babies JokeTV,2,31010,740,32,0,62.02,0.0334,2026-07-25 11:35:17.479934
UC9WLj-5UxTPQn6dw6etRVEQ,ismail tv,1,238004,1000,78,0,476.01,0.0045,2026-07-25 11:35:17.479934
UC9WLlYIINGxm2G-IivOYIJQ,ООО НПФ БИНАР,1,1717190,7500,1900,0,3434.38,0.0055,2026-07-25 11:35:17.479934
UC9WNQePxmFyIvQsteZ-VF9w,ARTbmk★,1,871,14,0,0,1.74,0.0161,2026-07-25 11:35:17.479934
UC9WNYD33FxNXIs68ey-SCRg,im4out again,2,23995097,98059,5139,0,47990.19,0.0087,2026-07-25 11:35:17.479934
UC9WatCjNsGDJbDhe96SRmTQ,Pakistani Reacts,1,3041898,45000,3400,0,6083.8,0.0159,2026-07-25 11:35:17.479934
UC9WqpZ9OmmzDY8IpqCFHj3Q,Vizyonom TV,1,19537,224,67,0,39.07,0.0149,2026-07-25 11:35:17.479934
UC9XApX69D6BFYwOFTnRVkMA,Müzik Delisi,1,30978,138,13,0,61.96,0.0049,2026-07-25 11:35:17.479934
UC9XvmqigO8TSWxNjPhLflRw,Gaziétorix,1,536679,1100,146,0,1073.36,0.0023,2026-07-25 11:35:17.479934
UC9YMbHr-noprpSp_rbgElnA,GÜR &amp; MUTLU TARIM,2,459759,1252,141,0,919.52,0.0029,2026-07-25 11:35:17.479934
UC9YX5x_VU8gfe0Oui0TaLJg,Sephora,8,5948550,96023,5511,0,11897.1,0.0246,2026-07-25 11:35:17.479934
UC9YY1QA_2PYERCfC0AswKHg,Sanggar Liza,1,1529204,3300,548,0,3058.41,0.0025,2026-07-25 11:35:17.479934
UC9YltMInTXRp-DJFJGvQEFw,DD Debate,1,246911,1600,244,0,493.82,0.0075,2026-07-25 11:35:17.479934
UC9Z1mXfsgR-bnsMiotCCXxw,Hola! Fiona,2,1063775,11200,623,0,2127.55,0.0117,2026-07-25 11:35:17.479934
UC9Z6eCYJSVMz4AKVT-BB9HA,tuncer şahin,1,21318,71,2,0,42.64,0.0034,2026-07-25 11:35:17.479934
UC9ZimVJyk0JwGI74sNvRkBw,VT MotoVlogs,1,17417892,43000,6900,0,34835.78,0.0029,2026-07-25 11:35:17.479934
UC9ZryVTQ03nt06vOQQMmiSw,YildizTezcan,3,395257,1278,99,0,790.52,0.0035,2026-07-25 11:35:17.479934
UC9_NX_P_YwPr8K0oplWFUrw,Tuyen Nguyen,1,11065560,40000,7000,0,22131.12,0.0042,2026-07-25 11:35:17.479934
UC9_NuCm-ARt9h-cPfZQ1Heg,PedroPaulo10i,3,29524422,72200,12857,0,59048.85,0.0036,2026-07-25 11:35:17.479934
UC9_QMFWVNs5WFZA5-eFQOog,Etv Haskovo,14,370500,2947,292,0,741.01,0.0131,2026-07-25 11:35:17.479934
UC9_viogjuadqqit_C210Kxw,Qulp Studio Rezonans Məhkum TV,1,93021,436,47,0,186.04,0.0052,2026-07-25 11:35:17.479934
UC9aAwek9nvRJkqtcUCKQJdw,Musti Çiçek Evi,3,304068,2398,248,0,608.14,0.0093,2026-07-25 11:35:17.479934
UC9aB4zeFRFHlkmqJpBGYA4w,KayinvalidemveBen,1,2365339,22000,1600,0,4730.68,0.01,2026-07-25 11:35:17.479934
UC9aEEYqJcn-1E5UiKpFiA9Q,Catherine Malicet Coach,2,338915,3473,525,0,677.83,0.0124,2026-07-25 11:35:17.479934
UC9aIZ5jINUMvqBRUULmFu4g,ratolina,3,1611966,83000,1306,0,3223.94,0.0524,2026-07-25 11:35:17.479934
UC9aV74ZCWCi85mqk0WczBKg,Aydasal,2,348872,7500,227,0,697.75,0.0262,2026-07-25 11:35:17.479934
UC9aeQQ-NqjHS3nfiod2PMSA,INSEAD,1,37448,660,11,0,74.9,0.0179,2026-07-25 11:35:17.479934
UC9b8nlFXCIvs-7tYc5ids0A,Mike K,1,14149718,25000,2000,0,28299.44,0.0019,2026-07-25 11:35:17.479934
UC9b9AviLXEtklGKgvG-FQpA,Aleyna Aydın,1,57,7,0,0,0.11,0.1228,2026-07-25 11:35:17.479934
UC9bCVfcsB2JKXgsWG0JdBRQ,Râşid Kalender,1,63366,950,241,0,126.73,0.0188,2026-07-25 11:35:17.479934
UC9bH3ElrXwo5u5AV0_Z1U1w,AZERBAIJAN VIDEO BANK TV,1,26473,87,20,0,52.95,0.004,2026-07-25 11:35:17.479934
UC9bbSO2GCNIcQqNYX1ens_Q,Amparo Lacruz DIY,5,675218,19698,432,1,1350.43,0.0292,2026-07-25 11:35:17.479934
UC9c-aHUvxO1d8Ht6vVwNTdg,BAYAN NİHAYET,1,2066002,5500,206,0,4132.0,0.0028,2026-07-25 11:35:17.479934
UC9c5F4erLvMBuFPXvoRPLSg,Klassic Kadillac,1,4569873,16000,4000,0,9139.75,0.0044,2026-07-25 11:35:17.479934
UC9cGX5x0_EXkdfmWlvPbu3g,Discovery UK,2,1140622,8200,422,0,2281.24,0.0074,2026-07-25 11:35:17.479934
UC9cIr4IB2NSyNrTUxqfiAfg,alwaysfastest,1,1073126,1300,361,0,2146.25,0.0015,2026-07-25 11:35:17.479934
UC9cRTEDTedmVR1d9f54uKQQ,Kartal 24,1,339,2,2,0,0.68,0.0118,2026-07-25 11:35:17.479934
UC9cduFtMfIYs8oMibanaUqA,DigiHeadTV,1,4195,25,24,0,8.39,0.0117,2026-07-25 11:35:17.479934
UC9cwBJdsdeUcFRMT9JaxXrA,insanadair,4,53304,757,52,0,106.6,0.0128,2026-07-25 11:35:17.479934
UC9d2nh2_hwz2UwPdGPSBTkA,Vuqar Mamedov,1,1928184,11000,660,0,3856.37,0.006,2026-07-25 11:35:17.479934
UC9d5p7tpI16-MQEwMmBu5TA,Furkan Onur Tunçer,2,474148,8700,476,0,948.29,0.0268,2026-07-25 11:35:17.479934
UC9dK66iOszWuLNfrDgAKF2g,ZEYTİNBURNU TV,1,1860,7,5,0,3.72,0.0065,2026-07-25 11:35:17.479934
UC9dNejpcpWkA_gymc0X0Eiw,Dünay Kılıç,1,835,2,0,0,1.67,0.0024,2026-07-25 11:35:17.479934
UC9dXwL8ch9Vc54LR4zcCKsw,Ahmet Can Gündoğdu,1,588912,4500,129,0,1177.82,0.0079,2026-07-25 11:35:17.479934
UC9dlkj5OWBpA5RwMjzV7Qlg,eve beauty etc,1,15127,352,7,0,30.25,0.0237,2026-07-25 11:35:17.479934
UC9dzZfm2TJK_7YxsSZPRwbQ,Vatandas Osman,1,110403,241,22,0,220.81,0.0024,2026-07-25 11:35:17.479934
UC9dzpl4QlegNww6aHEEowyw,Ihlas News Agency,69,26869350,176479,18057,0,53738.68,0.0081,2026-07-25 11:35:17.479934
UC9e0AeIasX0eec5DjwRCYag,Adrianna Grotkowska Make Up,3,1545345,30200,933,0,3090.69,0.029,2026-07-25 11:35:17.479934
UC9e3X1YLmrHsWwzXPUHmLBw,Erhan &amp; Ertan,2,1394011,4694,1848,0,2788.02,0.0034,2026-07-25 11:35:17.479934
UC9eGfYynx8-6ztaRoH2ED3w,fashionworks5,1,192836,1300,161,0,385.67,0.0076,2026-07-25 11:35:17.479934
UC9eL9HbLmiIE1Cxd3wjGvtw,Zoltan Eberhart,1,1159721,8800,925,0,2319.44,0.0084,2026-07-25 11:35:17.479934
UC9ea6V2FX95KDbsRbuSQx7A,ВИДЕО ХИТ,7,487582,961,436,0,975.16,0.0093,2026-07-25 11:35:17.479934
UC9ecQ72p226Rbsm-leyxE8A,BehindTheScience,1,25393,929,16,0,50.79,0.0372,2026-07-25 11:35:17.479934
UC9f3EQl1eTWrLpS5o1fQMYQ,GİZLİ KALMIŞ DEFİNELER,3,2783309,10200,2843,0,5566.62,0.0096,2026-07-25 11:35:17.479934
UC9f72O1XqE08WkwZtCgOmQg,TIMS&amp;B Productions,5,495896,2207,204,0,991.78,0.0054,2026-07-25 11:35:17.479934
UC9f78Z5hgtDt0n8JWyfBk8Q,Quartz,2,849707,17900,1734,0,1699.41,0.0286,2026-07-25 11:35:17.479934
UC9fJAzr0q1Yn_D9VTOw_dYA,Mustafa ÖNSEL,1,2068,29,2,0,4.14,0.015,2026-07-25 11:35:17.479934
UC9fSZHEh6XsRpX-xJc6lT3A,UrAvgConsumer,2,1891615,59000,1405,0,3783.23,0.0348,2026-07-25 11:35:17.479934
UC9fevBJQEZnMCjxmpfPC0IQ,Ina Tout Le Monde En Parle,3,46503,111,33,0,93.0,0.0033,2026-07-25 11:35:17.479934
UC9fljGn9t_Fp5MuSsP9046g,Yasmina,4,2554098,87300,2457,98,5108.19,0.0443,2026-07-25 11:35:17.479934
UC9g7tEP14TGj77YnFdH52DQ,TheSari647,1,30460,68,6,0,60.92,0.0024,2026-07-25 11:35:17.479934
UC9gRa33fHbG_CCCwdwS9eww,PB TV,2,18065,321,15,1,36.13,0.0289,2026-07-25 11:35:17.479934
UC9gWUkTGzdrTKC17CRlvnNg,Meera Meme P,1,94801,1500,105,0,189.6,0.0169,2026-07-25 11:35:17.479934
UC9g_MNLgTomkOHdBcg9A7Ig,Royal Style,3,6539195,60200,6697,0,13078.39,0.0139,2026-07-25 11:35:17.479934
UC9gve3jdu111zNWBdbpTwcQ,Söz Müzik Sinema Yapım,5,11225965,47397,3613,0,22451.92,0.005,2026-07-25 11:35:17.479934
UC9hPiu04H_z4V-gvUf5BmaA,Epic Life,2,3022054,20236,1377,0,6044.11,0.0051,2026-07-25 11:35:17.479934
UC9hPrTF9XfFYC2NpKwwo6Hw,Liste 5,1,837900,1800,377,0,1675.8,0.0026,2026-07-25 11:35:17.479934
UC9h_cFcI8oyw-miIDgTuJlA,SITKIAKAN,1,929102,1500,132,0,1858.2,0.0018,2026-07-25 11:35:17.479934
UC9heCfp65stZ2z2IwVYs2Jw,Nisa Sayar,2,501886,1613,121,0,1003.77,0.0069,2026-07-25 11:35:17.479934
UC9hjXy61UPW7iLfWswKzhww,Ơn giời cậu đây rồi,11,60075596,188900,20947,0,120151.2,0.0036,2026-07-25 11:35:17.479934
UC9i5pBy9cZXzjWfWCLMBkHw,Eski Yerli Diziler ve Filmler,5,3052979,9139,1451,0,6105.95,0.0035,2026-07-25 11:35:17.479934
UC9ilq1pjMwonhMH6t1i_M3w,mesut aybat,2,461543,414,46,0,923.08,0.001,2026-07-25 11:35:17.479934
UC9iweofrGCZfa7KgUeO1q3g,Kemal Dinc,1,4236,46,2,0,8.47,0.0113,2026-07-25 11:35:17.479934
UC9j2eTWygU03_nrgNX4Uggg,Prof. Dr. Mustafa Çetiner,5,1202559,9861,1162,24,2405.11,0.0215,2026-07-25 11:35:17.479934
UC9jUxM-o26dW0DBtH5W3Fpg,Feyyaz Tv,2,497074,6300,338,0,994.15,0.0155,2026-07-25 11:35:17.479934
UC9jclI0TzQHFyAjPofYtm4g,Semih İpek,1,22432,153,29,0,44.86,0.0081,2026-07-25 11:35:17.479934
UC9jj-YYSGUXvY2J2nYw9dNQ,Mashable Deals,1,804840,7700,1100,0,1609.68,0.0109,2026-07-25 11:35:17.479934
UC9jmbzCgjsutbomEPBOyGIw,Şemsettin Taşbilek,1,965,13,0,0,1.93,0.0135,2026-07-25 11:35:17.479934
UC9jqqV8C3WyM25HLXElqX6Q,Сar Crash Top,2,6669360,66000,3100,0,13338.72,0.0106,2026-07-25 11:35:17.479934
UC9k-yiEpRHMNVOnOi_aQK8w,Inside Edition,17,41954054,332600,17246,34,83908.1,0.0095,2026-07-25 11:35:17.479934
UC9k4pncABHr-R04PchEntOw,İber Prodüksiyon,15,27936088,109762,6978,0,55872.18,0.0068,2026-07-25 11:35:17.479934
UC9k9txM-Qf_P10w15Shrlpg,Necmettin ÇUHADAROĞLU,1,165546,873,141,0,331.09,0.0061,2026-07-25 11:35:17.479934
UC9kIknvlgm6Ooh1WlKm-V_g,Elnur Salehov,1,267960,2100,68,0,535.92,0.0081,2026-07-25 11:35:17.479934
UC9kL1oks9VUkjlBwt5owfJg,Mobile Legends: Bang Bang Türkiye,1,19608,611,36,0,39.22,0.033,2026-07-25 11:35:17.479934
UC9kaYNDfMWUdx2SEyQ-3i0A,StayNVious,1,31498,529,28,0,63.0,0.0177,2026-07-25 11:35:17.479934
UC9l29DiZM3rSAdAnX8uFOKA,Rabia Türemiş,2,39820,564,20,0,79.64,0.0168,2026-07-25 11:35:17.479934
UC9l3GdvKiDcgsgSB5hrAcmg,Mattel Nederlands,1,348968,967,113,1,697.94,0.0031,2026-07-25 11:35:17.479934
UC9l9zIsStulSpA0PzoyuLPw,Reel Things,1,1968,42,2,0,3.94,0.0224,2026-07-25 11:35:17.479934
UC9lJHLsOtsT1KBJwA9JfZag,omerarsu,2,182490,459,67,0,364.98,0.003,2026-07-25 11:35:17.479934
UC9lLKvtvbGpw0XT8dm3bNoQ,furkan dagtekin,1,743488,1900,146,0,1486.98,0.0028,2026-07-25 11:35:17.479934
UC9la74mRzGM43yOPxUEoJOw,YU 0 Laki / Jugoslovenski partizani,2,259410,1160,201,0,518.82,0.0256,2026-07-25 11:35:17.479934
UC9lk6FyqeeeQHCcT7zxFGLg,Murat Kekilli Official,1,1538516,5000,311,0,3077.03,0.0035,2026-07-25 11:35:17.479934
UC9mHA8M24_87L-qHebajnqQ,Glitter Suomi,1,1109,9,2,0,2.22,0.0099,2026-07-25 11:35:17.479934
UC9mLlvZivZhnIeAeCx-2bNg,Tolga Şengül,1,770840,3000,224,0,1541.68,0.0042,2026-07-25 11:35:17.479934
UC9mN7eWaKgWsCOj-Fo9WFXw,ILoveParis,3,697160,4741,586,0,1394.32,0.0075,2026-07-25 11:35:17.479934
UC9maOnWjGGIlmZRRQQBLeYw,The Good of the Land,3,4966779,66700,3306,0,9933.56,0.0146,2026-07-25 11:35:17.479934
UC9n4aME_ZtP5AC6MMeysItQ,okutan film,1,314610,1400,178,0,629.22,0.005,2026-07-25 11:35:17.479934
UC9nDUMEv1HrzBNJqCqBXYoA,Güllü Official Fanpage,9,1040783,4542,242,0,2081.56,0.005,2026-07-25 11:35:17.479934
UC9nEh4nFE0ff0rYRtY360xg,Dan Joseph,1,6677696,32000,1800,0,13355.39,0.0051,2026-07-25 11:35:17.479934
UC9n_FQ0BZ6QP_ONMmImv--g,Büyük Projeler,2,17471,155,7,0,34.94,0.0106,2026-07-25 11:35:17.479934
UC9nv_xfDVMkzHE59YYhda1A,Ercan KELEŞ,1,2431780,7400,625,0,4863.56,0.0033,2026-07-25 11:35:17.479934
UC9oC0zAp0KK6KSsJUEMrDHQ,The World of Orhan Gencebay,3,502572,1921,117,0,1005.15,0.0042,2026-07-25 11:35:17.479934
UC9oHIo7dvkGpre4Mr3gKgSg,Клякsа DIY,1,331683,8200,195,0,663.37,0.0253,2026-07-25 11:35:17.479934
UC9oI0Du20oMOlzsLDTQGfug,NEWSONE,4,94194048,81046,33732,0,188388.09,0.0071,2026-07-25 11:35:17.479934
UC9oQIRi9OSmVVirHo9kHRdA,Vaughan Macinnes,1,444472,651,241,0,888.94,0.002,2026-07-25 11:35:17.479934
UC9oV9fLxRYgMxeWvjRMoegw,MegaIsmail58,1,494860,1300,120,0,989.72,0.0029,2026-07-25 11:35:17.479934
UC9obdDRxQkmn_4YpcBMTYLw,Tiger FunnyWorks,1,11674307,76000,16000,0,23348.61,0.0079,2026-07-25 11:35:17.479934
UC9osthmZecKXx1063q_tEIQ,Reportage Express,6,2785363,35083,2090,0,5570.73,0.0113,2026-07-25 11:35:17.479934
UC9pVsYdQ8HPMpJCzfv8Gw2A,Emir Yargın'la Çakal Lezzetler,2,89366,2244,47,0,178.73,0.032,2026-07-25 11:35:17.479934
UC9pXSjkGwaiL2G5WpjewRQQ,Gönül Göze,2,17896,601,40,0,35.79,0.0361,2026-07-25 11:35:17.479934
UC9pZ5hPHKANoN5qgTYh3ayw,Ariella Amaral Official,1,971,16,3,0,1.94,0.0196,2026-07-25 11:35:17.479934
UC9plELyZWBGoFupW4nVz0aQ,welchang,8,4168074,19712,1646,0,8336.16,0.0058,2026-07-25 11:35:17.479934
UC9plfuJMgtfhOY2zOUux9VA,كريستينا حنا - Christina Hanna,1,10798,830,9,0,21.6,0.0777,2026-07-25 11:35:17.479934
UC9pwa1jW3Tw6NFSZRbt-SEQ,davetsiz a.y,2,531170,1666,222,0,1062.34,0.0039,2026-07-25 11:35:17.479934
UC9pxhe5SIktkmKMbxYLGtlQ,Çağla Çatal,1,6590,23,2,0,13.18,0.0038,2026-07-25 11:35:17.479934
UC9q18TQbUy5l9Qh-ByM5ERw,izletimevideo,1,150582,736,59,0,301.16,0.0053,2026-07-25 11:35:17.479934
UC9qItJ2Gs8Xfu6y_ERKNsxw,Voices of Music,1,102566,338,49,0,205.13,0.0038,2026-07-25 11:35:17.479934
UC9qRu4sa-xJU5KUgq3_6Jmw,Hâdimü'l Mevlânâ,3,5701,98,4,0,11.4,0.0176,2026-07-25 11:35:17.479934
UC9qY47GPZYN7G4RZSwHhi0Q,dearestabbie,1,34349551,59000,14000,0,68699.1,0.0021,2026-07-25 11:35:17.479934
UC9qeWXFnfuKB-tPHqiPp8dg,eHowEspanol,1,969068,5200,336,0,1938.14,0.0057,2026-07-25 11:35:17.479934
UC9qp0ELUe0T22sWQPLRLzBw,TVStudioB,1,11865,98,4,0,23.73,0.0086,2026-07-25 11:35:17.479934
UC9qzDTOBIzYa-VQE4cR6Uzg,sönmez müzik,1,76662,88,16,0,153.32,0.0014,2026-07-25 11:35:17.479934
UC9r-KqaeyNQmchIl_1SvRDA,AromaFortuna,1,1886021,19000,3200,0,3772.04,0.0118,2026-07-25 11:35:17.479934
UC9r-njSbdGM15e_oHhZ0ixg,Virtual Drummer,1,387196,3100,245,0,774.39,0.0086,2026-07-25 11:35:17.479934
UC9r3lJZzZPR5tGohTXwg4JA,Alperen,1,647822,1300,91,0,1295.64,0.0021,2026-07-25 11:35:17.479934
UC9rC3k9T-H8LWOUZC4jhOuw,Cafer Sığındı,1,1191,23,0,0,2.38,0.0193,2026-07-25 11:35:17.479934
UC9rGkf9kmCDi4kAmbd1Csyw,Doctor Squish,1,5948636,96000,5100,0,11897.27,0.017,2026-07-25 11:35:17.479934
UC9rVS63P-Z0TOmO0nXuC_JQ,Almina Taner,6,1391406,26700,2027,0,2782.81,0.0253,2026-07-25 11:35:17.479934
UC9s8LqqU9QEYff2sQsc6-fw,32ilhan,1,10847809,28000,15000,0,21695.62,0.004,2026-07-25 11:35:17.479934
UC9sOyKokcUefd8jmVQU5Ffw,KatiaRumyanka,1,10590,256,22,0,21.18,0.0263,2026-07-25 11:35:17.479934
UC9sVW4TEm5pNstbCuWTx9KA,Keşfet TV 35,2,1157,69,0,0,2.32,0.0602,2026-07-25 11:35:17.479934
UC9sXw4ZdPEIp6bYGvLW-_iA,vpro documentary,2,2065627,14400,562,0,4131.25,0.0071,2026-07-25 11:35:17.479934
UC9seuOEPAkVjWcH4r2p2VsA,Katya Lel,1,12210071,42000,3000,0,24420.14,0.0037,2026-07-25 11:35:17.479934
UC9slx_T-Rjue2axR4IA9r5A,iStateOfMind3,1,853146,6000,542,0,1706.29,0.0077,2026-07-25 11:35:17.479934
UC9so8taDeV0wXey-bvHIB7w,denizmahir24,1,1696315,4300,395,0,3392.63,0.0028,2026-07-25 11:35:17.479934
UC9szVenmk8MBJ-6CFoBxKxw,Taklitman TV,2,4660292,176000,13900,0,9320.58,0.0518,2026-07-25 11:35:17.479934
UC9t67J_J7Vv3HfmctdCGUNg,ihsan efe,1,1879,8,0,0,3.76,0.0043,2026-07-25 11:35:17.479934
UC9tEC9IjEx-rvwshniK_9jQ,Ahmet Aktas,1,319763,1900,76,0,639.53,0.0062,2026-07-25 11:35:17.479934
UC9tPZae2q9xiPKdT5cETFVA,Cem Koçak,1,612284,1000,207,0,1224.57,0.002,2026-07-25 11:35:17.479934
UC9tVh-F5zwK5bk_6IfRuLaA,Evimde Hobi,3,143186,1973,154,0,286.38,0.0179,2026-07-25 11:35:17.479934
UC9t_2tk2ShWfggIye3QeX9g,Aslı Şahin,4,346460,1199,133,0,692.93,0.005,2026-07-25 11:35:17.479934
UC9tcFgt15riXdXacF78G8eg,Caner can,1,724731,2300,173,1,1449.46,0.0034,2026-07-25 11:35:17.479934
UC9teJxy7mdyWTu0E5C__QoA,Quintus,2,4338277,21922,2255,0,8676.56,0.0083,2026-07-25 11:35:17.479934
UC9tjC9pJeNTT5lve6k5zmCA,Kırgınım Sana Hayat,1,1519257,14000,825,0,3038.51,0.0098,2026-07-25 11:35:17.479934
UC9uBj2WJGzYCJgEwIXUmQFw,sadık sarıhan,1,774531,2200,232,0,1549.06,0.0031,2026-07-25 11:35:17.479934
UC9uD-W5zQHQuAVT2GdcLCvg,Science Insider,2,6300205,49000,3200,0,12600.41,0.019,2026-07-25 11:35:17.479934
UC9uIfxBZsokLzeqqgMv_qYw,Royalty Exotic Cars,1,314703,8500,342,0,629.41,0.0281,2026-07-25 11:35:17.479934
UC9uLBAnGarPLolSxM1gAC6g,Onur Erdur,1,125381,347,40,0,250.76,0.0031,2026-07-25 11:35:17.479934
UC9uPr1r_1ys_npEFXUMmE2A,Büyük Türkiye,1,37488,890,76,0,74.98,0.0258,2026-07-25 11:35:17.479934
UC9uWF_tgXu44fXxmK5k8F1A,Ider Alves,17,19739744,301800,20907,0,39479.5,0.0251,2026-07-25 11:35:17.479934
UC9ubzm4LvAudBdUvN-11DSA,Huhe Munhe,1,1704681,12000,357,0,3409.36,0.0072,2026-07-25 11:35:17.479934
UC9ufJjXPMr3aJzNVUU8__AQ,Tuğçe Gültekin,1,2815,118,2,0,5.63,0.0426,2026-07-25 11:35:17.479934
UC9ur3BlVz1KItHdxauY1plw,Steph Willis,1,58684,1100,19,0,117.37,0.0191,2026-07-25 11:35:17.479934
UC9v7p7HAc7Lt1oWFR7voEMw,ARAŞTIRI YORUM,1,476543,2500,1000,0,953.09,0.0073,2026-07-25 11:35:17.479934
UC9vXSXmApDXxUknX3OXid4Q,Faruk Başaran,1,124220,179,17,0,248.44,0.0016,2026-07-25 11:35:17.479934
UC9vgi80SCBp0o9Sk7d-rNuQ,Mangleshwar Yadav,1,2878263,36000,2500,0,5756.53,0.0134,2026-07-25 11:35:17.479934
UC9vriSUgubrsXxXAqS1wVPA,Turan Hacılı,1,880616,7400,401,0,1761.23,0.0089,2026-07-25 11:35:17.479934
UC9w1USNgpVtyQ_g788E2v6A,Yüksəliş TV,1,519190,3500,1100,0,1038.38,0.0089,2026-07-25 11:35:17.479934
UC9wLIkJnebrIreMjO1Cnc4w,Güçlü Psikoloji,12,1904635,41819,1803,0,3809.28,0.0314,2026-07-25 11:35:17.479934
UC9wYSYJwy_WX25ppKuMlhDA,Xeniya She,1,8151,143,8,0,16.3,0.0185,2026-07-25 11:35:17.479934
UC9w_2u_o4Z5fWNdaJxIhTDw,halil ibo kılıç,1,146058,431,61,0,292.12,0.0034,2026-07-25 11:35:17.479934
UC9wf87thKOW731ncraUw9Zw,Ezgi Kasapoğlu,2,297235,4277,272,0,594.47,0.0214,2026-07-25 11:35:17.479934
UC9x4-93vT6hJuMj3c1NSb0Q,Terrafugia Inc,1,22807,142,25,0,45.61,0.0073,2026-07-25 11:35:17.479934
UC9x8bxKuBmvT5pMrBZNZA3g,O'Beauty,1,6105,350,10,0,12.21,0.059,2026-07-25 11:35:17.479934
UC9xTTEtPvpPWsk72m5euOWQ,MOTOR.ru,3,7108246,77351,7031,138,14216.49,0.0165,2026-07-25 11:35:17.479934
UC9xj5GKA0-Dr_filKO9YbnA,GAKKU TV,1,298068,5800,225,0,596.14,0.0202,2026-07-25 11:35:17.479934
UC9xkc8dWgBsFfC7DOJfJLFg,92nd Street Y,9,2642773,20380,1458,0,5285.55,0.011,2026-07-25 11:35:17.479934
UC9xrfT_rWNmPcr-9bP9i4Vw,Persian_boy,1,3288,29,2,0,6.58,0.0094,2026-07-25 11:35:17.479934
UC9y5vlPKrkOTK7I-1D-rsew,Mina Studios,1,108,0,0,0,0.22,0.0,2026-07-25 11:35:17.479934
UC9y68tJYkb38ZyXUiYOoGhQ,Не Стендап,6,1625380,17711,1649,0,3250.76,0.0124,2026-07-25 11:35:17.479934
UC9yVILEwmqgO5NyPjxj-Org,MissDebbieDIY,6,2947195,27000,1698,0,5894.39,0.0043,2026-07-25 11:35:17.479934
UC9yf8ozNfg-xrjFXZqVKkTA,Kadir Aydemir,1,329,4,0,0,0.66,0.0122,2026-07-25 11:35:17.479934
UC9ykDeEInxjt34donNcLYqw,askantv,7,1450242,2773,448,0,2900.49,0.0022,2026-07-25 11:35:17.479934
UC9yz1T9bqzJfbbJpI9PnrAg,Tirana Today,1,1512,9,3,0,3.02,0.0079,2026-07-25 11:35:17.479934
UC9zEsvCUflLNJ7Qptx74UBw,DEKA Müzik,13,28529954,74799,10694,0,57059.91,0.0037,2026-07-25 11:35:17.479934
UC9zG77Z3CU_YARqPRgetn5g,Foto Sima,1,308854,513,43,0,617.71,0.0018,2026-07-25 11:35:17.479934
UC9zX2xZIJ4cnwRsgBpHGvMg,BeyoncéVEVO,2,966838138,4163000,151000,0,1933676.27,0.0069,2026-07-25 11:35:17.479934
UC9zZohI10IbUzDe5tjN-92g,ЦКБ по СПК им. Р.Е. Алексеева,2,56856,400,25,0,113.71,0.0089,2026-07-25 11:35:17.479934
UC9zaCMZUXfkt5DVOh4bjDOA,Súper Humano,1,26516872,207000,10000,0,53033.74,0.0082,2026-07-25 11:35:17.479934
UC9zhaOHE5768XJ1TXifbWYg,nezire canan karaarslan,3,148952,654,168,0,297.9,0.006,2026-07-25 11:35:17.479934
UC9zkkrx-RE5SgfBfs0TzLyA,Ambulance in Istanbul,5,849767,9239,354,0,1699.54,0.0137,2026-07-25 11:35:17.479934
UCA-1uDjcASOADP8PMtXOq8Q,Ahmet Capan,2,199537,923,73,0,399.07,0.0061,2026-07-25 11:35:17.479934
UCA-_35tT8Xh4_e-XKndzXaw,Ceryan Hoca,1,18480,142,7,0,36.96,0.0081,2026-07-25 11:35:17.479934
UCA-cKx0p_ymQ_9uVk4bT48Q,Wipeout,1,3426672,3000,2400,0,6853.34,0.0016,2026-07-25 11:35:17.479934
UCA-dJkXAA2efI7e2KyFuwvA,merve nur balakar,1,820208,4300,117,0,1640.42,0.0054,2026-07-25 11:35:17.479934
UCA-duVjAjBztS_nIxCjZ1cg,HaytaBeyi,1,994349,2600,327,0,1988.7,0.0029,2026-07-25 11:35:17.479934
UCA-mWX9CvCTVFWRMb9bKc9w,Dan Martell,1,12249,180,2,0,24.5,0.0149,2026-07-25 11:35:17.479934
UCA-qS3h9Fmf_jxzd1P3Omqg,Hevi Prodüksiyon,2,7057,224,6,0,14.11,0.0334,2026-07-25 11:35:17.479934
UCA-s0djbv9vohABvf2hmJZg,Haber55 TV,3,581228,6377,202,0,1162.46,0.0087,2026-07-25 11:35:17.479934
UCA-tHQB0r61smFKkkJBHPhA,Heavy Equipment,3,1958374,5721,1551,0,3916.75,0.0037,2026-07-25 11:35:17.479934
UCA-uekT24MpJ1ENleLdH1lg,Yacine Zaid,1,778394,3600,524,0,1556.79,0.0053,2026-07-25 11:35:17.479934
UCA071Pllf2wk-B8Rkwt47bQ,Anonymous Official,1,1855394,20000,876,0,3710.79,0.0113,2026-07-25 11:35:17.479934
UCA0Hs3F6l5exWF-YBzTvpwQ,TVChernoMore,1,221040,199,106,0,442.08,0.0014,2026-07-25 11:35:17.479934
UCA0NZzUXMD0wNE55ewHp7UQ,Grey Wolf,4,33007711,257755,9113,0,66015.42,0.0095,2026-07-25 11:35:17.479934
UCA0YrqcJUX2qClTzlVZVKjw,benjaminabi,2,229084,878,36,0,458.16,0.0039,2026-07-25 11:35:17.479934
UCA0gfFg-7iSO0NEc_7OLgUg,Kayıp Dualar,1,578246,5900,264,0,1156.49,0.0107,2026-07-25 11:35:17.479934
UCA16VYWTYacv7bJrjYAP-_A,Harun Aksu,3,1824294,20900,1263,0,3648.59,0.0152,2026-07-25 11:35:17.479934
UCA1729rKGOX0i7O8E5F-FvA,Fitbolkolik Tv,1,83738,265,39,0,167.48,0.0036,2026-07-25 11:35:17.479934
UCA18-T3mjgKxul3sRaIFZxw,ELA-NS Channel,1,59776,791,31,0,119.55,0.0138,2026-07-25 11:35:17.479934
UCA1DMZ3LcKiP2l5eh1s86_g,Alaaddin Karadavut,2,7061,149,6,0,14.12,0.0176,2026-07-25 11:35:17.479934
UCA1EfFDe2LKNdD46TlSzvIg,Mehmet Fatih Sari,1,1491,5,0,0,2.98,0.0034,2026-07-25 11:35:17.479934
UCA1Xa5U3bjeCnI_z-vvQqsw,Strangest World,1,133959,675,183,0,267.92,0.0064,2026-07-25 11:35:17.479934
UCA1uUcxG_I1gXSSpnA2Dr9g,fashiopatia,2,3809380,31000,3223,0,7618.76,0.0376,2026-07-25 11:35:17.479934
UCA2AiPpYQSYpkULuIDE0NPQ,Sabrina Anijs,1,181981,2100,413,0,363.96,0.0138,2026-07-25 11:35:17.479934
UCA2DDHm5ngIuKSspURFIDtA,Жега &amp; Революция,17,3667272,7581,1458,3,7334.55,0.0026,2026-07-25 11:35:17.479934
UCA2DauS90sMNx9jqK3wiuFQ,Venga La Alegría,2,1446822,7510,2602,0,2893.65,0.0098,2026-07-25 11:35:17.479934
UCA2MXcL9yqgmzYPHDB0i4dw,Anadolu İlahiyat Akademisi,2,26141,334,18,0,52.28,0.0116,2026-07-25 11:35:17.479934
UCA2Vacue4K9LPzFzioGWQvw,Mila Bircu,1,3912,59,10,0,7.82,0.0176,2026-07-25 11:35:17.479934
UCA2gzFofaDJzjG3RBZBvnhQ,Osman Özaraz,2,93832,682,33,0,187.66,0.0076,2026-07-25 11:35:17.479934
UCA2hD70-dEtAu8nGfJuh_Cw,Washington and Lee University,1,70173,0,0,0,140.35,0.0,2026-07-25 11:35:17.479934
UCA2hlCmtE3KiIYu86RvJ3UQ,Nur Ateş,1,717364,1800,242,0,1434.73,0.0028,2026-07-25 11:35:17.479934
UCA2lzA7QXzw6dQDaNM4kfvA,Oliver Brunzel,1,1648415,899,304,0,3296.83,0.0007,2026-07-25 11:35:17.479934
UCA2m2ZiOBiLA2TdsCG4ARhw,Dokuzuncu Köy,1,61580,445,22,0,123.16,0.0076,2026-07-25 11:35:17.479934
UCA2s4HHqH5j30wvki6P9AXQ,öykü gülen güven,1,4586910,12000,878,0,9173.82,0.0028,2026-07-25 11:35:17.479934
UCA3Lillszhzs_Mv0Da0EHlg,Jens95,1,1839142,10000,418,0,3678.28,0.0057,2026-07-25 11:35:17.479934
UCA3q9qoa7tL-Jvg-wjqshqQ,Krystal Clear Makeup,1,822463,28000,369,0,1644.93,0.0345,2026-07-25 11:35:17.479934
UCA3xx6hRHPr2x9RWlWxpS5w,Ekim Baykara,1,8984,30,12,0,17.97,0.0047,2026-07-25 11:35:17.479934
UCA43_DwkZkLm5x0yxdT3ldA,Ferhat Can,1,949534,1300,147,0,1899.07,0.0015,2026-07-25 11:35:17.479934
UCA44le_l5R2ep6EJiiQiyUw,Trend Mix,1,2040080,14000,3100,0,4080.16,0.0084,2026-07-25 11:35:17.479934
UCA4J7D257EHhLlzMNpoGFWQ,AkcaabatAjans,1,1021,2,2,0,2.04,0.0039,2026-07-25 11:35:17.479934
UCA4a7E6hsQ6eQd2wITFgoog,MatigolVidz,3,2524593,17500,801,0,5049.18,0.0109,2026-07-25 11:35:17.479934
UCA547ID8gLqZqLyhe44uyQQ,Emrah Özdemir,1,1726101,5800,308,0,3452.2,0.0035,2026-07-25 11:35:17.479934
UCA5wv3lbx6fn54ou6uytSIA,Bollywood Spy,1,316659,2500,165,0,633.32,0.0084,2026-07-25 11:35:17.479934
UCA60ncLmnT88CLfAs3YD3KQ,Gresa Nuredini,1,2639239,3000,1700,0,5278.48,0.0018,2026-07-25 11:35:17.479934
UCA6AAWGDQIJ4EcwtJQFwkMA,Sude Çınar,1,457598,10000,404,0,915.2,0.0227,2026-07-25 11:35:17.479934
UCA6aJAT9rH8vRwWGiGr2iqQ,Cargospotter,6,7071366,31700,3045,26,14142.73,0.0058,2026-07-25 11:35:17.479934
UCA6sZ5-dF7UElnxTVX-oh3Q,Sibel şahin,1,1190412,0,0,0,2380.82,0.0,2026-07-25 11:35:17.479934
UCA6t3jtPzk6uT287tTM1pPQ,WePlayTR,2,2169762,10716,195,0,4339.53,0.009,2026-07-25 11:35:17.479934
UCA6w1uyKYrUyvWYoF8Ru6Pw,Rob Schrader,1,7094,54,2,0,14.19,0.0079,2026-07-25 11:35:17.479934
UCA7FyJwxFsKzfUrBD6xvBRA,Her Gün Bir &amp; DUA &amp; HADİS &amp; AYET,1,31176,201,88,0,62.35,0.0093,2026-07-25 11:35:17.479934
UCA7oKSb_biH_yaLukhy-ILw,can öz,1,115577,418,21,0,231.15,0.0038,2026-07-25 11:35:17.479934
UCA7sv68sx6nfzKngj___3eg,Zeynep Turanlı,1,68693,142,21,0,137.39,0.0024,2026-07-25 11:35:17.479934
UCA8BvaH-JV6mHqw7kmij4ZQ,Opale6,2,4806521,10002,596,0,9613.04,0.0095,2026-07-25 11:35:17.479934
UCA8J5ZvS8zi9WE1gRTc4xUw,Yasin Yavuz,1,17463,80,24,0,34.93,0.006,2026-07-25 11:35:17.479934
UCA8N_0F-KYXSyT5OSJzSizA,DÆrik,1,782597,8800,430,0,1565.19,0.0118,2026-07-25 11:35:17.479934
UCA8P3Rgfjn0IFZL4bmrKbrg,Phil Town's Rule #1 Investing,2,1789411,46177,1762,0,3578.82,0.0154,2026-07-25 11:35:17.479934
UCA8_-LBCglz1OKWPD77xVGA,Prof. Saraçoğlu,2,752016,3716,434,0,1504.03,0.0063,2026-07-25 11:35:17.479934
UCA8g44cXRk04zPmoRAs4atg,komedikomik,1,1414699,2800,681,0,2829.4,0.0025,2026-07-25 11:35:17.479934
UCA8x119TMd1esbI3woeIbQg,Трум Трум СЕЛЕКТ,6,16888114,186000,17681,0,33776.24,0.0157,2026-07-25 11:35:17.479934
UCA9-G5yqSziTxzpNNmXhI3g,alier32,3,1236890,3715,275,0,2473.78,0.0042,2026-07-25 11:35:17.479934
UCA9PjIO3zeNFZQGlGmxE4Ew,Mustafa Er,10,1881670,5329,858,0,3763.34,0.0053,2026-07-25 11:35:17.479934
UCA9hVVQlXtGPvVk2_FQqFyA,ARZU SELIMOĞLU,8,1636269,3466,422,0,3272.54,0.0023,2026-07-25 11:35:17.479934
UCA9hjeklYmPIWMaqNjnC3vw,Sudimagesdu34,1,70420,429,24,0,140.84,0.0064,2026-07-25 11:35:17.479934
UCA9mNlMxUKyToo7CgAm39-w,bordaux,1,576318,1100,98,0,1152.64,0.0021,2026-07-25 11:35:17.479934
UCAAFafvHgT6h6nx05xVG6aQ,Nayantara Parpia,1,192929,2700,119,0,385.86,0.0146,2026-07-25 11:35:17.479934
UCAAN2x18JFWLR4GmX62-rMw,Zeyn San,1,4089,318,3,0,8.18,0.0785,2026-07-25 11:35:17.479934
UCAAUvPb5AYlmzU8Oxq3GG6Q,Simo Atlas,1,348918,972,225,0,697.84,0.0034,2026-07-25 11:35:17.479934
UCAAZZchlqA1GhUoZitDCWhA,Kelime Oyunu,2,538829,1025,224,0,1077.66,0.0028,2026-07-25 11:35:17.479934
UCAAfKLrr-w4X1ifTTKcPKCw,Hafız Mehmet Ali EROĞLU,1,65893,526,53,0,131.79,0.0088,2026-07-25 11:35:17.479934
UCAAgkiSIyOjXPo8zJqypdmg,Rənanin Metbexi,1,53784,587,82,0,107.57,0.0124,2026-07-25 11:35:17.479934
UCAAoX0TIa9l4ZJAk5yduO3w,Dursunbey Belediyesi,4,5344,24,5,0,10.69,0.0061,2026-07-25 11:35:17.479934
UCAApIqotCrceYUdqwNOTmsg,isuryar,1,994911,2700,80,0,1989.82,0.0028,2026-07-25 11:35:17.479934
UCAAteSS9Td4BD-mtCk_ZJgw,Tuana İstanbul,1,27549,177,3,0,55.1,0.0065,2026-07-25 11:35:17.479934
UCAB0jgb_EOBUZDeaURieG3w,Fips Proje,1,22882,102,7,0,45.76,0.0048,2026-07-25 11:35:17.479934
UCAB4UrkEpvrRqLWEHbrpbeA,Çağrı Pesek,1,31829,131,5,0,63.66,0.0043,2026-07-25 11:35:17.479934
UCAB9w7rDn_JGGdJpTYOx9Jw,Nurlan Namazov,1,1321,20,2,1,2.64,0.0174,2026-07-25 11:35:17.479934
UCABAHECVn_e3Se65NdlDRsA,Defne Ilgaz,1,1053,38,2,0,2.11,0.038,2026-07-25 11:35:17.479934
UCABb-hvHPdwqXKmz-X7BQxw,duymadım DEME!,53,36160533,244519,34295,0,72321.06,0.0104,2026-07-25 11:35:17.479934
UCABi6R84jg3wFEXkKRfxgTQ,"Türkçü, Milliyetçi, Ülkücü Şiir",4,94541,1143,24,0,189.09,0.0123,2026-07-25 11:35:17.479934
UCABj3H_HHFjR5aCptx1IcbQ,Eyvaz Garip,1,60754,128,17,0,121.51,0.0024,2026-07-25 11:35:17.479934
UCABkMXYvzYpIYKDeVqbGvFA,Orçun - Orkun Tekelioğlu,2,81304,900,16,0,162.61,0.0123,2026-07-25 11:35:17.479934
UCABxRHgZnwp3_PBMs7glQZw,Berekat Prodüksiyon,11,307145,3360,261,0,614.28,0.0136,2026-07-25 11:35:17.479934
UCABzirZ6FyebIf8YSptKMwQ,Kurtlar Vadisi,24,58142273,145806,14478,0,116284.56,0.0028,2026-07-25 11:35:17.479934
UCAC1Az6zc4CFU8mSB_ehVVg,Ayşegül Can Göçer,2,3882,114,7,0,7.76,0.0312,2026-07-25 11:35:17.479934
UCACHG1s2ek7YS8HpAx1z-Yw,Фануза Кунафина,1,658421,9800,777,0,1316.84,0.0161,2026-07-25 11:35:17.479934
UCACRim7l0tmc5lhNnDQyUvQ,The Dallas Morning News,1,186862,1000,29,0,373.72,0.0055,2026-07-25 11:35:17.479934
UCACcLGKhC5G18FuJo580qaQ,Pusula Web TV,2,630937,2449,348,0,1261.88,0.006,2026-07-25 11:35:17.479934
UCACdxU3VrJIJc7ujxtHWs1w,euronews (deutsch),1,57066,715,46,0,114.13,0.0133,2026-07-25 11:35:17.479934
UCACfB3F9xKpprXkg0f58N-w,school-swap-korea-style,1,2852793,28000,1000,0,5705.59,0.0102,2026-07-25 11:35:17.479934
UCACgtgaaqCv4nhHk7DrMcGA,Xem Gì Hôm Nay - Bóng Đá,1,1258734,8400,727,0,2517.47,0.0073,2026-07-25 11:35:17.479934
UCACho1eNN5abUBwyKs_aPpQ,Rian77,1,669433,1700,308,0,1338.87,0.003,2026-07-25 11:35:17.479934
UCACqd0XcaBRE6iyZYbIKBFw,Mania Vaidosa Michelle Del Santo,1,286478,19000,414,0,572.96,0.0678,2026-07-25 11:35:17.479934
UCACzEIyqtcn_axR4Vz-zIig,Büşra Köse,1,16295,1300,12,0,32.59,0.0805,2026-07-25 11:35:17.479934
UCAD20pDkW0R6F6NfUuKbO1g,fotorıdvan /Bigadiç /Dügün /sünnet /Nişan,1,501,4,0,0,1.0,0.008,2026-07-25 11:35:17.479934
UCAD7mAwc9cE7vlda-2530AA,Niesamowite Fakty,3,915333,19500,783,0,1830.67,0.0236,2026-07-25 11:35:17.479934
UCADAD5_9DO2XorUvTAHKeNQ,Narmin Anz,1,198421,772,57,0,396.84,0.0042,2026-07-25 11:35:17.479934
UCADFP4bXvD9Mc-lRBxemN4g,CİHAN ÇAYLAN,3,767735,2290,376,0,1535.47,0.0042,2026-07-25 11:35:17.479934
UCADGnqPYoTclT9l9rgCVSSQ,Kadir Alkan TV,3,837227,14900,818,0,1674.45,0.0181,2026-07-25 11:35:17.479934
UCADWB4H8ngRA1d_eahiVrcA,Stroika G,1,2143693,11000,876,0,4287.39,0.0055,2026-07-25 11:35:17.479934
UCADXV51XgPEmuI_JLLjVRfA,Şener Karyağdı,1,85321,390,26,0,170.64,0.0049,2026-07-25 11:35:17.479934
UCAE0D0Cm9Cx4HAfS-gDJKAw,CynthiaTV,1,9641718,422000,12000,0,19283.44,0.045,2026-07-25 11:35:17.479934
UCAE4F6TxH7HDPW7z2L59CdA,Safaa Channel,1,439612,9800,499,0,879.22,0.0234,2026-07-25 11:35:17.479934
UCAEF4fs1k_w4TwFdpFynsiA,furkan köksal,2,491913,2800,179,0,983.83,0.0066,2026-07-25 11:35:17.479934
UCAEHK5cHQ9HVSa1_Mc3H9ow,Intermezzo Music - instrumental music,1,7850966,55000,3200,0,15701.93,0.0074,2026-07-25 11:35:17.479934
UCAEXsTDpslMi9_upb0EFngA,Sevgi Bahcesi,1,116304,393,69,0,232.61,0.004,2026-07-25 11:35:17.479934
UCAEk92Mb4eM2r5YQjif3wAw,NURULLAH GÜRBÜZ KÖSE,1,9283,13,7,0,18.57,0.0022,2026-07-25 11:35:17.479934
UCAEl5YXcIayGReID__WgL6A,Can Dost,2,1232709,6816,253,0,2465.42,0.0037,2026-07-25 11:35:17.479934
UCAEp26oeWu9jMo5E7tNB2kQ,AL.com,1,43706,79,67,0,87.41,0.0033,2026-07-25 11:35:17.479934
UCAEwK_CRE_HZcGzVgqaY7tQ,HARDLINE NUTRITION,1,59570,569,38,0,119.14,0.0102,2026-07-25 11:35:17.479934
UCAFKgdKwF0WZBK9sC1cxlAA,123 GO! Challenge Russian,1,6217444,37000,9600,0,12434.89,0.0075,2026-07-25 11:35:17.479934
UCAFMYNh3p9Od4-dssnRvgMQ,Engin Özdemir,5,368537,13300,324,0,737.07,0.0479,2026-07-25 11:35:17.479934
UCAG5HALf4Y2G24ytrlgPocQ,Kült TV,15,6345699,61400,6668,0,12691.41,0.0199,2026-07-25 11:35:17.479934
UCAGDldVt9Z6c3N7EcU_ZNjw,Kyle McGran,1,3479436,28000,8700,0,6958.87,0.0105,2026-07-25 11:35:17.479934
UCAGGk_TUULO_i6ouLG8_19Q,Melisa Geliş,2,2316482,2200,102,0,4632.97,0.0154,2026-07-25 11:35:17.479934
UCAGVKxpAKwXMWdmcHbrvcwQ,EKOTÜRK TV,9,92427,1258,60,0,184.85,0.0256,2026-07-25 11:35:17.479934
UCAGaMEVnHIA2giL4BI_3_uQ,HeldenvandeWeg,1,44972,139,5,0,89.94,0.0032,2026-07-25 11:35:17.479934
UCAH0aIYidbe4dNmFVCOrJgA,Asyalı Günler,1,39682,1000,53,0,79.36,0.0265,2026-07-25 11:35:17.479934
UCAH2TMR0rlTMIvO8qRWjOow,Enes Ykc,1,22277,157,7,0,44.55,0.0074,2026-07-25 11:35:17.479934
UCAH4NOIbnHpN3cW0Kgg2oOw,اختراع المعلم,1,8755036,21000,7100,0,17510.07,0.0032,2026-07-25 11:35:17.479934
UCAHHEP7u6dnKp65rPKw3nJg,Trackwrestling .com,2,138218,905,27,0,276.43,0.0157,2026-07-25 11:35:17.479934
UCAHn9oqEOg_ONg14NWc9m6A,Najwa Studio نجوا استدیو,2,78505,697,78,0,157.01,0.0103,2026-07-25 11:35:17.479934
UCAHoD0oQsNU6k5eZlfobkog,Sütlü Mutfak,5,1206556,29100,1005,27,2413.11,0.0226,2026-07-25 11:35:17.479934
UCAHwt1nKYd543jwO1ICh87A,Bebexo,1,30666,573,25,0,61.33,0.0195,2026-07-25 11:35:17.479934
UCAI9EhY018R5nucGftnfGzA,byl emre,1,353644,1200,126,0,707.29,0.0037,2026-07-25 11:35:17.479934
UCAIEwckXl5QO2x_HGcsHBKw,Eyup Başer,1,229,0,0,0,0.46,0.0,2026-07-25 11:35:17.479934
UCAIJE3GjESNnBq0qo6s6j6g,Video Market,2,227027,1462,187,0,454.06,0.0078,2026-07-25 11:35:17.479934
UCAILNsFb71BADpiaLYqB48g,Duru Önver,3,800094,16800,1316,0,1600.19,0.0297,2026-07-25 11:35:17.479934
UCAIsuWqtvpzisKkPORvw9Hg,Yayındayız TV,2,6780691,33000,2430,0,13561.38,0.0057,2026-07-25 11:35:17.479934
UCAIxr4DpLZH-Iih4mlbLjiA,Saba7o Korah - صباحو كورة,3,2481684,183000,3640,0,4963.37,0.0774,2026-07-25 11:35:17.479934
UCAJ-p7hjyHwKH9aZTqW07sA,basket24gr,1,435896,1400,45,0,871.79,0.0033,2026-07-25 11:35:17.479934
UCAJCNH6_KXr-cJiHPeAVdNA,M. İlhan Genç,1,122821,753,8,0,245.64,0.0062,2026-07-25 11:35:17.479934
UCAJM0dH9j5xv6Uu94Mu5REQ,SPICA LIFE,6,834764,6041,613,0,1669.53,0.0096,2026-07-25 11:35:17.479934
UCAJWFy9SRONIEfWxx9xxoTw,bobomurod xolov,1,1534797,7000,743,15,3069.59,0.0051,2026-07-25 11:35:17.479934
UCAJWJ_GfFfpaytmV6Dp_UNg,Kenan Yılmaz,1,20022,110,17,0,40.04,0.0063,2026-07-25 11:35:17.479934
UCAJXxy6qaSEQhY0Hq5sRvuA,Siyah Beyaz Arşiv,1,28461,332,16,0,56.92,0.0122,2026-07-25 11:35:17.479934
UCAJb42z2GoR3mxr8tPVFe8g,MandalWeb Tasarım,1,138298,149,48,0,276.6,0.0014,2026-07-25 11:35:17.479934
UCAJcU9SesgVqsJ8M0l7zYrA,Fanatik Film - Yerli,29,103052299,377494,35040,0,206104.6,0.0037,2026-07-25 11:35:17.479934
UCAJkqyFh2JnirPAlU7frymQ,Cavid Abdullayev Official,1,40125,583,24,0,80.25,0.0151,2026-07-25 11:35:17.479934
UCAJsgoAqxBgt4myI798D_hA,BaboFilms,1,236590,14000,812,0,473.18,0.0626,2026-07-25 11:35:17.479934
UCAJwu_JxMliCKL_0V4Wl4hw,dünyadan fotoğraflar,5,495605,13019,94,0,991.21,0.0295,2026-07-25 11:35:17.479934
UCAK4CskbOcwiZ31TmEMc6yg,Ünlü Mamuller Yapım,1,1552257,23000,198,60,3104.51,0.015,2026-07-25 11:35:17.479934
UCAKA5lnZuGE-Z4uDh7LLkgw,SULTANIN OYUNCAK ATÖLYESİ,16,6393938,103100,4201,0,12787.86,0.017,2026-07-25 11:35:17.479934
UCAKTJqqWIlikVhEecRjvwCA,YÜREK SIZIM,1,1235,15,2,0,2.47,0.0138,2026-07-25 11:35:17.479934
UCAKV_1IQp0V3k_iodMj2fyQ,Marty Brodsky,1,4402004,6600,2300,0,8804.01,0.002,2026-07-25 11:35:17.479934
UCALB-UiEvYunLPDdTDt_Gkw,Yasemin Can Yatağan,1,364,33,2,0,0.73,0.0962,2026-07-25 11:35:17.479934
UCALHvpjqmBwdRwYPc3qVezw,İşler Güçler,4,8599729,30270,2630,0,17199.46,0.0038,2026-07-25 11:35:17.479934
UCALQmB6ug_RUYac5yrtKfXg,L’Emission politique,5,1382487,5538,1234,0,2764.98,0.0055,2026-07-25 11:35:17.479934
UCALZGswAlROr9sl8EbpA5ew,Irinka Pirinka,1,2144,84,2,0,4.29,0.0401,2026-07-25 11:35:17.479934
UCALi504cQwFM4kQDTJ7TYDA,Teqva TV,3,650274,16400,401,0,1300.55,0.0258,2026-07-25 11:35:17.479934
UCALlyryr9U57Msd4W3uDhFQ,Häussler Backdorf,3,178623,1625,60,0,357.25,0.01,2026-07-25 11:35:17.479934
UCALqnnTZ6u_shINVZobMoIA,CEO of information,2,166820,863,203,0,333.64,0.0245,2026-07-25 11:35:17.479934
UCALzD1jw2tNa4MDMa4kUyQQ,Zulfa Zuroya,1,8241,80,63,0,16.48,0.0174,2026-07-25 11:35:17.479934
UCAM9Pvp3HzKvIAbAXHxidow,FIG Channel,1,125954,937,58,0,251.91,0.0079,2026-07-25 11:35:17.479934
UCAMKTtcWpjjeKJnmWytLfZQ,coches.net,1,497401,2900,152,0,994.8,0.0061,2026-07-25 11:35:17.479934
UCAMNfdv-L12Nth_AYMJGqsA,Ramazan Gençtürk,2,4730058,7926,816,0,9460.11,0.0017,2026-07-25 11:35:17.479934
UCAN0CV1y6GC0tpP2lkcknCQ,Gérald Dahan,3,411048,3466,381,0,822.1,0.0097,2026-07-25 11:35:17.479934
UCAN8dBrnDeLS_6QPgu4J_YQ,Koopmans Meel,1,3336,20,2,0,6.67,0.0066,2026-07-25 11:35:17.479934
UCAN9mKRbwyBkmixG7lX_M0g,mesut işinçelik,1,26826,75,19,0,53.65,0.0035,2026-07-25 11:35:17.479934
UCANPgYLnoXKr7FErKddQVkg,Roshni Bhatia,1,98596,4300,320,0,197.19,0.0469,2026-07-25 11:35:17.479934
UCANWmxOIYsq1uzmjislb6VQ,kazım əli,2,20977,273,10,0,41.95,0.0138,2026-07-25 11:35:17.479934
UCANXCRFjBPEIm9aXowUxH_w,Melek Çepni Koç,10,27181027,206400,13962,0,54362.05,0.0133,2026-07-25 11:35:17.479934
UCANllpJBVxuQ53J0G9_e2oQ,Sema Shukurlu,2,1093542,5732,432,0,2187.09,0.0107,2026-07-25 11:35:17.479934
UCANusfysqkOall5M4_P-xLQ,Merium Pervaiz,2,263801,18600,218,0,527.6,0.0718,2026-07-25 11:35:17.479934
UCAO2TF_QruhzpSrz42NGu_w,1302 TV,1,16645,41,17,0,33.29,0.0035,2026-07-25 11:35:17.479934
UCAO38diOrBrTX73Sc1kgH4w,MorozLaw,2,1637011,15016,830,0,3274.02,0.0164,2026-07-25 11:35:17.479934
UCAO7YG--My2XEcuXbNGg6FQ,millimusiqi,2,358962,1538,153,0,717.93,0.0066,2026-07-25 11:35:17.479934
UCAO9RPTxP6cO_48iz541kRQ,iKnow Channel,2,7266393,37000,4000,0,14532.79,0.0057,2026-07-25 11:35:17.479934
UCAODatbmA1ldywtF_PaDGxg,Hit الموسم,2,6923416,55513,2150,0,13846.83,0.0089,2026-07-25 11:35:17.479934
UCAOSL2MzRiBf8aJVOQ-wjyg,Şanslı Adam,1,1030373,8000,1100,0,2060.75,0.0088,2026-07-25 11:35:17.479934
UCAOdrZSUfJ2O36kgo6ZCo9Q,vemenn,2,13882337,42000,3634,0,27764.67,0.0037,2026-07-25 11:35:17.479934
UCAOtE1V7Ots4DjM8JLlrYgg,Peppa Pig - Official Channel,4,59017066,98600,44600,0,118034.13,0.0031,2026-07-25 11:35:17.479934
UCAOxJBNyL5XaPgyCn9nwUig,Grup KARADÜZEN,1,13236,107,3,0,26.47,0.0083,2026-07-25 11:35:17.479934
UCAPByrKU5-R1emswVlyH_-g,Motiversity,1,3878686,51000,2300,90,7757.37,0.0138,2026-07-25 11:35:17.479934
UCAPIcBp6l59Q2Gtayqcj1zg,La Caprichosa,2,34824,805,18,0,69.65,0.0428,2026-07-25 11:35:17.479934
UCAPO_y1cwsrI-gI7-8WFDuw,Hüseyin SUBAŞI,3,11829483,23468,5865,0,23658.97,0.0055,2026-07-25 11:35:17.479934
UCAPP4S31djkGlNlpeqHe9vQ,Yusif Yusifov,1,303421,2500,125,0,606.84,0.0087,2026-07-25 11:35:17.479934
UCAPeVyYlmmTYhfcYZbS_2Gg,Anıl Çetin,4,3490662,9300,1833,0,6981.33,0.0037,2026-07-25 11:35:17.479934
UCAPhwGdvtMYp1tVklsth-Hg,Troposphere Aviation,1,822830,6800,238,0,1645.66,0.0086,2026-07-25 11:35:17.479934
UCAPoCouIzNwdZgq2-mjPX7w,Zulfiyya Xanbabayeva,6,4973998,29900,1084,0,9948.0,0.0071,2026-07-25 11:35:17.479934
UCAPyMM_pzirDh7G01iMT7Tg,hokus19,1,1509838,3800,300,0,3019.68,0.0027,2026-07-25 11:35:17.479934
UCAQ8oU_GAMgKNAxcncUhpkw,DIFFERENT PERSPECTIVE,3,62042,1428,201,0,124.08,0.0446,2026-07-25 11:35:17.479934
UCAQUbZ0adn1FTqNHWwV5iHQ,Hüseyin Uygun,4,519,6,0,0,1.04,0.0077,2026-07-25 11:35:17.479934
UCAQbOjyuXZ7ZrU2FxM85Emg,Behruz Nuriddinov,1,2199580,14000,707,0,4399.16,0.0067,2026-07-25 11:35:17.479934
UCAQbcK4tV1GDgfpceJRpICg,İnsan ve İrfan Vakfı,2,12308,381,7,0,24.61,0.0762,2026-07-25 11:35:17.479934
UCAQeLDhxysaA1TbIQF5i5Wg,Dilek Şimşek,2,234472,1039,77,0,468.95,0.0054,2026-07-25 11:35:17.479934
UCAQfsJwdaEy5L9ehl4q0QrQ,Alice Salazar,3,852361,62000,1349,0,1704.72,0.0735,2026-07-25 11:35:17.479934
UCAQoUBgs0KqaqvDrHVQC81w,FenixStudioOfficial,3,1536377,3476,1129,0,3072.76,0.0031,2026-07-25 11:35:17.479934
UCAR0Oy0BROOpYDBLt60MUBQ,Kaan Okutan,1,139185,478,44,0,278.37,0.0038,2026-07-25 11:35:17.479934
UCAR1-CDa7lOBhbTEZDGDusg,Филл,1,1019579,11000,1700,0,2039.16,0.0125,2026-07-25 11:35:17.479934
UCARDWIfr5T1tLNVuf4UI2Xw,Nagjibhai Asodaria,2,314540,3400,387,0,629.08,0.0122,2026-07-25 11:35:17.479934
UCARPyYiLU42KjLZU0ZaS5vw,Chris Janssens,2,83616,536,26,0,167.23,0.013,2026-07-25 11:35:17.479934
UCARRBzeklPw8OaizONm_d0A,koc hasim,1,2001832,4400,843,0,4003.66,0.0026,2026-07-25 11:35:17.479934
UCARaxZOqMmMfW2s-T1m1VZw,Ibnfatota ابن فطوطة,3,2611778,62200,3999,0,5223.56,0.0258,2026-07-25 11:35:17.479934
UCARdH4m1b-P8ThyoBX3ttvg,KD Beauty,1,370610,20000,145,0,741.22,0.0544,2026-07-25 11:35:17.479934
UCARuGNlQ7cgPmrEhW4A7oEw,Gizem Tüfekçi,3,103325,1741,176,0,206.66,0.023,2026-07-25 11:35:17.479934
UCARxaU2VPOqAcNRZpna4xLA,Gizem Sahnesi,1,108180,369,35,0,216.36,0.0037,2026-07-25 11:35:17.479934
UCAS4sZpVYFCjjx-X85fRzug,JTG TV XL,42,1712577,25940,1966,4,3425.16,0.0154,2026-07-25 11:35:17.479934
UCAS8Nd1xwsKXgDuRHA2r3vQ,A.Ozan TOKSÖZ,1,14384,11,2,0,28.77,0.0009,2026-07-25 11:35:17.479934
UCASX7Zr6-lm5ZUywcSxAdDQ,Olena UUTAi,1,23666,0,0,0,47.33,0.0,2026-07-25 11:35:17.479934
UCAStvslp7NQySmmFOpaSUPg,Best Oddly Satisfying,2,28111453,202500,14647,0,56222.9,0.0055,2026-07-25 11:35:17.479934
UCATRHloHfVJl84JVqJYytSw,bnge068,1,1017203,3100,187,0,2034.41,0.0032,2026-07-25 11:35:17.479934
UCATfKOikC8PTdzjjUOW9sLw,NNAAOOUURRYYY,1,299815,721,178,0,599.63,0.003,2026-07-25 11:35:17.479934
UCATuHkVc89eShwygRP99pSw,Samadhi Vibrations,1,808160,7500,464,0,1616.32,0.0099,2026-07-25 11:35:17.479934
UCATuYyg_ov479XZOSkQDYSA,Мила Микс,1,1653436,0,0,0,3306.87,0.0,2026-07-25 11:35:17.479934
UCAU8wYRjYmAJYqISl4beXdw,Sihirli Parmaklar Masaj Salonu,1,1444829,5800,1100,0,2889.66,0.0048,2026-07-25 11:35:17.479934
UCAU925ffurv5lSmSlf3c1gg,Duygu Köseoğlu,8,25482864,275000,21564,154,50965.74,0.0205,2026-07-25 11:35:17.479934
UCAU9ce50dxniKcnaR2WSTkw,TOP meilleures farces,1,8537971,60000,6300,0,17075.94,0.0078,2026-07-25 11:35:17.479934
UCAUEjHtf8KVD-_nyHioFSSg,kull44,1,5665619,10000,637,0,11331.24,0.0019,2026-07-25 11:35:17.479934
UCAUOCB3LbBGFRaulCsKulpw,JugendchorZürich,1,9910,51,2,0,19.82,0.0053,2026-07-25 11:35:17.479934
UCAUbyH1qtXOt8s1HEo9tNkQ,Ufuk Karcı - Kime Göre?,1,1418,71,3,0,2.84,0.0522,2026-07-25 11:35:17.479934
UCAUjC-s5Fv-3sv3ZBE7IjjQ,Yavuz Hakan Tok,5,24695343,40360,3354,11,49390.7,0.0028,2026-07-25 11:35:17.479934
UCAUuicmBlAWIMut-Bnyy3qw,Çağlar Barlas,2,206169,7800,152,0,412.34,0.0633,2026-07-25 11:35:17.479934
UCAVMNcJ8Oasrv6ywWVk6QWQ,Tatli Esintiler,3,826332,12000,926,0,1652.67,0.0163,2026-07-25 11:35:17.479934
UCAVNSJAk-ZdLUeZfWHC9bsA,kvofficialaze,5,872791,2878,412,0,1745.58,0.0043,2026-07-25 11:35:17.479934
UCAV_fJc4xqSa_Imwe4NofMA,Zahiros,2,10418708,23500,2709,0,20837.42,0.0022,2026-07-25 11:35:17.479934
UCAVgJT153_gmYuK-JhNuHWg,sandysperfectpaws,1,469769,2000,45,0,939.54,0.0044,2026-07-25 11:35:17.479934
UCAVng-MFI9bbODK4Wg6gsWg,Karazıpkalılar,1,79883,451,28,0,159.77,0.006,2026-07-25 11:35:17.479934
UCAVv_PMqS_UxtajMsn_iJ5Q,Serdar Gökalp,8,2307117,27714,1707,1,4614.23,0.0137,2026-07-25 11:35:17.479934
UCAW8izQiVyH6h-3yhc4VWgA,Ismail Efe,4,40966,135,15,0,81.93,0.0038,2026-07-25 11:35:17.479934
UCAWCzTl4juYvfRKjPMKTQ0g,MucitDesign,2,5551697,13200,941,0,11103.4,0.0021,2026-07-25 11:35:17.479934
UCAWKdNABIAF1_tR1vgGdv1w,coşkun trafik otopark çekici,7,433835,1428,90,0,867.68,0.0046,2026-07-25 11:35:17.479934
UCAWLXfb7hpJStwC7AEjepOg,caepkin,1,120897,272,25,0,241.79,0.0025,2026-07-25 11:35:17.479934
UCAWTnjeKM6WwyvtIjoKyFLg,Umit Yıldırım,1,8421,257,5,0,16.84,0.0311,2026-07-25 11:35:17.479934
UCAWhjFc0uoo1cPL4T-hV7VQ,ibo AÇIKGÖZ,1,3757,23,2,0,7.51,0.0067,2026-07-25 11:35:17.479934
UCAWmNo5l7M8ZDjtQ99-lriw,Zaid Aljaafari,1,428003,2200,47,0,856.01,0.0052,2026-07-25 11:35:17.479934
UCAXg1qB0wDGXZ9dl5lymzaw,Un Mate Mexicanizado,1,63464,1700,51,0,126.93,0.0276,2026-07-25 11:35:17.479934
UCAXsS2jfFRTUpQp7LQSvkFQ,Idee Francis,1,555287,9100,652,0,1110.57,0.0176,2026-07-25 11:35:17.479934
UCAXvfUwC7SIoC6f2ATpNfMg,Messi TheBoss,9,69898771,508600,20339,0,139797.55,0.009,2026-07-25 11:35:17.479934
UCAYJZDPjb7qojOs7I6kI0lw,BAYMEDYA ORGANİZASYON PROFESYONEL ÇÖZÜM ORTAĞI,1,1272,0,2,0,2.54,0.0016,2026-07-25 11:35:17.479934
UCAYSboETUWBxtfvfaI2exVg,Caney44,1,3122736,4900,641,0,6245.47,0.0018,2026-07-25 11:35:17.479934
UCAYShsVRe72TAjmG04W7Nkw,OĞUZHAN ABUŞ,1,5054,34,2,0,10.11,0.0071,2026-07-25 11:35:17.479934
UCAYZ7H8Xyb0_fN7blyVDs1Q,Ankylol,5,125294,6268,108,0,250.6,0.0661,2026-07-25 11:35:17.479934
UCAYZkYyRt6gWusTI0WNH_Vg,Елена Епифанцева,1,13554,469,4,0,27.11,0.0349,2026-07-25 11:35:17.479934
UCAYjcslkZufL58KDQezDXaQ,NicePrintChannel,1,270394,0,0,0,540.79,0.0,2026-07-25 11:35:17.479934
UCAYvCd3wOcXGadKu569LaJQ,VIDEOHOLIC,4,24036165,58000,12000,0,48072.33,0.003,2026-07-25 11:35:17.479934
UCAZ16DGZ95dVphPd943B0fQ,Nazan Öncel,7,1503887,8700,221,0,3007.77,0.0248,2026-07-25 11:35:17.479934
UCAZlyvJH8Vt6aa9hGDU9qhQ,Kocha Plus,5,441452,5269,432,0,882.91,0.0189,2026-07-25 11:35:17.479934
UCAZsLrynIVSrFELTTsLUkCg,Astriti Isniq,1,51395,99,23,0,102.79,0.0024,2026-07-25 11:35:17.479934
UCA_uaVC1dA8sHSbmyqqj-HA,Frankie HM Channel &amp; Plane Spotting,1,817528,2300,311,0,1635.06,0.0032,2026-07-25 11:35:17.479934
UCAaJ7vEs12WKuVomUCTFbzw,Shahab Jafarov,1,63769,1200,167,0,127.54,0.0214,2026-07-25 11:35:17.479934
UCAaK4eO2ihJEx3obu0j6kmw,Deniz MD,3,53772,1394,82,0,107.54,0.0361,2026-07-25 11:35:17.479934
UCAaPHBExAIn1t76_bMwy19A,2012Iliya,1,28842474,136000,7900,0,57684.95,0.005,2026-07-25 11:35:17.479934
UCAaQzRkUutPk4yV90c5lDVw,Натали,1,84515,2400,83,0,169.03,0.0294,2026-07-25 11:35:17.479934
UCAaX9NjMCos_Qwz3n41eUgg,André Rieu,7,121985195,654000,26800,0,243970.39,0.0059,2026-07-25 11:35:17.479934
UCAaZm4GcWqDg8358LIx3kmw,The World of Boxing!,5,29965405,194700,12362,47,59930.81,0.0074,2026-07-25 11:35:17.479934
UCAacNNgSNQbPizprV1N1J_A,EBRULİ MUTFAĞIM11,1,739947,9600,814,0,1479.89,0.0141,2026-07-25 11:35:17.479934
UCAakD8jDdAya5f59XRfiIuQ,ItsMyRayeRaye,4,6614670,219000,2929,0,13229.35,0.036,2026-07-25 11:35:17.479934
UCAb6IVLGYnzcnfxe4LKD-aw,ADVideofilm,3,3039804,6400,595,0,6079.6,0.0034,2026-07-25 11:35:17.479934
UCAbbju_1Wk2RuUmpadfsQsQ,SkalletaShow,1,298472,4200,431,0,596.94,0.0155,2026-07-25 11:35:17.479934
UCAbgzYcDh7GxPpDj-nUz8cw,Mustafa Cengiz,2,3057632,12101,702,0,6115.26,0.0077,2026-07-25 11:35:17.479934
UCAbs9ar263qnPIXxuyW9G2A,RevivalofTheUmmahTT,1,689535,9200,477,0,1379.07,0.014,2026-07-25 11:35:17.479934
UCAbwXCih3V81Cw6yO42dgCg,DeWolf,2,864696,9600,542,0,1729.39,0.0113,2026-07-25 11:35:17.479934
UCAc--gnlIiHCgeTgIvWkiJQ,Selçuk Büyük,1,4456480,57000,5600,0,8912.96,0.014,2026-07-25 11:35:17.479934
UCAc0CnclkwVELsTYhsgDezg,Wahl Việt Nam,2,1888964,17009,987,0,3777.93,0.0078,2026-07-25 11:35:17.479934
UCAcBSnqHWcOxRaYUhiIIgrA,Turkish Elevators,1,59514,254,17,0,119.03,0.0046,2026-07-25 11:35:17.479934
UCAcCiNZuDYYp5r37lTC_Whw,ilyas Manav,4,10893,40,8,0,21.78,0.004,2026-07-25 11:35:17.479934
UCAcD56qymTpdjdHogtYWNhA,DOKTORxKASAP,1,118142,367,24,0,236.28,0.0033,2026-07-25 11:35:17.479934
UCAcf6Qgq8Am5xqHMP-ZjA6g,Mehmet Turan,1,191121,1200,54,0,382.24,0.0066,2026-07-25 11:35:17.479934
UCAcgFwGhj7XpErjhAFGo9VQ,Top Famous Tube,5,5416610,28400,3159,0,10833.21,0.0065,2026-07-25 11:35:17.479934
UCAco1CzuBKsBAQVPu3F_vUw,Beauty In Each Centimeter,1,15070778,61000,8400,0,30141.56,0.0046,2026-07-25 11:35:17.479934
UCAd0ok6Z4gGfpJuHfC-eZCg,Cristina Barsan Make-up Artist,1,26036,752,20,0,52.07,0.0297,2026-07-25 11:35:17.479934
UCAdJUlxchks7YYuPskznLyw,1737 J,1,114170,376,74,0,228.34,0.0039,2026-07-25 11:35:17.479934
UCAdXKlFfIKW9BylYch2LeeA,Hikmet Şahin,1,171918,218,29,0,343.84,0.0014,2026-07-25 11:35:17.479934
UCAdyNOE80FsFPYlFliyXfwQ,Zapping Sauvage,2,8314260,37500,3600,0,16628.52,0.0057,2026-07-25 11:35:17.479934
UCAeFhampgxy4JRtIDHU9pcA,YourHealth,9,7422098,146200,7851,51,14844.2,0.0292,2026-07-25 11:35:17.479934
UCAeGU_32py17lgSXSphzC2w,Balkız Abacı,3,386662,8200,833,0,773.32,0.0231,2026-07-25 11:35:17.479934
UCAeR2-yeKbUrE7aNVnMwZrQ,erman alparslan,4,683399,1478,173,0,1366.8,0.0031,2026-07-25 11:35:17.479934
UCAeRdv9Dn_13I3qfuHd8pKg,Serdar Tuncer,5,20221,906,8,0,40.45,0.0595,2026-07-25 11:35:17.479934
UCAeWdyKJXGWmVAXFpgLNNTg,CBS Evening News,4,963209,8287,922,0,1926.42,0.0096,2026-07-25 11:35:17.479934
UCAekVoB5wIp-3fthr5M7AaQ,Eflatun Qubadov Official,2,3086485,10200,1691,0,6172.97,0.0053,2026-07-25 11:35:17.479934
UCAerW3NCsmHfdnN-B-jjtiw,İsmail Kurcenli,1,1223677,2400,132,0,2447.35,0.0021,2026-07-25 11:35:17.479934
UCAeuHz6cTgzEpm86XvvefvA,The Best music,1,155495,528,66,0,310.99,0.0038,2026-07-25 11:35:17.479934
UCAf8Rsv_9mnPRFXafAsghtw,Baskia Official,2,480462,900,117,0,960.93,0.0022,2026-07-25 11:35:17.479934
UCAfFk6fikHxhtTHZVNOklmA,Berkay Kılıç,1,63506,5300,114,0,127.01,0.0853,2026-07-25 11:35:17.479934
UCAfSQ-kzHC7omC7z_3RUc3g,Fehmi Atay,1,2812,45,3,0,5.62,0.0171,2026-07-25 11:35:17.479934
UCAfV4u1ITzYiqNQDOOceacw,musiqili teatr Vidadi Hesenov,2,183219,1251,100,0,366.43,0.0073,2026-07-25 11:35:17.479934
UCAfhrA4wgjAxNcANWeR9CGA,zūleyha caliskan,1,6273809,13000,1000,0,12547.62,0.0022,2026-07-25 11:35:17.479934
UCAfk-eozSIIzG9UAeq6wZNg,İxlas Tv,1,1094545,10000,612,0,2189.09,0.0097,2026-07-25 11:35:17.479934
UCAg74TJrwfpuCp1Jo3ZHMjA,Михаил Ходорковский,2,1549192,93000,2235,0,3098.38,0.0609,2026-07-25 11:35:17.479934
UCAgLBkEXrhrsRnF5sQmdZ3A,davelyizle,1,141298,24,4,0,282.6,0.0002,2026-07-25 11:35:17.479934
UCAgTlvVpPy067Efg-ha73iA,SADIGOV Emin,2,180916,1526,80,0,361.84,0.0088,2026-07-25 11:35:17.479934
UCAgfTmZ3aI0iLQ6RbPKv7tw,LeylaTheBand,3,165412014,508400,13860,0,330824.03,0.0096,2026-07-25 11:35:17.479934
UCAggKuSReBrj_fSEZmadDOg,Ferdici00,1,1554001,3400,252,0,3108.0,0.0024,2026-07-25 11:35:17.479934
UCAgghIjex2CcJUvS-PdTHEg,Musa Yucesan,1,5068,37,4,0,10.14,0.0081,2026-07-25 11:35:17.479934
UCAggmh5ulLerKs0w00kgTXg,Daniela de Santos,1,841224,6200,180,0,1682.45,0.0076,2026-07-25 11:35:17.479934
UCAgyfuS_xbISqn1A0JpB9JA,SEVGİ ÇİÇEĞİ,1,619909,7200,624,6,1239.82,0.0126,2026-07-25 11:35:17.479934
UCAh-v8FUh_fPVowYVadpmcw,Nat-Fab,1,349118,6300,239,0,698.24,0.0187,2026-07-25 11:35:17.479934
UCAh6oubs59yfjB-LRURLpVg,tackielisha,1,956187,3600,151,0,1912.37,0.0039,2026-07-25 11:35:17.479934
UCAhSLUXKWF-c3w1NF5VGWEA,Persian ProSingers,2,164474,1021,42,0,328.95,0.0076,2026-07-25 11:35:17.479934
UCAhUSyxAj9imyvhOBVv7jMQ,Bilgi Kutuları,1,400,8,2,0,0.8,0.025,2026-07-25 11:35:17.479934
UCAhlFRgMkaa6TTQ95wDooMQ,TAYLAN KUMELI,2,155801,5301,144,13,311.6,0.0263,2026-07-25 11:35:17.479934
UCAhuy90YbJdXyDDEwEknGBw,New Haber,1,339416,646,113,0,678.83,0.0022,2026-07-25 11:35:17.479934
UCAi1gijuBcJvS9qfRNSewTQ,Залим Алина Э,1,677445,1200,151,0,1354.89,0.002,2026-07-25 11:35:17.479934
UCAiBTx-e_C1agem97RxAIFg,Tuğba Paçurlu,1,2470,217,5,0,4.94,0.0899,2026-07-25 11:35:17.479934
UCAiDLf4we8tL-loGjQYWLfA,Lifestyle Fact,1,94,2,2,0,0.19,0.0426,2026-07-25 11:35:17.479934
UCAic4lAqKI-SdADeX-E4CtQ,SingeDesign,6,152779,6255,198,0,305.57,0.0434,2026-07-25 11:35:17.479934
UCAidnAvHTF-JbLAML7EGx8Q,ibrahim karakaya,1,92458,200,29,0,184.92,0.0025,2026-07-25 11:35:17.479934
UCAig_zYpGSNibJYEaLXdi5Q,Belle Lucia,1,1278404,23000,975,0,2556.81,0.0188,2026-07-25 11:35:17.479934
UCAj8pkpiE9NUp2yzoNbLJeQ,Rausgefahren,1,17876,878,14,0,35.75,0.0499,2026-07-25 11:35:17.479934
UCAjCAwdc4xchenmgUOFPcmQ,Philipp Konrad,1,19451,534,17,0,38.9,0.0283,2026-07-25 11:35:17.479934
UCAjHWPeG-avxCUWQD38g5UA,Camila Modesto,1,89828,1100,24,0,179.66,0.0125,2026-07-25 11:35:17.479934
UCAjKv2kF9K-H_Xd1LnC-Wuw,Petenaldo,2,1759314,9982,387,0,3518.63,0.0082,2026-07-25 11:35:17.479934
UCAjPPwjBcSvGVoe9rl2aT3g,HellenicSniper1,1,4307,35,9,0,8.61,0.0102,2026-07-25 11:35:17.479934
UCAjUM67yp1Ze7G8mdBQRulQ,Mraviationguy,1,4088066,18000,1700,0,8176.13,0.0048,2026-07-25 11:35:17.479934
UCAjeB8mlOzzXwlRnSQp0jgg,Alaattin Arici,1,138251,245,64,0,276.5,0.0022,2026-07-25 11:35:17.479934
UCAjrF5O8LgS7KfPFeKKIZPw,Azhar VlogsKz,5,983117,20391,1184,0,1966.23,0.0334,2026-07-25 11:35:17.479934
UCAjyYWIrN3RGFbWKVTbedeg,By Mehmet Karaca ツ,1,77998,291,18,0,156.0,0.004,2026-07-25 11:35:17.479934
UCAjzmUVx8sd8LfvEjX3towg,Kahraman Cavus,1,254423,232,12,0,508.85,0.001,2026-07-25 11:35:17.479934
UCAkBbpFu0sUrpgpWaCJIgQQ,Funniest Commercials Compilation,2,3359535,15700,1096,0,6719.07,0.0059,2026-07-25 11:35:17.479934
UCAk_W-SjrYidNuKKQc0bKJQ,jkop19,1,398302,1300,66,0,796.6,0.0034,2026-07-25 11:35:17.479934
UCAka125cs-e3GrOgEmPquag,Nurseda Kayhan,1,59758,941,132,0,119.52,0.018,2026-07-25 11:35:17.479934
UCAkqAwuyz_qu3vfgAMQPCBw,Autovisie,12,706122,4843,401,0,1412.24,0.0164,2026-07-25 11:35:17.479934
UCAl35R6YxDRz5jtkJ20hWqw,Berk sapmaz,1,611279,1200,61,0,1222.56,0.0021,2026-07-25 11:35:17.479934
UCAl3jbhT9Ylprk8y043DJCA,Free Rider,1,6827,1000,12,0,13.65,0.1482,2026-07-25 11:35:17.479934
UCAlEMx_gfLxbWkKoDjNJFdQ,MEYXANA GOLD,13,18588346,128400,7312,2,37176.7,0.0081,2026-07-25 11:35:17.479934
UCAlYA_jloMjYi2-YUNoQE6Q,This Southern Girl Can,1,122412,0,0,0,244.82,0.0,2026-07-25 11:35:17.479934
UCAlmfkf3a33xs4RvFPY2BbQ,İNQİLAB TV,3,122989,6400,715,0,245.98,0.0589,2026-07-25 11:35:17.479934
UCAluuk7bZk31A-sjiJZQexA,thucanduongpho,1,13601589,29000,7700,0,27203.18,0.0027,2026-07-25 11:35:17.479934
UCAmPtRtZzzvxonizK4Z2mSg,Gamze Denizkizi,1,1127520,979,104,0,2255.04,0.001,2026-07-25 11:35:17.479934
UCAmi11Ws6o4mE6x96ch0apw,Hashiyeh News,1,40834,400,26,0,81.67,0.0104,2026-07-25 11:35:17.479934
UCAmjLRbDsCmssO8qzHNt9Ig,Cosmopolitan Türkiye,1,68574,868,23,0,137.15,0.013,2026-07-25 11:35:17.479934
UCAmsjsEO0Yr_uMNml8YNotA,Shukur Mikayilzade,1,750,28,2,0,1.5,0.04,2026-07-25 11:35:17.479934
UCAmwvHuGR-st-Pa6a1O6KlA,Fatih Bulut,1,21357,11,3,0,42.71,0.0007,2026-07-25 11:35:17.479934
UCAnFaDAtBtFwdYa5iJ8nbBw,Mary Gaillard,1,10153,756,17,0,20.31,0.0761,2026-07-25 11:35:17.479934
UCAnJrDDBHu9DPBAcY0gqxQQ,TAHİR Temurtas,1,1193,18,0,0,2.39,0.0151,2026-07-25 11:35:17.479934
UCAnOGVRMWn5jJC90Wa6RpPA,angelophantom,2,102990,487,25,0,205.98,0.0055,2026-07-25 11:35:17.479934
UCAnW6-FH2AL22KHtcO0XBSQ,Ceren Ceylan,10,5048272,135100,5589,0,10096.55,0.0313,2026-07-25 11:35:17.479934
UCAnr050p1POwHwjCwFyV1aQ,muzikfairy,1,10333365,31000,1700,0,20666.73,0.0032,2026-07-25 11:35:17.479934
UCAnx66R-pL5GFNT5DHPxjmQ,КНИГА ТАЙН,3,3999193,16900,3800,0,7998.39,0.0053,2026-07-25 11:35:17.479934
UCAo41QETLlwvJ-oqjmEPt8A,joanday,1,65078,2300,42,0,130.16,0.036,2026-07-25 11:35:17.479934
UCAoTB69lKXUmZV6148NAarQ,Ardi Folk,2,89754,319,32,0,179.5,0.0038,2026-07-25 11:35:17.479934
UCAo_J7fkA648OogreYJsIrA,HAİRSTYLER Furkan Şişman,5,3566643,134000,5238,0,7133.27,0.0353,2026-07-25 11:35:17.479934
UCAodfYqBjgszmMWEf6QgNIw,Yörük TV,4,224611,846,99,0,449.23,0.0103,2026-07-25 11:35:17.479934
UCAoqcMEppdKlA4J2P4Scvlw,BY EMRE SHOW,1,14892,219,21,0,29.78,0.0161,2026-07-25 11:35:17.479934
UCAorliAMLIw_US9fmKxqOdg,The Spirit of Orchestral Music,1,2005,121,5,0,4.01,0.0628,2026-07-25 11:35:17.479934
UCAp3Q-PbYfagx5c7Jv5qw3g,StudyoTayfun51,1,169767,342,19,0,339.53,0.0021,2026-07-25 11:35:17.479934
UCApLxl6oYQafxvykuoC2uxQ,BloombergHT,19,12694497,9874,2320,0,25388.97,0.0127,2026-07-25 11:35:17.479934
UCApOUH46gwveZPPyYcX9p8g,yuxeses,1,12544,89,2,0,25.09,0.0073,2026-07-25 11:35:17.479934
UCApStjgVMCkWyQXZJNCOV7Q,TheFejf Aviation,1,6939091,25000,2300,0,13878.18,0.0039,2026-07-25 11:35:17.479934
UCAptZHV2-xkB4GJGgSKRsHQ,Новий Канал,6,3914106,26787,2850,0,7828.22,0.0067,2026-07-25 11:35:17.479934
UCApxAqNgZf4u0e0g4IIfaUg,Creative Mom,1,141904,5700,45,0,283.81,0.0405,2026-07-25 11:35:17.479934
UCAqKPeb9J3NPytAsVoB2qXA,Just the Tip,1,474619,3300,357,0,949.24,0.0077,2026-07-25 11:35:17.479934
UCAqMGUWEj7dPkW06FMLl5sQ,Kong Keav Skin Care,1,1075231,2100,790,0,2150.46,0.0027,2026-07-25 11:35:17.479934
UCAqbkrsfl6fMtOqSMEliv5Q,E-lashes EXTENSIONES DE PESTAÑAS,1,126432,1000,115,0,252.86,0.0088,2026-07-25 11:35:17.479934
UCAqf87kq8Sd9JQBaI734srA,Скромняжка Крис,1,537479,12000,458,0,1074.96,0.0232,2026-07-25 11:35:17.479934
UCAqvXDijh2SGuRX1UB137SA,Fernanda Petrizi,2,326456,35000,309,0,652.91,0.1096,2026-07-25 11:35:17.479934
UCAqz08iwCygIZ0fTbvaNc7Q,itsLiaMaria,1,14500,101,11,0,29.0,0.0077,2026-07-25 11:35:17.479934
UCArS6SMIUIH0k_FVTAnCZxw,S MEDIA Foto&amp;Videoproduktion,1,76612,267,26,0,153.22,0.0038,2026-07-25 11:35:17.479934
UCAs7K2GQ4PUEkwFahN_3seQ,şaban öz,1,184628,721,49,0,369.26,0.0042,2026-07-25 11:35:17.479934
UCAsMARoXqla-WJpclxZjABg,Martin Sonneborn,1,552851,9300,309,0,1105.7,0.0174,2026-07-25 11:35:17.479934
UCAshgvToGry8jRQjJL4W4ug,康健雜誌,1,5562,19,0,0,11.12,0.0034,2026-07-25 11:35:17.479934
UCAtVyw7vaRJJyh2JHXXmKLQ,ТОП ТВ,1,65190,1300,73,0,130.38,0.0211,2026-07-25 11:35:17.479934
UCAtatZWN9Bd3JZLMPmxAg7A,enes altun,1,2241051,4100,628,0,4482.1,0.0021,2026-07-25 11:35:17.479934
UCAtdkKRl2Bv5HGlqrgVsMmA,Ruby Rube,1,3356361,52000,6300,0,6712.72,0.0174,2026-07-25 11:35:17.479934
UCAtekccUydiq7jAPdKzSAVQ,J'alimente ma santé,1,21233,386,28,0,42.47,0.0195,2026-07-25 11:35:17.479934
UCAu78NRtC2BQQv12ZmDnvBA,ercanyildirim299,2,2604792,18033,1102,0,5209.58,0.0043,2026-07-25 11:35:17.479934
UCAuPxvCTxQLY4NvMsya9K2w,VTM,1,5947,89,9,0,11.89,0.0165,2026-07-25 11:35:17.479934
UCAuUUnT6oDeKwE6v1NGQxug,TED,61,297264095,5817916,154411,0,594528.2,0.0199,2026-07-25 11:35:17.479934
UCAuUkzvhX3NcbJgLP8xljAg,Şiire Beş Kala,2,278202,6300,117,0,556.41,0.0233,2026-07-25 11:35:17.479934
UCAuVTfY_1pDDHTi5HH57qbQ,Evin Focus,1,745375,6900,344,0,1490.75,0.0097,2026-07-25 11:35:17.479934
UCAuW5ZYsrOWwGCdVb4gp4wg,MAYİL COACHİNG AKADEMİE,15,265988,9239,513,0,531.97,0.0702,2026-07-25 11:35:17.479934
UCAuW9-yaQ9w1usDYKbq8_JQ,1299TheOttoman1922,3,338359,451,336,0,676.72,0.0028,2026-07-25 11:35:17.479934
UCAujf4fm7s5uQMgB_H0L7eg,tuba karakaya,1,10008,49,7,0,20.02,0.0056,2026-07-25 11:35:17.479934
UCAuql4MPD48t0KhmCbtO6-A,HER ŞEYDEN BİR TUTAM,1,175519,2800,105,0,351.04,0.0166,2026-07-25 11:35:17.479934
UCAv1NhefbvEkb8qRI1K-H1A,Hatay Medeniyetler Sofrası مطعم المدينة اسطنبول,1,35059,263,16,0,70.12,0.008,2026-07-25 11:35:17.479934
UCAvBcst08Tfo4VNtIaRPTNw,Russia Insight,34,36670103,349535,19814,80,73340.18,0.0154,2026-07-25 11:35:17.479934
UCAvNR5ncXgLZxVv_LaXrALg,KEŞFET FM,4,38477182,266987,5743,0,76954.36,0.0187,2026-07-25 11:35:17.479934
UCAvhrtnFQhNMKZcEyREElHQ,Umut Altıntaş,1,1538123,5800,744,0,3076.25,0.0043,2026-07-25 11:35:17.479934
UCAvyvSYm265c3YCEeujHXQw,Mehmet Fatih Oruç,15,10726,430,0,0,21.44,0.0989,2026-07-25 11:35:17.479934
UCAwCB5Zr_DzXKm2YSc-gPlQ,Ислямски кът,1,1426,22,2,0,2.85,0.0168,2026-07-25 11:35:17.479934
UCAwIOI4GnLcapG30Sgurg2g,Rett-Syndrom und Rett-Forschung,1,132264,1100,49,0,264.53,0.0087,2026-07-25 11:35:17.479934
UCAwO4UEcXj3Oi-eq4K4122g,FOTO İLKER - NURULLAH BİLGİN,1,6646,16,0,0,13.29,0.0024,2026-07-25 11:35:17.479934
UCAwPqAM_ONIyI1EHU5hDe4Q,YOGATX,1,684874,10000,276,0,1369.75,0.015,2026-07-25 11:35:17.479934
UCAwSIdfb6w2b6oTT3gF4N9Q,Poyraz Kamera,1,80066,903,31,0,160.13,0.0117,2026-07-25 11:35:17.479934
UCAwVGXvZBpgF8Xn8sy7IAbA,FermanVEVO,1,24520313,149000,2900,0,49040.63,0.0062,2026-07-25 11:35:17.479934
UCAwfTJJrLu32ug6Ibu7EOog,Dilek Bozkurt,2,676214,7900,1044,0,1352.43,0.0132,2026-07-25 11:35:17.479934
UCAwylBbx8RiRD3VsaYdwNTw,Video Advice,1,5738030,191000,6000,0,11476.06,0.0343,2026-07-25 11:35:17.479934
UCAx3Eyoj5A2QDkgt7SM7Igg,Aslan Çavuş Özdemir,1,3684,32,8,0,7.37,0.0109,2026-07-25 11:35:17.479934
UCAxH2wPN6HtPh1547zYvfSA,Jack and Jane,1,112974,5300,52,0,225.95,0.0474,2026-07-25 11:35:17.479934
UCAxORI_0D0KR8uzWYw00eCw,Bagrat Aristakesian,3,500972,3008,193,0,1001.95,0.007,2026-07-25 11:35:17.479934
UCAxfiKRGujk6UH9BjYzSVCg,Aykut Kapucu,1,866173,2700,261,0,1732.35,0.0034,2026-07-25 11:35:17.479934
UCAxmJtZvImz061fkihX_uWA,cutecindo,1,246613,497,19,0,493.23,0.0021,2026-07-25 11:35:17.479934
UCAxmvSECEewdqzuPa3BVLlg,Samir Seferov,1,302598,2700,103,0,605.2,0.0093,2026-07-25 11:35:17.479934
UCAyOkFnmcPk6RMhZjHcWY7Q,ЭТО ИНТЕРЕСНО!,5,5817441,26833,5843,0,11634.88,0.0103,2026-07-25 11:35:17.479934
UCAye3BfM4d1h9uozl4Ec9Yw,Makeup by Charbel,1,438274,2200,173,4,876.55,0.0054,2026-07-25 11:35:17.479934
UCAye5_nNQ6JArskQQrCpm7g,QIZIQARLI DUNYO,2,598898,5300,310,0,1197.8,0.0117,2026-07-25 11:35:17.479934
UCAyoyj6QDZR4HU_kOLrPSsg,Политика сегодня: Россия США Украина,25,46018259,431898,91843,146,92036.52,0.0135,2026-07-25 11:35:17.479934
UCAzHkDg6C8btnQisLfrqIVQ,Erdoğan Günlüğü,1,2729439,40000,1100,0,5458.88,0.0151,2026-07-25 11:35:17.479934
UCAzesmvC2VXx5N_o3kBvXCg,unziledvd,1,2093987,4200,517,0,4187.97,0.0023,2026-07-25 11:35:17.479934
UCAzfpSUp8XaROyeGFO8a0HA,Sevval Sam,2,448938,1505,209,0,897.88,0.0041,2026-07-25 11:35:17.479934
UCAzwcP9OxlTUbnjT5Jh_sTQ,Diyetisyen Kübra Yaba,1,14677,353,15,0,29.35,0.0251,2026-07-25 11:35:17.479934
UCB-GA-reyeWztwG_iDseJ0g,BÜLENT KARTAL,2,78224,152,40,0,156.44,0.0055,2026-07-25 11:35:17.479934
UCB-KP7TNH4_garlLeb-hk5A,kemancı cihan,3,109530,793,69,0,219.06,0.0081,2026-07-25 11:35:17.479934
UCB-LP-Z4c07rUFD07WggUVg,Gonen Molla,3,373582,2276,119,0,747.16,0.0113,2026-07-25 11:35:17.479934
UCB-Lc16UWj4nEDRnX71jAJg,Kemal Yazmuradov,1,337862,4500,46,0,675.72,0.0135,2026-07-25 11:35:17.479934
UCB-xzUebUQcH2RH6u2NH2Pg,sensin yasatan,2,945436,1403,347,0,1890.87,0.0021,2026-07-25 11:35:17.479934
UCB06mvt_ECbN0zctcnLgF2Q,Yavuz Burç Plakçılık,6,79515,414,37,0,159.03,0.0072,2026-07-25 11:35:17.479934
UCB0D6pT6aOLeIcOwGXpPlDQ,Saban Kulekci,1,50650,25,6,0,101.3,0.0006,2026-07-25 11:35:17.479934
UCB0d0JLn1WcGYcwwZ87d2LA,Rclbeauty101,8,49643095,1217000,23200,0,99286.19,0.0231,2026-07-25 11:35:17.479934
UCB0dOuadp6nTIlGZTvG_dWA,TURİZMİN SESİ,1,3872278,11000,1600,0,7744.56,0.0033,2026-07-25 11:35:17.479934
UCB0dtx3Nb4VlR5KrAQbozow,GULNARA YUSIF-ZADE,3,1083053,7494,751,0,2166.11,0.008,2026-07-25 11:35:17.479934
UCB0gN-aTKD4pRUXeqzNJytA,Mustafa DURU,1,35382,36,9,0,70.76,0.0013,2026-07-25 11:35:17.479934
UCB0qLb6I89raMlrjUoZ2Erg,SAKARYA ışıl fotoğrafçılık production,1,18019,78,5,0,36.04,0.0046,2026-07-25 11:35:17.479934
UCB0wZ6psJ1P4YxpLsBJpV2g,Feyyaz Emir,1,14458,130,10,0,28.92,0.0097,2026-07-25 11:35:17.479934
UCB0ydxAJ7anIay4lV-T_6wQ,Ze! Vesti o PreZEdente,4,7346744,69800,5985,0,14693.49,0.0103,2026-07-25 11:35:17.479934
UCB1_lH26crsFCPub0H2_OUQ,GITASEL DIY,2,6765006,14700,4900,0,13530.01,0.0029,2026-07-25 11:35:17.479934
UCB1lE_fUGVVYyKbjS08Ay_Q,şafak yıldırım,1,62853,185,13,0,125.71,0.0032,2026-07-25 11:35:17.479934
UCB28gvDCPwOBcm5nnkyMpew,Videospotter.de,1,70,2,2,0,0.14,0.0571,2026-07-25 11:35:17.479934
UCB29m4nhDlyjT_fBZ1NLDQA,Müzik Plus,9,20436630,73243,3198,0,40873.25,0.0081,2026-07-25 11:35:17.479934
UCB2NfjuY0MhH2sUqalaUXGQ,KIRLANGIÇ KÖYÜ,1,3808,10,2,0,7.62,0.0032,2026-07-25 11:35:17.479934
UCB2YxKIqBI1Uir2QahILeaA,ARB Şimal,1,35938,247,25,0,71.88,0.0076,2026-07-25 11:35:17.479934
UCB2h4d1xejb4kfYtgRs2o9w,EVİMİN YEMEKLERİ,2,1023908,18045,971,0,2047.81,0.0232,2026-07-25 11:35:17.479934
UCB2kQR7OweY_ABHmlfKsUIg,Anlatanadam,6,265079,5244,552,0,530.15,0.0237,2026-07-25 11:35:17.479934
UCB2m3pHpiimOrHDTtSyjV2w,KAÇMAZ MÜZİK,10,2970312,10520,1186,0,5940.63,0.0079,2026-07-25 11:35:17.479934
UCB2s_3NV_CPs_HBeR04x9oQ,Naomi Boyer,3,1548772,32200,1372,0,3097.55,0.0232,2026-07-25 11:35:17.479934
UCB3-4angLVueSpTjzdRzm1w,Reşat Kürem,6,359590,2690,313,0,719.18,0.0098,2026-07-25 11:35:17.479934
UCB37CFICVTUlewYdbMSChIA,Tichys Einblick,1,149868,4900,212,0,299.74,0.0341,2026-07-25 11:35:17.479934
UCB3NuBhyVaAsaLMVi-tDJ6Q,Mustafa Akıllı,5,1621299,4265,865,0,3242.58,0.0029,2026-07-25 11:35:17.479934
UCB3W6JjD6goE1oZWnxBCzZg,ibrahim ak,6,348252,737,79,0,696.51,0.0021,2026-07-25 11:35:17.479934
UCB3tEaRVjTmFt5zhwXKJ8yg,barboy77,1,761326,1900,83,0,1522.65,0.0026,2026-07-25 11:35:17.479934
UCB3wZvIj5yM1XR09IaEcUug,TT.Scraps,2,1925641,5348,2206,0,3851.28,0.042,2026-07-25 11:35:17.479934
UCB44AXu-8l2mueFxTC4K_Ig,Mimi Ikonn,2,1493766,19500,1847,0,2987.54,0.0162,2026-07-25 11:35:17.479934
UCB44JpQBHxOLhvQ5-zWlN8Q,Ertuğrul ALLAHVERDİ,3,3535744,9340,1284,0,7071.49,0.0029,2026-07-25 11:35:17.479934
UCB4BRxXp2TsMCe8kU29h3Qw,Star Media,4,5366763,25200,3730,0,10733.52,0.005,2026-07-25 11:35:17.479934
UCB4FWZtzpYooJpdHMW6XtWg,Samet Çıtlak Official,1,1709,21,4,0,3.42,0.0146,2026-07-25 11:35:17.479934
UCB4JqwSoMQYTiDwl8yJEP8A,USAME İSMAİL OFFİCİAL,2,973421,5500,377,20,1946.84,0.0059,2026-07-25 11:35:17.479934
UCB4Rkx5WQO181Vn9sTEA69Q,BİLİNMEYEN VİDEO 2,1,2312,50,7,0,4.62,0.0247,2026-07-25 11:35:17.479934
UCB4WagWfsE0l0ynphRcDRdA,Video-E,2,14615161,27044,3539,0,29230.32,0.0065,2026-07-25 11:35:17.479934
UCB4cCsjEz_8CHgK3EyITJ8g,Chingiz Mustafayev,13,4750983,57179,1345,0,9501.97,0.0159,2026-07-25 11:35:17.479934
UCB4naVyuaBS_vsI7SnrTC8A,Erkan Akalın,1,7026,208,2,0,14.05,0.0299,2026-07-25 11:35:17.479934
UCB4zVjpLqAjEUnBWIZ695-g,Dünyanın Enleri,4,4915038,41500,3340,0,9830.07,0.0128,2026-07-25 11:35:17.479934
UCB52Jsc7HUWQE-Bzl3pKkRw,ÇAL GÜCÜ GAZETESİ,1,2693,2,0,0,5.39,0.0007,2026-07-25 11:35:17.479934
UCB52pymH3XDcYp9AQhGsEww,OPEN Rotterdam,1,6028,31,2,0,12.06,0.0055,2026-07-25 11:35:17.479934
UCB5SalyfqQyF_NL43-u-_aw,Şerifenin Örgü Dünyası,6,1111396,13800,766,0,2222.79,0.0137,2026-07-25 11:35:17.479934
UCB5VNf6USiy-b8mgi2ThC7A,CanOoOo44,1,242451,350,27,0,484.9,0.0016,2026-07-25 11:35:17.479934
UCB5hhRwEYsSPHgIGVX2Wvbg,Таёжная тропа,2,3509474,31000,2476,0,7018.95,0.0095,2026-07-25 11:35:17.479934
UCB674QpRMPrLVCMNWNO2iXw,Ercan Özdemir,4,2748,10,2,0,5.5,0.0067,2026-07-25 11:35:17.479934
UCB6NhGCp76ea2IYOIw3kUbw,cem ateş,1,77007,451,30,0,154.01,0.0062,2026-07-25 11:35:17.479934
UCB6PV0cvJpzlcXRG7nz6PpQ,Motherboard,5,6670984,126000,4295,0,13341.96,0.0193,2026-07-25 11:35:17.479934
UCB6S8vIMojZizte3Msmfmug,favoriadem10,1,4016,10,0,0,8.03,0.0025,2026-07-25 11:35:17.479934
UCB6Vnj3EsEm6Xl3FSZ6WtMw,UĞUR KAPLAN,2,666807,6000,893,0,1333.61,0.01,2026-07-25 11:35:17.479934
UCB6in6TWVOJRDGBEqA-qDjA,Maria Jose Sobarzo,2,4456,251,5,0,8.91,0.0649,2026-07-25 11:35:17.479934
UCB71jrSkSVchvEijwl-d92g,TabrizShakhidi,1,1038435,23000,4700,0,2076.87,0.0267,2026-07-25 11:35:17.479934
UCB7CgnmtAE_ACMAlLmDfNgQ,hnff,3,6058045,24000,1198,0,12116.09,0.0037,2026-07-25 11:35:17.479934
UCB7DGg9i3TJZic5BURb1GAw,Big BLACK Studio,2,3748627,64000,4000,0,7497.26,0.0182,2026-07-25 11:35:17.479934
UCB7dOBP7Hb8jbzZmkTpOoXg,Plebistan,4,931712,15000,843,0,1863.42,0.0174,2026-07-25 11:35:17.479934
UCB826yhc1dm8-MEX1x55yAQ,Tu organizas por Nina Braz,4,1736208,110000,1363,0,3472.41,0.0728,2026-07-25 11:35:17.479934
UCB8Z6Sv5iV7bZ3zLBEXACZw,Social Trend,1,250141,940,124,0,500.28,0.0043,2026-07-25 11:35:17.479934
UCB8fyJvkWlylNDQzlgG3fPA,Djoker Nole,1,351887,1400,60,0,703.77,0.0041,2026-07-25 11:35:17.479934
UCB8k4TQZjTrStSiFk7g54Qg,A Road Less Traveled with Restore Cars,1,1557826,11000,578,0,3115.65,0.0074,2026-07-25 11:35:17.479934
UCB90RDd0Cbw8Fpzg0jbQ3Mw,ppc7457,2,113292,435,72,0,226.58,0.0037,2026-07-25 11:35:17.479934
UCB91YwfejU-__2m5JB7w4QA,Аэроклуб Феникс / Phoenix_Aero_Club,1,351335,1700,30,0,702.67,0.0049,2026-07-25 11:35:17.479934
UCB9IPcQ_x8dO66s1Y9FZUDg,Bigger Bolder Baking,1,1465822,42000,682,0,2931.64,0.0291,2026-07-25 11:35:17.479934
UCB9WOAf7gaCLiFnB2R46TIw,Роман Цимбалюк,1,105758,12000,129,0,211.52,0.1147,2026-07-25 11:35:17.479934
UCB9bTb6Ua05dGEIGo3yq0mw,ver müzüğü,38,22291270,150100,6540,41,44582.55,0.0074,2026-07-25 11:35:17.479934
UCB9etEztDELjmiVu8kP5R-g,KoreanBilly's English,1,4116817,74000,2100,0,8233.63,0.0185,2026-07-25 11:35:17.479934
UCBA0ee-Wh6IwCPnJ9fwPtWg,ARDIVA,2,136202,5291,214,0,272.4,0.0569,2026-07-25 11:35:17.479934
UCBA6UWP_ti2M4REXvMkFWIw,Müslüman Türk,1,83753,2200,159,0,167.51,0.0282,2026-07-25 11:35:17.479934
UCBAd_5ImmpEVNVnP88xkcog,KOMA WELAT,2,321137,886,179,0,642.28,0.0041,2026-07-25 11:35:17.479934
UCBBHKxAFF6Wk0pNOFSfkwfw,BeautybyRim,1,7509373,72000,3600,0,15018.75,0.0101,2026-07-25 11:35:17.479934
UCBBOvbdT_rMUtI5BPtMa9pw,Konya Yeni Haber,1,22926,88,4,0,45.85,0.004,2026-07-25 11:35:17.479934
UCBBVmzOn63Jnh43aB1Aesww,Elçin Aliyev,1,456336,2000,182,0,912.67,0.0048,2026-07-25 11:35:17.479934
UCBBbqQW_2utaSVZuvWKL0CQ,Nicat Azeri,1,205491,1600,112,0,410.98,0.0083,2026-07-25 11:35:17.479934
UCBC-Bob6xoLfF30OfM0iNcQ,Hinomaru Reaction,2,78799,2324,49,0,157.6,0.03,2026-07-25 11:35:17.479934
UCBC3shLvSVifOjYPmSpf73A,Elşad MİRİ,4,374038,5603,619,0,748.07,0.039,2026-07-25 11:35:17.479934
UCBC428ikik0XkUzPqgvnKGg,GAMDA77,1,610720,5900,176,0,1221.44,0.0099,2026-07-25 11:35:17.479934
UCBCHxe4wZGKcsTbAfp7n_uw,İstanbul Blue Night,1,3294,17,9,0,6.59,0.0079,2026-07-25 11:35:17.479934
UCBCVhrytGRRztzCMATEREWg,wronglight,1,6108819,24000,785,0,12217.64,0.0041,2026-07-25 11:35:17.479934
UCBCmamMhN7Yxh6MzCpcYcTg,Susan Yara,6,578515,10582,298,0,1157.03,0.0254,2026-07-25 11:35:17.479934
UCBDR4TSiuXpWFNSA4cxPp6g,womenbeauty1,13,45532134,233772,14513,0,91064.27,0.0111,2026-07-25 11:35:17.479934
UCBDUFRVeMRI9HWt4byvntPQ,HaFız OsMaN08,1,624055,1700,115,0,1248.11,0.0029,2026-07-25 11:35:17.479934
UCBDzKvyT8OZtlhP_rCKAPZA,SameJos,5,21834117,65800,11349,11,43668.23,0.0046,2026-07-25 11:35:17.479934
UCBEA4tDfsIvem3xq7JXjJ8w,Art of Engineering,1,15637,157,13,0,31.27,0.0109,2026-07-25 11:35:17.479934
UCBEcRN3AynvDfdd-u3DYgmw,OzanAkin,1,1684916,4900,414,0,3369.83,0.0032,2026-07-25 11:35:17.479934
UCBEdTQfLWl-etQvFOOKBacw,tirewiz,1,2008458,2000,968,0,4016.92,0.0015,2026-07-25 11:35:17.479934
UCBEgQOaXwChJnK784qNdC9g,Peri Fairy,2,2329636,6256,2730,0,4659.27,0.0041,2026-07-25 11:35:17.479934
UCBEhvx-Gf1x_G2mk42p-41g,Müzik Köyü,1,1893,68,0,0,3.79,0.0359,2026-07-25 11:35:17.479934
UCBEjCGW_TAVx3IoW6fxOHgw,ByDamaraDevam,1,877311,1300,117,0,1754.62,0.0016,2026-07-25 11:35:17.479934
UCBEnzSjqiMd1HsMUbWr7EDg,Я НА КУХНЕ,1,153755,2100,95,0,307.51,0.0143,2026-07-25 11:35:17.479934
UCBEoMGSV8sGiMsS9wIny29g,REIS1894,2,1686971,3599,273,0,3373.95,0.0027,2026-07-25 11:35:17.479934
UCBEsp0HNK5i-Fh0undYrPfw,Samet Altunok,1,3851086,12000,840,0,7702.17,0.0033,2026-07-25 11:35:17.479934
UCBF3kKYVqjBlu2el9flHj-w,Krystal Allen,1,60354,521,35,0,120.71,0.0092,2026-07-25 11:35:17.479934
UCBFETpc1Lr4TlKmei-RhGaQ,bkmedyatv,2,1628546,1812,388,0,3257.09,0.0013,2026-07-25 11:35:17.479934
UCBFMWLvKzYYqo3rtEdmBULw,Иван Иванович Гнядой Мустанг,1,7044023,8900,4200,0,14088.05,0.0019,2026-07-25 11:35:17.479934
UCBFPcaWdGREWZsMhvGElL0A,Abdurrahman özoğul,1,369906,1400,277,0,739.81,0.0045,2026-07-25 11:35:17.479934
UCBFTIK1XcZOOpmIuKsao3pg,Dessi Ivanova,2,783442,3618,341,0,1566.88,0.0061,2026-07-25 11:35:17.479934
UCBFYBU5-USbHiA74_RvRjig,Banta Peran,1,8066629,27000,2000,87,16133.26,0.0036,2026-07-25 11:35:17.479934
UCBFcUwh6Ro2ux7PuUFsv_YA,bmtv,1,375794,3500,104,0,751.59,0.0096,2026-07-25 11:35:17.479934
UCBFcaGHXf6nYp8hv4iXvDbA,Deepness Music,2,2647837,20400,586,0,5295.67,0.0105,2026-07-25 11:35:17.479934
UCBFn7-cjAYrFTx25r6rguDA,HAZNEVİ KASİDELERİ İLİM İRFAN HAZNEVİ,1,2051,17,2,0,4.1,0.0093,2026-07-25 11:35:17.479934
UCBFvVhIejJI0knwI9lK7snw,Recep Esra,1,887918,2800,307,0,1775.84,0.0035,2026-07-25 11:35:17.479934
UCBFycC_MCHfZ3PA4ouJwXdw,Tural Məhərrəmli,1,313493,1400,181,0,626.99,0.005,2026-07-25 11:35:17.479934
UCBG4A9Rw3Ra2yCP1lxOTSpA,MSK TV,1,343561,833,222,0,687.12,0.0031,2026-07-25 11:35:17.479934
UCBG4pQldgLk20Au1TJE2S4Q,Diksiyon TV - Mennan Şahin,4,828888,22000,498,0,1657.78,0.0351,2026-07-25 11:35:17.479934
UCBG57608Hukev3d0d-gvLhQ,Current Time,3,2086582,16400,1289,0,4173.16,0.0094,2026-07-25 11:35:17.479934
UCBGAJFbB9MZtGvKRHdYaTLw,Kelebeğin Rüyası,1,27386,178,2,0,54.77,0.0066,2026-07-25 11:35:17.479934
UCBGAsJdeYpTyo5wqkeREq9Q,Nişancı,1,1644044,3900,97,0,3288.09,0.0024,2026-07-25 11:35:17.479934
UCBGEKDeZo_pZQMIHXnYzsbw,Pierre Ollier,1,124273,2100,127,0,248.55,0.0179,2026-07-25 11:35:17.479934
UCBGSn7sW-6efPkqTLsNKheQ,SkyWay_public,1,907,5,2,0,1.81,0.0077,2026-07-25 11:35:17.479934
UCBGz4Pg_on0MhtjXiMdAvVg,mahirland22,1,1357941,5400,761,0,2715.88,0.0045,2026-07-25 11:35:17.479934
UCBGzm7haKhfUdBBREbGMfIA,Chili World,2,431619054,1369000,83300,0,863238.11,0.0029,2026-07-25 11:35:17.479934
UCBH1PpAu9UZ0Dkn6qGqGsmg,Candid Camera Classics,1,1009459,4200,266,0,2018.92,0.0044,2026-07-25 11:35:17.479934
UCBH5VZE_Y4F3CMcPIzPEB5A,Real Vision Finance,5,435931,8203,650,0,871.86,0.0227,2026-07-25 11:35:17.479934
UCBHDZm9mz_6gaVQcEx4dJpg,İstanbul Şehir Üniversitesi,2,409623,166,18,0,819.25,0.0027,2026-07-25 11:35:17.479934
UCBHL305G8fuksb3oSYc-1uw,Seth Ji Ke Nuskhe,2,840136,5100,795,0,1680.27,0.0072,2026-07-25 11:35:17.479934
UCBHLRCpd7hE5wto7xe_RhNg,Claire Ashley,3,785006,13096,788,0,1570.01,0.0256,2026-07-25 11:35:17.479934
UCBH_pTiinRcmvz0bjnege-Q,David Laroche FR,7,4158323,119400,2210,0,8316.65,0.03,2026-07-25 11:35:17.479934
UCBHhHNCGt782V2cnQT-AH5g,Сархан Алиев,1,72371,530,22,0,144.74,0.0076,2026-07-25 11:35:17.479934
UCBHtnQGUChkwG1eyWL5EA9g,ETJ English,1,675575,36000,363,0,1351.15,0.0538,2026-07-25 11:35:17.479934
UCBI3nIgfdQH6l5Hxx7rJbwA,Serkan Yurekli,1,14206,420,25,0,28.41,0.0313,2026-07-25 11:35:17.479934
UCBI93eJaoqT3BJPLFfjKo5g,Rahman'ın Kulu,2,73957,591,22,0,147.92,0.0089,2026-07-25 11:35:17.479934
UCBIAWJCVxxV5Y9Dsdy4opVg,Anna Komarova,3,6106295,112700,4730,0,12212.59,0.0206,2026-07-25 11:35:17.479934
UCBIHDJUXngQDsOKTDqPbU_A,Lokman Hekim,2,1143242,6343,910,0,2286.48,0.0168,2026-07-25 11:35:17.479934
UCBINYCmwE29fBXCpUI8DgTA,MostAmazingTop10,3,15006934,108000,22600,0,30013.86,0.0114,2026-07-25 11:35:17.479934
UCBIt1VN5j37PVM8LLSuTTlw,Improvement Pill,1,1084166,32000,714,0,2168.33,0.0302,2026-07-25 11:35:17.479934
UCBIzIo-v_8D0Kl9fIFZHtCw,mcapple92,1,3512441,6900,686,0,7024.88,0.0022,2026-07-25 11:35:17.479934
UCBJ3Lkfi0c3gY_n7xMR5rrg,Наталья Бекасова,1,2796663,8700,495,0,5593.33,0.0033,2026-07-25 11:35:17.479934
UCBJ6H8vA4fxe9i4JJ1rHXUA,ShmulikBalmas,1,18520,279,2,0,37.04,0.0152,2026-07-25 11:35:17.479934
UCBJVeAFsCiD9Ru5FBEfJOCA,365 дней мотиваций - Ислам,1,2721463,48000,729,0,5442.93,0.0179,2026-07-25 11:35:17.479934
UCBJh1lBd44OGUd5JrHZQvCQ,Best of The Voice,3,10265468,140000,3874,0,20530.94,0.0127,2026-07-25 11:35:17.479934
UCBJqMtHpUyXdQdh36lcOXnw,channel 28,1,34670,111,14,0,69.34,0.0036,2026-07-25 11:35:17.479934
UCBJrzlutdbJZbCtYs55MVeA,Burhan mercan,2,961978,1916,1103,0,1923.96,0.0113,2026-07-25 11:35:17.479934
UCBJycsmduvYEL83R_U4JriQ,Marques Brownlee,1,6091241,196000,5800,0,12182.48,0.0331,2026-07-25 11:35:17.479934
UCBK073woPndXtPLzElPYY5g,Eda Onay,1,6614,154,4,0,13.23,0.0239,2026-07-25 11:35:17.479934
UCBK0_RwfCkbzy1K4iRUdLNw,Lamia Jamel,1,6716290,30000,3100,0,13432.58,0.0049,2026-07-25 11:35:17.479934
UCBK4xwgylZ3_r8L8TZiYXRQ,40vatan66mekan,1,876031,2400,198,0,1752.06,0.003,2026-07-25 11:35:17.479934
UCBKFH7bU2ebvO68FtuGjyyw,Roxxsaurus,14,9229111,332300,5438,0,18458.23,0.0425,2026-07-25 11:35:17.479934
UCBKIrKI8ezApiTVkEknu6xg,Power 106 Los Angeles,5,10544211,115400,4008,0,21088.43,0.011,2026-07-25 11:35:17.479934
UCBKRGneQlWHZlxMaCgjq6yg,Istanbulgeek,1,252694,638,28,0,505.39,0.0026,2026-07-25 11:35:17.479934
UCBKor7MecuFPvqoV03oLvtg,Balın Kokusu,1,8855,111,19,0,17.71,0.0147,2026-07-25 11:35:17.479934
UCBL1qfrwF6ioxcnQAznNJhw,Okumak Özgürleştirir,1,2442,93,0,0,4.88,0.0381,2026-07-25 11:35:17.479934
UCBLGLUXixHLg3e9HkKsWn6A,Ahmet Bulut,1,384880,1200,79,0,769.76,0.0033,2026-07-25 11:35:17.479934
UCBLVguUzAjT9XJoJ8xbNPXg,teufel_t,1,7128247,21000,1100,0,14256.49,0.0031,2026-07-25 11:35:17.479934
UCBM1SvxhAAvjqVF3RBWiCyQ,Konuşulacak Şeyler,1,41220,1400,60,0,82.44,0.0354,2026-07-25 11:35:17.479934
UCBMAeeluLPPOCQy_A0ewp0A,özkan ekici,1,4735,14,2,0,9.47,0.0034,2026-07-25 11:35:17.479934
UCBMAzo3ddIk49wFAL6rvemQ,JaxRwld,1,933736,5900,193,0,1867.47,0.0065,2026-07-25 11:35:17.479934
UCBMFI7zba1Ho3F_U7czxD3w,SheKnows,1,7079,11,18,0,14.16,0.0041,2026-07-25 11:35:17.479934
UCBMPaqi9mfzRag1m7rKT1Ig,Jeffrey Grubb,1,3442661,23000,1600,0,6885.32,0.0071,2026-07-25 11:35:17.479934
UCBMSxifLfdYLSRHpnC2Z6Ew,demir demir,1,9830,25,2,0,19.66,0.0027,2026-07-25 11:35:17.479934
UCBMlSUpM8hWVGzGU2CLfx3w,ndirector1,2,55246,153,10,0,110.49,0.0046,2026-07-25 11:35:17.479934
UCBNEE2G6foE40JrJtU_cJeQ,Harun Gúnes,1,737,5,0,0,1.47,0.0068,2026-07-25 11:35:17.479934
UCBNG0osIBAprVcZZ3ic84vw,Jim Browning,2,3815586,136000,1324,0,7631.17,0.0463,2026-07-25 11:35:17.479934
UCBNhT_uc6ePQFQSx6uABu9g,Kübra Nur Gözlet,1,100337,671,241,5,200.67,0.0091,2026-07-25 11:35:17.479934
UCBNmpyNc3k_ZFGcLGRX3DtQ,Ashley Bedeck,4,1751764,25098,838,0,3503.52,0.0321,2026-07-25 11:35:17.479934
UCBNr4s5Vldhbk5-6G1cQR8w,MrAzerbaijanian,5,1411807,10113,360,0,2823.61,0.0081,2026-07-25 11:35:17.479934
UCBNy5TJX79IX2JspwwHUTOg,Raheem7i™,1,1448956,9000,879,0,2897.91,0.0068,2026-07-25 11:35:17.479934
UCBO7IGaXd0qOc2s20IF9z4A,MAD MOUSE,11,20550045,103900,12254,0,41100.1,0.0068,2026-07-25 11:35:17.479934
UCBOBwExgkuaHOIlY_ffb3MQ,Mike Sammartano,2,2132859,18563,1026,0,4265.72,0.0105,2026-07-25 11:35:17.479934
UCBOFXDi4QiRQ3Cna01SBe0A,TT International Medya,3,7181,45,2,0,14.36,0.007,2026-07-25 11:35:17.479934
UCBOKoEa8bLuk5TqRXFMD16w,Killdoubt,1,31018460,89000,4800,0,62036.92,0.003,2026-07-25 11:35:17.479934
UCBONRVODqWUtELFquyJintA,ilimsahibi,1,88841,528,90,0,177.68,0.007,2026-07-25 11:35:17.479934
UCBOe-rbV457QAA4IxwXyEDA,Yaşamdan Haberler,2,2140190,6800,1795,0,4280.38,0.0041,2026-07-25 11:35:17.479934
UCBOzsSbrB69iQzkeqNv1xoA,Mantar &amp; Tarım,3,811349,10000,632,0,1622.7,0.0114,2026-07-25 11:35:17.479934
UCBP9FwPnqCqLhzsVxHnN_RA,Pakistani Street Food,1,1373267,5700,512,0,2746.53,0.0045,2026-07-25 11:35:17.479934
UCBPLziHXcQ13jZBmxZTy7QA,ismail Nezir,1,24583,101,9,0,49.17,0.0045,2026-07-25 11:35:17.479934
UCBP_5zzEJBVuPPN-2mtSIsA,Nomisma Arkeoloji Ve Gezi,1,2057,41,2,0,4.11,0.0209,2026-07-25 11:35:17.479934
UCBPiXFVrneNcgI0-bnVXKJg,Sözde Müzik,1,4235273,24000,675,0,8470.55,0.0058,2026-07-25 11:35:17.479934
UCBPobaOAPUv9vkXXMfwQr5w,Sir Geronimo,1,281037,634,75,0,562.07,0.0025,2026-07-25 11:35:17.479934
UCBPpF3vMOdxrUWk4a4IsAxQ,leorojasVEVO,1,218037226,1300000,59000,0,436074.45,0.0062,2026-07-25 11:35:17.479934
UCBPtWh_smoNE52ITzQ04Zpg,FlashPoint,1,170401,348,32,0,340.8,0.0022,2026-07-25 11:35:17.479934
UCBQAsaI3EOCL-6MrQucxkZw,Murat Eskihoran videoları,2,100289,596,46,0,200.57,0.0073,2026-07-25 11:35:17.479934
UCBQHtb4xOLJogFf6be286BQ,Real Gym Supreme,1,470,6,2,0,0.94,0.017,2026-07-25 11:35:17.479934
UCBQMUgjF4-ayrUpYdyYdxHg,Dizayn Jamoasi,2,4752663,15700,3000,0,9505.33,0.0039,2026-07-25 11:35:17.479934
UCBQNTUGFNF4dfmFEbg9cnQw,Jaqi Arnold,2,1093828,1050,219,0,2187.65,0.0446,2026-07-25 11:35:17.479934
UCBQPaYiIxHpxoS1N8HuCYHg,Literary,4,96668,6300,264,113,193.34,0.0732,2026-07-25 11:35:17.479934
UCBQVydDq2hc92X2SkpTeP5g,sebemen,1,191595,557,71,0,383.19,0.0033,2026-07-25 11:35:17.479934
UCBQacvT-dcj0n-oh8N_-v-A,1000.002 View,1,7367783,10000,2400,0,14735.57,0.0017,2026-07-25 11:35:17.479934
UCBQlPf5n6xu2fzYhB5UZJJw,The Power of Makeup,3,8566450,77500,4611,0,17132.9,0.0092,2026-07-25 11:35:17.479934
UCBQxeUNYtUaIHxyxBHDk0zA,onuncu köydeki adam,2,668367,2128,128,0,1336.73,0.0038,2026-07-25 11:35:17.479934
UCBR1BbM3G5B3lmMpD3htf9A,Aybastı / Perşembe Yaylası,1,739011,1100,651,0,1478.02,0.0024,2026-07-25 11:35:17.479934
UCBR6xGjgs_51ii5JPGEZt4A,G. KoKo,1,3327410,23000,2200,0,6654.82,0.0076,2026-07-25 11:35:17.479934
UCBR92mYkYklW-en8e2PmhAQ,Film Cinema,1,1164655,3900,583,0,2329.31,0.0038,2026-07-25 11:35:17.479934
UCBRAHPU2AVKk8PXPBFPwlpA,Halit Bilgiç,4,14980862,70500,6076,0,29961.73,0.0068,2026-07-25 11:35:17.479934
UCBRBKDWm6e1uy_f51M6aXvw,God of Sports,1,1902782,13000,512,0,3805.56,0.0071,2026-07-25 11:35:17.479934
UCBRKXKhxRxoUQQ7ZrvvCX0Q,AmazonasPLAY,1,247,6,0,0,0.49,0.0243,2026-07-25 11:35:17.479934
UCBRTboJvjMbf34uS9XdD2lg,Dengbej Havin,1,140798,475,58,0,281.6,0.0038,2026-07-25 11:35:17.479934
UCBRfH78LQiO2o98z1GeiDMQ,Sammy Slime,1,197046,464,155,0,394.09,0.0031,2026-07-25 11:35:17.479934
UCBRhz8ZnytVnkCsbUFupRmw,AdviseMyStyle,1,116132,2900,72,0,232.26,0.0256,2026-07-25 11:35:17.479934
UCBRlvQarsoiJrmMml75uytQ,denny d,3,1663982,13700,1229,0,3327.97,0.0092,2026-07-25 11:35:17.479934
UCBRo49JsDy7exJd-sI6pjtw,Yavuz Erbil,6,123882,356,18,0,247.77,0.0036,2026-07-25 11:35:17.479934
UCBRqBmaFW39sSQ6fHtsSYpA,Zamansız Şarkılar,1,4969364,33000,527,0,9938.73,0.0067,2026-07-25 11:35:17.479934
UCBRw5JTl35eGjrtPkOvM5QQ,SesliTutkunum Abone,1,415943,847,56,0,831.89,0.0022,2026-07-25 11:35:17.479934
UCBSGnhzS4h4EG1Gza0VSqFQ,Yasar Topkaya,1,596362,1900,164,0,1192.72,0.0035,2026-07-25 11:35:17.479934
UCBSHA6ea0cMUi4NtofkoHiQ,mercytouniversefilm,3,2792426,15263,3170,0,5584.86,0.0093,2026-07-25 11:35:17.479934
UCBSOg9fzP4MQVa-f9tr0OXA,EdwardGeorge25,1,1577375,629,143,0,3154.75,0.0005,2026-07-25 11:35:17.479934
UCBT61SSrzhpgBYBRW7j2VVA,mahhmutabi,1,181005,448,19,0,362.01,0.0026,2026-07-25 11:35:17.479934
UCBTFQ6Yc2Ia6cdH-WKTy2Zw,Blush Naaz,3,440585,4829,420,0,881.17,0.0144,2026-07-25 11:35:17.479934
UCBTNyrZoiTweJ1PZsJgdWTA,Tulsi Gabbard,1,50052,757,79,0,100.1,0.0167,2026-07-25 11:35:17.479934
UCBTRUy8q-5ssg850vgCdVpg,MEYPOM,7,24385773,92100,4234,0,48771.55,0.0046,2026-07-25 11:35:17.479934
UCBTiUZ7V1nc8Z_vxAdLM-6A,suleymaniyevakfi,1,51397,207,30,0,102.79,0.0046,2026-07-25 11:35:17.479934
UCBTkFkZUXfuPKisU6kZdn5A,Ozoda Official,1,606325,23000,600,0,1212.65,0.0389,2026-07-25 11:35:17.479934
UCBTnMEOpwt3GiM6BtGICP7A,Zana Zendo,1,536773,3300,461,0,1073.55,0.007,2026-07-25 11:35:17.479934
UCBTnyCDLpPy6m1b-koDuNOg,serhat keser,1,1037313,4900,503,0,2074.63,0.0052,2026-07-25 11:35:17.479934
UCBTpmsvj4QNhnEh3WjJ8PGA,Fondation FondaMental,7,181050,0,0,0,362.1,0.0,2026-07-25 11:35:17.479934
UCBU0qs65mwtunigvJlKS3Kg,İbrahim Kurt,1,552,7,2,0,1.1,0.0163,2026-07-25 11:35:17.479934
UCBU8GKSd4NY0wCdcalbaltw,ETTV 이티티비,4,9244712,71100,3195,0,18489.42,0.0077,2026-07-25 11:35:17.479934
UCBUTMPBZ-bAQPqdn4i-Q2BA,Sevim KARADAŞ,6,551992,8523,578,0,1103.97,0.0317,2026-07-25 11:35:17.479934
UCBUURY2KMsWRHXJOfrZ152Q,Cihat Mert Erdoğan,1,579388,6000,134,0,1158.78,0.0106,2026-07-25 11:35:17.479934
UCBUVGPsJzc1U8SECMgBaMFw,BuzzFeed Multiplayer,9,34670424,595900,32566,0,69340.85,0.0257,2026-07-25 11:35:17.479934
UCBUWZBk2gXHvM9wxgvxIKdQ,Crazy Universe,1,10515023,99000,3200,0,21030.05,0.0097,2026-07-25 11:35:17.479934
UCBU_tBl_50vukdRbI5g5wUQ,Группа Звери,2,50624868,284000,13842,0,101249.74,0.016,2026-07-25 11:35:17.479934
UCBUq8lIyAgbyAEPC0etLa3Q,Veettu Kaaryangal By Swapna,1,31622,604,57,0,63.24,0.0209,2026-07-25 11:35:17.479934
UCBV0UXKsSD3S2XQMD20QrtQ,Ecole polytechnique,2,664740,3458,1792,0,1329.48,0.0078,2026-07-25 11:35:17.479934
UCBVYuM-0Zj7HuVgsIHi58Jg,Ersoy SAVAŞ,1,70881,180,31,0,141.76,0.003,2026-07-25 11:35:17.479934
UCBVkQp7dLhvlvNtt9pQ7u6w,Lia Griffith,1,2065386,24000,1600,0,4130.77,0.0124,2026-07-25 11:35:17.479934
UCBVu6da-fTp-VWY9HYv5NCA,tesorodelpirata,1,883255,3000,338,0,1766.51,0.0038,2026-07-25 11:35:17.479934
UCBVwPaMBULEcfb5fwx8h3lg,EvrenC,1,245824,1400,55,0,491.65,0.0059,2026-07-25 11:35:17.479934
UCBW5344h2TA0Lzfnyo6ZJ4w,kpstarim,1,11096,9,2,0,22.19,0.001,2026-07-25 11:35:17.479934
UCBW6ihjCUCwyYJwdfVntCOw,Supercars on the streets,3,6803901,25800,2597,0,13607.8,0.0066,2026-07-25 11:35:17.479934
UCBW84xpHfV6G4aCV6Maq5rg,PRENSES MİRAY,1,5906,189,5,0,11.81,0.0328,2026-07-25 11:35:17.479934
UCBWCNd0TmH3vPPMWt768v5A,Priti Sharma,1,1301647,12000,768,0,2603.29,0.0098,2026-07-25 11:35:17.479934
UCBWQp70Qp6yJQRrhJ0jfXrg,mutallimoglu tv official,2,2722327,11300,1289,0,5444.66,0.0045,2026-07-25 11:35:17.479934
UCBWRy9m3qOCmiQmQwWhHZdA,Hüseyin Tüfekçilerli,1,2944,26,2,0,5.89,0.0095,2026-07-25 11:35:17.479934
UCBWeiWmZpEMadi6-yxdy8vg,Улан Уланович,1,44032,327,35,0,88.06,0.0082,2026-07-25 11:35:17.479934
UCBWp9FWxC62BV8PBmUzeJzA,özlen alkan,1,3064226,10000,1000,0,6128.45,0.0036,2026-07-25 11:35:17.479934
UCBWzchREesgUoiLWWe70eQw,Mr. Ok,1,408217,1200,102,0,816.43,0.0032,2026-07-25 11:35:17.479934
UCBX-jnm-TVS2SAAwTlD36bQ,ultabeauty,2,833369,2333,136,0,1666.74,0.004,2026-07-25 11:35:17.479934
UCBX27ousjXkgaJB7-WxeQrg,Erman Manyaslı,1,7055,475,14,0,14.11,0.0693,2026-07-25 11:35:17.479934
UCBXNpF6k2n8dsI6nBH8q4sQ,123 GO!,5,103536974,655000,91600,0,207073.95,0.0083,2026-07-25 11:35:17.479934
UCBXRWFZXuIvDNwj-qqBUPRQ,Seda Akgül'le,4,497629,10328,502,0,995.27,0.0248,2026-07-25 11:35:17.479934
UCBXYSEHYo9QyyBVe0Iu6cyA,mesut külahli,2,12979,75,4,0,25.96,0.0061,2026-07-25 11:35:17.479934
UCBXaPCiHg1VttKwkSDfxKmg,secilir00,1,4916604,12000,685,165,9833.21,0.0026,2026-07-25 11:35:17.479934
UCBXadtqGAjeYH4FZOJ2TEMQ,marification1,6,3240396,6339,486,0,6480.79,0.0018,2026-07-25 11:35:17.479934
UCBXknSneBtw2iA8BQsXqiTw,Big Money,5,2399377,51000,6673,0,4798.75,0.0255,2026-07-25 11:35:17.479934
UCBXlzn-shwDQUArf4tSlAtA,Elmas Özcan,1,173623,341,68,0,347.25,0.0024,2026-07-25 11:35:17.479934
UCBXmr2UXg5Xf8QQwtB0OrWg,Özlem Kesikbaş,1,9682,96,16,0,19.36,0.0116,2026-07-25 11:35:17.479934
UCBXwq_qsqsaKmMYyTFfn-Vg,ali1339alii,1,1152735,2000,293,0,2305.47,0.002,2026-07-25 11:35:17.479934
UCBY-NWXBOLLhYevMUrCuhjw,TiNN TV,2,727442,2731,366,0,1454.88,0.0254,2026-07-25 11:35:17.479934
UCBYCurEwAQ3CvZkDzHMqlYQ,abdullah kılıç,1,278363,520,99,0,556.73,0.0022,2026-07-25 11:35:17.479934
UCBYDuXbTEiRRjAI9_CzSbjQ,Akıncılar Derneği,1,108608,1100,33,0,217.22,0.0104,2026-07-25 11:35:17.479934
UCBYFqvKiaUEaAIBx6Mw9qIw,Toni Olaoye,1,87287,2600,58,0,174.57,0.0305,2026-07-25 11:35:17.479934
UCBY_U_UTDSVVj_Wzjk7VEtA,Serhat Özdemir,2,122934,223,26,0,245.87,0.0024,2026-07-25 11:35:17.479934
UCBYeSeGk_ayYTZSQP3x5x0g,Sami Simitci,1,806106,2200,252,0,1612.21,0.003,2026-07-25 11:35:17.479934
UCBYetYd7SGz1JvF_5U6p9_w,Bünyamin Uysal,1,447501,1700,148,0,895.0,0.0041,2026-07-25 11:35:17.479934
UCBZYxIX8veBodgn8aTFOWcA,Muhammet Bostan,1,1392,7,0,0,2.78,0.005,2026-07-25 11:35:17.479934
UCBZi7saejwWjfwziFbCNlrQ,Mehmet Özyürek,1,41649,290,30,0,83.3,0.0077,2026-07-25 11:35:17.479934
UCBZjEW6bC1i_Ci-KRKSFeJw,Elizabeth Curry,2,101793,3464,213,0,203.59,0.0357,2026-07-25 11:35:17.479934
UCBZmJ8EuNQJP33lgLmRAGxg,Erdinç Kaplan,4,77372,1430,24,0,154.75,0.0188,2026-07-25 11:35:17.479934
UCBZmgqR3MMdTeMP8yAMesVQ,GRUP POYRAZ,2,205774,558,20,0,411.55,0.0036,2026-07-25 11:35:17.479934
UCBZo4bO6K7JKnIv6HBWhkzg,The Laugh Button,2,3955867,28013,797,0,7911.74,0.0067,2026-07-25 11:35:17.479934
UCB_4K9oblivlbZJnnjkFa-Q,Amasya Dagsaray,4,430760,1332,93,0,861.53,0.0033,2026-07-25 11:35:17.479934
UCB_5Che_hMDT-UJSE8DAEDQ,Mahmut Hardal,1,3920,3,0,0,7.84,0.0008,2026-07-25 11:35:17.479934
UCB_7P01RF2VrlkWugcbw3fw,TrakyaLı Ferdici ihsan,2,672923,2356,164,0,1345.85,0.0042,2026-07-25 11:35:17.479934
UCB_H9U0SYVLz4qnaPibuf3w,Checkmate MMA,1,1088545,8800,436,0,2177.09,0.0085,2026-07-25 11:35:17.479934
UCB_TGajnJymiSmu6zWkjW2Q,W magazine,1,430484,3700,93,0,860.97,0.0088,2026-07-25 11:35:17.479934
UCB_dIJaw0PSg4jbbtpLyScQ,Kurtlar Vadisi Derin Devlet ve Mafya,7,3748879,22248,1406,0,7497.75,0.0092,2026-07-25 11:35:17.479934
UCB_n3Xi-p2ZJQjhzij2g8fQ,aljemee,1,5539896,19000,1700,0,11079.79,0.0037,2026-07-25 11:35:17.479934
UCB_qr75-ydFVKSF9Dmo6izg,FORMULA 1,2,5944893,115000,1640,0,11889.79,0.022,2026-07-25 11:35:17.479934
UCBa6vcgXr-ICpRNR-hnguqw,Arzu Aliyeva,12,52269,1116,30,0,104.54,0.0264,2026-07-25 11:35:17.479934
UCBaBOyDqy6MZSiv76MW-4NA,Vehbi Güler Hoca,4,147262,908,63,0,294.53,0.0086,2026-07-25 11:35:17.479934
UCBaDjbstNl1XghfyDahwK7w,dindardilbaz,1,4825,4,2,0,9.65,0.0012,2026-07-25 11:35:17.479934
UCBaEAJnjEtC2h6zlIPZmwsg,Ozzy Sam,1,3160245,15000,968,0,6320.49,0.0051,2026-07-25 11:35:17.479934
UCBaRcAM4YJ_PKTguBemO5cg,gözlem gazetesi,1,20462,109,8,0,40.92,0.0057,2026-07-25 11:35:17.479934
UCBadsXewvVlOsbBAYIwuHrw,Mustafa ÇOBANOĞLU,1,214754,1200,207,0,429.51,0.0066,2026-07-25 11:35:17.479934
UCBadvEaLHHeKq6tyrwbOR0w,sasaira1,1,292479,309,60,0,584.96,0.0013,2026-07-25 11:35:17.479934
UCBahtf2wZzkC76BBXAM71ig,Afghan Star,25,28070406,98943,10165,0,56140.82,0.0075,2026-07-25 11:35:17.479934
UCBb7ngwIZY9NZ00kGYbMk_A,Red Sky,1,2140636,4100,2100,0,4281.27,0.0029,2026-07-25 11:35:17.479934
UCBbUURSeC0DTcUb2vziEpQg,talk2nav9,1,1027245,4900,210,0,2054.49,0.005,2026-07-25 11:35:17.479934
UCBbeAHS9AdrwWSa4f2VMojA,barış tur aksaray,5,1105031,3884,820,0,2210.06,0.0062,2026-07-25 11:35:17.479934
UCBbqcJiIi0imSxZbB85FJ6Q,"Пътна помощ Big - гр. София Подаване на ток,изкупуване на коли,оглед на кола автодиагностика",1,137152,838,108,0,274.3,0.0069,2026-07-25 11:35:17.479934
UCBbqstJCz0DjOQWNS_jggTw,Vineolog,3,1561611,26100,989,0,3123.22,0.0176,2026-07-25 11:35:17.479934
UCBc2PPSI3R5rsMs0DVbUn6w,YERLiKAYA PRODÜKSiYON,1,841719,1900,310,0,1683.44,0.0026,2026-07-25 11:35:17.479934
UCBcFX89yu-bvvmYwy6iaG7A,Dini Videolar Official,1,282666,11000,436,0,565.33,0.0405,2026-07-25 11:35:17.479934
UCBcFxviu0E0c-nYWPx7p34w,RENKLİ TV,1,1934111,12000,1100,0,3868.22,0.0068,2026-07-25 11:35:17.479934
UCBcNaxUiJ5_3XAs-MMQ-Vdg,Машина Времени,2,83297,3418,159,0,166.6,0.0419,2026-07-25 11:35:17.479934
UCBcVSgfUSO93URlx6E9bgFg,Hasan Yükselir,10,48566,463,8,0,97.12,0.0182,2026-07-25 11:35:17.479934
UCBcWPEzjAZVwfe7x2ELEYHw,Adil YILDIRIM,7,1493295,43306,940,0,2986.59,0.0368,2026-07-25 11:35:17.479934
UCBcZgiDGaW7_0wbcAzKOnbQ,Frank Rocchio,1,820187,5200,556,0,1640.37,0.007,2026-07-25 11:35:17.479934
UCBcbZThYoguB9MeooEELrxg,Şansa Davet,1,1314917,601,374,0,2629.83,0.0007,2026-07-25 11:35:17.479934
UCBcfirSJsnr4JKE1qgBjpRw,Dân Ca Xứ Nghệ,1,177753,1600,891,0,355.51,0.014,2026-07-25 11:35:17.479934
UCBdJhWACWOT-DznqJ_hLKyg,Tamil,2,2444886,29200,1530,0,4889.77,0.0108,2026-07-25 11:35:17.479934
UCBdMd3kbjHRW0Wvp8FcW2_g,Hayriye Kıvrak,1,703,9,0,0,1.41,0.0128,2026-07-25 11:35:17.479934
UCBdMsyFToGWwYqkyWZ44zZg,Stilist Elnar,1,1453864,13000,820,0,2907.73,0.0095,2026-07-25 11:35:17.479934
UCBdXNePYkoF38-BShlzk5LQ,Online Radio,4,15281674,20500,2829,0,30563.35,0.0015,2026-07-25 11:35:17.479934
UCBdcJAKu5J-Dx3RYynpQ4NQ,turkofiel,1,27118,155,5,0,54.24,0.0059,2026-07-25 11:35:17.479934
UCBdhc08CmRdEz_GWMNMPdvw,Ema Aydın,1,37053,484,43,0,74.11,0.0142,2026-07-25 11:35:17.479934
UCBeFABn1AQT-lT07pBuTQ5A,Behmen Sultanov,1,884329,5000,428,0,1768.66,0.0061,2026-07-25 11:35:17.479934
UCBeHRMb37eAbMPzVBE39UXQ,Tarık Refikoğlu,1,2476417,20000,423,0,4952.83,0.0082,2026-07-25 11:35:17.479934
UCBeLEwM-yhIKuIxHTx0VzdQ,ConsenSysMedia,1,19553,355,27,0,39.11,0.0195,2026-07-25 11:35:17.479934
UCBeWGn3mho4_5Og6D4jHbXw,Gung Ho Vids,5,20908191,65100,8438,0,41816.38,0.0038,2026-07-25 11:35:17.479934
UCBe_IFk6T3SARNXFsxx3l2g,Vine Delisi,3,18341424,143000,8100,0,36682.85,0.0095,2026-07-25 11:35:17.479934
UCBeeFmXPIZQtBXRiyRhS9sw,Yukarıdeveli Belgeselleri Ali Çoban,1,496,8,0,0,0.99,0.0161,2026-07-25 11:35:17.479934
UCBf5xvi1r0BrM-qldznqIlg,Uğur Çevik,1,1020090,8800,567,0,2040.18,0.0092,2026-07-25 11:35:17.479934
UCBfA-HD7rrbqZFPCf5eq5Wg,Alex Dahl,1,504485,3800,160,0,1008.97,0.0078,2026-07-25 11:35:17.479934
UCBfLnm4sfczlYVA8A7OkojA,Vuqar Seda,1,50043,1700,44,0,100.09,0.0349,2026-07-25 11:35:17.479934
UCBfQnAjHnWyFRmUQ4Rf8CGw,Cem Yılmaz,46,317233528,1178200,47081,58,634467.07,0.0041,2026-07-25 11:35:17.479934
UCBfXdsdznt_eJBbcEkLtnYA,ruzgarmuzikmerkezi,1,1627908,5400,423,0,3255.82,0.0036,2026-07-25 11:35:17.479934
UCBfhZf4sS97E9FjDOoAiJmg,Станислав Ершов,1,454933,3900,236,0,909.87,0.0091,2026-07-25 11:35:17.479934
UCBfjC5TASXHfhWpBTlIYcpQ,Roman Huseynov Official,1,808292,3500,260,0,1616.58,0.0047,2026-07-25 11:35:17.479934
UCBfvvcMDllEp6MVLSs3o5mg,Kolektif Basın,1,6098,5,2,0,12.2,0.0011,2026-07-25 11:35:17.479934
UCBg3vRefTeOpuSc7_8hNKQQ,League Pulse,2,7099595,62063,3912,0,14199.19,0.0262,2026-07-25 11:35:17.479934
UCBgEROVYJmoIRCS7k69nTuQ,radyoilan,1,51193,96,8,0,102.39,0.002,2026-07-25 11:35:17.479934
UCBgOtPhtMqHmUh_xX5b5m_g,Mehmet aydın,1,152861,476,136,0,305.72,0.004,2026-07-25 11:35:17.479934
UCBgTP2LOFVPmq15W-RH-WXA,TRT Haber,45,3483305,8785,344,0,6966.63,0.0054,2026-07-25 11:35:17.479934
UCBgTT3Vv6n5rOYuDhOctvZQ,Eren Tükenmez,1,90799,1100,61,0,181.6,0.0128,2026-07-25 11:35:17.479934
UCBgesh5Y_e7fi1hk2PPVIXA,ОТ ВИНТА!,2,2392635,14500,2005,0,4785.27,0.007,2026-07-25 11:35:17.479934
UCBglVIcLDOQAdnutxlhES1A,Mehmet Öztürk,1,5692,15,2,0,11.38,0.003,2026-07-25 11:35:17.479934
UCBh-CdD3eskMROb0MAzNUQw,YPG Press Office,1,831087,2800,966,0,1662.17,0.0045,2026-07-25 11:35:17.479934
UCBhFeMSaBbBzStdEhRG7wGg,Meya Reklam Ajansı,3,251466,691,92,0,502.93,0.003,2026-07-25 11:35:17.479934
UCBhILhv3oLsujP15pLc34TQ,Paul Pinto,1,3282481,22000,1700,0,6564.96,0.0072,2026-07-25 11:35:17.479934
UCBhYdhbvMcP7R4zJdG0ENPg,Hóng Hớt Tik Tok,1,10931,178,32,0,21.86,0.0192,2026-07-25 11:35:17.479934
UCBhn7Klm6chRdKZ2l96Q40A,RussianPlus,8,1945234,33458,1058,0,3890.48,0.0287,2026-07-25 11:35:17.479934
UCBi2mrWuNuyYy4gbM6fU18Q,ABC News,86,171754302,1301265,112507,226,343508.61,0.0083,2026-07-25 11:35:17.479934
UCBi3YqIj954IxKbQ0QZQ38Q,Vin TV,2,3934693,20900,1158,0,7869.39,0.0056,2026-07-25 11:35:17.479934
UCBig16tf2ar9ybikn3KbWOQ,Win Fail Fun,11,30246481,107807,12304,0,60492.96,0.0046,2026-07-25 11:35:17.479934
UCBimx319ZCZL7g7m3ZITD6w,Mehmet Karaosmanoğlu,1,24341,58,13,0,48.68,0.0029,2026-07-25 11:35:17.479934
UCBj0wCoAq4fyFbTLm-wr7zQ,Mevlüt Yaşar NACAK (Journalist) 08gazeteci08,1,85392,220,27,0,170.78,0.0029,2026-07-25 11:35:17.479934
UCBj8h7PzAuf-7iYcy8ahMdA,MUDUREL ELT,1,216244,203,13,0,432.49,0.001,2026-07-25 11:35:17.479934
UCBjPjr4SK-6DnbpftRWcdXg,Hamiyet AKPINAR,8,3107171,27675,1199,33,6214.35,0.0101,2026-07-25 11:35:17.479934
UCBkJ4r-eLl8XAjg30dW8oIw,The Points Guy UK,1,73538,915,41,0,147.08,0.013,2026-07-25 11:35:17.479934
UCBkTt2JfBEhJ2Pw7oh8ftnw,Great Armenia 🇦🇲,1,816109,3900,2400,0,1632.22,0.0077,2026-07-25 11:35:17.479934
UCBkjvDwN9B_K1UhUAoKbdNg,Funny TV,1,181213,1800,978,0,362.43,0.0153,2026-07-25 11:35:17.479934
UCBkuYIa831u7rYby6EdN7Kw,güvenvideo,1,2220,40,3,0,4.44,0.0194,2026-07-25 11:35:17.479934
UCBlF_gzRi-SmtUQeXhmZGow,Animals TV,1,7656918,64000,16000,0,15313.84,0.0104,2026-07-25 11:35:17.479934
UCBlQj_OWvnQi66ofkwJZV0g,yigidoersin58,2,306832,357,25,0,613.67,0.0013,2026-07-25 11:35:17.479934
UCBldEcGd41SXJ-F_McGyC7w,AY TV,1,3926359,102000,2600,0,7852.72,0.0266,2026-07-25 11:35:17.479934
UCBlms9YpWedqqtXRoi-0WUA,Tv2000it,1,183750,0,0,0,367.5,0.0,2026-07-25 11:35:17.479934
UCBltgah35XlqO8DnMG07jGw,Amber Sarpel,5,7064,265,27,1,14.13,0.0701,2026-07-25 11:35:17.479934
UCBluCu6MK0re8qrmA1NgPgw,servetkasap,1,4895187,11000,1300,0,9790.37,0.0025,2026-07-25 11:35:17.479934
UCBm093WY30hKnYMgR-pjb7Q,MERVE AYDIN,1,914508,8000,850,0,1829.02,0.0097,2026-07-25 11:35:17.479934
UCBm3Jm96AyinTqWm2T4gMog,Српски покрет ДВЕРИ,1,308565,1400,444,0,617.13,0.006,2026-07-25 11:35:17.479934
UCBm6KePibLTS20Tt_KttNqA,sLlorca,2,4241299,22300,1330,0,8482.6,0.0064,2026-07-25 11:35:17.479934
UCBm6pDWcIfWzK1CIpR1RIjw,BeautiiByDay,2,2025712,33900,3148,0,4051.43,0.0163,2026-07-25 11:35:17.479934
UCBm7Wzuu7uEPDqE5sD775Sg,Institut de Radioprotection et de Sûreté Nucléaire - IRSN,1,2788,11,7,0,5.58,0.0065,2026-07-25 11:35:17.479934
UCBm8TTzwvy1srMUlN1CKB-g,Mehmet BAŞKAK,5,410109,6281,171,0,820.23,0.0175,2026-07-25 11:35:17.479934
UCBmRfHlDCeU2cy3c48Jpxnw,İsmail Altunsaray,5,2544041,10759,654,0,5088.08,0.005,2026-07-25 11:35:17.479934
UCBmfnrfA4DdIM8UJ8COH4ow,İlmigâh,1,58246,1600,48,0,116.49,0.0283,2026-07-25 11:35:17.479934
UCBmpG0ws61f9fD0x2QQnK0Q,Milletin Adamı,1,14706889,0,0,0,29413.78,0.0,2026-07-25 11:35:17.479934
UCBmppKqXiNFxax54XRr3cZw,Fadi Ashour,1,19495321,57000,9600,0,38990.64,0.0034,2026-07-25 11:35:17.479934
UCBmvbfceFdzyQglZk6GJ2mA,rumeli,1,51575,124,17,0,103.15,0.0027,2026-07-25 11:35:17.479934
UCBmwzQnSoj9b6HzNmFrg_yw,G Suite,1,1492,55,2,0,2.98,0.0382,2026-07-25 11:35:17.479934
UCBn559xd7uPSFq4l4ODg-UA,Serdar SEZER,1,5354,54,4,0,10.71,0.0108,2026-07-25 11:35:17.479934
UCBnHw-B5R9V7Qx4qjK8XgkQ,be Curious,1,633797,5700,429,0,1267.59,0.0097,2026-07-25 11:35:17.479934
UCBnObvvuMHyyn465hEOz2yg,subutayarikan,3,657746,1499,108,0,1315.49,0.0023,2026-07-25 11:35:17.479934
UCBnUdp-4hIKkGlz8MVL7s3g,춘천MBC 뉴스,2,312262,12000,83,0,624.53,0.0194,2026-07-25 11:35:17.479934
UCBnZTiZFwoG25gzORs8RTCA,Tuğba argın özsoy,1,5440,67,4,0,10.88,0.0131,2026-07-25 11:35:17.479934
UCBnarVrIHtvyunXTKrjchBQ,Türkü Diyorum Sana,7,2878573,14499,604,0,5757.15,0.0094,2026-07-25 11:35:17.479934
UCBnkm1BarUvoTjqazrL2YQQ,Emrah Alparslan,1,203145,337,49,0,406.29,0.0019,2026-07-25 11:35:17.479934
UCBnwK6YuKt4j3Rz6R59Ce_Q,Riya Shah Talwar,2,6009990,6400,514,0,12019.98,0.0065,2026-07-25 11:35:17.479934
UCBo9ZMLlFrz7i0rArXZOXUw,Ronder Oyun,1,280724,863,200,0,561.45,0.0038,2026-07-25 11:35:17.479934
UCBoGR8o49Ho8kqSxPI5Qd4Q,Yunus Emre Söyleyici,1,506,7,0,0,1.01,0.0138,2026-07-25 11:35:17.479934
UCBoGmjONeZ6PL5IbK6qZv0Q,SHANT TV Armenia,2,476865,4920,478,0,953.73,0.0097,2026-07-25 11:35:17.479934
UCBoJ0ZJMiawZpT7EyFQuPDg,Fatih Portakal,2,78359,275,34,0,156.72,0.0039,2026-07-25 11:35:17.479934
UCBoKQSa8zgUOsL2_qm70oxA,Alenka Drazdova,1,33543,214,10,0,67.09,0.0067,2026-07-25 11:35:17.479934
UCBoOGqKmEnSuPkovpv47xcw,Erkan Davulcu,23,6680315,71305,5671,0,13360.62,0.0166,2026-07-25 11:35:17.479934
UCBodkca8uDE3EiHkm6qo7dw,Элеонора Авонахдиба,1,2959139,7900,996,0,5918.28,0.003,2026-07-25 11:35:17.479934
UCBohTRSZlgZYi8g4sHss1pg,Sema Gökçe Dönmez,5,210875,1908,193,0,421.75,0.0143,2026-07-25 11:35:17.479934
UCBolUlWrs6jIKua7R2Sa-1A,huseyinalan1968,1,77421,169,29,0,154.84,0.0026,2026-07-25 11:35:17.479934
UCBp-03QLarzlFrj3Wif466w,düzgün bey,1,26849,77,5,0,53.7,0.0031,2026-07-25 11:35:17.479934
UCBp1B5klLu0WQjaC5dunIwg,okan genc,1,12752,28,3,0,25.5,0.0024,2026-07-25 11:35:17.479934
UCBp8UZJDmZfkTN3MEO5IHPQ,SzminkiNaSosnie,1,487030,2400,443,0,974.06,0.0058,2026-07-25 11:35:17.479934
UCBpCTOkHKWiGELi28FQ1T8g,özge süer,3,35647,646,64,0,71.29,0.0258,2026-07-25 11:35:17.479934
UCBpCj5FGqgpVBHG70Xd501Q,Camilianoh,1,179010,6400,177,0,358.02,0.0367,2026-07-25 11:35:17.479934
UCBpLs8QdjvDIe3IiqzLPn5g,Beauty Vixxen,2,714470,7749,1349,0,1428.94,0.0194,2026-07-25 11:35:17.479934
UCBpNXOMf7o1BC7bMcQfTAOA,Mary Henriques,1,783553,5000,219,0,1567.11,0.0067,2026-07-25 11:35:17.479934
UCBpSQHyZysgKOT1zSK8XY5A,The Cranberries,2,13458227,29600,3458,0,26916.46,0.0027,2026-07-25 11:35:17.479934
UCBpXjmrCErI6LE-nf95FvSA,ERŞAN HÜRMAN,3,7127,39,4,0,14.25,0.0192,2026-07-25 11:35:17.479934
UCBpcXP0i6qMsPW6CCU__obA,Old Spice Russia,4,82574905,443000,32593,0,165149.81,0.0112,2026-07-25 11:35:17.479934
UCBpvO9aue5IrJszp6ewTJog,Duygu Sevimli,1,70066,298,91,0,140.13,0.0056,2026-07-25 11:35:17.479934
UCBpxEi1-LhjgWIye9nE29nQ,Legends Cove,1,1447,27,7,0,2.89,0.0235,2026-07-25 11:35:17.479934
UCBpz4X0sgPfQYbTvU8uULhA,Türk Böbrek Vakfı,1,3768,113,0,0,7.54,0.03,2026-07-25 11:35:17.479934
UCBq5hp6DvwWam2XOXw6lYJA,Awakening Music,4,125418001,654000,24244,0,250836.01,0.0132,2026-07-25 11:35:17.479934
UCBqFKDipsnzvJdt6UT0lMIg,Sandeep Maheshwari,7,34823578,789000,21093,168,69647.16,0.0278,2026-07-25 11:35:17.479934
UCBqG4OwO0rVjhNKMy5sT6fg,LA channel,2,4004669,8014,2408,0,8009.34,0.005,2026-07-25 11:35:17.479934
UCBqG8I-O7kwk3-reEwQuvLQ,jr3rules4ever,1,17338899,50000,2400,0,34677.8,0.003,2026-07-25 11:35:17.479934
UCBqU1pCd0FupHXEWer9vJ4w,myultrAslan,1,756960,885,53,0,1513.92,0.0012,2026-07-25 11:35:17.479934
UCBqUoD7aIvaxKUBNJ6bkMQA,Mehmet yılmaz,2,37879,97,20,0,75.76,0.0032,2026-07-25 11:35:17.479934
UCBqjJYmoS8WBEmF-uUs6z3g,TACİM BABA YILDIZ,1,23089,163,7,0,46.18,0.0074,2026-07-25 11:35:17.479934
UCBr8e5mK_dU-HVS27sECzGA,Gamzenin Güzellik Rehberi,1,4200965,14000,2100,0,8401.93,0.0038,2026-07-25 11:35:17.479934
UCBrQ5-gHHLSRrOB1j8oq4iQ,Funny Sketches - Temel Dursun TV,37,2316416,11095,1305,0,4632.81,0.0061,2026-07-25 11:35:17.479934
UCBrZnuAbHZ2a9EvDPm7wqvw,GÖKHAN KARGIN,1,1003680,3100,334,0,2007.36,0.0034,2026-07-25 11:35:17.479934
UCBrbMcmSe0o1TIngsCDfl4g,Özlem Çelik,3,2157730,12930,468,2,4315.45,0.0105,2026-07-25 11:35:17.479934
UCBrdVbgmXw1vgVwShHh3_0Q,NewDay,1,11172583,44000,6600,0,22345.17,0.0045,2026-07-25 11:35:17.479934
UCBrio3TC0-sV1DXLOlV7YZw,ITSF TableSoccer,1,10893973,31000,4800,0,21787.95,0.0033,2026-07-25 11:35:17.479934
UCBrk-Ehpc_TFmdbb4tSbGOQ,RATUZ,1,3799,76,11,0,7.6,0.0229,2026-07-25 11:35:17.479934
UCBs1tlujAhtxhVUyAnm4jTA,BTGL TV,1,9016850,60000,4300,0,18033.7,0.0071,2026-07-25 11:35:17.479934
UCBs5YS0JTDAU5hwN9bGVk_A,Graham Bensinger,2,2795673,20214,846,0,5591.35,0.0069,2026-07-25 11:35:17.479934
UCBs6eTPGQlBEtY-B7J-FIpg,SAZ HD,1,26096,124,5,0,52.19,0.0049,2026-07-25 11:35:17.479934
UCBs8ucCbR-631HSHuJ8Nvpw,Ebrar Fırat,1,1301,57,3,0,2.6,0.0461,2026-07-25 11:35:17.479934
UCBsM3uC2WRVR2WXobx70uVg,Milliyiyici,12,6336405,57000,6630,0,12672.81,0.0127,2026-07-25 11:35:17.479934
UCBsXtDylS7-ZeEM6S1MnY-Q,TheMRGM13,1,320022,5800,25,0,640.04,0.0182,2026-07-25 11:35:17.479934
UCBsnutvaFckXTTEaEaLLHQg,Hızır Çelebi,3,376563,1769,224,0,753.13,0.0055,2026-07-25 11:35:17.479934
UCBt3JIx82Io5WbJMXL-K5uw,Elif Albayrak,1,630205,833,236,0,1260.41,0.0017,2026-07-25 11:35:17.479934
UCBtGkNFos1Mz1-cexyz6J0g,AgA TV,1,1137890,13000,1100,0,2275.78,0.0124,2026-07-25 11:35:17.479934
UCBtJgJ_nPNfATAcShArXNHg,YASİN ÜNER PRODÜKSİYON,6,73321,476,33,3,146.64,0.0082,2026-07-25 11:35:17.479934
UCBtl9BpVmP7k1_cI6L3VmEw,EMİR MÜZİK OFFİCİAL,6,1294325,6262,455,0,2588.64,0.0062,2026-07-25 11:35:17.479934
UCBuHkb1AS_yRQ71meFNQ3VQ,年代向錢看,3,535136,0,0,0,1070.27,0.0,2026-07-25 11:35:17.479934
UCBuX1b3N7BRmrS3Qhw_oKyg,Великая Русь,1,5785613,17000,4600,0,11571.23,0.0037,2026-07-25 11:35:17.479934
UCBucr7udpyGqfClYR-j9ChQ,mckuralsiz,1,4861408,12000,1100,0,9722.82,0.0027,2026-07-25 11:35:17.479934
UCBvPd9jZrEHqNcq1Cj-pdJA,Caner Cangul,2,105775,746,34,0,211.55,0.008,2026-07-25 11:35:17.479934
UCBvPm59FXMgaezHCgeV1a3A,Sosyal Yurtsever,1,841234,9500,402,0,1682.47,0.0118,2026-07-25 11:35:17.479934
UCBvYjMGAAhQum2L-fgAbR5Q,sibelledu13,1,617836,964,74,0,1235.67,0.0017,2026-07-25 11:35:17.479934
UCBvamfHje2OdDnoycTAgPQw,Collectif Contre l'Islamophobie en France,1,58115,0,0,0,116.23,0.0,2026-07-25 11:35:17.479934
UCBvfRNPlksS_uuArHUgiirQ,Doc Anand,1,195035,2500,213,0,390.07,0.0139,2026-07-25 11:35:17.479934
UCBvw9252sMM8ptkfuGTuBGA,NIKITIN MUSIC GROUP,1,6210758,35000,1400,0,12421.52,0.0059,2026-07-25 11:35:17.479934
UCBw-zbgyYgYAsPEXbfuxfBw,ALİ ACAR,1,102784,1700,51,0,205.57,0.017,2026-07-25 11:35:17.479934
UCBw0ULIBinwRu1CA3kN0wSA,Adem ÇEVİKBAŞ,1,592,3,0,0,1.18,0.0051,2026-07-25 11:35:17.479934
UCBwCI_YbrlIfUBompd_k3Tg,Sude Yüksel,6,56818,1683,116,0,113.65,0.0383,2026-07-25 11:35:17.479934
UCBwEDEf6zmZXD9cnHhTSzMw,LIFESTYLZ,10,26339352,71326,17419,0,52678.7,0.0043,2026-07-25 11:35:17.479934
UCBwMF5Xxv-kDJG5kuD49U2Q,Analiz,2,71658,1100,68,0,143.31,0.0093,2026-07-25 11:35:17.479934
UCBwMHsTFV9ArdsMQiq0MTgw,ReplayTvHD,3,4966497,27549,861,0,9932.99,0.0037,2026-07-25 11:35:17.479934
UCBw_OFZWTBpRfjBhDFm_LJA,UNIVERSAL PROSPERITY,2,3104407,35300,3456,0,6208.81,0.0162,2026-07-25 11:35:17.479934
UCBwgygfGyUx6QRyDDn2tmkw,Özel Hayatım,6,8824792,41900,5458,0,17649.57,0.0056,2026-07-25 11:35:17.479934
UCBwwnQmsb799t0IJs-1CSOQ,bakirgap,1,64152,149,7,0,128.3,0.0024,2026-07-25 11:35:17.479934
UCBxUFzEqZbPs8bzBcDkFP_g,burak1917,1,40289,92,6,0,80.58,0.0024,2026-07-25 11:35:17.479934
UCBxajoy1mYrGWeCVYnSWYJQ,Grup Abdal Fan,2,11346970,26800,1393,0,22693.94,0.0029,2026-07-25 11:35:17.479934
UCBxbt_cidLn2c5vpxbxxQng,Xirdalan Mescidi,2,31905,1518,33,0,63.81,0.0647,2026-07-25 11:35:17.479934
UCBxkEKbNeSI9t_1pAs6II4w,SEÇKİN EBRİŞİMOĞLU,1,724296,1800,175,0,1448.59,0.0027,2026-07-25 11:35:17.479934
UCByDRo6gxx_5PYT5lbC3eSg,Smart videos,7,9342099,33000,2800,0,18684.2,0.0014,2026-07-25 11:35:17.479934
UCByErcpY2WBTt0X6VbLdNkw,Valentin Muybien,1,267295,3200,251,11,534.59,0.013,2026-07-25 11:35:17.479934
UCByHsZhLBktoSGGIkCSLwDA,SWITCHSCISSORS,6,1803548,7104,1600,0,3607.09,0.006,2026-07-25 11:35:17.479934
UCByQwr5ZLNzEf8QmGfIyMbQ,Dj Saika,1,2372046,6100,957,0,4744.09,0.003,2026-07-25 11:35:17.479934
UCByUwE9I5bUbMT_CVuYth_g,Mehmet Tokkaya,2,621574,2885,149,0,1243.15,0.0056,2026-07-25 11:35:17.479934
UCByhmbEOdhU1Ry9SB0dU6bg,Anamaslı TV,17,589856,2519,222,0,1179.7,0.0091,2026-07-25 11:35:17.479934
UCBylTkH0XIFaaaP9-l9G0Vg,Komedi Dükkanı,7,3852094,9806,875,0,7704.19,0.0032,2026-07-25 11:35:17.479934
UCBynocNCHBtRR7kyM9NSMDA,AmoreShop,1,1905,27,2,0,3.81,0.0152,2026-07-25 11:35:17.479934
UCBz9ROdrTSepbL7nP3OFs6A,Ambre Renee,1,459776,7500,313,0,919.55,0.017,2026-07-25 11:35:17.479934
UCBzGmEhFUT7XswDmfm03JAw,GalaxyDreaming,4,20413386,87500,11327,0,40826.77,0.005,2026-07-25 11:35:17.479934
UCBzKOxXwTDxGN4WUsNkX4Ng,Mehmet Elmas,1,26530,56,13,0,53.06,0.0026,2026-07-25 11:35:17.479934
UCBzQIcTN1YoFKr9DTrTZtcQ,metin demirkapu,2,9201,61,4,0,18.4,0.0368,2026-07-25 11:35:17.479934
UCBzbj2YePNaUarLfBGCg_lg,hey Elfie,1,40352,424,26,0,80.7,0.0112,2026-07-25 11:35:17.479934
UCBzu4YqGiBxBD8pq8NiBuKw,TV360NIGERIA,1,74325,276,67,3,148.65,0.0047,2026-07-25 11:35:17.479934
UCBzviUF8R6tzkbKY1UmBKFg,TWİTCH TV,3,560251,6437,693,0,1120.51,0.0106,2026-07-25 11:35:17.479934
UCC-6DslDkXAjwMXynjk5pAg,İbrahim Mancinelli,1,1509132,2600,508,0,3018.26,0.0021,2026-07-25 11:35:17.479934
UCC-GvNXAEh0Aun3B36FJFbg,Ahmed Faruk Ayvandur,2,1377356,5326,499,0,2754.71,0.0047,2026-07-25 11:35:17.479934
UCC-LqUkRljjrLNWRdJHn-fw,JennisseEnEspanol,1,15662,587,22,0,31.32,0.0389,2026-07-25 11:35:17.479934
UCC-Nc-78LoKqf_esp4EjniQ,Serdar Serdaroğlu,1,8125791,9500,3800,0,16251.58,0.0016,2026-07-25 11:35:17.479934
UCC-iZZznS6osXnoLek5mn9w,1969yaman,1,3103,26,0,0,6.21,0.0084,2026-07-25 11:35:17.479934
UCC-oh8kZseCwlm7qTNAKMSw,ramazan sen,2,26441,87,4,0,52.89,0.0042,2026-07-25 11:35:17.479934
UCC0EqtXQ9at6ON_-ZYJaImA,Katy,2,2851784,75000,1419,0,5703.57,0.037,2026-07-25 11:35:17.479934
UCC0V2duEGHo8LySu17KizyQ,recep ay,6,8340893,17189,2821,0,16681.79,0.0032,2026-07-25 11:35:17.479934
UCC0Y6iu362SmIF5cpV6NbrA,aynazaynaz67,1,53672,104,3,0,107.34,0.002,2026-07-25 11:35:17.479934
UCC17ETC0ftr72jYZRw5k-Ng,CinemaNewsGR,2,2298385,12020,471,0,4596.77,0.0083,2026-07-25 11:35:17.479934
UCC1K5Oc6Qcs-_i1axsgj4xg,Ирэна Ри,2,296868,3927,365,0,593.74,0.0131,2026-07-25 11:35:17.479934
UCC1T_cZBo1kgQmxW2kMqbDw,logaritmaxy,1,14278267,49000,1900,0,28556.53,0.0036,2026-07-25 11:35:17.479934
UCC1WZOV3NZH1EAYm4QeimBw,Girl MakeUp,1,4482,78,38,0,8.96,0.0259,2026-07-25 11:35:17.479934
UCC1b73jeva6Rs0-PVwIE_9g,Sesli Yazılar,1,2434,22,5,0,4.87,0.0111,2026-07-25 11:35:17.479934
UCC1gD2YKxsfOilFQYx-Ns0g,Simarik065,1,48449885,74000,6500,0,96899.77,0.0017,2026-07-25 11:35:17.479934
UCC2cJbWzKtjDCPL6WuLjbqg,Yan Sazonov,1,330172,2300,230,0,660.34,0.0077,2026-07-25 11:35:17.479934
UCC2kqCsiARuQjBnFtov868A,HAYALLERİMİN MUTFAGİ,2,57153,755,56,0,114.31,0.0413,2026-07-25 11:35:17.479934
UCC2s6Zi-WYtOToJVTlbu0ag,pusatali28,1,434987,626,122,0,869.97,0.0017,2026-07-25 11:35:17.479934
UCC33RObFuFPTHhPK37ntmnw,NaKoleji,1,90249,1400,77,0,180.5,0.0164,2026-07-25 11:35:17.479934
UCC36KjgmgbwjaVMJq5Fjvmg,senveben8072,1,91087,232,14,0,182.17,0.0027,2026-07-25 11:35:17.479934
UCC3EG1JjVW6xGwP7sPg92eA,Ruppet Tv,1,4041,79,2,0,8.08,0.02,2026-07-25 11:35:17.479934
UCC3P01uiZwMfnv6FSSEJ9Xw,SaintEbu,2,33955906,65800,3325,0,67911.81,0.0021,2026-07-25 11:35:17.479934
UCC3TEKD3yuGsIadWGWI5h2g,Solfej 24 Online Baglama,2,474810,2700,66,0,949.62,0.0051,2026-07-25 11:35:17.479934
UCC3qlOX0JTWgOODcVsS_XKQ,Yakup AKGÖÇMEN,1,240775,1600,236,0,481.55,0.0076,2026-07-25 11:35:17.479934
UCC43uZch_qmPV2Ci-CW1wnA,ragi danko,3,376281,1098,232,0,752.57,0.0064,2026-07-25 11:35:17.479934
UCC4NP5vm6b-PZoRxcdo9qYA,peace chris,1,690164,1300,306,0,1380.33,0.0023,2026-07-25 11:35:17.479934
UCC4YMdCUGjpFFvlgdBB-mOA,HATİCE TAŞKOYAN İLE HOBİ SAATİ,2,320743,3410,257,0,641.48,0.0113,2026-07-25 11:35:17.479934
UCC4fjIgvAiLitWJSPiW1qPA,Kerem Yürük,1,6176,19,0,0,12.35,0.0031,2026-07-25 11:35:17.479934
UCC56bm9ETt9NazESxm4JZzg,Salon Karlıtepe - Karlıtepe Grup,1,2131,6,0,0,4.26,0.0028,2026-07-25 11:35:17.479934
UCC5KWhgyIuqe-XGR-GkewWA,Sırt Çantasıyla Devri Alem,1,63922,509,43,0,127.84,0.0086,2026-07-25 11:35:17.479934
UCC5_aE5NYEisrEKSA49CJdw,Benim Arsivim,2,661335,2293,226,0,1322.67,0.0037,2026-07-25 11:35:17.479934
UCC5h7OyTNdoPh2fp9GqiTQQ,ÜNAL GÜNER,4,222830,5648,161,0,445.65,0.027,2026-07-25 11:35:17.479934
UCC5lLkKqCZc0CqAyyB9emCQ,Gulsah Cavusoglu,2,41405,1202,50,0,82.81,0.0307,2026-07-25 11:35:17.479934
UCC5m8in9W1SHP3gbl7KVT_w,YPJ Media Center,1,335560,1600,909,0,671.12,0.0075,2026-07-25 11:35:17.479934
UCC5nxCedL5nr6-aQdaMI98w,Roseidice,1,6865600,39000,963,0,13731.2,0.0058,2026-07-25 11:35:17.479934
UCC615aUT0SqfsJIf2D9-b-A,Who Do You Think You Are?,1,83145,530,43,0,166.29,0.0069,2026-07-25 11:35:17.479934
UCC69dxCZQB9VURlHQ8wesPA,Inc.,4,997391,14723,518,0,1994.78,0.0183,2026-07-25 11:35:17.479934
UCC6LF1t2iYH-lBvvgzPjWOQ,rhesos 09,4,5231532,11898,844,10,10463.07,0.0024,2026-07-25 11:35:17.479934
UCC6RFHik0bxMfixjfjUMI1Q,MiNinha,1,692843,7100,1300,0,1385.69,0.0121,2026-07-25 11:35:17.479934
UCC6iAkKvXVLl2ybegt5q00g,Furkan Kandemir,1,112619,1900,136,0,225.24,0.0181,2026-07-25 11:35:17.479934
UCC7Z5gNxhyiSCSNF9ysa_fA,0ezay54,2,1532332,2258,233,0,3064.67,0.0017,2026-07-25 11:35:17.479934
UCC7yuSAZTBLgLTcgJ83ufvQ,TikToker,1,298807,536,169,0,597.61,0.0024,2026-07-25 11:35:17.479934
UCC8Vl5zMRFkqE1daH2Zxalw,Answer the Internet,1,435456,5800,242,0,870.91,0.0139,2026-07-25 11:35:17.479934
UCC8cx8WRapge_9KyfcbTWwg,Крамола,7,11722595,265000,46489,0,23445.18,0.0383,2026-07-25 11:35:17.479934
UCC8gf5mh9Oiu9ha6IIjylQQ,Red Square Group,41,16903690,130580,14084,61,33807.36,0.01,2026-07-25 11:35:17.479934
UCC8sBfp1RM18BfcGCeWhabw,iso06sincan,4,804262,1064,81,0,1608.52,0.0013,2026-07-25 11:35:17.479934
UCC8scmKrJ0NsuA-P1tomAyQ,Lola Klova,1,353556,3600,191,0,707.11,0.0107,2026-07-25 11:35:17.479934
UCC8t2yUG8VsN1MwEF-SEn_w,AKIN ALTAN,9,768821,11133,703,0,1537.64,0.0196,2026-07-25 11:35:17.479934
UCC91RrsZAfB7cpblUlZpqJQ,Kitabın Arka Yüzü,1,1235624,4000,689,0,2471.25,0.0038,2026-07-25 11:35:17.479934
UCC9R-COxSIZP5qr2hW9lIhg,Giulia Maria Gesualdi,1,1102,50,2,0,2.2,0.0472,2026-07-25 11:35:17.479934
UCC9TpOIN76hiYLQ-E8hx9lw,Günel Cantak,1,464,27,0,0,0.93,0.0582,2026-07-25 11:35:17.479934
UCC9Ynvwk0bvCZmyOi-m-okg,Ahmad Khwanda,1,1191651,12000,419,0,2383.3,0.0104,2026-07-25 11:35:17.479934
UCC9ZZbsZxjWXHJYOlQsq3DQ,Izmir Li,1,13930506,102000,2400,0,27861.01,0.0075,2026-07-25 11:35:17.479934
UCC9jvM65pVlc34H1k0mvQOg,Diyetisyen Ayşe Tuğba ŞENGEL,3,654424,20400,465,0,1308.85,0.0327,2026-07-25 11:35:17.479934
UCC9vMyirbfiGbhBr7LBgbHg,Yahya Kocakır,1,540620,1000,347,0,1081.24,0.0025,2026-07-25 11:35:17.479934
UCC9vrBZHysKVECw1uu3RvjQ,BubbleGumHijab,4,223822,2465,224,0,447.65,0.0236,2026-07-25 11:35:17.479934
UCC9vxqNgUcdh6oU0f_-kY0g,Schmidt London.,1,162450,693,50,0,324.9,0.0046,2026-07-25 11:35:17.479934
UCCA1uxssoD_PikVmej_jmYg,Ebru Eren,4,257279,6299,158,0,514.56,0.0242,2026-07-25 11:35:17.479934
UCCA4Cnd7vmZ019MgNYqE7vQ,Chiaroscuro,2,39039,1260,58,0,78.07,0.0553,2026-07-25 11:35:17.479934
UCCALTWZKdfaRygL-0oOmB2w,Patnos My City,3,1210671,3920,411,0,2421.34,0.0128,2026-07-25 11:35:17.479934
UCCAVeq46-Bh0LvkYdH6LiRA,EJonesTv,2,7252800,121000,9305,0,14505.6,0.0173,2026-07-25 11:35:17.479934
UCCAdyx3pZzMnmoG9dstApsQ,Arzum Yıldırım / Atölye Smile,3,249663,1852,207,0,499.32,0.009,2026-07-25 11:35:17.479934
UCCB8G-R4sGAPg8_sxfNLKBw,Osman Çınar,1,21148,73,3,0,42.3,0.0036,2026-07-25 11:35:17.479934
UCCBD_8NmMysX9woSdJbDTUw,Prapassorn Pigulthong,1,796315,9300,512,0,1592.63,0.0123,2026-07-25 11:35:17.479934
UCCBDa2LRD315Gbb_VHhUj3w,N- EVERYTHINGBYOUTIFUL,1,348,13,0,0,0.7,0.0374,2026-07-25 11:35:17.479934
UCCBHZrmZZsLQ4AQIrElb5Cg,Ali EnesVevo,1,10093,29,7,0,20.19,0.0036,2026-07-25 11:35:17.479934
UCCBM57LorPPpWUHKrxCfQWg,mkrall,2,570593,1335,72,0,1141.19,0.0024,2026-07-25 11:35:17.479934
UCCBWknqf9KhXfB3gSFr8hiw,Yağmur Aygül,1,2357,39,2,0,4.71,0.0174,2026-07-25 11:35:17.479934
UCCCBds-e1dC2G_cTuZHN3LA,ataman salim şahin,2,13210053,30000,2800,0,26420.1,0.0026,2026-07-25 11:35:17.479934
UCCCJekcu520YgnwrkIvV4jg,Cihangir İslam,2,711867,7700,419,0,1423.74,0.0116,2026-07-25 11:35:17.479934
UCCCPCZNChQdGa9EkATeye4g,FRANCE 24,16,3775677,32877,1927,0,7551.35,0.008,2026-07-25 11:35:17.479934
UCCCf_wcj728WOhY7cgLw9bA,터키에사는한국인Koreligozuyle,2,364296,17900,281,0,728.59,0.0547,2026-07-25 11:35:17.479934
UCCChYhLtLMiJZvmAlrcEF5Q,UrSOUND,2,2122771,18018,273,0,4245.54,0.0116,2026-07-25 11:35:17.479934
UCCCr2oYSGUatneyBQwWSrQw,Ali Haydar Güçlü,1,71202,283,13,0,142.4,0.0042,2026-07-25 11:35:17.479934
UCCD8B52EVGHK9-FxPcVm_PQ,4afme4,1,1394037,2900,189,0,2788.07,0.0022,2026-07-25 11:35:17.479934
UCCDNl8sPGoD2vTHSj348_uw,Macrame Creation,1,78806,477,42,0,157.61,0.0066,2026-07-25 11:35:17.479934
UCCDOQrpqLqKVcTCKzqarxLg,ChessNetwork,2,363588,4500,195,21,727.18,0.0237,2026-07-25 11:35:17.479934
UCCDz_XYeKWd0OIyjp95dqyQ,Figaro Live,7,331958,2894,552,0,663.91,0.0112,2026-07-25 11:35:17.479934
UCCEE4_mYOBYQ4qbXeFoAqEA,группа КОРНИ,1,1492653,9000,479,0,2985.31,0.0064,2026-07-25 11:35:17.479934
UCCEGqkXpKqMH4TlJuHDkMqA,Kaiser Coby,1,5696235,199000,3000,0,11392.47,0.0355,2026-07-25 11:35:17.479934
UCCETmvZuOKNY_7H2RtlN7sw,Gil Scharf,1,7421204,63000,3400,0,14842.41,0.0089,2026-07-25 11:35:17.479934
UCCEZSAErcO1dqfvlgM10DpA,UnrepentantLibertine,1,5208665,20000,703,0,10417.33,0.004,2026-07-25 11:35:17.479934
UCCEwJmtLAgi0tZCPmrDs4RA,Cartede bataille,1,337429,3400,145,0,674.86,0.0105,2026-07-25 11:35:17.479934
UCCF4wPGZvLV-P7H7tG9pnmQ,Traboin Mehaj,2,2585436,2714,717,0,5170.87,0.0036,2026-07-25 11:35:17.479934
UCCFTJ_Chg3h7N--_LWTgguQ,Aybike Tulum,1,71819,529,49,0,143.64,0.008,2026-07-25 11:35:17.479934
UCCFUtWXsTx0P8eHQAYaweEA,Hidayet Production,2,145600,1162,70,0,291.2,0.011,2026-07-25 11:35:17.479934
UCCFngXWEW8F34iaa4Sf0SnA,yarengume1,1,48948,104,14,0,97.9,0.0024,2026-07-25 11:35:17.479934
UCCFvDuk3R6UCU0GqlSEoADA,ZEKİ ÖLCER,1,9100754,35000,3700,0,18201.51,0.0043,2026-07-25 11:35:17.479934
UCCFz41kDYIe_2S_S23wgRMw,Paneecalcio,1,364774,3000,119,0,729.55,0.0086,2026-07-25 11:35:17.479934
UCCGFDy2QEI7Z2OVMD2gkuog,Taylor Simpson,1,904136,10000,395,0,1808.27,0.0115,2026-07-25 11:35:17.479934
UCCGR8TWOk93QPcfQ9zWuFBg,Yasemin İrem Yahya,3,376220,1131,180,0,752.45,0.0048,2026-07-25 11:35:17.479934
UCCGRtSqLfljpX9mzCYDsQIg,Questions d'Histoire,1,559096,18000,911,0,1118.19,0.0338,2026-07-25 11:35:17.479934
UCCGcxBEplkYKHUyeGfl0nsg,Квадратный Макс,1,31508,87,8,0,63.02,0.003,2026-07-25 11:35:17.479934
UCCGi3fwkT1QEBLjiz0k1vuw,Şenpazarlı Köçek İlkay,1,16950,60,7,0,33.9,0.004,2026-07-25 11:35:17.479934
UCCH1fmWB-ysaSpZ0F0pHYGg,Cute Makeup TV,2,1360509,13000,576,0,2721.01,0.0097,2026-07-25 11:35:17.479934
UCCHNMA-5TSh0yf0qnNBTk8A,Onur SAHİN,1,1201674,5600,849,0,2403.35,0.0054,2026-07-25 11:35:17.479934
UCCHPcAPFxs_g7UY5GFphJqg,Discovery Canada,15,927020,3832,125,1,1854.03,0.0049,2026-07-25 11:35:17.479934
UCCHV_KrWBuZTSnkA10WTV6A,vitrin2000,2,16554383,20300,1914,0,33108.77,0.0013,2026-07-25 11:35:17.479934
UCCHh5yNubwynJkqo2zH_jLA,Sin Savran,1,19740,666,11,0,39.48,0.0343,2026-07-25 11:35:17.479934
UCCHi3M4QfB5KQuRVDEljKSg,Ayberk Aytemiz,1,341786,1700,102,0,683.57,0.0053,2026-07-25 11:35:17.479934
UCCHk0tqatZibFoCfx-1yxxw,TheMelbComedyFest,2,5371528,102800,1134,0,10743.06,0.0227,2026-07-25 11:35:17.479934
UCCHmu4MDLmO1SxfxyykalWw,Beni Bırakma,1,88678,1100,126,0,177.36,0.0138,2026-07-25 11:35:17.479934
UCCHrrJHZg6xLMWvPN-RXrnQ,Cemalettin Usta,8,569656,4717,966,0,1139.31,0.011,2026-07-25 11:35:17.479934
UCCHuXDGquGBSzobMbBIibdg,immortalturkish,1,77224,163,22,0,154.45,0.0024,2026-07-25 11:35:17.479934
UCCI0tSMloc65xjEN1TGkZQQ,Tony Swedberg,2,48890,1241,24,0,97.78,0.0185,2026-07-25 11:35:17.479934
UCCI5Xsd_gCbZb9eTeOf9FdQ,Like Nastya,1,77779955,253000,117000,0,155559.91,0.0048,2026-07-25 11:35:17.479934
UCCI_8nSz_TYWWaXMV475c9Q,Jason Nash,6,14905455,408000,6634,0,29810.9,0.0298,2026-07-25 11:35:17.479934
UCCItPiezdIn37DJfmeUXXBw,asde red,3,13183,76,2,0,26.36,0.0059,2026-07-25 11:35:17.479934
UCCIwLiNkTlo050uDKUU1daA,Anadolu Dernek Tv,5,2093807,11326,1194,0,4187.62,0.0068,2026-07-25 11:35:17.479934
UCCJ4G9GojkfPawaD1Nl3nWw,BURAK DENİZ VİDEOLARI,1,2454,31,4,0,4.91,0.0143,2026-07-25 11:35:17.479934
UCCJAB87J5s7-r-1ZoDUEYag,Dilan Sabah,2,588833,16200,440,0,1177.66,0.0368,2026-07-25 11:35:17.479934
UCCJVavk-N7K7BmXGRvxU1mg,Bursa Kamu Hastaneler Birliği Basın Bürosu,1,12519,44,11,0,25.04,0.0044,2026-07-25 11:35:17.479934
UCCJWuc4ML9YSV9zv-5qlHLA,Steak Videos,2,5287611,36000,2889,0,10575.22,0.006,2026-07-25 11:35:17.479934
UCCJexk-zUpgWRCzR55pO39w,kadir farie,2,71960,160,28,0,143.92,0.0026,2026-07-25 11:35:17.479934
UCCJf8oO1SVa2T35iWY6hp_w,322395062,1,645441,3300,158,0,1290.88,0.0054,2026-07-25 11:35:17.479934
UCCJnk6ozX4cI8etOzfuvXhg,Perfeita Beleza,1,3553932,35000,3700,0,7107.86,0.0109,2026-07-25 11:35:17.479934
UCCK18Q9685AvmwkjZ_Sccnw,enevahid,1,263686,840,107,0,527.37,0.0036,2026-07-25 11:35:17.479934
UCCK7fF3pik9Im_llCoWm4Vw,Vienna School,1,829312,13000,334,0,1658.62,0.0161,2026-07-25 11:35:17.479934
UCCKMFqJ1FRWsDiVYT-CCU_Q,DerinDunya,10,361470,4410,429,0,722.95,0.0261,2026-07-25 11:35:17.479934
UCCKWqvr5qQGGJBB6PcTVTWw,Tesettür Alemi,2,194612,2623,108,0,389.23,0.0122,2026-07-25 11:35:17.479934
UCCKY-qwKkyPP81JpFQn4Puw,Twitch Primcisi,1,6800,43,6,0,13.6,0.0072,2026-07-25 11:35:17.479934
UCCKfAoAt2GqlDQnny2Q0Lcw,Birsen Tezer,2,77036,618,15,0,154.08,0.0099,2026-07-25 11:35:17.479934
UCCL3k1XuJCjcWGUscL55eXw,kadirmaden,1,2098,6,0,0,4.2,0.0029,2026-07-25 11:35:17.479934
UCCLFxVP-PFDk7yZj208aAgg,MashupZone,2,11125776,56100,7599,0,22251.56,0.0065,2026-07-25 11:35:17.479934
UCCLKsjHp-KpBAqsTMbrZPeg,Öteki Gündem,2,26520,153,7,0,53.04,0.0066,2026-07-25 11:35:17.479934
UCCLKuKlUnIaWZHOm2Q60mXA,Tuğçe Bozkırlı,3,2211193,41200,3162,109,4422.38,0.0193,2026-07-25 11:35:17.479934
UCCLTfM5rbatSdc8n4KQE-Sg,WDRforyou,1,799674,17000,1100,0,1599.35,0.0226,2026-07-25 11:35:17.479934
UCCLVg6BI7NxDIp6GFKfFGFw,5-Minute Crafts Recycle,10,24964398,166095,20404,0,49928.79,0.0081,2026-07-25 11:35:17.479934
UCCLbE6wYm6p13UmKjc0TNoA,onur şeleci,1,255880,2300,191,0,511.76,0.0097,2026-07-25 11:35:17.479934
UCCLjWlj8eXBn1mJJwhk3ahA,Valera Val,1,5266193,9300,2000,0,10532.39,0.0021,2026-07-25 11:35:17.479934
UCCLzVzLAReJpkZ9FO14Hd6A,Selen,2,9645638,30100,1565,0,19291.27,0.0031,2026-07-25 11:35:17.479934
UCCM-6cMi4LXryXhNVXYKjcA,Twitch Mahali,1,398302,2600,172,0,796.6,0.007,2026-07-25 11:35:17.479934
UCCMA90sDCnUxi-hWxJpFjnw,onur sümeyye,1,9995,30,2,0,19.99,0.0032,2026-07-25 11:35:17.479934
UCCMRmQ6bTAO7jcUxgIFjzGQ,YS Music 306,4,8185050,55700,5151,0,16370.1,0.0082,2026-07-25 11:35:17.479934
UCCMVBS8InYgUYe_XNLhef4A,islâm ahlâkı,1,3305,38,4,0,6.61,0.0127,2026-07-25 11:35:17.479934
UCCMYLzxM8GJussGgIeQo6_A,İsmail Çakır &amp; Uğur Önür,3,348493,2480,66,0,696.98,0.008,2026-07-25 11:35:17.479934
UCCM_yGwETwYEX0dk7Qj_gzQ,CSQT Channel,2,1237058,25800,903,0,2474.12,0.0279,2026-07-25 11:35:17.479934
UCCMgKUXaa4EwicCmxKJwU5A,MrSengor,1,1137027,7200,426,0,2274.05,0.0067,2026-07-25 11:35:17.479934
UCCMoqExmdZ9bSYEtfDFKKZw,Ahmet Yıldırım,3,341698,2328,153,0,683.4,0.01,2026-07-25 11:35:17.479934
UCCN63hZqtWN9xPU-gqko3Lw,HISTORIAS,5,26319947,110800,12871,0,52639.89,0.0058,2026-07-25 11:35:17.479934
UCCN9Wt6n7qqO3S05QuKz0pQ,Türkiye Gemi İnşa Sanayicileri - GİSBİR,5,467466,3953,156,0,934.92,0.0074,2026-07-25 11:35:17.479934
UCCNWp5V0spT514tHNnv9ORg,Becekli &amp; Göktepe Ve Cevre Köyleri,2,370888,979,35,0,741.78,0.0027,2026-07-25 11:35:17.479934
UCCNfvc3vsn1RW-vRfp7p_Zw,Halil İbrahim Yalçın,1,89564,254,61,1,179.13,0.0035,2026-07-25 11:35:17.479934
UCCNhvwM2suILsjwIJweQLIg,Serdal Gümüş,1,137120,316,34,0,274.24,0.0026,2026-07-25 11:35:17.479934
UCCNrSgGKwrbGk_sRpECfoAA,plaksever,3,791607,4277,255,0,1583.21,0.0055,2026-07-25 11:35:17.479934
UCCNv7DxYHNQTIqs5cLrwSGg,Mehmet Mahmut Erdem,1,555730,1700,224,0,1111.46,0.0035,2026-07-25 11:35:17.479934
UCCNxDFpRwR6eYZkPnd0z5eQ,Onbitv,2,323843,2107,232,0,647.68,0.0065,2026-07-25 11:35:17.479934
UCCO-hT3tqMMRYw0s6etA5Bw,Hasan Sus,2,3828,11,3,0,7.66,0.0031,2026-07-25 11:35:17.479934
UCCO1DoyQEg4btxLOUw3UX5A,YUSUF KAPLAN VİDEOLARI,1,1173334,24000,253,0,2346.67,0.0207,2026-07-25 11:35:17.479934
UCCO4q3wbj_EM5hh0PCiUgWA,runtuyo,1,800841,1700,284,0,1601.68,0.0025,2026-07-25 11:35:17.479934
UCCODtTcd5M1JavPCOr_Uydg,Extra Credits,2,4008595,52200,2020,0,8017.19,0.0107,2026-07-25 11:35:17.479934
UCCORd26KGiRv1glJTunsZTQ,Mustafa Toprak ÖZDEMİR,1,4655374,47000,1200,0,9310.75,0.0104,2026-07-25 11:35:17.479934
UCCORxOJqKzvpHAXA0pUwglg,xLaeta,1,3028807,110000,6500,0,6057.61,0.0385,2026-07-25 11:35:17.479934
UCCOXqoxMr4Wa-31i9D57hYQ,Türksoy TV,3,796502,8522,292,0,1593.0,0.014,2026-07-25 11:35:17.479934
UCCOh7zlkj5HBjKpf-117YZA,Deriko Müzik,1,18343993,70000,3500,0,36687.99,0.004,2026-07-25 11:35:17.479934
UCCOqshD50lbsSQczY5YIFGg,TARCANLAR TUNİNG EKSPERTİZ KOCAELİ,11,5402567,73800,2438,0,10805.13,0.0153,2026-07-25 11:35:17.479934
UCCPHrE9TNzX4bz7BhJIxzqA,Japonic Trade,3,266179,4491,187,0,532.36,0.0157,2026-07-25 11:35:17.479934
UCCPItzlU2jUS-1uM3PvwZ7Q,alperenjkl,1,43101,211,7,0,86.2,0.0051,2026-07-25 11:35:17.479934
UCCPLDNgb7dhpSSjf85Qj84w,HİVROJ MÜZİK,3,371481,1765,162,0,742.96,0.0083,2026-07-25 11:35:17.479934
UCCPrFB8tpmvxci-PmkG5ZMw,furkan ablak,1,2709,29,2,0,5.42,0.0114,2026-07-25 11:35:17.479934
UCCPsTBtuyCZ3ATQUUBcpoDA,RepsUp100,1,229130,4000,195,0,458.26,0.0183,2026-07-25 11:35:17.479934
UCCPvLUrjzOd3bNBMdBryv_w,Top tips - Beauty And Make Up,2,74237,1102,53,0,148.47,0.0123,2026-07-25 11:35:17.479934
UCCPvSU8UdouSuv6m2dCtRzg,ONEARTH Records,2,1665859,11502,236,0,3331.72,0.0094,2026-07-25 11:35:17.479934
UCCQ5vkM6UkxFkcJWsrjGTgA,orxan azizov,1,1342407,16000,933,0,2684.81,0.0126,2026-07-25 11:35:17.479934
UCCQAXWmpzywoapLZ-cNDINg,Aglayanmunzur1984,2,226647,2228,99,0,453.29,0.0104,2026-07-25 11:35:17.479934
UCCQIfNSCSxlm2TnHvGw-tEw,Classical-Studying Musics,1,4692063,27000,2100,0,9384.13,0.0062,2026-07-25 11:35:17.479934
UCCQrHQ8vjqlYlzQ0LbnB4TA,cococharnelle,1,421265,5300,407,0,842.53,0.0135,2026-07-25 11:35:17.479934
UCCRFlpydn4YZhDS7BJftm4A,al mare,2,107660,610,54,0,215.32,0.0061,2026-07-25 11:35:17.479934
UCCR_t1Mrgx_rn-hZXTyjs4w,Doruk Can,1,82666,459,36,0,165.33,0.006,2026-07-25 11:35:17.479934
UCCRf4GfS4d828p4UNPrARPw,Şahin Nəcəfli,1,2106,123,4,0,4.21,0.0603,2026-07-25 11:35:17.479934
UCCRmSPPMZy_aNjOgHwdnfxw,OTTO – Home &amp; Living,2,650728,2315,312,0,1301.45,0.009,2026-07-25 11:35:17.479934
UCCRvgJtSdXyWTjaaVS4YG-g,Josh MacDonald,1,5389,15,13,0,10.78,0.0052,2026-07-25 11:35:17.479934
UCCS46NrCQHh9D6aTTLDFZ_A,Jet Ali METAFİZİK ALEMDEN HABERLER 0 536 731 44 73,3,68253,603,374,0,136.51,0.0175,2026-07-25 11:35:17.479934
UCCSFbHhPj2TbywThNMhoesg,FM TV,20,6732996,19089,5208,0,13466.0,0.0086,2026-07-25 11:35:17.479934
UCCSPweSVGW2245F3Qu4xMjg,iinancter,1,734873,1600,92,0,1469.75,0.0023,2026-07-25 11:35:17.479934
UCCSWLtdF3To5OtcRqOwv-HQ,ayse Töre İpek,1,25504,174,21,0,51.01,0.0076,2026-07-25 11:35:17.479934
UCCS_N9QKQNtMJLsBJlItuAQ,Gunay Ibrahimli,2,8109220,39000,3000,0,16218.44,0.0051,2026-07-25 11:35:17.479934
UCCScJfuGMNofHPq2Drq5b9g,kanal region,1,421141,5500,555,0,842.28,0.0144,2026-07-25 11:35:17.479934
UCCSmm8_m6XBF2e8ue3bNuAw,28kaptan,2,14206441,35000,2461,0,28412.88,0.0026,2026-07-25 11:35:17.479934
UCCT-ZVoh73sefARKp-SThdg,Sıla Tombul,1,298801,4700,803,0,597.6,0.0184,2026-07-25 11:35:17.479934
UCCTN8OzphZ2YXLbaQczk7Rg,adaskalbimde,1,3427601,6600,592,10,6855.2,0.0021,2026-07-25 11:35:17.479934
UCCTOW_57Niz5WqhlVpUIfDg,Minik Notalar,1,3774,120,0,0,7.55,0.0318,2026-07-25 11:35:17.479934
UCCTccDv6cXvwl1-SzfF83Vg,EBA,1,524555,2200,170,0,1049.11,0.0045,2026-07-25 11:35:17.479934
UCCTglYQoqXaBwQWGBBwIuoA,Ekrem Coşkun Döner,1,8146,69,16,0,16.29,0.0104,2026-07-25 11:35:17.479934
UCCTzjL5U0a2TTHoFTSRUxCg,Blush with me-Parmita,15,4760947,161800,3516,13,9521.91,0.0372,2026-07-25 11:35:17.479934
UCCUFjN8L1Ndf4CJqLIKy40A,Güləliyev Mirələm,1,7849576,33000,5200,0,15699.15,0.0049,2026-07-25 11:35:17.479934
UCCUG4Ea-UDvi4GLMvW17e2g,deniz tuncay,1,4937944,12000,831,0,9875.89,0.0026,2026-07-25 11:35:17.479934
UCCUQ--viqsUHCX8lox2d0pw,Gerson Erdemanar,1,1266243,10000,642,0,2532.49,0.0084,2026-07-25 11:35:17.479934
UCCUteHKPhochGUJzRIVv0tw,Bloo Jam!,1,3353882,17000,3100,0,6707.76,0.006,2026-07-25 11:35:17.479934
UCCUw_xsps3VgtqLYR8vBSXw,Edward Sa,1,204081,3900,186,0,408.16,0.02,2026-07-25 11:35:17.479934
UCCUyLmg4MtvIflDWXAMJxVA,RE BORN-BİLGİ VE FİKİR,4,526082,1429,324,0,1052.16,0.0035,2026-07-25 11:35:17.479934
UCCUz3AYGdgwrYUh5KbefkSA,İsmail Aydos,1,986953,3800,512,0,1973.91,0.0044,2026-07-25 11:35:17.479934
UCCV2lxb7W6Sx9MQEla7CcMw,ŞEHMUZ ŞEVKET TEKER,1,169523,2000,184,0,339.05,0.0129,2026-07-25 11:35:17.479934
UCCV6EINci1iTE9XjqmF56nA,idlemonkk,1,14961,374,77,0,29.92,0.0301,2026-07-25 11:35:17.479934
UCCVGqsHKA7nuwJL6FP_K4UQ,Allianz Motto Müzik,14,1240604,15825,959,2,2481.21,0.0152,2026-07-25 11:35:17.479934
UCCVSHkWzbq3qV-Dzff4MfFA,TheNostaljiTV,1,1528616,11000,218,0,3057.23,0.0073,2026-07-25 11:35:17.479934
UCCVWJhZWcpLq1hzQ0BTsJZw,Memory Music Box,1,3057384,15000,1600,0,6114.77,0.0054,2026-07-25 11:35:17.479934
UCCW682EVj8tVvpFvAfzVQDg,Kartal Tv,1,6896263,34000,1900,0,13792.53,0.0052,2026-07-25 11:35:17.479934
UCCWK-yzgudDTY9KJs7GKikA,blintz2001,1,64849,368,13,0,129.7,0.0059,2026-07-25 11:35:17.479934
UCCWfnqsPka8I_rPtLE4ZcRA,TV News 24h,1,3741,50,12,0,7.48,0.0166,2026-07-25 11:35:17.479934
UCCWq5_ODLfcr4LFcFGv-Uow,İbrahim eryılmaz,2,1120529,3766,224,0,2241.06,0.0051,2026-07-25 11:35:17.479934
UCCXDIbMjQiBaoFFZivZKUww,Nazar Boncuğu Düğün Salonlari,1,221092,285,60,0,442.18,0.0016,2026-07-25 11:35:17.479934
UCCXHGeoznD_CUEGKP2x5ZQw,besiktassiyah,1,617232,893,277,0,1234.46,0.0019,2026-07-25 11:35:17.479934
UCCXKHL_QYYFD9P3iP_1_8vQ,Güç ve Fitness,2,116873,726,29,0,233.74,0.0115,2026-07-25 11:35:17.479934
UCCXRV8t6giXtIz4qKYWq8YQ,Muhammed Bayrak,1,10502,21,2,0,21.0,0.0022,2026-07-25 11:35:17.479934
UCCXUVUo9wVdv9C_em5fVuDA,MODACI KARDEŞLER,2,1434105,26000,1423,0,2868.21,0.0197,2026-07-25 11:35:17.479934
UCCXeFO1hbknGNXnAp313eFA,CapitalismMorality,1,424792,5500,1000,0,849.58,0.0153,2026-07-25 11:35:17.479934
UCCXoCcu9Rp7NPbTzIvogpZg,Fox Business,35,7528662,114006,6437,310,15057.32,0.0198,2026-07-25 11:35:17.479934
UCCY38tdUkt0bbVMIRjH5KtQ,CTG Medya,3,1633001,14100,740,0,3266.0,0.0095,2026-07-25 11:35:17.479934
UCCYNb2jhN7zyPkB1LBVwrjg,Irina Tencheva,3,118000,615,71,0,236.0,0.006,2026-07-25 11:35:17.479934
UCCYOgtFxji-1-uSaQZ_YD5w,niketga,1,3522797,8400,406,0,7045.59,0.0025,2026-07-25 11:35:17.479934
UCCYRx06dllZJ-SIBrX46DOw,Megan McTaggart,1,387551,4900,567,0,775.1,0.0141,2026-07-25 11:35:17.479934
UCCYhaH52lUEmfUjX-_OBAHg,İCTİMAİ TV,10,1266957,22958,1783,0,2533.93,0.0182,2026-07-25 11:35:17.479934
UCCYo7H8AbLlQdy6hLVQa7qg,Best Fails,1,159379,249,38,0,318.76,0.0018,2026-07-25 11:35:17.479934
UCCZBv-FBNdxoE87xae9eC6g,Илон Маск,2,1119413,22900,607,0,2238.82,0.0491,2026-07-25 11:35:17.479934
UCCZIevhN62jJ2gb-u__M95g,Oddly Satisfying,1,1744476,5900,596,0,3488.95,0.0037,2026-07-25 11:35:17.479934
UCCZVmatSqIMTTB8uExk8xEg,London Real,2,802742,15400,765,0,1605.48,0.0172,2026-07-25 11:35:17.479934
UCCZ_gWYDz2Ehr8E0E-VzgSg,Borucu99,1,430348,1400,112,0,860.7,0.0035,2026-07-25 11:35:17.479934
UCCZmcHTQSm9uiODix5iQf6A,Panzer Picture,1,1849,99,2,0,3.7,0.0546,2026-07-25 11:35:17.479934
UCCZygQ1SGirhOwesQuFb51w,Asal Floydian,2,179766,761,96,0,359.53,0.004,2026-07-25 11:35:17.479934
UCC_F912jhR3FX9hAHrLntfA,FRANKFURTLU23,1,1444146,3600,557,0,2888.29,0.0029,2026-07-25 11:35:17.479934
UCC_YAvpAeQTharz7WZGop0w,VidoMido,1,141203,290,105,0,282.41,0.0028,2026-07-25 11:35:17.479934
UCC_ZeAMosCKgH0yVu6MZE6g,Marnin Müzik,1,3858594,16000,539,0,7717.19,0.0043,2026-07-25 11:35:17.479934
UCC_elZTkR8yq7jhCyT6omeg,GabakTech - Cursos de Computación y Tecnología,1,200678,250,74,0,401.36,0.0016,2026-07-25 11:35:17.479934
UCC_iReQZgbPtOBfn3bjNnPw,Selena,16,111794200,356100,75777,0,223588.4,0.004,2026-07-25 11:35:17.479934
UCCa2XXsuHD_k9o6JqX-lu0w,Hazal Yamadağ,1,53001,421,84,0,106.0,0.0095,2026-07-25 11:35:17.479934
UCCaN3Y94SF_V9sPQlH8ABEw,Yannie Tan,2,21319502,427882,9430,0,42639.01,0.0274,2026-07-25 11:35:17.479934
UCCaVuHxcD4MPMqM7UusYFOg,Al Capone,2,508929,4100,332,0,1017.85,0.0087,2026-07-25 11:35:17.479934
UCCar5SRNCUqWKkP2Ak-5k0Q,Hekim Küçük,1,251902,602,74,0,503.8,0.0027,2026-07-25 11:35:17.479934
UCCauEjHzPXxGer8af3u4x5g,Envoyé Spécial,11,6235511,39059,5974,0,12471.02,0.0084,2026-07-25 11:35:17.479934
UCCbGhTa-akyDwOFaLoC4bgw,Yunus Emre Yüce,1,11323,214,10,0,22.65,0.0198,2026-07-25 11:35:17.479934
UCCbL2CGU8urUOoxNlMOpOOw,StickOnHair,2,33074,208,34,0,66.14,0.0075,2026-07-25 11:35:17.479934
UCCbPELdfFAEA8OUmK1aph1A,Çankırı Postası,1,326848,397,84,0,653.7,0.0015,2026-07-25 11:35:17.479934
UCCbWCBvUDgpTPf3ehuXj5sQ,Merve Yavuz,1,470614,3500,113,0,941.23,0.0077,2026-07-25 11:35:17.479934
UCCb_71X5WaCKT48fJjK8w0Q,Milli Çözüm Dergisi,1,13561,100,4,0,27.12,0.0077,2026-07-25 11:35:17.479934
UCCbheVYUZ-ph8fYfVQ2C9Pw,forumpashaaa,1,6156314,10000,1200,0,12312.63,0.0018,2026-07-25 11:35:17.479934
UCCbqFnjOuxj4ZPBRRX2cG4A,S0rryHealFaiLed,1,490017,872,90,0,980.03,0.002,2026-07-25 11:35:17.479934
UCCbroxzr_hyV1mqP-gbY-fw,Fıkıh TV,6,658939,2449,412,0,1317.88,0.0038,2026-07-25 11:35:17.479934
UCCbtYYTp4C76FvZDBA26nWA,muslimfilm,5,294351,2417,312,0,588.7,0.0092,2026-07-25 11:35:17.479934
UCCbteLHGTGK2RdXtT7kxCrA,Barbara Thais,2,1381200,57000,1549,0,2762.4,0.0502,2026-07-25 11:35:17.479934
UCCc-tU0rNSKSSYDHGAqqpzg,cccc,1,8862,48,2,0,17.72,0.0056,2026-07-25 11:35:17.479934
UCCcHUEGLkUKHKzp6l7IV1Sg,Aziza Ahmed Turk,1,27055,177,8,0,54.11,0.0068,2026-07-25 11:35:17.479934
UCCcb9fO-aWc4vhUwVfAtHMA,That Look You Love,3,4947118,70000,4741,0,9894.23,0.0133,2026-07-25 11:35:17.479934
UCCcey5CP5GDZeom987gqTdg,BBC News Japan,1,16037,0,0,0,32.07,0.0,2026-07-25 11:35:17.479934
UCCcgNu5Fv8ZSq6GSwzK_yQw,johber92,1,7404255,22000,2700,0,14808.51,0.0033,2026-07-25 11:35:17.479934
UCCcoZYaC2XPlZPPAri0HKMw,Glorious Football,1,13648166,68000,4300,0,27296.33,0.0053,2026-07-25 11:35:17.479934
UCCcprrrcbdaj14kYPjcbj9w,В гостях у Гордона,21,13833544,92567,13905,0,27667.08,0.0087,2026-07-25 11:35:17.479934
UCCcydJoSEwDmf0puVuao4SQ,Nehal Esam,1,271526,2200,504,0,543.05,0.01,2026-07-25 11:35:17.479934
UCCd63BntuaW-3XyTUxjqjtg,Deus ex Machina,3,1376332,14300,278,0,2752.67,0.0113,2026-07-25 11:35:17.479934
UCCdCsHQRURiTXwDwwW6fx0w,cbc Sofra,2,77737,1444,114,0,155.47,0.0175,2026-07-25 11:35:17.479934
UCCdF-ylneIFN41NwbuovY2Q,Hayal Tezgahı,3,36269,274,34,0,72.54,0.0095,2026-07-25 11:35:17.479934
UCCdOcepYj0o5MuEy-yDbrpQ,Dogancan Ozadli,2,603568,8329,740,0,1207.14,0.0642,2026-07-25 11:35:17.479934
UCCdYYruzqbr0FdNehbUoUiw,Hong Giang DIY Slime,3,51376777,266707,68120,0,102753.55,0.0137,2026-07-25 11:35:17.479934
UCCdceUhNLs6tR-LjJOek_Vw,Cemal Tuncbilek,1,447742,1900,156,0,895.48,0.0046,2026-07-25 11:35:17.479934
UCCdl8BHHEMUwkRVrP2meKVw,Оксана Голодюк,2,483377,10738,698,0,966.75,0.0405,2026-07-25 11:35:17.479934
UCCdmcyIMTttCsjJNSDEzXzw,Seda'nın Mutfağı,2,16844,558,14,0,33.68,0.035,2026-07-25 11:35:17.479934
UCCdxcy82YDar_LuMEBlNITw,Adna Abdukic,1,1145444,5700,602,0,2290.89,0.0055,2026-07-25 11:35:17.479934
UCCe8p7vHzOCamrMQgfviyxQ,Miiyuusaa,1,2764420,9000,527,0,5528.84,0.0034,2026-07-25 11:35:17.479934
UCCeCZW-qtgnqvAd6hSjec_A,Gambling Help NSW,1,267510,1300,193,0,535.02,0.0056,2026-07-25 11:35:17.479934
UCCeLMZy35uMDyPX4icpR7IA,kısmet dev,1,23006,63,3,0,46.01,0.0029,2026-07-25 11:35:17.479934
UCCeLYGKf_lktv20M8t48SFw,Meltem TV,6,491009,5914,542,0,982.01,0.0118,2026-07-25 11:35:17.479934
UCCeQLxZHazu4RFqlMmLAw-A,Donn DIY,2,6597477,30400,4382,0,13194.95,0.0083,2026-07-25 11:35:17.479934
UCCeS3rNZlf1xE4qBWkTb_2w,Hesenaga Şuşali,1,21358,337,12,0,42.72,0.0163,2026-07-25 11:35:17.479934
UCCey7117QkdNyf78YZzis2Q,Danilo Zanna,3,1515366,45000,864,0,3030.73,0.0317,2026-07-25 11:35:17.479934
UCCeymv5Kh7Hs_06sJZ2p_kg,Bilal Turan,1,605774,1400,500,0,1211.55,0.0031,2026-07-25 11:35:17.479934
UCCezYWXBpG6qX0LI2_1OjVw,Marleen Buter,1,27854092,67000,30000,0,55708.18,0.0035,2026-07-25 11:35:17.479934
UCCg-4CY3U14YikG5taPuYLQ,fenerbahche06,3,2137396,4120,339,0,4274.79,0.0023,2026-07-25 11:35:17.479934
UCCg08ZR894MFI0KyibQUOLA,bvs videogrup,2,1434031,4039,157,0,2868.06,0.0026,2026-07-25 11:35:17.479934
UCCg6c6_eivP0iJqPO0tbK6g,Rövşən Əkbərov,1,97954,352,57,0,195.91,0.0042,2026-07-25 11:35:17.479934
UCCgCK4HAhzjD3IFw9cdXuOw,Wiara,4,3438568,102155,1988,0,6877.14,0.0326,2026-07-25 11:35:17.479934
UCCgDoWLHIla35Vf2wxR-2gw,özgür ural,1,4940,22,2,0,9.88,0.0049,2026-07-25 11:35:17.479934
UCCgQaXjsJ6EdFPZeTFQoSyw,Brut India,3,237639,5900,973,0,475.28,0.0347,2026-07-25 11:35:17.479934
UCCgbPq9LSkWX6XcbCpZfKfQ,Esmeralda Gudino,2,3255705,120100,1521,0,6511.41,0.043,2026-07-25 11:35:17.479934
UCCha2QUDdA37nhGldrWdBaQ,polat caner,2,170579,372,17,0,341.16,0.0024,2026-07-25 11:35:17.479934
UCChawIp-1CRfKDrYycBdFtw,WW Slimming Club,1,54362,382,19,0,108.72,0.0074,2026-07-25 11:35:17.479934
UCChcWqwYXCEs657MQ00qVWA,The Emirates FA Cup,9,27227877,114068,5673,0,54455.76,0.0064,2026-07-25 11:35:17.479934
UCChvKoC2HR4ji8M-Fdfchvg,Grup can55,17,2229041,8566,809,0,4458.08,0.0071,2026-07-25 11:35:17.479934
UCCi9ZyZfCqCVKieVJptUKlg,Levent Gültekin,3,254789,6729,475,0,509.58,0.0259,2026-07-25 11:35:17.479934
UCCihe2gGTM8OrSY7hNNBWMQ,gedaliasfilho,1,7210198,62000,2800,0,14420.4,0.009,2026-07-25 11:35:17.479934
UCCj2bPkO3toJJTbZpQehf6Q,Ercan Gül,1,27671,123,9,0,55.34,0.0048,2026-07-25 11:35:17.479934
UCCj4TmBjCZBziZm3ymaG3RQ,Türk Silahlı Kuvvetleri,10,2049379,0,0,0,4098.75,0.0,2026-07-25 11:35:17.479934
UCCj956IF62FbT7Gouszaj9w,BBC,10,23599665,156800,4272,0,47199.34,0.0075,2026-07-25 11:35:17.479934
UCCjE3Unqg5x1tq_YbGVhO-Q,Caught On Camera,2,8027051,113000,3346,0,16054.1,0.016,2026-07-25 11:35:17.479934
UCCjPxKC2zyWlZZnAh7e4dYw,Atilla Kaya,6,3506499,6927,814,0,7013.0,0.0055,2026-07-25 11:35:17.479934
UCCji47mYIKsS8N8mO4p5YWg,Serhat Öner,1,35975,441,9,0,71.95,0.0125,2026-07-25 11:35:17.479934
UCCjib0oqAS1-A5GHzsdSQcA,Sancaq,2,325734,11600,402,0,651.47,0.0379,2026-07-25 11:35:17.479934
UCCjmQcvshUG9Skm2rjCln-g,gewichtheffen1905,1,192880,1100,102,0,385.76,0.0062,2026-07-25 11:35:17.479934
UCCjyq_K1Xwfg8Lndy7lKMpA,TechCrunch,5,130219,815,28,0,260.44,0.0075,2026-07-25 11:35:17.479934
UCCk4w8DxIhtTvBjKwNLB1cA,Akademia Filmu i Telewizji,1,76765684,889000,26000,0,153531.37,0.0119,2026-07-25 11:35:17.479934
UCCkAuy9pIzcJ71U4RBMIUQA,Ahmet Gazi,2,1412113,4000,572,0,2824.22,0.0033,2026-07-25 11:35:17.479934
UCCkWAcaPoCL4Aovv_wUqFrw,Sinan Keskin,2,4360478,23379,3204,0,8720.96,0.0049,2026-07-25 11:35:17.479934
UCCkXNVsUA15UCwnj8hZ4I9g,Shabane Ashegh,3,5117475,18200,972,0,10234.95,0.0036,2026-07-25 11:35:17.479934
UCCkYEsClVwmeXmlRKofD0tQ,Barış Akyelli,1,283330,1300,128,0,566.66,0.005,2026-07-25 11:35:17.479934
UCCk_KELvPve36Di-4dNCmmw,Fulya Ayak Cerrahisi Merkezi,1,222721,857,144,0,445.44,0.0045,2026-07-25 11:35:17.479934
UCCkgriHoMCpjC8sPP-rYAKQ,Lashes beauty parlor,2,83288,2400,82,0,166.58,0.031,2026-07-25 11:35:17.479934
UCCki1Sm_2MRo9LeAv12QEiQ,Tasavvuf Şiir,1,6222,49,2,0,12.44,0.0082,2026-07-25 11:35:17.479934
UCCky0tdsXZLwdn7JLv5tP6Q,Yalvaç,7,22104,112,22,0,44.2,0.0127,2026-07-25 11:35:17.479934
UCCl0IjT6rCjGtsXOazt_U0w,Lazkopat,1,487303,1300,282,0,974.61,0.0032,2026-07-25 11:35:17.479934
UCCl5Ks80piyFGtEVaFvnhyw,Fizuli Hüseynov,2,75264,1418,58,0,150.53,0.0206,2026-07-25 11:35:17.479934
UCClANVfKM09VH3QIRZ57WPQ,Александра Кочанова,4,359338,1364,100,0,718.68,0.0042,2026-07-25 11:35:17.479934
UCClO1RgRkaOcC9cLj-bLuEw,Yeni Şafak,19,5285442,55118,6039,0,10570.87,0.0211,2026-07-25 11:35:17.479934
UCClQLs04aCYIyrHuq8f4YXA,obamamaniablog,1,2874930,13000,749,0,5749.86,0.0048,2026-07-25 11:35:17.479934
UCCljzsYpepeNeY-nKPBKnhA,hrfernsehen,2,397304,3523,246,0,794.61,0.0081,2026-07-25 11:35:17.479934
UCClyYQ1xynoKFfcpBuamh6g,Akustik Fm,1,90243,0,0,0,180.49,0.0,2026-07-25 11:35:17.479934
UCCm35GC0QbzTic6uM0rbPNg,GaraKelle,1,20699,56,11,0,41.4,0.0032,2026-07-25 11:35:17.479934
UCCmDxZyqH2pdVQ7HkHnjD3Q,Barış G,6,1107209,62300,1794,0,2214.43,0.0632,2026-07-25 11:35:17.479934
UCCmF0nnU6qClT3ecaw0J-pA,Yigit Alpman,1,5598,91,4,0,11.2,0.017,2026-07-25 11:35:17.479934
UCCmMHL3rLSiOxZHImSczi1A,Deniz Temel Erdoğan,2,16965,232,46,0,33.93,0.0374,2026-07-25 11:35:17.479934
UCCmfa729dnJCi_bK7fSNbpw,Fashion Mumblr,2,897731,7500,712,0,1795.46,0.0166,2026-07-25 11:35:17.479934
UCCn-9BEDqF1WvaE76Qc451A,seher1977,1,2063940,9400,633,0,4127.88,0.0049,2026-07-25 11:35:17.479934
UCCnk99yCwGuGdwi03FXY4KQ,денис шевченко,1,47050587,146000,15000,0,94101.17,0.0034,2026-07-25 11:35:17.479934
UCCoCaPU4z9zlACXP5Kc24ow,Pieces of Celine C琳,2,571048,4442,342,0,1142.09,0.008,2026-07-25 11:35:17.479934
UCCohkkC_3T-71xaLt8mH9BA,İlkin Mammadli,1,24014,172,18,0,48.03,0.0079,2026-07-25 11:35:17.479934
UCComKOHir2WrDuRZXP8DT-A,Serious Science,1,544160,8300,532,0,1088.32,0.0162,2026-07-25 11:35:17.479934
UCCpJ_4TpcjsFrqGnWKzTjqQ,Ziya'nın Müzik Dünyasi,1,119519,711,64,0,239.04,0.0065,2026-07-25 11:35:17.479934
UCCpY8HNuV6BwrZxAtHiWrrg,Beauty Diy,2,635643,7300,433,0,1271.28,0.0121,2026-07-25 11:35:17.479934
UCCp_PVdJ3DFDg_YJUvBx-CA,Serhat Polat,1,6020,40,5,0,12.04,0.0075,2026-07-25 11:35:17.479934
UCCppqtJSXSQg8ek38c-oNVQ,Aykut arı,1,8438,8,0,0,16.88,0.0009,2026-07-25 11:35:17.479934
UCCq1G76JfJNOMe22xhBpsfQ,Mesut özerden,6,12301,87,9,0,24.6,0.0149,2026-07-25 11:35:17.479934
UCCqT4IKs8x0C9W3cLpvnhdA,peemeebear,1,97947,406,18,0,195.89,0.0043,2026-07-25 11:35:17.479934
UCCqWfY271p0HDarzkL16dvQ,Musa Gezer,1,620737,3700,457,0,1241.47,0.0067,2026-07-25 11:35:17.479934
UCCqZ18V6706J1NJOIDCVgAQ,Hometalk,1,236263,4000,321,0,472.53,0.0183,2026-07-25 11:35:17.479934
UCCqf7qdUFyqbt1qNRfNwUzg,YWN,1,12521,345,4,0,25.04,0.0279,2026-07-25 11:35:17.479934
UCCqfZszdC1v6qJlHod1MMKA,ETV,4,28313126,147366,10344,0,56626.25,0.0047,2026-07-25 11:35:17.479934
UCCqm5azC0Qy_lz26CtS8t4w,ayseyfi,1,805,9,2,0,1.61,0.0137,2026-07-25 11:35:17.479934
UCCqstgeBErZzEkcAJs6Nx3Q,Kerim Erarslan,4,804685,1452,269,0,1609.38,0.0642,2026-07-25 11:35:17.479934
UCCqxfM_rhqJoPpWhFkyQxsQ,Crazy Hairstyles,2,3337923,16440,2080,0,6675.84,0.0055,2026-07-25 11:35:17.479934
UCCr3eVFcy9ziF184QtG9Ylw,Sultana riveya,1,5902745,13000,1400,0,11805.49,0.0024,2026-07-25 11:35:17.479934
UCCr4ezm_9z0HtvhnMDHnPhA,GALLARDO GALLARDO,1,30112,48,42,0,60.22,0.003,2026-07-25 11:35:17.479934
UCCr7p60FsKVlViZ_LA2_LwQ,7ockeT,1,840899,1500,249,0,1681.8,0.0021,2026-07-25 11:35:17.479934
UCCrCzh6M2lervA9Icho_DnQ,Mehmet Yıldırım,3,1390579,22494,305,1,2781.16,0.0167,2026-07-25 11:35:17.479934
UCCrNd1WrhlvahKjtb-S528w,Los Angara's MotoVlog,1,36664,817,16,0,73.33,0.0227,2026-07-25 11:35:17.479934
UCCrXH3dJW0ce-xVcrVaPaiA,YILDIRIM Serhat,9,489316,1064,166,0,978.64,0.0026,2026-07-25 11:35:17.479934
UCCrZjgCzxWBkwWRkxb_zl_Q,safranbolu kültür ve turizm vakfı,1,398406,1700,349,0,796.81,0.0051,2026-07-25 11:35:17.479934
UCCs6DV3qbE9OrbFgDzH5rWw,Bobblehead Conan,1,62717,268,31,0,125.43,0.0048,2026-07-25 11:35:17.479934
UCCsDzd6T8aj4U7h1qEa3dgw,Rinkal Soni,4,3995291,103000,4947,0,7990.58,0.0422,2026-07-25 11:35:17.479934
UCCsiNBMCBo9qsVnFSF9JKqQ,Doğan Music Company,15,54243259,195000,10796,0,108486.52,0.0096,2026-07-25 11:35:17.479934
UCCsx_tdy7_M3Z0cjvWqRqFw,Mehmet Kali,1,14591,59,7,0,29.18,0.0045,2026-07-25 11:35:17.479934
UCCsyDKmLSSgFPxuiGXdC7yw,5 yildiz,3,175945,1293,123,0,351.89,0.0089,2026-07-25 11:35:17.479934
UCCtG3JJ62yRsAvRS5cT0aMQ,Happy Popcorn,3,1357026,10620,1530,0,2714.05,0.01,2026-07-25 11:35:17.479934
UCCtHsQ_r_Qb_aUCaCG6OgIQ,Kerem Özel,1,2749157,7000,947,0,5498.31,0.0029,2026-07-25 11:35:17.479934
UCCtOvh9B2gc575FzvC3N50A,Ekmek Teknesi,23,1199074,4709,335,0,2398.14,0.0041,2026-07-25 11:35:17.479934
UCCtYn8ENs-WR6mWui6EOhOA,İSMAİL ÇAKIR,1,1762,15,0,0,3.52,0.0085,2026-07-25 11:35:17.479934
UCCtcgs0Aqh4xVdFLg04SwYQ,mevlüt savcı,1,130629,93,4,0,261.26,0.0007,2026-07-25 11:35:17.479934
UCCtm0Do1EmPV5vw5k_dF6oQ,House Of Makeup Małgorzata Smelcerz,1,97002,3600,96,0,194.0,0.0381,2026-07-25 11:35:17.479934
UCCttqcIoWIonubgGFDFgW7Q,Kurt Haas,1,15335,106,52,0,30.67,0.0103,2026-07-25 11:35:17.479934
UCCufD6T0RfihHlYipUcjwRA,İTÜ EMK,1,1159,14,0,0,2.32,0.0121,2026-07-25 11:35:17.479934
UCCug6kT10Sty-i6zz2zok5g,TÜRK Official,1,100597,808,76,0,201.19,0.0088,2026-07-25 11:35:17.479934
UCCugFYhnNgnzM20isKe_7KA,TheGecelerinAdami,1,4915796,4900,1400,0,9831.59,0.0013,2026-07-25 11:35:17.479934
UCCur7RVrsHtfd576KhgJbNQ,Kenan Doğulu,1,1814570,6700,195,0,3629.14,0.0038,2026-07-25 11:35:17.479934
UCCuySJIvnUg7Zrbcvb4zlgg,La Quotidienne,5,658777,4799,341,0,1317.55,0.0087,2026-07-25 11:35:17.479934
UCCuzgYl28nac7UoYTMQ53YA,INTV,3,3147418,3964,600,0,6294.84,0.002,2026-07-25 11:35:17.479934
UCCv1Pd24oPErw5S7zJWltnQ,Aljazeera Mubasher,6,4844828,100987,4392,0,9689.65,0.014,2026-07-25 11:35:17.479934
UCCvEgsZSqVXIY3XzVB0-R2Q,AlwaysPrettyUseful-Marathi,3,1260931,8181,953,0,2521.86,0.0145,2026-07-25 11:35:17.479934
UCCvXKdNRXOMsBY7FGBa1DGg,Necip Tokay,1,37456,161,10,0,74.91,0.0046,2026-07-25 11:35:17.479934
UCCvaCmg7uVLIGD6kfSTW68g,ibrahim yamaç,1,7932,37,0,0,15.86,0.0047,2026-07-25 11:35:17.479934
UCCvaqrI0FRI839LitNyRegA,Anar Zeynalov,1,54009,563,14,0,108.02,0.0107,2026-07-25 11:35:17.479934
UCCvgLV2Ixb8KCemj-UtXZ-g,The Royal Family Channel,8,8379793,41100,3350,0,16759.58,0.0064,2026-07-25 11:35:17.479934
UCCvguzToWt3PYumFPRusUKg,Experienced Mojaraba TV,3,17118167,155100,17800,0,34236.33,0.0108,2026-07-25 11:35:17.479934
UCCvihMT1uGy6fTmTsUTT4PA,Kadir Dural,1,4433,13,2,0,8.87,0.0034,2026-07-25 11:35:17.479934
UCCvoAe__WFYMNAEN-C-CtYA,Wayne Goss,26,49668367,975300,18685,162,99336.74,0.0356,2026-07-25 11:35:17.479934
UCCw1aOc9x3sEjrUzT-qmMGw,NU.nl,2,354254,2304,180,0,708.5,0.0061,2026-07-25 11:35:17.479934
UCCwAKrEapYylRRxY5MR5jYw,Müge Kılıç,1,313511,7100,323,0,627.02,0.0237,2026-07-25 11:35:17.479934
UCCwFJ4911ZxDaRS1lnStddw,kubra video,2,679190,462,73,0,1358.38,0.0045,2026-07-25 11:35:17.479934
UCCwpcNZdTzblt4U-sso0Qxg,JKPlus,1,173095,814,53,0,346.19,0.005,2026-07-25 11:35:17.479934
UCCxI1veIwlieXnLH-22UxLw,Евгений Парфенов,1,58817,1200,74,0,117.63,0.0217,2026-07-25 11:35:17.479934
UCCxc5b4lQU_hwrZVyZr92Ew,Çilem Akar,5,1018660,60400,877,0,2037.32,0.074,2026-07-25 11:35:17.479934
UCCxgQCMfSpAu4alZvs7scCg,teyoemmi,2,3635176,3100,458,0,7270.35,0.001,2026-07-25 11:35:17.479934
UCCxtzYITAyhbU8s2M8l3rAA,Makeupby Serra,1,8865,99,17,0,17.73,0.0131,2026-07-25 11:35:17.479934
UCCy938YgKh5HiHLTe3m1m4Q,Неждан TV,1,8201355,9500,4600,0,16402.71,0.0017,2026-07-25 11:35:17.479934
UCCyGhMfjpwUlQOdkg4i11Qw,gelgidersin,1,1335009,4900,398,0,2670.02,0.004,2026-07-25 11:35:17.479934
UCCyLFXXGgTftlElFImfDAsQ,ahmet furkan saygili,1,196060,1200,49,0,392.12,0.0064,2026-07-25 11:35:17.479934
UCCyS4dPuoXYR5WosHyL3JEA,Ahmed Khidir,1,209503,626,56,0,419.01,0.0033,2026-07-25 11:35:17.479934
UCCyZ-wQBlGrmHtb9BN7Uv9A,Gökçe Bener,2,101439,1413,143,0,202.88,0.019,2026-07-25 11:35:17.479934
UCCyj9X92z2xXsadkb-68KQg,KaradenizLi,1,179159,531,56,0,358.32,0.0033,2026-07-25 11:35:17.479934
UCCykjYH0GM-xXjLq1orZJQA,Yeliz Paşa,2,210557,3600,55,0,421.12,0.0219,2026-07-25 11:35:17.479934
UCCynR92V2j46NAvgLoWQY0A,Çağla,41,23748462,508500,21063,125,47496.89,0.0229,2026-07-25 11:35:17.479934
UCCysgDIDbjvPRoyYZIwQlIw,MaRaZALi24,1,2656200,10000,333,0,5312.4,0.0039,2026-07-25 11:35:17.479934
UCCzEiN9wc3o1Noie7qdL7Fg,Fizz Khalifa,1,3239,74,19,1,6.48,0.029,2026-07-25 11:35:17.479934
UCCzJr-XmjRatOmyndILJoog,csdslincoln,1,1397972,5400,373,0,2795.94,0.0041,2026-07-25 11:35:17.479934
UCCzU9o_6gc1B-bqGD9aMZWQ,Furkan Yalım,1,306129,836,58,3,612.26,0.0029,2026-07-25 11:35:17.479934
UCCz_ExsGFM2jfA32B0NJhbQ,Vogue Arabia,1,2272484,47000,1800,0,4544.97,0.0215,2026-07-25 11:35:17.479934
UCCzdoLycVvvd2R7_tue0j9w,Gizemli 1741 official channel,2,5197254,17055,1219,0,10394.51,0.0123,2026-07-25 11:35:17.479934
UCCzteqZRzsr87Lfh2wUKw5Q,Kuzey Yıldızı İlk Aşk,10,9443730,100200,3608,0,18887.47,0.0108,2026-07-25 11:35:17.479934
UCD-2WKTti1zt5tZSJBdQvmA,Pilule Rouge,1,675838,1400,406,0,1351.68,0.0027,2026-07-25 11:35:17.479934
UCD-9-STCssDunBKqgbIMsGg,Ege Sayman,2,174206,358,36,0,348.41,0.0042,2026-07-25 11:35:17.479934
UCD-C4o0Xw0Ko_a2fucBJWBA,Joanna the Nurse,1,259580,6400,220,0,519.16,0.0255,2026-07-25 11:35:17.479934
UCD-Sp2zb6pMNoKNWZMhou6Q,kadir akdeniz,1,16062,100,4,0,32.12,0.0065,2026-07-25 11:35:17.479934
UCD-Z1xWNis1pnv17_Y6OYhA,Serol Güzel,1,1078877,6200,202,0,2157.75,0.0059,2026-07-25 11:35:17.479934
UCD-zYg6POjLtxek5NydV6qg,Virgin Hotels,1,24495,361,8,0,48.99,0.0151,2026-07-25 11:35:17.479934
UCD07Zr4Pea33MDjwvZswU1w,Gökhan Akkaynak,1,239109,1500,59,0,478.22,0.0065,2026-07-25 11:35:17.479934
UCD0HC3UX994sCOHVGYQsmzg,Simge Fıstıkoğlu Fan,2,456195,907,165,0,912.39,0.0031,2026-07-25 11:35:17.479934
UCD0UkGcNyoOWXSmr-zThcTw,SoNSuZ AŞK,1,22987,0,0,0,45.97,0.0,2026-07-25 11:35:17.479934
UCD0iEllIC-jJhda6sqOZl0Q,iboshow zana zana yousef,1,1237215,2800,250,0,2474.43,0.0025,2026-07-25 11:35:17.479934
UCD1VqBEewPMRL7dmR8PZmcQ,Indian Dream Beauty,3,1194651,10000,1793,0,2389.3,0.0111,2026-07-25 11:35:17.479934
UCD1YZadmjzoCnT4GRtmtAOg,Happy moments,1,229275,2700,86,0,458.55,0.0122,2026-07-25 11:35:17.479934
UCD1fj6pN9BQZAgmzj0y06eQ,Maghribona Tv,1,1129484,3100,2200,0,2258.97,0.0047,2026-07-25 11:35:17.479934
UCD1iYRTDqlhrJwvO8kk9iXA,Vasif Azimov Official,2,395488,4000,282,0,790.97,0.0121,2026-07-25 11:35:17.479934
UCD2-Ek-fAQhkyvpzf5IXsRg,Edilei Ferreira,1,11801835,101000,5200,0,23603.67,0.009,2026-07-25 11:35:17.479934
UCD2AUsdXVc9ZRYNbmxY8lew,Pi tivi,1,43156,632,19,0,86.31,0.0151,2026-07-25 11:35:17.479934
UCD2GdZBCsUa0TIssLai6Skw,Top Talent,19,42486917,413300,20633,195,84973.83,0.0084,2026-07-25 11:35:17.479934
UCD2HiKSIZ4hTFMlbbHUuaEQ,USTADAN AL TARİFİ,5,2142284,30000,1798,0,4284.57,0.0202,2026-07-25 11:35:17.479934
UCD2KhDi6ZL8sR_TiD7sg1jw,Serdar Küçük,1,134238,212,18,0,268.48,0.0017,2026-07-25 11:35:17.479934
UCD2n1QXB70NdO2UWjN53lwg,David Slavchev,3,176394,372,72,0,352.79,0.0026,2026-07-25 11:35:17.479934
UCD2uBDYrKJMryPQUrDzOOcw,Meraklısına Psikoloji,1,9947,222,13,0,19.89,0.0236,2026-07-25 11:35:17.479934
UCD2xoYJxjF2RbGLOtHu1_cQ,Kervan Plakçılık Kasetçilik,10,4355578,15903,957,0,8711.16,0.0049,2026-07-25 11:35:17.479934
UCD37i3UdHYc9MJ1MnuQ6n2Q,Çay Kahve İnsan,1,37014,1300,59,0,74.03,0.0367,2026-07-25 11:35:17.479934
UCD3FhdSTLOwHwPxG0MfrxjA,amiko tabuashvili,1,506679,951,217,0,1013.36,0.0023,2026-07-25 11:35:17.479934
UCD45rQwSppR_h94GNYchZBg,carviser,9,4069582,56000,3364,0,8139.17,0.019,2026-07-25 11:35:17.479934
UCD4AcO71War0oV5kkZJ032g,Adi Makeup,1,40565,718,24,0,81.13,0.0183,2026-07-25 11:35:17.479934
UCD4CdnMqx9zZXnTH90J_EKw,ismail alkan,1,989,5,2,0,1.98,0.0071,2026-07-25 11:35:17.479934
UCD4FBz0PtAR_vnRJA2iqcnw,Meyxana Silver,1,1740745,15000,715,0,3481.49,0.009,2026-07-25 11:35:17.479934
UCD4Nj6mbzoJ4rlhJS8ExFDQ,Abdelmonaim BOUSSENNA,4,747712,21300,522,0,1495.42,0.0334,2026-07-25 11:35:17.479934
UCD4ZGv9HZ_RwAQ2gTNrbSaw,Robert Smith,1,3447526,12000,713,0,6895.05,0.0037,2026-07-25 11:35:17.479934
UCD4c_HgFNJyd2LHYVF0MJKA,En iyi dizi,8,2607354,18585,2101,0,5214.72,0.0092,2026-07-25 11:35:17.479934
UCD5AiZfRgSzhlQ1aZe3zeRg,AntiSiyon Türkiye,3,363917,2571,93,0,727.83,0.0122,2026-07-25 11:35:17.479934
UCD5EPtnyCkmXwPS-3peyC7A,Kardeş Payı,1,219064,1500,97,0,438.13,0.0073,2026-07-25 11:35:17.479934
UCD5HcVyy0MVtGUMyMY9yDBg,resinAce,1,1171426,41000,928,0,2342.85,0.0358,2026-07-25 11:35:17.479934
UCD5XcAxBOwc7Pd506L0-RAg,HubVEVO,1,406698,8800,73,0,813.4,0.0218,2026-07-25 11:35:17.479934
UCD6DZKldDUYzIBEVJQdnx9Q,Eylem Aktaş,1,43802,456,5,0,87.6,0.0105,2026-07-25 11:35:17.479934
UCD6GYvOYBBNVm1eGQKUaGCA,22 Minutes,18,2517625,54462,2337,0,5035.26,0.0188,2026-07-25 11:35:17.479934
UCD6Lq7x41LY8BJFrWet4qhg,X - Files - Hidden Files,1,321897,1800,265,0,643.79,0.0064,2026-07-25 11:35:17.479934
UCD6ZjYx8-uCzCHvRsfSxtFA,Matthaios Tsahouridis,1,119972,1000,58,0,239.94,0.0088,2026-07-25 11:35:17.479934
UCD76zCMhiIIwh-xSi5Kw9YQ,Jatt Movies,2,1930658,12500,1648,0,3861.32,0.009,2026-07-25 11:35:17.479934
UCD814ghBUjW294ss3pLO5Wg,gabidragutz,1,9841,49,22,0,19.68,0.0072,2026-07-25 11:35:17.479934
UCD8FD4RQeCu5_oAQ4-rLw2A,Nuri Bilge Ceylan,1,41575,236,9,0,83.15,0.0059,2026-07-25 11:35:17.479934
UCD8V6f3GbHSRWrj2RwIKwug,tarık kahya,1,58998,134,20,0,118.0,0.0026,2026-07-25 11:35:17.479934
UCD8bmW4A7eYzHrW7sXwsqwQ,ArmedForcesUpdate,1,475645,1700,212,0,951.29,0.004,2026-07-25 11:35:17.479934
UCD8zLf7fhD56qqGlkfnYaIQ,Geminess67,1,965735,6800,242,0,1931.47,0.0073,2026-07-25 11:35:17.479934
UCD9-yhtEOwlH5-n1DODlEZg,Refika ile Öze Dönüş,2,57839,1335,38,0,115.67,0.0231,2026-07-25 11:35:17.479934
UCD9I5fRUL3K_S98IacT2ivg,Bir Bağlama Bir Mızrap,1,33896,517,12,0,67.79,0.0156,2026-07-25 11:35:17.479934
UCD9N-hgi8ix7Jw_N2BXUOAA,Goroda Pobrodimy,2,167835,3027,98,0,335.67,0.0298,2026-07-25 11:35:17.479934
UCD9Oybf28FhVdVDG6hwg6Yw,Chris Bossio,1,32869,586,61,0,65.74,0.0197,2026-07-25 11:35:17.479934
UCD9jSZLsftoOACtkrDNZlsg,Пусть говорят,40,41905731,170271,42245,0,83811.46,0.0067,2026-07-25 11:35:17.479934
UCD9sSFMBkDDMeptNNIQOytQ,Feyzi Şahiner- Stj Veteriner Hekim,1,15928,57,3,0,31.86,0.0038,2026-07-25 11:35:17.479934
UCDA0pEXadBKfGaNYYWcy24Q,ABDULAZİZ BASUT,1,3283,3,2,0,6.57,0.0015,2026-07-25 11:35:17.479934
UCDA8g5xoULwj8xqnUPHi5Qg,Ehlisünnet Tv,10,10215531,94510,13190,0,20431.06,0.0109,2026-07-25 11:35:17.479934
UCDA9f21yDDcy7PRO0H2ohng,Continuity Solutions IT Support,1,35167,319,10,0,70.33,0.0094,2026-07-25 11:35:17.479934
UCDADgokbXWFMoQ2lCPAdDmA,Traditional Beauty Tips,6,15421913,74600,19388,0,30843.81,0.0071,2026-07-25 11:35:17.479934
UCDADr3tkmE2oW2TRK0cgSHg,MS Film &amp; Photoproduction Regensburg/Germany,1,485826,0,0,0,971.65,0.0,2026-07-25 11:35:17.479934
UCDAI7PY1Fq5ORILIB7ZMOcA,Freud Fetih,1,36990,829,148,0,73.98,0.0264,2026-07-25 11:35:17.479934
UCDAIsv9lEVLji2ubJGcP4RA,На кухне Я хозяин,1,159229,2200,147,0,318.46,0.0147,2026-07-25 11:35:17.479934
UCDATi9UrhqjfVNxIKNizOiQ,Jason A,1,1730514,27000,1400,0,3461.03,0.0164,2026-07-25 11:35:17.479934
UCDAYpQL2LpYU3y64vcRW8Jw,Grup Kayalar,1,4416,75,2,0,8.83,0.0174,2026-07-25 11:35:17.479934
UCDAZWDrFB_rmjlKFGS44H4w,Kenan Çağlar,3,2137001,3793,616,0,4274.0,0.0025,2026-07-25 11:35:17.479934
UCDAjrAEaA67GGLRW_E-gGDA,Terso Isler,6,59889773,307000,25091,0,119779.56,0.0071,2026-07-25 11:35:17.479934
UCDAnB2VOhmpeNF6wN6eimQA,Ямал Регион,1,2218557,11000,1100,0,4437.11,0.0055,2026-07-25 11:35:17.479934
UCDAq6oTOKSi0iF0i89EytDg,Fashion Pixies,1,65795,1800,47,0,131.59,0.0281,2026-07-25 11:35:17.479934
UCDAzP3J7DNAqKIVH3LEGBsg,Baba Veziroglu,1,19851,119,9,0,39.7,0.0064,2026-07-25 11:35:17.479934
UCDB-2jWyybzkUqpz9vciPqQ,Дружба Народов,1,866785,3400,339,8,1733.57,0.0043,2026-07-25 11:35:17.479934
UCDB7pR_JfDGwGgzW6QFh1aA,Putin-today.ru | Путин сегодня,3,629032,15700,937,0,1258.06,0.0304,2026-07-25 11:35:17.479934
UCDBCh1hBEtp-IHqtJ4McxGg,minorprobpark,1,331245,1000,66,0,662.49,0.0032,2026-07-25 11:35:17.479934
UCDBDrAQqlVzE0hHzF2Mf_HA,yalnız vatan,1,34477,118,6,0,68.95,0.0036,2026-07-25 11:35:17.479934
UCDBFchGuAOy5-2sy8nYMVxA,FoodyTrip,2,2576422,13500,1441,0,5152.85,0.0058,2026-07-25 11:35:17.479934
UCDBXUmq02q4Rz7xQ6_5Ak4g,Stüdyo Ayyıldız Prodüksiyon,1,23520,142,7,0,47.04,0.0063,2026-07-25 11:35:17.479934
UCDBcb0kxgvVIZv9X1a1PAFQ,Michael McCafferty,1,4080,0,0,0,8.16,0.0,2026-07-25 11:35:17.479934
UCDBpDT9bPuIStIgnUyArFGw,LRR Indonesia,1,280240,668,299,0,560.48,0.0035,2026-07-25 11:35:17.479934
UCDBzOGmWirP--SobCHMPLqg,Sayyod. Uz,1,3296127,10000,660,0,6592.25,0.0032,2026-07-25 11:35:17.479934
UCDCBM5m9tDcNTuOl3QCtnNA,AHURA Ritim Topluluğu,6,5932205,42754,1488,0,11864.41,0.0156,2026-07-25 11:35:17.479934
UCDCJB8OmC0RJkpgaDEQuM7Q,gary eriksson,1,6568645,18000,1600,0,13137.29,0.003,2026-07-25 11:35:17.479934
UCDCYLMGxQ_6jYQE7ZZ9lNQw,Şevkat Yerimdar,1,305083,1600,418,0,610.17,0.0066,2026-07-25 11:35:17.479934
UCDCeTTkbJFoWbWz-B29jfOg,DokuzSekiz Lyrics,1,5315593,12000,1100,0,10631.19,0.0025,2026-07-25 11:35:17.479934
UCDCgvwyjJqZWYs6j0D2FF6g,EURACTIV,2,124174,411,63,0,248.34,0.0096,2026-07-25 11:35:17.479934
UCDChQaUwEEEbtIrSrQSxr5g,Hakan öksüz,1,31897,206,14,0,63.79,0.0069,2026-07-25 11:35:17.479934
UCDD8xmOOx9AQWXvFSceEpwQ,AbduESES,2,12152942,33349,4526,0,24305.88,0.0025,2026-07-25 11:35:17.479934
UCDDNmCEmovzSZ9A7orZW0JQ,metin müzik,1,85758,695,58,0,171.52,0.0088,2026-07-25 11:35:17.479934
UCDDQ5rBKiaPkE3aIj0BfU-A,RÖVŞƏN MƏMMƏDOV,3,408227,1471,219,0,816.46,0.005,2026-07-25 11:35:17.479934
UCDDX58Osq_LAbUhL25pZNnw,Flight Simulator,1,1410900,6900,696,0,2821.8,0.0054,2026-07-25 11:35:17.479934
UCDDXu8Sgmjk2AuJuVkqFzuQ,Acıpayam Gireniz,3,33354,28,2,0,66.71,0.001,2026-07-25 11:35:17.479934
UCDDcQxTJO-KAxU05DbhFNdg,Alvarito98,1,125802,458,29,0,251.6,0.0039,2026-07-25 11:35:17.479934
UCDDmukrq0bwckrp09bNt-Rw,EvanescenceVEVO,1,627095995,3500000,96000,0,1254191.99,0.0057,2026-07-25 11:35:17.479934
UCDDrUx7AfzIxp5bQbqASpSQ,Lode Gilissen,1,3213660,8600,998,0,6427.32,0.003,2026-07-25 11:35:17.479934
UCDDwGzwxxqGl3cJGsmeZCog,Denis Gladiy,2,462386,7333,272,0,924.77,0.0345,2026-07-25 11:35:17.479934
UCDEEqGCczAlUzS9kK4mBGwQ,STEPforward,1,707644,4400,308,0,1415.29,0.0067,2026-07-25 11:35:17.479934
UCDEOrPgiRLyFJ9qyxs2-__Q,Ebru Egi,4,92171,3172,76,0,184.34,0.0413,2026-07-25 11:35:17.479934
UCDEh0PTwra8pRsuWSOy6gPQ,Tropo,1,113048383,1200000,37000,0,226096.77,0.0109,2026-07-25 11:35:17.479934
UCDEyiYPDfu_uAl8dDjYmbbw,Burçin Aykaç,1,142562,497,84,0,285.12,0.0041,2026-07-25 11:35:17.479934
UCDF8TA3VX6yO794hBmBwQow,Missy Sue,2,621223,16600,202,0,1242.44,0.03,2026-07-25 11:35:17.479934
UCDFE-ECuXsIrWZIUfZwaZRw,Valery Davidov,1,3548815,10000,1500,0,7097.63,0.0032,2026-07-25 11:35:17.479934
UCDFM3EaibHVf-v98b3etCOg,Mustafa Okan,1,1949109,3600,323,0,3898.22,0.002,2026-07-25 11:35:17.479934
UCDF_q9yE0KN3rdGbvH3Y0jA,Kulana Arab,1,9856,271,10,0,19.71,0.0285,2026-07-25 11:35:17.479934
UCDF_qtpiImVCLX6VBYqbVNA,,1,774341,3800,314,0,1548.68,0.0053,2026-07-25 11:35:17.479934
UCDFhGkLGwAcq5AoKXhCBLug,FoxTwopl,1,4763,28,0,0,9.53,0.0059,2026-07-25 11:35:17.479934
UCDG0zRPrjqliCu3Ev6khbkA,bakuhaifa,1,469532,2300,116,0,939.06,0.0051,2026-07-25 11:35:17.479934
UCDG4WtaaOJYHI03omI4FxVA,demir özdemir,4,93392,113,24,0,186.78,0.0015,2026-07-25 11:35:17.479934
UCDGIYvArfY18gDKI6dn4cXg,Noluyor ORDA,1,989831,5100,1000,116,1979.66,0.0063,2026-07-25 11:35:17.479934
UCDGLtLnF4IhLnnb4BvtnUYw,WOW Decoration,1,189537,3000,145,0,379.07,0.0166,2026-07-25 11:35:17.479934
UCDGOWR5zhMaStXOMsku8XEw,müzik dünyası,1,525940,6000,157,91,1051.88,0.0119,2026-07-25 11:35:17.479934
UCDGdRHdLtV7VS_nWg9C2RVA,Anne Clutz,8,7377390,120800,5307,120,14754.79,0.0228,2026-07-25 11:35:17.479934
UCDGknzyQfNiThyt4vg4MlTQ,The Obama White House,23,25673698,172339,17212,0,51347.4,0.0068,2026-07-25 11:35:17.479934
UCDGva6JipKTF8w33DTUUB_A,ecem washere,1,43287,727,64,0,86.57,0.0183,2026-07-25 11:35:17.479934
UCDHHdAPUmpwBZog7bEswTtg,Nilufar Usmonova,2,1496742,9400,812,0,2993.49,0.0074,2026-07-25 11:35:17.479934
UCDHQbU57NZilrhbuZNbQcRA,PatrickStarrr,7,8489462,294000,16150,0,16978.92,0.0402,2026-07-25 11:35:17.479934
UCDHkxQBuj30MRhKEuxUlyUQ,Veysel Kaplan,1,122336,923,39,0,244.67,0.0079,2026-07-25 11:35:17.479934
UCDHvTxofcZkYoPt9h-J2z0Q,Doksanlar Kuşağı,2,128199,263,42,0,256.39,0.0037,2026-07-25 11:35:17.479934
UCDHvjGb8F3X9NwkhPzL32lg,123GO! Vietnamese,2,11860189,58000,9200,0,23720.38,0.0056,2026-07-25 11:35:17.479934
UCDI1UamF_gYPizV-R3LKjtw,Dr. Becky Gillaspy,2,1654705,23230,888,0,3309.41,0.0109,2026-07-25 11:35:17.479934
UCDIKWq1sGVfK5DO8ky3Hkzg,三原じゅん子チャンネル,1,5507,18,6,0,11.01,0.0044,2026-07-25 11:35:17.479934
UCDIU6Qjl52-tmENLONqtkJg,Popüler Bilim TV,19,1812618,21999,1550,0,3625.24,0.0151,2026-07-25 11:35:17.479934
UCDIchyFH55o5VvhaUQ8in9Q,Top10 Files,3,472334,1947,289,0,944.67,0.0073,2026-07-25 11:35:17.479934
UCDJ6HHS5wkNaSREumdJRYhg,כאן,2,7155770,58200,6149,0,14311.54,0.0099,2026-07-25 11:35:17.479934
UCDJN3cSbOlM_Br9_ICxMa_A,Embassy Of Israel,1,43946,1000,63,0,87.89,0.0242,2026-07-25 11:35:17.479934
UCDJl7ybMJrAljj5KX3dQoBg,Bafra Tractor,3,555154,3219,386,0,1110.31,0.0108,2026-07-25 11:35:17.479934
UCDK7ZBHlTv6N0ppIqfFagCg,Necati Tofur,2,52246,374,16,0,104.49,0.0271,2026-07-25 11:35:17.479934
UCDKLqcSjwgiifXjxhyz9WmA,iyi hissetmek,2,75789,565,57,0,151.58,0.0069,2026-07-25 11:35:17.479934
UCDKN0w9ZvbFED0nUbBPLV6A,Family Fun,2,613361,7800,576,0,1226.73,0.014,2026-07-25 11:35:17.479934
UCDKWeuOGEtDrQWM8L5SIosg,pekcan sazcı,1,16411,65,3,0,32.82,0.0041,2026-07-25 11:35:17.479934
UCDL-WqudSsI9VTZNNF6YNKg,Rohan Robert,1,1329583,12000,2600,0,2659.17,0.011,2026-07-25 11:35:17.479934
UCDL7921FnurtHJkjihL6TdQ,MEDİNE İLAHİ GRUBU,1,10025508,25000,4500,0,20051.02,0.0029,2026-07-25 11:35:17.479934
UCDLOXXmJofK_ClS5KzgnglQ,Engin Beşikçi Videoları,1,13811,129,9,0,27.62,0.01,2026-07-25 11:35:17.479934
UCDLQNqSU3vAJT36cex-V3vw,Erman Pınarcı,1,721811,3500,232,0,1443.62,0.0052,2026-07-25 11:35:17.479934
UCDLSt_KFcxWP-hsqAMuh0vg,Judy D,2,1023839,29000,746,335,2047.68,0.029,2026-07-25 11:35:17.479934
UCDLegAZMK3tOOCVkYqWnxlw,Medya Arkası,2,58823,767,22,0,117.64,0.0121,2026-07-25 11:35:17.479934
UCDM-8xWe5fcQrndYpPjJTMQ,PLANETA DE LOS SECRETOS,4,8846498,61000,11039,0,17693.0,0.0258,2026-07-25 11:35:17.479934
UCDM0WasickNTLTjNKnyumzw,Neda Ukraden,1,13116844,41000,3000,0,26233.69,0.0034,2026-07-25 11:35:17.479934
UCDMDZXkn2X3VGfHVVS22Q-w,Biker Halil,1,1503021,11000,829,0,3006.04,0.0079,2026-07-25 11:35:17.479934
UCDMJI3PwJlK64sjKMBbxcuw,Oynayan Oyuncu HD,1,8184,29,6,0,16.37,0.0043,2026-07-25 11:35:17.479934
UCDMOEj6lneZWgrp-r8KqXIQ,Ravi Zacharias International Ministries,2,1861918,24119,1025,0,3723.84,0.0122,2026-07-25 11:35:17.479934
UCDMZMNrCi1t73qLSlYjCZGw,Beinginger,1,1562038,15000,1000,0,3124.08,0.0102,2026-07-25 11:35:17.479934
UCDMk9kTJRKP-HW1MqumFonw,DeadPies,4,4441396,118000,9300,0,8882.79,0.0298,2026-07-25 11:35:17.479934
UCDMr9tLJ-7lfQuTYdvjeK3Q,Hazte Pequeño,2,375997,1309,390,0,751.99,0.0043,2026-07-25 11:35:17.479934
UCDMuUgAtpCMQhVko55_e1TQ,Kamalaya Wellness Retreat,1,1176,0,0,0,2.35,0.0,2026-07-25 11:35:17.479934
UCDN4a7gSrv_55vfB1OvNrkA,Jonas Bjerg,1,4582,80,4,0,9.16,0.0183,2026-07-25 11:35:17.479934
UCDN6rZHvpF6-7jFaM0kUxGQ,V O L Y A,1,679096,3000,126,0,1358.19,0.0046,2026-07-25 11:35:17.479934
UCDNrvmKtoAw-Xhj43CqvSTQ,Nader Saeed,2,141142,842,37,0,282.29,0.015,2026-07-25 11:35:17.479934
UCDO89DCjRd7tt5-yLmRUXKg,Lily Pebbles,1,319434,15000,178,0,638.87,0.0475,2026-07-25 11:35:17.479934
UCDOV-tpnELMk6cTEnpasXyQ,TBV,1,10183650,86000,3600,0,20367.3,0.0088,2026-07-25 11:35:17.479934
UCDO_l6u0vJmqV_1TomzFjQQ,Coach en amour - Farah Kay,5,47021,2543,57,0,94.04,0.0634,2026-07-25 11:35:17.479934
UCDOwGFYue90zkLE6rkyI4vw,Kerem Canli,1,123493,466,44,0,246.99,0.0041,2026-07-25 11:35:17.479934
UCDP0UQWMvvmUR-sgSpns7Yg,Oğuzhan Akkoyunlu,1,25973,307,18,0,51.95,0.0125,2026-07-25 11:35:17.479934
UCDP5N3bVP71yysruVVX4JzQ,Seda Aras,1,4125003,20000,1300,0,8250.01,0.0052,2026-07-25 11:35:17.479934
UCDPGY0-qQ7ttOe2BTXAgTNA,The Whole Happy Life,4,4269854,132000,2788,0,8539.71,0.0327,2026-07-25 11:35:17.479934
UCDPK8mZ3gdjEzy0yKYgx-LQ,Furkan Vakfı,79,6773749,77735,11037,5,13547.53,0.0185,2026-07-25 11:35:17.479934
UCDPnSqLmYqHadD6VkrRiarg,RizaNovaUZ,52,304308475,1136326,105823,0,608616.93,0.0068,2026-07-25 11:35:17.479934
UCDPnbLYVs3hTKrcBF_-PQ4Q,Burak Him,2,54896,71,28,0,109.79,0.0018,2026-07-25 11:35:17.479934
UCDQ-AZ4htVSMaS0A1B15Upg,Yesillenirim Blog,2,404599,1029,92,0,809.19,0.0033,2026-07-25 11:35:17.479934
UCDQ0bqaTQ1HzhwmLjRkoasg,Sercan Karataş,1,6912726,11000,539,0,13825.45,0.0017,2026-07-25 11:35:17.479934
UCDQ1Q4BUlv5fXp--rm0cOpQ,Gaia Meditation,1,28431,343,30,0,56.86,0.0131,2026-07-25 11:35:17.479934
UCDQ9s_-Mxsif1GUTgiouDtg,Aysenur Yaylali,1,65175,720,126,0,130.35,0.013,2026-07-25 11:35:17.479934
UCDQJBwq85saomu9qNJjKbaQ,Boxing News - GG,2,18381,477,14,0,36.76,0.0334,2026-07-25 11:35:17.479934
UCDQacPFgzZkJBn-rdlYWhrA,Batuhan Gunduz,1,57213,373,26,0,114.43,0.007,2026-07-25 11:35:17.479934
UCDQnlRNWCa4J6HZLDchv-jw,Denizli EFEM,1,2345091,7300,673,0,4690.18,0.0034,2026-07-25 11:35:17.479934
UCDQz4H7tz6Fwu5_5rg4W6pA,Andy Phillip,1,4322348,84000,2300,0,8644.7,0.02,2026-07-25 11:35:17.479934
UCDRBarKkSl-945M-cQgiEjA,tunc baydar,1,2488,14,2,0,4.98,0.0064,2026-07-25 11:35:17.479934
UCDRVc_LN4TSbD86Rl18l9kQ,БЕРИ И ДЕЛАЙ,37,37281283,432671,37597,2,74562.57,0.0156,2026-07-25 11:35:17.479934
UCDRcpJ2UF1Iw5HmZkJAtK6A,GÖR BENİ,1,19690,245,16,0,39.38,0.0133,2026-07-25 11:35:17.479934
UCDRfCTcyLKr2TE069t8hsQA,Olcay Onaca,1,3124806,15000,1000,0,6249.61,0.0051,2026-07-25 11:35:17.479934
UCDRo8lGh1_h0zP4OePU75DA,Fun Camp,1,14079622,40000,7400,0,28159.24,0.0034,2026-07-25 11:35:17.479934
UCDRxWy3qp411zbsuPec8Jqg,Abdurrahman Kurşun HD,2,2496328,18800,1727,0,4992.65,0.0084,2026-07-25 11:35:17.479934
UCDS9hpqUEXsXUIcf0qDcBIA,PMO India,9,7595446,31957,6820,1,15190.89,0.0075,2026-07-25 11:35:17.479934
UCDSBNkKnQQcR_G6Ljt2L2bg,Farhad HD,1,34601,119,12,0,69.2,0.0038,2026-07-25 11:35:17.479934
UCDSK9u9rUettnE_YO4-8Pbw,Miri Yusif,2,10839983,66000,2599,0,21679.97,0.0066,2026-07-25 11:35:17.479934
UCDT2E5HnYLQl_xGob0zCGMg,Rizedeyiz Com,1,700,8,2,0,1.4,0.0143,2026-07-25 11:35:17.479934
UCDTHrOQ09lkMQ9g5-oY8o1g,Pancard Film,2,856124,5120,418,0,1712.25,0.0054,2026-07-25 11:35:17.479934
UCDTINI9skkeZNY2ZXnBqIkQ,Eva zu Beck,1,187219,7500,110,0,374.44,0.0406,2026-07-25 11:35:17.479934
UCDTPBrTd_E9t0beseSGP_Pw,Sporza,6,2043663,24539,961,0,4087.33,0.0154,2026-07-25 11:35:17.479934
UCDTSUkdlbcgEU-IGH_mHgmw,Bebar Bilim,17,1950491,103200,1972,51,3900.97,0.0611,2026-07-25 11:35:17.479934
UCDTaaeMZTb7k8BCDgBoTYhw,SOLIT Gruppe,1,332642,5000,261,0,665.28,0.0158,2026-07-25 11:35:17.479934
UCDTcPGCc573zpKdbdenCtOg,Magazin Mahallesi,1,1179,24,0,0,2.36,0.0204,2026-07-25 11:35:17.479934
UCDTeCWl-l9_6HPwG5ryckkQ,5-Minute DECOR,5,72661080,356702,110092,0,145322.16,0.0097,2026-07-25 11:35:17.479934
UCDTtciKkf_AzXtKNUjkUEPg,Shay Mitchell,2,9709204,322000,3994,0,19418.41,0.036,2026-07-25 11:35:17.479934
UCDTvtLPrvPg5TSMNWH1GPtQ,Vamos Rafa,1,1090443,5600,324,0,2180.89,0.0054,2026-07-25 11:35:17.479934
UCDU18BL2KtObOAjDXHQ0uQg,BABYFOOTSPORT,2,5350703,17300,2435,0,10701.4,0.0037,2026-07-25 11:35:17.479934
UCDU2rLzUj-KO_cClXR_u21g,İsmail Karakurt,2,330591,1240,70,0,661.18,0.0046,2026-07-25 11:35:17.479934
UCDUWjCI5uJQ7koiN4zK7ogQ,Gulyabani,2,173091,1257,21,0,346.18,0.0068,2026-07-25 11:35:17.479934
UCDUhp92NhqVc0K3jSmWhgvA,Comedy Dynamics,1,1404,7,3,0,2.81,0.0071,2026-07-25 11:35:17.479934
UCDVGOdW7sH-hCNwlBhqcsrw,Can Aydoğmuş,8,396456,10655,268,0,792.91,0.0288,2026-07-25 11:35:17.479934
UCDVPcEbVLQgLZX0Rt6jo34A,Mr. Kate,4,16677631,609000,5419,0,33355.27,0.0355,2026-07-25 11:35:17.479934
UCDVTh-tUudKg852NwuxsvEg,Soner HAN BAHŞİ,1,77124,1600,35,0,154.25,0.0212,2026-07-25 11:35:17.479934
UCDVYQ4Zhbm3S2dlz7P1GBDg,NFL,2,35309361,212500,7076,0,70618.72,0.0056,2026-07-25 11:35:17.479934
UCDVgxf2CEeOjjSIxvF4b2GA,Κλαίρη Δημοπούλου,3,941518,27200,780,0,1883.03,0.057,2026-07-25 11:35:17.479934
UCDW2Dy5jIgvNaVjhPMj16fw,The Sifford Sojournal,1,1751120,2600,1400,0,3502.24,0.0023,2026-07-25 11:35:17.479934
UCDWEXGe1SvFHVtchbbY3v5A,Dertli Türküler,3,42594,238,20,0,85.19,0.0071,2026-07-25 11:35:17.479934
UCDWOrzgrD0Ksa5aRGu0XRTg,KOM MÜZİK,11,17228350,81263,9253,0,34456.7,0.0071,2026-07-25 11:35:17.479934
UCDWYpysFB52EAW9UQ9ENCzg,One Ummah,1,39518489,217000,30000,0,79036.98,0.0063,2026-07-25 11:35:17.479934
UCDWgQBiQm1Tg2ZkNdChiJ1A,Görkem Gayretli,3,108604,1003,60,0,217.21,0.0157,2026-07-25 11:35:17.479934
UCDWh3YrJDsbulRujIluV3PA,Unsal Ozkaya,4,164218,351,11,0,328.44,0.0025,2026-07-25 11:35:17.479934
UCDWiKJRuvgxn8HLfcNKesAg,Dejana Eric,3,144347,3883,80,0,288.69,0.027,2026-07-25 11:35:17.479934
UCDWlKPnoMzMONhQ5KwQlbcQ,ZEYNOMEDIA,1,9754,36,6,0,19.51,0.0043,2026-07-25 11:35:17.479934
UCDXIX6k4laWY6jfYK3zi1ng,Osman Müftüoğlu,3,160272,5051,95,0,320.55,0.0342,2026-07-25 11:35:17.479934
UCDXc8iu353R4sJJG2HgFlXA,5 DAKİKADA HALLET Kızlar,32,4249703,32603,3537,0,8499.42,0.0122,2026-07-25 11:35:17.479934
UCDXkIiTth7XoDvdvrxL78lQ,Snapdragon,1,76270,486,17,0,152.54,0.0066,2026-07-25 11:35:17.479934
UCDY63yV6jFQaz06fwk7U_GQ,gepata petkov,1,490500,1400,238,0,981.0,0.0033,2026-07-25 11:35:17.479934
UCDYJZON4pqtzLOWHPZq3yaw,Innovera BT,2,80511,638,40,0,161.02,0.0092,2026-07-25 11:35:17.479934
UCDYgnGm5-XkgvJlbju8hxUg,Vuslat Derneği,1,251,10,0,0,0.5,0.0398,2026-07-25 11:35:17.479934
UCDYiB8y9XchQtwptuHb310A,Имран Гасымов,1,294535,1600,147,0,589.07,0.0059,2026-07-25 11:35:17.479934
UCDYjNnNjAEzfTLVFgn1nTTQ,Hadis Dua,1,1943475,9700,1500,0,3886.95,0.0058,2026-07-25 11:35:17.479934
UCDZ-h4iuCp6mcFzuiJpqdiw,Nederlands Top,3,874662,3200,889,0,1749.32,0.0052,2026-07-25 11:35:17.479934
UCDZ0D2LfGqwX25Y5z1AXekg,Fatih Tüysüz,2,7542,49,19,0,15.09,0.0092,2026-07-25 11:35:17.479934
UCDZ5B6MFRA4ch0cfpKF-hXA,Anıl Rıfat Yıldırım,2,1910517,14000,711,0,3821.04,0.006,2026-07-25 11:35:17.479934
UCDZCv3Docb28RVHRTyPaRxA,Ruslan Kerimzade,1,1364356,7800,566,0,2728.71,0.0061,2026-07-25 11:35:17.479934
UCDZWnAHcJBg0HkTY_QCPSFg,Mathias4Makeup,2,3898191,61185,4124,0,7796.38,0.0166,2026-07-25 11:35:17.479934
UCDZYMqn3XViLsEjhvr_zCcA,nihal salda,6,12677,77,4,0,25.35,0.0115,2026-07-25 11:35:17.479934
UCDZs9cz10ARFmPfB4d8vZiA,traveller0104,1,354490,1800,125,0,708.98,0.0054,2026-07-25 11:35:17.479934
UCDZskQdVsesA7D_Ptj9DBHQ,Goalie Gothic,1,121908,2400,208,0,243.82,0.0214,2026-07-25 11:35:17.479934
UCDZy742uV5_odTIOn-v3Q8A,WomenChic,1,137961,549,197,0,275.92,0.0054,2026-07-25 11:35:17.479934
UCD_FrFEAufU5dfcaSPy11eg,Kentrilyum TV,1,14634,33,15,0,29.27,0.0033,2026-07-25 11:35:17.479934
UCD_tSChsIdxJaBhUVgo4DVg,JasonRoseteFilm,1,53021,146,104,0,106.04,0.0047,2026-07-25 11:35:17.479934
UCDa18ha6skwz0c9Sup92dCQ,muhsin çelik,1,63524,627,27,0,127.05,0.0103,2026-07-25 11:35:17.479934
UCDaDcjOmRxjKcO3dSK8PFgg,Show News,1,1069414,8500,1400,0,2138.83,0.0093,2026-07-25 11:35:17.479934
UCDaPkDnX_16l70Tw95rSbeA,Mirnazim Asadullayev,3,12135,152,10,0,24.27,0.0161,2026-07-25 11:35:17.479934
UCDaX-C4u8064fBvR6L7AqOw,dpcatala,1,10452278,10000,3400,0,20904.56,0.0013,2026-07-25 11:35:17.479934
UCDaXZCPj6W-Oo_DqkhCECVw,Sherlock Holmes Stories Magpie Audio,4,520897,2933,437,0,1041.8,0.0075,2026-07-25 11:35:17.479934
UCDaXjKUKDQ6sCfeleUuGOzg,Mohd A'sim Yusree,1,331750,1900,100,0,663.5,0.006,2026-07-25 11:35:17.479934
UCDatgzV5086IemSL-g-fyuw,خبيرة التجميل رندا الناخبي,1,72321,1200,51,0,144.64,0.0173,2026-07-25 11:35:17.479934
UCDb1WMQWd8fKfuL-cdc5v3A,BATARİST CAHİT 0537 784 05 96,2,818031,1717,276,0,1636.06,0.0025,2026-07-25 11:35:17.479934
UCDb4L7dgxY1NnKFXUhrN4fw,Rocco Müzik,2,1636262,4217,1110,0,3272.52,0.0086,2026-07-25 11:35:17.479934
UCDba_mrRDvVEQ-DT4mxvWKw,Voiceover Masterclass,2,783838,92,2,0,1567.67,0.0116,2026-07-25 11:35:17.479934
UCDbbIyewL0vTSQA9YntATkQ,Fatya Biya,5,13821418,147900,9257,0,27642.83,0.0252,2026-07-25 11:35:17.479934
UCDbccITIijemrpxoGbIWG_A,Murat Yükseksoy MY,1,1617,18,2,0,3.23,0.0124,2026-07-25 11:35:17.479934
UCDbfjlTzm8GJSOafKZgz7ig,MyLifeinaBullet,1,1657734,60000,765,0,3315.47,0.0367,2026-07-25 11:35:17.479934
UCDcN3qvdzLTlJlTn4_4ObwQ,Anne Okulu,1,13476581,35000,15000,14,26953.16,0.0037,2026-07-25 11:35:17.479934
UCDcbq9b3TlhKeeOZInnnVRQ,06colombo,1,1425897,3300,433,0,2851.79,0.0026,2026-07-25 11:35:17.479934
UCDck8CFpnuhT7hrBTglRbvw,Uygutalp Alp,1,22058,157,9,0,44.12,0.0075,2026-07-25 11:35:17.479934
UCDdWgoeFEkV7dGLG5os4Tpg,5 Minute Rhythmic İdeas,2,1350728,0,0,0,2701.46,0.0,2026-07-25 11:35:17.479934
UCDdiCmJM7tVtKebo_w9fdGA,Ümit Ateş,5,1279,16,2,0,2.56,0.0408,2026-07-25 11:35:17.479934
UCDdlGCGXu7Qu-iW3aU6YKxQ,Saygın Müzik market DÜĞÜN ORGANİZASYON bor /niğde,1,28941,166,6,0,57.88,0.0059,2026-07-25 11:35:17.479934
UCDdnq6W5_Y3oLUgRWg9Dk2A,Les bonheurs de Camille,2,2293803,45000,1388,0,4587.61,0.0296,2026-07-25 11:35:17.479934
UCDdurCUiS3IUfqm8ot5laHA,Tuana Öner,5,30411,1023,51,0,60.82,0.0433,2026-07-25 11:35:17.479934
UCDeDd29TrRzAkSKXBCtGhxA,Carnegie Endowment,2,20384,140,23,1,40.77,0.0041,2026-07-25 11:35:17.479934
UCDeo5gk1iPC2OT2GQjeGwdA,Hakan Şükür,6,830289,10632,5345,11,1660.58,0.027,2026-07-25 11:35:17.479934
UCDeqBZ1ES77u3J8NVh8xamA,bodhispeak,2,7043973,80000,3600,0,14087.95,0.012,2026-07-25 11:35:17.479934
UCDexOan6PUHq6FDW2hYr6EQ,Ezgi Irem,3,535561,17500,2395,240,1071.12,0.0496,2026-07-25 11:35:17.479934
UCDfDfwmBqvSmKVq0V_rsCDw,Okan Gülsoy,2,591065,1803,182,0,1182.13,0.0028,2026-07-25 11:35:17.479934
UCDfr6PxYaPl4kfehcTqtQ3A,مفتاح الحياة,1,1561879,23000,2100,0,3123.76,0.0161,2026-07-25 11:35:17.479934
UCDfrU57HV7QrKNf5LlXhhPg,DernekpazarıGençlik,3,1715764,4834,317,0,3431.54,0.0033,2026-07-25 11:35:17.479934
UCDgCh4p1uRvt-bZsGdobsqQ,Barak Türkmen Bloğu,1,56659,215,6,0,113.32,0.0039,2026-07-25 11:35:17.479934
UCDgSQYHkfNY5Q6_zl8KTRZw,Humber College,1,1132,35,2,0,2.26,0.0327,2026-07-25 11:35:17.479934
UCDgaN82sfwxVNmOKSqecElA,Ayşecik tv,1,429816,799,180,0,859.63,0.0023,2026-07-25 11:35:17.479934
UCDggJPq0kvsOHWJcb5yeawg,Haydar Demir,1,4391,34,0,0,8.78,0.0077,2026-07-25 11:35:17.479934
UCDgrAUv70YoL2zVhEeGFI5w,Pantene Türkiye,2,5280172,37000,2174,0,10560.34,0.0074,2026-07-25 11:35:17.479934
UCDguhu90eoQdxAjpqTW-ReQ,CEYLAN KASETÇİLİK HALİL,10,122936,317,39,0,245.88,0.0032,2026-07-25 11:35:17.479934
UCDh0e4N3IkOZbqE7XfNlshQ,Şevval Müzik Official,1,169676,418,52,0,339.35,0.0028,2026-07-25 11:35:17.479934
UCDhC_D9fw3v4xkYbQpjCX8A,Nyks Tarot,1,6680,452,13,2,13.36,0.0699,2026-07-25 11:35:17.479934
UCDhDOfNN78MKry3rC29DsUA,AndreRieuVEVO,2,31547153,182000,6000,0,63094.31,0.0054,2026-07-25 11:35:17.479934
UCDhRE-GOg-kNLgNQA9AciXQ,WeMakeover मराठी,4,11457826,56413,8575,0,22915.65,0.0063,2026-07-25 11:35:17.479934
UCDhvfRzuCp1BbsJhjkP5NyQ,PrimeTime. Az,1,597029,5000,456,0,1194.06,0.0091,2026-07-25 11:35:17.479934
UCDhvfi2vjVgYiqRie3sYy2Q,Uğur Arabacı,1,251735,1400,49,0,503.47,0.0058,2026-07-25 11:35:17.479934
UCDi-m80FIfDAO7wpNF8NaDA,Bulgoc Medya,1,20101,59,5,0,40.2,0.0032,2026-07-25 11:35:17.479934
UCDi7BSYa7GYRVFPadA_Ufmw,GULLÜM SHOW,3,256079,1457,107,0,512.16,0.0067,2026-07-25 11:35:17.479934
UCDi7IDtlKN6oLG9l2Ze0gdA,Qedim,2,25607,204,17,0,51.22,0.0099,2026-07-25 11:35:17.479934
UCDi8fp1K6YMlAoHh1TqL-bg,Kadınca Öğren,1,4211,67,5,0,8.42,0.0171,2026-07-25 11:35:17.479934
UCDiHX5I3SUMO3RXR6EXdYjw,Hasan Yalçın,1,162910,988,44,0,325.82,0.0063,2026-07-25 11:35:17.479934
UCDiJnx9ZPUHqqSYVWmbUx_w,KirsehirliBankaci,1,4993892,0,0,0,9987.78,0.0,2026-07-25 11:35:17.479934
UCDijBLR0JZvHo8YmbXLwxgg,mustafa prince,1,18030179,101000,6200,0,36060.36,0.0059,2026-07-25 11:35:17.479934
UCDiv9clAQyU1meb1ruikM-g,erol İHTİŞAM ahşap tasarım,1,1494625,6300,690,0,2989.25,0.0047,2026-07-25 11:35:17.479934
UCDiwNEbS1lQ1QC-5RUI1ynA,Cheias de Charme Tutorials,4,7722769,39000,1400,0,15445.54,0.0034,2026-07-25 11:35:17.479934
UCDjSVZ3FNs0kt4nX1KliWCA,Karsten Mose Hansen,1,512349,3200,208,0,1024.7,0.0067,2026-07-25 11:35:17.479934
UCDjqDnMuKKha5rPUsThTQpg,Frank Caprio,1,62228,267,31,0,124.46,0.0048,2026-07-25 11:35:17.479934
UCDjzD4N70XCUi06vFAG40aA,FoodTube,26,1857163,9981,819,0,3714.32,0.0071,2026-07-25 11:35:17.479934
UCDk7vTnYP8S_3KA0K0YvCcA,dgisy,1,338565,512,39,0,677.13,0.0016,2026-07-25 11:35:17.479934
UCDkQNMa1yXpgydt6iwv35CQ,*HappyMama* Kondratyuk Tatyana*,1,1435,17,3,0,2.87,0.0139,2026-07-25 11:35:17.479934
UCDkUYp2kgdQpcHf7MOMNnRQ,Eray Uzun,1,7308665,26000,1700,0,14617.33,0.0038,2026-07-25 11:35:17.479934
UCDklpdKjQZ0EEB17qjZuKqA,BodyLab,1,5996,39,11,0,11.99,0.0083,2026-07-25 11:35:17.479934
UCDkqp4rAp-CrDgqlxc66kGw,Thebeauticianchic,10,25253501,14000,2000,0,50507.01,0.0007,2026-07-25 11:35:17.479934
UCDkw9meJhTSJYBe0TdQ3H1g,DIY F.Z,1,266938,2000,186,0,533.88,0.0082,2026-07-25 11:35:17.479934
UCDl9AK32Xzr_2UOxjt03f6w,Camila Coelho English,1,174700,4600,105,0,349.4,0.0269,2026-07-25 11:35:17.479934
UCDl_6GNaofRid6bCXMdIoRw,ergenekon türk,1,2585804,5100,2300,0,5171.61,0.0029,2026-07-25 11:35:17.479934
UCDlkrCpxEOO1qLwCs_Br_Wg,The Denver Post,2,6352,47,2,0,12.71,0.0069,2026-07-25 11:35:17.479934
UCDlz9C2bhSW6dcVn_PO5mYw,The Met,4,926222,6291,131,0,1852.45,0.0128,2026-07-25 11:35:17.479934
UCDm-K0NDyknZEHqvJe-mZGw,1974uzun,1,131824,764,40,0,263.65,0.0061,2026-07-25 11:35:17.479934
UCDmDJ3P-84_NWTcTl343yiw,Hüseyin ÖZKAN,2,1856229,4578,1008,0,3712.46,0.0037,2026-07-25 11:35:17.479934
UCDmNmxF3ZVMeGyvWE9tOqPQ,ABC13 Houston,1,41466083,139000,47000,0,82932.17,0.0045,2026-07-25 11:35:17.479934
UCDmYblK8ScOM4LEfXCQNzCw,Bright,2,52368,980,25,0,104.74,0.0159,2026-07-25 11:35:17.479934
UCDmjKfP8r8W2Hr2jXaX3LTA,NUR PRODÜKSİYON &amp; STÜDYO,1,741,21,0,0,1.48,0.0283,2026-07-25 11:35:17.479934
UCDmoaXRoI8gby0a3R5H4SEQ,Komedi Dükkanı,1,220574,1300,53,0,441.15,0.0061,2026-07-25 11:35:17.479934
UCDmq9s4NbLt3lHMvH4TefVg,DİYARBAKIR DÜĞÜNLERİ BELLA GARDEN #Kendinizeevlenin,3,72485,224,19,0,144.98,0.0033,2026-07-25 11:35:17.479934
UCDmzRtqKEVkshdZ_RQ2P5Bg,69Mixx29,1,10384195,19000,2900,0,20768.39,0.0021,2026-07-25 11:35:17.479934
UCDn2NrHBB4iAKf2jMPqsClA,ulovemegz,2,743680,10000,694,0,1487.36,0.0075,2026-07-25 11:35:17.479934
UCDnSWghGm-g9VfU7AV2WDeA,Diogenes in Barrel,2,141928,967,23,0,283.85,0.0072,2026-07-25 11:35:17.479934
UCDnSoZIspQZtqgmio1AhGBQ,Emre Karahan,1,847,15,3,0,1.69,0.0213,2026-07-25 11:35:17.479934
UCDnfe7oj9eNNZ1rTMkDnExw,nesedilekçioğlu Sevenleri,1,15286,34,3,0,30.57,0.0024,2026-07-25 11:35:17.479934
UCDnhlhS7IUGqyC5bxkj--zQ,Plamen Nikolov,1,252735,1200,147,0,505.47,0.0053,2026-07-25 11:35:17.479934
UCDntdTpTKrx-z7y7FbepSpA,Group Hamode kbk - Ali kbk,1,609249,2700,506,0,1218.5,0.0053,2026-07-25 11:35:17.479934
UCDoPaD3FW8fux8dLmVEbSNA,Müzisyenler YENİ TUBE ByGürsel,1,372818,7800,186,0,745.64,0.0214,2026-07-25 11:35:17.479934
UCDoo6N-tRqd7VhJHhoReRng,SuperHaber,5,76632,2317,78,0,153.27,0.046,2026-07-25 11:35:17.479934
UCDp5_2ODFFVKLyA-FFsJ56g,THELORDOFYOUTUBE,6,1533222,3199,319,0,3066.44,0.0033,2026-07-25 11:35:17.479934
UCDpLwQbRqhg0HMDVWI25zew,ValMa Créas,14,470127,6813,257,0,940.25,0.0199,2026-07-25 11:35:17.479934
UCDpe3MW1r4NvDmReqRYwVEA,Riste Lukarev,1,318732,1000,85,0,637.46,0.0034,2026-07-25 11:35:17.479934
UCDq7AwKOQLjs9OsHET4lnNw,Sandre,1,10710,214,19,0,21.42,0.0218,2026-07-25 11:35:17.479934
UCDq8FAH3ewRf_nXKdmY36DQ,SONNENSEITE,1,1218775,19000,1200,0,2437.55,0.0166,2026-07-25 11:35:17.479934
UCDqECXjOVs4e5ZqD5VXxtuQ,Mission Beautiful,1,3810,37,7,0,7.62,0.0115,2026-07-25 11:35:17.479934
UCDqIyseMgM4TuHKkK73EWJg,ANATOLIA Çocuk,4,173849,1176,101,0,347.7,0.0077,2026-07-25 11:35:17.479934
UCDqJEpy5LuOMERzcIjQbHLg,MAAT GROUP,1,958321,10000,3600,0,1916.64,0.0142,2026-07-25 11:35:17.479934
UCDqShsueMrgFefjyfUi9PEQ,haldun karabudak,1,44127,195,8,0,88.25,0.0046,2026-07-25 11:35:17.479934
UCDqUYi39zh0mLDF2GIHc5dQ,İMert D,1,21678,331,10,0,43.36,0.0157,2026-07-25 11:35:17.479934
UCDqWFvevyqpu0cFZda30ghA,semi _t_t,1,83997,568,14,0,167.99,0.0069,2026-07-25 11:35:17.479934
UCDqck5gqwu6CMBelFrfOG7w,Truyện Ma Kinh Dị 2018,2,8084738,12800,3000,0,16169.47,0.0019,2026-07-25 11:35:17.479934
UCDqgs41Zq1J2qkIay4UX_vA,Rafet Bozbuğa,4,201179,952,92,0,402.36,0.0054,2026-07-25 11:35:17.479934
UCDqwBnBsFWxFj0ABSbE2Kvw,Николай Платошкин,1,51658,2700,75,0,103.32,0.0537,2026-07-25 11:35:17.479934
UCDrCfZolWBPnNNsKMqb-K-A,Pano Xadrez por Eliana Zerbinatti,3,106352,6226,130,0,212.7,0.0648,2026-07-25 11:35:17.479934
UCDrbj0KAuuouJPqqrlRzxrA,Elif İş,1,3903683,45000,3700,0,7807.37,0.0125,2026-07-25 11:35:17.479934
UCDsElQQt_gCZ9LgnW-7v-cQ,Kirsten Dirksen,8,25231433,145000,6092,0,50462.85,0.0107,2026-07-25 11:35:17.479934
UCDsGU5a8MXBfCMIBN-GCcig,Khaled Al-Shammari,1,394949,2500,95,0,789.9,0.0066,2026-07-25 11:35:17.479934
UCDsb_7AfOU8S9V1Ym8BxfOQ,reyhan müzik,1,25011,132,10,0,50.02,0.0057,2026-07-25 11:35:17.479934
UCDscDBuqek5SXLw5XlZaPqQ,Yekvücut,1,653243,1100,963,0,1306.49,0.0032,2026-07-25 11:35:17.479934
UCDtCjIf6PEaqv0rtMQrs9aw,Fidanin İdeyaları,1,761649,20000,713,0,1523.3,0.0272,2026-07-25 11:35:17.479934
UCDtq2HfEaOh6gYSmHcWgWpw,TÌNH KHÚC XƯA,2,20029,190,100,0,40.06,0.0145,2026-07-25 11:35:17.479934
UCDuBZ7pjryDhRx9qKg3MrOg,girlgetglamorous - Molly,1,3867933,85000,2200,0,7735.87,0.0225,2026-07-25 11:35:17.479934
UCDubfy8wYtwu30GxW5Dx2RQ,iPhone Servis,1,806326,2200,551,0,1612.65,0.0034,2026-07-25 11:35:17.479934
UCDvFVFKKj__gGwD-uT7gxUQ,hasan AY,2,45556,238,20,0,91.11,0.006,2026-07-25 11:35:17.479934
UCDv_i4Zho6lKR7M8Z2MUnIg,Aliana .de,1,19771,50,15,0,39.54,0.0033,2026-07-25 11:35:17.479934
UCDwKMoMy26IsLYkVK8TgqUQ,PRESTİJ TV,8,1416352,17400,1866,2,2832.7,0.0162,2026-07-25 11:35:17.479934
UCDwU57pj4ZRFPqkCQgvaCqw,Her Çocuk Bir Umuttur Derneği,1,3134108,10000,1700,0,6268.22,0.0037,2026-07-25 11:35:17.479934
UCDwbUv0CyvCdGLqyvKu55KQ,Musa Çağlar,1,200,2,0,0,0.4,0.01,2026-07-25 11:35:17.479934
UCDwqaibcnNuyaRGJ4jFi9NA,Cemile Gülsüm Semerci,1,329,18,0,0,0.66,0.0547,2026-07-25 11:35:17.479934
UCDwrhKpuAWxjDkp8xTN4nrw,polat alemdar,4,67141,233,16,0,134.28,0.0041,2026-07-25 11:35:17.479934
UCDwwbhuzgjgwjjVcPPGuLWg,Арсен Абдулмеджидов,1,1191259,5600,1000,0,2382.52,0.0055,2026-07-25 11:35:17.479934
UCDx0XpuAUjrB9TJymjppMEA,Hamit Akbay,1,230399,1100,56,0,460.8,0.005,2026-07-25 11:35:17.479934
UCDx1l_jCUgeQ4TbNwfOoYFw,Mehmet Karaca,1,715475,1500,425,0,1430.95,0.0027,2026-07-25 11:35:17.479934
UCDxmfVutPzH_X4rH22vsakA,Ayşenur’la Makyaj ve Güzellik,6,375850,5047,289,0,751.69,0.0181,2026-07-25 11:35:17.479934
UCDxrXO2A9LXhdfSgRoNcF_Q,OğuZ K.,2,31366931,68457,4197,0,62733.86,0.006,2026-07-25 11:35:17.479934
UCDy86x-7vzf1RV9UNpipgLg,Serkan Sahin,3,655350,869,105,0,1310.7,0.0013,2026-07-25 11:35:17.479934
UCDyDoTLAe33NPmBC0F0O3SQ,Документальная Коллекция,13,11709858,38052,11139,0,23419.73,0.0051,2026-07-25 11:35:17.479934
UCDyFaDnyVdXOucpVqsw62jA,Eat Craft Clean,1,903,8,0,0,1.81,0.0089,2026-07-25 11:35:17.479934
UCDyFhRED_yB9hN4evQmD9mA,plamen petkov,1,15926,296,8,0,31.85,0.0191,2026-07-25 11:35:17.479934
UCDykYZWc7j6CrWNco8t4J6w,Aslı Afşaroğlu,7,812406,29600,733,0,1624.82,0.0395,2026-07-25 11:35:17.479934
UCDz4Iz5yOE90sUmoy5mm7JA,YUNUS TUGAN,6,1017752,6183,619,0,2035.5,0.0071,2026-07-25 11:35:17.479934
UCDz58_zjuHLX_dk6MriZ64Q,Aleksandr Pavlov,1,2121226,3800,1700,0,4242.45,0.0026,2026-07-25 11:35:17.479934
UCDzur9Zl_4jnhDihqdvm_1Q,One Life One Video,1,548567,5700,300,0,1097.13,0.0109,2026-07-25 11:35:17.479934
UCE-GLhKd7iMzDeR1_Wyt6Nw,StormShadowCrew,3,582842,2647,139,0,1165.69,0.005,2026-07-25 11:35:17.479934
UCE-HgbD5onL0q2hZQj5LCMg,ali turhan,1,497,6,2,0,0.99,0.0161,2026-07-25 11:35:17.479934
UCE-_L17__5mAGtJk43Ual9Q,İnstagram; Altan_50 Aktepe,1,63855,362,45,0,127.71,0.0064,2026-07-25 11:35:17.479934
UCE0DK2eAnXSQwmsI0Oth0DA,furkan said,1,27464,198,8,0,54.93,0.0075,2026-07-25 11:35:17.479934
UCE0S7uOAyGzeMI_QxVixMqQ,casnu89,1,619059,1000,144,0,1238.12,0.0018,2026-07-25 11:35:17.479934
UCE0VzPX40eHwFs_TNkjq3HA,Gulay Zeynalli Official page,1,95622,1300,31,0,191.24,0.0139,2026-07-25 11:35:17.479934
UCE0XUBXWZSQAzFSkfSA30Jg,freakyBMWe65,1,2548729,6100,490,0,5097.46,0.0026,2026-07-25 11:35:17.479934
UCE0www4geBAOBohJrgYvNeA,GMKATV,1,376,0,0,0,0.75,0.0,2026-07-25 11:35:17.479934
UCE0znYVOUHvk3s2h33OsmDw,Nihat Hatipoğlu,70,8880362,63526,6852,0,17760.7,0.0089,2026-07-25 11:35:17.479934
UCE11cm1LJzonvH1BBUokiSQ,Ramazan Arslan,2,556085,6032,69,0,1112.17,0.0267,2026-07-25 11:35:17.479934
UCE19JkmLBhh6KolE6orZBig,YOL HABER,1,614171,2400,229,0,1228.34,0.0043,2026-07-25 11:35:17.479934
UCE1FRQFAcRXE5KVp721vo9A,All Things Adrienne,8,4637872,182700,3309,153,9275.74,0.0389,2026-07-25 11:35:17.479934
UCE1d3jyN_XeKLkfoh1cypoA,MsAxelfoly,1,623511,1300,218,0,1247.02,0.0024,2026-07-25 11:35:17.479934
UCE1dF4iTnSsnxiKADmeQYww,Vernem Nidahen,1,7168,226,3,0,14.34,0.0319,2026-07-25 11:35:17.479934
UCE1iYTfGLjpCMLLzZfDaXbg,EAA,1,18549,335,5,0,37.1,0.0183,2026-07-25 11:35:17.479934
UCE1k2wPZq8fmlICKfWossHQ,Ulusoy Grup ULS yapım,3,573863,3016,82,0,1147.73,0.0062,2026-07-25 11:35:17.479934
UCE1oiL2dYdPv8sOvqge3MiA,Plaza Towing,6,3951216,36211,2633,0,7902.43,0.0157,2026-07-25 11:35:17.479934
UCE2606prvXQc_noEqKxVJXA,ABS-CBN News,7,3444877,19846,1325,0,6889.76,0.0089,2026-07-25 11:35:17.479934
UCE2DydAXNRrNvNKeBOS68DQ,Bana Hikayeni Anlat,1,200,2,0,0,0.4,0.01,2026-07-25 11:35:17.479934
UCE2LEhYd2pG4gUlL07VeVTQ,Mantikore420,2,3163546,20600,1005,0,6327.09,0.0064,2026-07-25 11:35:17.479934
UCE2VhHmwp3Y_wZvgz_LJvfg,Tapesh TV Network,1,64106,296,56,0,128.21,0.0055,2026-07-25 11:35:17.479934
UCE2zvRTKeucutU-DFCR814w,Kim O?,1,193143,4400,185,0,386.29,0.0237,2026-07-25 11:35:17.479934
UCE3Qc4QPj6awlhBS-Ug3J0A,seko54,1,1584624,4000,482,0,3169.25,0.0028,2026-07-25 11:35:17.479934
UCE3W1rzzMDNikysE1ocwA2A,Vatan Partisi,11,136391,1080,101,0,272.78,0.009,2026-07-25 11:35:17.479934
UCE3_lSBXfKfxudfCcTIsH1A,Cemalnur Sargut,2,16543,88,13,0,33.08,0.0063,2026-07-25 11:35:17.479934
UCE3qm63AUbigSDVqEEePW4A,Zanka TV,8,43619,1682,92,0,87.25,0.0628,2026-07-25 11:35:17.479934
UCE4BkbKREoN6fAWTlGUcnCA,Mehmet ER,1,858,4,2,0,1.72,0.007,2026-07-25 11:35:17.479934
UCE4G-wu6J7dwiesNUQZAIRA,rania kitchen,1,439149,2400,239,0,878.3,0.006,2026-07-25 11:35:17.479934
UCE4H3cJnz1spxVioLUP_-ZQ,Alim Kids,7,19477,119,20,0,38.95,0.0098,2026-07-25 11:35:17.479934
UCE51aiJ30nQY14kFY021urg,GeenStijl,3,1353476,37618,631,0,2706.96,0.023,2026-07-25 11:35:17.479934
UCE56LTXGjSySf-SXbJlmG0Q,Burak Sağlam,1,96195,331,29,0,192.39,0.0037,2026-07-25 11:35:17.479934
UCE5XM-oQb9scsv2sUgcxRbg,Talk Tv Azerbaijan,1,75147,938,53,0,150.29,0.0132,2026-07-25 11:35:17.479934
UCE5do457I0USW01KBFzF2lQ,Camp-let Production A/S,2,7491944,23300,4700,0,14983.88,0.004,2026-07-25 11:35:17.479934
UCE5eoTGaL_-teNix8mQIctQ,Bakinec Music,2,4676262,76400,944,0,9352.52,0.0139,2026-07-25 11:35:17.479934
UCE5fnbd-EyzoOxbuCZotOmA,RTEUrdu,8,3397981,81600,3047,0,6795.96,0.0318,2026-07-25 11:35:17.479934
UCE5sPzka04Fkjoej-QLoCnQ,NURİ ZERDALI,1,10018,180,2,0,20.04,0.0182,2026-07-25 11:35:17.479934
UCE61Rk9HvopcNFMFCoLFUdA,Aşkı Viran,1,3697485,12000,927,0,7394.97,0.0035,2026-07-25 11:35:17.479934
UCE6B-uL1o4wW15-M_V0vMxw,EVİNİZİN FALCISI,1,8854,235,19,0,17.71,0.0287,2026-07-25 11:35:17.479934
UCE6k_PhH9WGBqT7yGrtBG5Q,Billur TV,4,162369,3512,138,0,324.73,0.0219,2026-07-25 11:35:17.479934
UCE70nEXF4vFkiGZYb-F1ozA,Bremuskan,1,290042,1100,210,0,580.08,0.0045,2026-07-25 11:35:17.479934
UCE76CBkDX591pxzps6bySOw,Super Polina,1,88904761,190000,86000,0,177809.52,0.0031,2026-07-25 11:35:17.479934
UCE77jKPJp-3vXcTs0gE00Og,Eray Cankaya,1,3974460,8800,845,0,7948.92,0.0024,2026-07-25 11:35:17.479934
UCE7BCe8zOCVJbTyn8idHvsQ,KADR MUSIC,1,36311713,304000,17000,0,72623.43,0.0088,2026-07-25 11:35:17.479934
UCE7DCT5ikgv55I_cxXN1gmA,Ay Yapım,4,53993040,369000,8274,0,107986.07,0.0093,2026-07-25 11:35:17.479934
UCE7WXdWMVy1Yc3-Yh3cSJ6w,lifelikejosie,1,831,83,2,0,1.66,0.1023,2026-07-25 11:35:17.479934
UCE7n1Y91C28tfRJ_zqpO3ow,10 Years Younger,1,1291377,13000,1200,0,2582.75,0.011,2026-07-25 11:35:17.479934
UCE8Dxew1EAKhicZOJibF_CA,ramazan yalçınkaya,1,490862,983,249,0,981.72,0.0025,2026-07-25 11:35:17.479934
UCE8LqmM9zkuzOgaYhakwTdw,Sputnik на русском,2,1705607,7311,1006,0,3411.22,0.0045,2026-07-25 11:35:17.479934
UCE8sTBz0MMkAkeSXqWjaHsA,Avrupa Muzik,45,75135683,272383,14651,11,150271.37,0.0051,2026-07-25 11:35:17.479934
UCE8uGTrRfXKvgJa_fM5jGhg,Mehmet Poyraz,2,402235,961,136,0,804.47,0.0029,2026-07-25 11:35:17.479934
UCE8xms0vkeapEKMs_kZj_9A,Vesti Karelia,2,489582,1671,128,0,979.16,0.0038,2026-07-25 11:35:17.479934
UCE905sshjUkmmQ0kODlRmUg,Alper Kul,1,1980169,6900,454,0,3960.34,0.0037,2026-07-25 11:35:17.479934
UCE99rZ2LIYRHJeSk3OIRl9w,Mehmet Keleş,1,9145,38,4,0,18.29,0.0046,2026-07-25 11:35:17.479934
UCE9Lq_jgZz1Lc5nh_HFtnjw,Different Types,2,123519,767,70,0,247.04,0.0055,2026-07-25 11:35:17.479934
UCE9OEqaTAHLwQNiUcLmSehA,Tuğçe Özcan,2,421452,1226,139,0,842.91,0.0032,2026-07-25 11:35:17.479934
UCE9URv6Z88hK5mgdWq9l5dg,Sergiy Bagrin,1,5528751,0,0,0,11057.5,0.0,2026-07-25 11:35:17.479934
UCE9gVkx-UXoOWXo1v979g3g,OKABER,1,4125146,39000,838,0,8250.29,0.0097,2026-07-25 11:35:17.479934
UCE9iwADXvjhZ0JSikdbLymw,Hasan Ada,1,1664,106,2,0,3.33,0.0649,2026-07-25 11:35:17.479934
UCE9yHZh7s9GkN9uxdFPLsQQ,That GlamGirl,6,20279443,389000,23714,0,40558.88,0.0262,2026-07-25 11:35:17.479934
UCEA6a6tRKM8OVhIDoq83qPg,Türkiye Sanatçılar Birliği,1,602,9,0,0,1.2,0.015,2026-07-25 11:35:17.479934
UCEA86XRLLjNe7Qj6hKrHSEA,New Rush Word,2,103347,2026,126,0,206.69,0.0404,2026-07-25 11:35:17.479934
UCEANtVfJOEF3BSjnlosnQtw,PrikolTV,3,3387283,4707,2906,0,6774.57,0.0053,2026-07-25 11:35:17.479934
UCEAW_kmPVjxTC50vuLyKOQA,Kral Müzik,36,183361512,571387,35504,14,366723.05,0.0061,2026-07-25 11:35:17.479934
UCEAXS7wnzW6WrbY1aIZO1UQ,Edebi Yaşam,2,13932,119,4,0,27.87,0.0097,2026-07-25 11:35:17.479934
UCEAZeUIeJs0IjQiqTCdVSIg,Yahoo Finance,4,1094660,14814,643,0,2189.32,0.0126,2026-07-25 11:35:17.479934
UCEAcQ7pW_hIc9jx_XjKEgzg,Gürkan Zengin,1,22479,220,29,0,44.96,0.0111,2026-07-25 11:35:17.479934
UCEAeqUMez149488Ig2TGNgw,Evrencan Gündüz,15,13408469,191400,3569,187,26816.95,0.0215,2026-07-25 11:35:17.479934
UCEB0ADeyseTM71ShiZ-sVCQ,ALİ İÇYER,1,48309,67,15,0,96.62,0.0017,2026-07-25 11:35:17.479934
UCEB4yzUUp_Ii_XS6r9Ob4Bw,EYLÜL AJANS,1,122132,461,60,0,244.26,0.0043,2026-07-25 11:35:17.479934
UCEB5CGm-DbzUDs39VkW-9qg,Mehmet YİĞİT,5,106488,379,36,0,212.98,0.0116,2026-07-25 11:35:17.479934
UCEBVrcesKQbr0iBx-BuPZgA,Isyan_Music,2,2224994,8862,741,0,4449.99,0.0031,2026-07-25 11:35:17.479934
UCEBY1LNHPiJ6AE0B1wxfNHw,Nick Johnson,1,3164,28,22,0,6.33,0.0158,2026-07-25 11:35:17.479934
UCEBcZESVbNS37IfmgRiohfA,Servetle Bizim Eller,4,3090,65,0,0,6.18,0.0208,2026-07-25 11:35:17.479934
UCEBkDNiV1PPZzZfeEtnnD6g,kıvılcım kültür sanat,4,2508587,6961,711,0,5017.17,0.0086,2026-07-25 11:35:17.479934
UCEBpSZhI1X8WaP-kY_2LLcg,365 Data Science,1,391451,6200,233,0,782.9,0.0164,2026-07-25 11:35:17.479934
UCEC1WX1I030Ss6oNk7ynsBA,Jane's by IHS Markit,3,61970,500,31,0,123.94,0.0135,2026-07-25 11:35:17.479934
UCEC4D0dTTJr_EEnEJz15hnQ,24 Канал,1,1536,44,6,0,3.07,0.0326,2026-07-25 11:35:17.479934
UCEC9tGUVkF1VTjuqS_RC22Q,Murat Yayar,2,335182,1092,100,0,670.37,0.0033,2026-07-25 11:35:17.479934
UCECC_WDjvf9u9wdtSTWF-1w,KültegiN Noyan,2,328992,4280,59,0,657.98,0.0111,2026-07-25 11:35:17.479934
UCECLFUMfkrODKn7lW0q1lxA,BiscootTV,1,3434260,4400,2100,0,6868.52,0.0019,2026-07-25 11:35:17.479934
UCECMe75GCGl4j-aQ8Ag-z5Q,Moe Money,2,1237706,11094,1008,0,2475.41,0.0108,2026-07-25 11:35:17.479934
UCECSHlGvAtRZlNVsB3xWOaQ,doker,1,403059,2000,209,0,806.12,0.0055,2026-07-25 11:35:17.479934
UCECVRJqXbSX5EtZwrqt1JKw,Tolgahan Berber,1,7525099,18000,1000,0,15050.2,0.0025,2026-07-25 11:35:17.479934
UCECdhBpp8p8_Ic6qaLE0H0g,CANKAT ERDOĞAN - CNK SOUND,5,2008383,7735,549,0,4016.77,0.0057,2026-07-25 11:35:17.479934
UCEDO-Wsu9gdOeme6jxC64dQ,Jackie Hernandez,11,8734847,248600,11594,0,17469.7,0.0383,2026-07-25 11:35:17.479934
UCEDWWtJXa0buNm7kY8p_Njg,Muvahhid Mü'min,6,1292186,35512,610,5,2584.38,0.0302,2026-07-25 11:35:17.479934
UCEDZ4OMlgL5drVXtidsbU2Q,FACT LIST,1,4162334,5800,2000,0,8324.67,0.0019,2026-07-25 11:35:17.479934
UCEDeTDHTs0YMaXq0jaAII0Q,Vic Life,2,245981,861,34,0,491.96,0.0131,2026-07-25 11:35:17.479934
UCEDrRCC0qRtPd5-sSa1hajw,The Endless Adventure,1,589763,9100,932,0,1179.53,0.017,2026-07-25 11:35:17.479934
UCEDvfGcp-6xiuQpgh6zO3RA,UCLAAnderson,2,26002,353,17,0,52.0,0.0133,2026-07-25 11:35:17.479934
UCEEIPSXbxXwzB_aX1Fb7K5g,İlker Yüksel,1,20500,76,7,0,41.0,0.004,2026-07-25 11:35:17.479934
UCEENcWiQsQ7v637UV9ocKUQ,Oguz Kutman,5,645531,12800,464,0,1291.07,0.0293,2026-07-25 11:35:17.479934
UCEEP1G3iQBTHGNQY960Vg1g,Hasan Yılmaz,1,1834838,5200,421,0,3669.68,0.0031,2026-07-25 11:35:17.479934
UCEEVrk_pNAHPWw9wE67p8mg,futbolseverler,1,645777,8500,703,0,1291.55,0.0143,2026-07-25 11:35:17.479934
UCEEuEjBOOUugIZgi4Url0kw,Fisherman : DV. 27 RUS,1,2364552,4000,1200,0,4729.1,0.0022,2026-07-25 11:35:17.479934
UCEFLuo9AR7268-qJj1FkmSw,Speak Confident English,1,831334,37000,536,0,1662.67,0.0452,2026-07-25 11:35:17.479934
UCEFabhJrTcUKZ6CSi6_ffDQ,Çagatay Sarıca,1,8224,80,2,0,16.45,0.01,2026-07-25 11:35:17.479934
UCEFfmjWx7q-ic-r_M0krhrA,Свежий Ветер,1,15188527,50000,2800,0,30377.05,0.0035,2026-07-25 11:35:17.479934
UCEFh1qZqyFishkxHzwZ3vVw,erbil ünal,1,4872,7,0,0,9.74,0.0014,2026-07-25 11:35:17.479934
UCEFkOQqBm8Evqdhjew77oZQ,Öykü Ay,1,621013,878,540,0,1242.03,0.0023,2026-07-25 11:35:17.479934
UCEFlWJIMlCl8MR4l0EP5_jg,Silbus u Tari,2,5483403,23500,1632,0,10966.8,0.0068,2026-07-25 11:35:17.479934
UCEFpEHE_5fuA0A4jAp3pTYw,Gülşah,1,641407,5000,851,0,1282.81,0.0091,2026-07-25 11:35:17.479934
UCEFzXUoGxmuLwpTHJIKxlXQ,manas kağan,7,113064,605,83,0,226.13,0.0096,2026-07-25 11:35:17.479934
UCEG6GKAht6dVn9aSOWLtFOA,zeynel sönmez official,1,3475190,12000,581,0,6950.38,0.0036,2026-07-25 11:35:17.479934
UCEGAltRg_F4kLi8Wejj8d4Q,SuperPrincessjo,4,29242648,157700,13482,0,58485.3,0.0106,2026-07-25 11:35:17.479934
UCEGNa931UjJEZnTZ8afMmfA,EnduroLife.com,2,67643422,317000,28700,0,135286.84,0.0061,2026-07-25 11:35:17.479934
UCEGuHJ34Fd5OkKH4MtV0LKg,Kaique Bernardo,1,885278,6400,554,0,1770.56,0.0079,2026-07-25 11:35:17.479934
UCEHHWNecGtFFP8qsu09YrYg,agackakan11,4,520071,1536,108,0,1040.13,0.0035,2026-07-25 11:35:17.479934
UCEHQTOhgGLZqktwgu7u7J8g,Hüseyin Kaya,1,724304,3700,563,0,1448.61,0.0059,2026-07-25 11:35:17.479934
UCEHmrDv6aPhPix-hP-v-4pw,Volkan Efeoglu,2,105556,322,31,0,211.11,0.0034,2026-07-25 11:35:17.479934
UCEHnLRtMvJDqzbqHuGOCZ9g,metin ulubel,1,9703,74,7,0,19.41,0.0083,2026-07-25 11:35:17.479934
UCEHnjjZgifCrKnsdGG4-mHw,emre pinar,1,695241,5700,202,0,1390.48,0.0085,2026-07-25 11:35:17.479934
UCEHpviD9zM0Skeo-2nJlwkQ,Gathering Beauty,1,32771,1100,13,0,65.54,0.034,2026-07-25 11:35:17.479934
UCEHvMo260h3sMrbbkU2CNhw,FİL,1,5172,116,2,0,10.34,0.0228,2026-07-25 11:35:17.479934
UCEI4caVjgTxDSNsx4bb02Lw,Gelibolu Belediyesi,1,42338,220,9,0,84.68,0.0054,2026-07-25 11:35:17.479934
UCEIRl6s6cLBZrDsfKYjSsYA,Gülben ShowTv,2,184212,509,29,0,368.42,0.0036,2026-07-25 11:35:17.479934
UCEITddVBcAN1LeF6QaT4_JA,Crayford87,1,246804,643,45,0,493.61,0.0028,2026-07-25 11:35:17.479934
UCEIdcbft8Is-2nEjGT4D3eg,Ersin Faikzade,2,25434037,47000,3338,0,50868.07,0.0021,2026-07-25 11:35:17.479934
UCEIhfu9gg2P-qakPCOJUYcw,Çalıkuşu,1,16496270,70000,2500,127,32992.54,0.0044,2026-07-25 11:35:17.479934
UCEJ4DyF3p0v8TNeaPeSt2Uw,Cerkin Barber,2,149419,1972,85,0,298.84,0.031,2026-07-25 11:35:17.479934
UCEJNcVODfertRKMnFI9n2hQ,The Krikos Learning Co.,1,620162,7600,184,0,1240.32,0.0126,2026-07-25 11:35:17.479934
UCEJi23qnygQHE5UeLXoV_JQ,ReaganFoundation,3,1221440,7381,365,0,2442.88,0.0071,2026-07-25 11:35:17.479934
UCEK-CUi8k__PpkYXwMxWKQQ,Erwin Simarmata,2,6878571,56000,5700,0,13757.14,0.009,2026-07-25 11:35:17.479934
UCEK0otEY4oqewbYTgmX32yQ,Murat Marhan,1,126317,197,25,0,252.63,0.0018,2026-07-25 11:35:17.479934
UCEK3tT7DcfWGWJpNEDBdWog,"Киноконцерн ""Мосфильм""",10,51468578,201300,19943,0,102937.15,0.0062,2026-07-25 11:35:17.479934
UCEKDC2zWB_W0q1_GqfZluzg,Mehmet İkbal Şahin,1,483082,3000,197,0,966.16,0.0066,2026-07-25 11:35:17.479934
UCEKDSEY09EydxBGdqUiK_8g,Rosina Sharon,4,1536931,33200,1257,0,3073.86,0.0209,2026-07-25 11:35:17.479934
UCEKGPor65io5ApV-fa4o9tw,Hans Ortner,1,2779315,14000,579,0,5558.63,0.0052,2026-07-25 11:35:17.479934
UCEKTkZSphpivNqWZmy22mgA,Random dotcom,1,292,2,2,0,0.58,0.0137,2026-07-25 11:35:17.479934
UCEKoMzhp-SswnaSOJHVRsPQ,Tuncay Dogan,1,185661,177,35,0,371.32,0.0011,2026-07-25 11:35:17.479934
UCELFXMBl3w-yX1qgHNORybA,KarmaTek Tv,3,329854,1435,305,0,659.71,0.0061,2026-07-25 11:35:17.479934
UCELIbskh-Cpc7gyVWlIJlaA,WhenMusicTalks,1,14085324,53000,2800,0,28170.65,0.004,2026-07-25 11:35:17.479934
UCELIuozq3Zo9rA2pZVVcD0g,thejackiechanfansite,2,9844189,85000,1737,0,19688.38,0.009,2026-07-25 11:35:17.479934
UCEL_FO-9YKkdC-mijnhIDlw,Yasin Keleş,1,188059,302,9,0,376.12,0.0017,2026-07-25 11:35:17.479934
UCELceH0QvYPssDztXDwChog,En Listeler,1,998,21,2,0,2.0,0.023,2026-07-25 11:35:17.479934
UCELhTWvOUAcz1__IOqBmbkg,Appearances,1,252904,4100,167,0,505.81,0.0169,2026-07-25 11:35:17.479934
UCELhYsby7iu2tbhkz7qh-Zg,Yöresel Oyun Havaları,22,904917,2164,232,0,1809.82,0.006,2026-07-25 11:35:17.479934
UCELm6g76l4Iey2Mv4hdEdFw,Hitt Müzik Prodüksiyon,1,6725250,15000,1200,0,13450.5,0.0024,2026-07-25 11:35:17.479934
UCELrWeVLazR49umE5qSF3VQ,The Stig,1,233068,2100,51,0,466.14,0.0092,2026-07-25 11:35:17.479934
UCEQ9VPpnokg2jZ6ZAqEJbMA,ergl svc,1,13159,16,2,0,26.32,0.0014,2026-07-25 11:35:17.479934
UCEQfWm1EY11RdzBcNh3azKQ,Tarık Sür,1,2352938,11000,1300,0,4705.88,0.0052,2026-07-25 11:35:17.479934
UCEQsSn7svGdsb91tzZkIBSA,Dilek'le Herşey,2,276465,1596,51,0,552.93,0.0111,2026-07-25 11:35:17.479934
UCEX8n5zyR2fxbU5HN87PE8g,Mahmut Yavuz,3,817017,5973,326,0,1634.03,0.0072,2026-07-25 11:35:17.479934
UCEX9KfEClSqv2IsKFRXDmVg,Selçuk Alpay,2,302714,1027,86,0,605.43,0.0059,2026-07-25 11:35:17.479934
UCEXKZLLQqc9XtxKaByvHRbw,Kenneth Siu,3,5385668,32431,2809,0,10771.34,0.0253,2026-07-25 11:35:17.479934
UCEXQjSF7Pd4ndk6h_y4Zsyg,Beste Köse,1,51557,2200,215,0,103.11,0.0468,2026-07-25 11:35:17.479934
UCEXWs-RhuOUVE1CjWSdokSQ,Pinar Colak,1,63491,152,23,0,126.98,0.0028,2026-07-25 11:35:17.479934
UCEXXuR2JcbwcXq3VD8BeVuA,Heliocare,1,12609,22,0,0,25.22,0.0017,2026-07-25 11:35:17.479934
UCEX_5VCD1Nk1BvIqCU-g-TQ,Cilgin Azeri,1,1716346,10000,521,0,3432.69,0.0061,2026-07-25 11:35:17.479934
UCEXb_pFEsmQ2HrJfkyOiMyw,Biyografi TV,4,1815590,976,526,0,3631.19,0.0015,2026-07-25 11:35:17.479934
UCEXg93Wq3HP10FTL2RWHdMA,SEFA AVCI,2,10418,53,4,0,20.84,0.006,2026-07-25 11:35:17.479934
UCEXgMpF45JzZtBIsPXgRQrQ,Ahmet kargın,4,58760,220,20,0,117.52,0.0065,2026-07-25 11:35:17.479934
UCEXmaVKaRw2h1N4vH91xd3A,fred razon,2,929438,17106,400,0,1858.87,0.0201,2026-07-25 11:35:17.479934
UCE_9wY9BvmO8hWvvbzdY__w,Diyetisyen İpek AĞACA,1,257868,1600,118,0,515.74,0.0067,2026-07-25 11:35:17.479934
UCE_EkbQPWXgDvlxG7_Nb8gQ,konya havaları,1,476,5,0,0,0.95,0.0105,2026-07-25 11:35:17.479934
UCE_VqKnC8t5IVtiRI9qiQHQ,Star Prodüksiyon,3,3916828,11763,962,0,7833.66,0.0084,2026-07-25 11:35:17.479934
UCE_XqojfdZKPQHf6isovToQ,komunistanbul,1,68286571,187000,18000,0,136573.14,0.003,2026-07-25 11:35:17.479934
UCEaFpkB7Tiwcbvbc9131png,Hannah Kamal هنا كمال,1,332212,7400,439,0,664.42,0.0236,2026-07-25 11:35:17.479934
UCEaGlCFFKHPuxIz1LWxpXJA,birsarkisinsenizle,4,2042277,5771,941,0,4084.55,0.003,2026-07-25 11:35:17.479934
UCEaQVl8NeWRdA1b6Fvj7LhA,Renk Çocuk,1,780877,2600,661,0,1561.75,0.0042,2026-07-25 11:35:17.479934
UCEaSXalPMsjizrING-NsDlQ,isimsizler dizisi,1,2028699,11000,339,0,4057.4,0.0056,2026-07-25 11:35:17.479934
UCEamB8IIGqNImS5_mRNvYpQ,Kanal 43,2,9435,43,4,0,18.87,0.0068,2026-07-25 11:35:17.479934
UCEamsPfoSZM1xsSUEjvRYGw,Skivo TV,1,136014,928,68,0,272.03,0.0073,2026-07-25 11:35:17.479934
UCEawsoO6IVOe-3-ZefeO8Xg,Efsane Fenomen,4,350735,564,96,1,701.48,0.0019,2026-07-25 11:35:17.479934
UCEazATDpFf_6ObafDz87Ijg,asyaaali,1,252864,455,33,0,505.73,0.0019,2026-07-25 11:35:17.479934
UCEb-ioDv7XRGgWGTVO2Ncug,Soke09kemalpasali,1,2227511,5900,286,0,4455.02,0.0028,2026-07-25 11:35:17.479934
UCEbF8h3T2XvEmw_uNWd0hUQ,Awesome!,2,732920,7839,956,0,1465.84,0.0152,2026-07-25 11:35:17.479934
UCEbHLl6ycnPMnJ0LA8Fq4-g,Mine Geçili,1,5673,60,3,0,11.35,0.0111,2026-07-25 11:35:17.479934
UCEbNL5GLhiJeOozM9j6Sz2w,pasaoglu,2,4259303,9100,292,0,8518.61,0.0019,2026-07-25 11:35:17.479934
UCEbpfTVMbt47WxDf24EkSNA,Umut şengül,1,22692,91,10,0,45.38,0.0045,2026-07-25 11:35:17.479934
UCEcMaQvW194C-Mf1N8_Wfvw,Arh Medya,2,98634,335,44,0,197.27,0.0061,2026-07-25 11:35:17.479934
UCEcP7mf0ZEBdY6rD-YVs4Qw,Xəzər Xəbər,5,1066280,7796,879,0,2132.56,0.0076,2026-07-25 11:35:17.479934
UCEc_rZXN_PayZ2mp44iu-Jg,OLCAYTO,1,860104,2400,593,0,1720.21,0.0035,2026-07-25 11:35:17.479934
UCEd6gUdG-LlhZxnzvskh8kg,Serdengecti23,1,222713,520,9,0,445.43,0.0024,2026-07-25 11:35:17.479934
UCEdMd8QD-AaFwuMg0WR2kaw,Adrihan TEZCAN,1,301492,974,91,0,602.98,0.0035,2026-07-25 11:35:17.479934
UCEdq0ApjvNN9ab2xKuDNaIA,Ali Bozkurt PRODUCTIONS,1,833399,5700,410,0,1666.8,0.0073,2026-07-25 11:35:17.479934
UCEdtigVu6OODB7O-JEmq8GQ,SAHAMA TV,1,989786,3900,574,0,1979.57,0.0045,2026-07-25 11:35:17.479934
UCEduddky3cIBkMX2FY1Sblg,Lafı Gelmişken Müzik,2,6968838,23400,1317,0,13937.68,0.0047,2026-07-25 11:35:17.479934
UCEe3cllQO76LVFVn1--OT5A,Ahmed Samir,1,88239663,500000,37000,0,176479.33,0.0061,2026-07-25 11:35:17.479934
UCEeFa7t5I0fqpcLGF-36TEw,dmc,2,1792794,13900,884,0,3585.59,0.0077,2026-07-25 11:35:17.479934
UCEeUqNIzqZqII-TkkRD40HQ,Nafiye Topçu,1,19235,15,2,0,38.47,0.0009,2026-07-25 11:35:17.479934
UCEepTsC1cUmjyzifzGAPnIw,Habana Music.,1,1185604,6400,289,0,2371.21,0.0056,2026-07-25 11:35:17.479934
UCEetJ4Gjqsf2w4SCEDher0g,Mehmet Demiröz,2,2585,21,4,0,5.17,0.0127,2026-07-25 11:35:17.479934
UCEf9o7EQ4F3h6THVwX9mqpA,Fatih alımcı ankarali_coiffeur_fatih eğitim ve uygulama,11,976174,7857,758,0,1952.34,0.0202,2026-07-25 11:35:17.479934
UCEfMIJS4SauBCDCqgChGglg,NTT Video Official,1,80720,208,20,0,161.44,0.0028,2026-07-25 11:35:17.479934
UCEfZv48jjdc8OHQyzxgDIEg,Yavuz YILDIRAN,1,460194,1500,370,0,920.39,0.0041,2026-07-25 11:35:17.479934
UCEfoFhwMA3yIC7LJdv8FSew,Holy Quran And Prayers,1,6497364,38000,4800,0,12994.73,0.0066,2026-07-25 11:35:17.479934
UCEfwUiuU69mS19aJ_SveqDA,WingmamTV,2,162474,2573,137,0,324.95,0.0234,2026-07-25 11:35:17.479934
UCEfyEazbCdPhDGyBfF3IDbQ,Mr. Mahi,1,438752,2200,352,0,877.5,0.0058,2026-07-25 11:35:17.479934
UCEgCH-Bt337N6yNUpbXOTIQ,güzellik evi,1,134220,1600,285,0,268.44,0.014,2026-07-25 11:35:17.479934
UCEgQyQPkQIhoXf12FFKSYgQ,Don Georgevich,2,4526759,36100,2530,0,9053.52,0.0188,2026-07-25 11:35:17.479934
UCEgYhf84VjXDz-W7a9-rdCQ,Two Bit da Vinci,1,25758,687,65,0,51.52,0.0292,2026-07-25 11:35:17.479934
UCEgp5GSikW7xqmdM5FlOnDA,tarot okuyucusu,3,62474,1934,72,0,124.95,0.0437,2026-07-25 11:35:17.479934
UCEgrqMgqT8gdZsqIAhOd1HA,pinkboxcereal,1,489940,7000,422,0,979.88,0.0151,2026-07-25 11:35:17.479934
UCEh_-Eg8qBJXGtNSJTuZE7Q,Kınay Production,4,13000847,37060,1604,0,26001.69,0.0272,2026-07-25 11:35:17.479934
UCEhcMZqZkpeetg1A0YBumpg,Small King,1,2587,2,2,0,5.17,0.0015,2026-07-25 11:35:17.479934
UCEhrS3zjYnnVPkI6yK9ebIQ,gececi,1,75075,134,15,0,150.15,0.002,2026-07-25 11:35:17.479934
UCEi9FCxOBTiTmau-6Cz5XYA,Birol Dilek,2,166452,822,98,0,332.91,0.0056,2026-07-25 11:35:17.479934
UCEiLwR1EjALcqazxYXMj8ZA,Mehmet sait Kaya,1,1649004,6300,507,0,3298.01,0.0041,2026-07-25 11:35:17.479934
UCEiSiZchK598CV8_ikwQgZw,Onur Atmaca,1,34155,39,10,0,68.31,0.0014,2026-07-25 11:35:17.479934
UCEiYBcJPr34kHs2ol_qHCYA,AJ Official,1,2636818,33000,2000,0,5273.64,0.0133,2026-07-25 11:35:17.479934
UCEidTtHwqWeaSYicVqcm30g,arap DEMİR,1,14294,88,2,0,28.59,0.0063,2026-07-25 11:35:17.479934
UCEig8iiZ7H7wgD7_DkvOkIg,Nazan Baran,1,77097,203,38,0,154.19,0.0031,2026-07-25 11:35:17.479934
UCEimB937j5gIG6phrYBLnsQ,Kayhan yılmaz,1,9333838,30000,1600,0,18667.68,0.0034,2026-07-25 11:35:17.479934
UCEinP7AIQI9TIZo2O8-kyFw,Olga Stella Italy,2,128662,2118,204,0,257.33,0.0333,2026-07-25 11:35:17.479934
UCEjFP0ojchoba08A5LI0sWQ,Aşkım İrem Aktulga,27,3232186,84100,3569,14,6464.38,0.0343,2026-07-25 11:35:17.479934
UCEjSfqIbmMC8geA7Be-1XWQ,AINI XICOTA,2,63597937,702256,11063,0,127195.87,0.0137,2026-07-25 11:35:17.479934
UCEjVE_ronWK9a3W-Ik9dHeA,Malik Eşter Gök,1,1456828,13000,551,41,2913.66,0.0093,2026-07-25 11:35:17.479934
UCEjZNkOGaq6PDXjd6jW6BSw,Comment ça va bien !,3,1682492,10599,835,0,3364.98,0.0075,2026-07-25 11:35:17.479934
UCEjvVNll1QmPP6eMQ3AlD1Q,Mualla Koptagel,1,151374,375,11,0,302.75,0.0025,2026-07-25 11:35:17.479934
UCEk90S8iuHt0eUzbK8Nkp_g,Hayrettin,21,39617321,587400,21190,13,79234.65,0.0187,2026-07-25 11:35:17.479934
UCEkLo4eVdDKfDKqf1ZTL-0g,Kadir ÖZGÜR,18,1019292,3073,441,0,2038.57,0.0051,2026-07-25 11:35:17.479934
UCEkNY4vJlaAOVkJmfBOGnYw,Emin Aşçı,3,29623,161,21,0,59.25,0.0065,2026-07-25 11:35:17.479934
UCEkSUl-FybPc1_KAgZVqciQ,Uyku Saati,1,881,16,2,0,1.76,0.0204,2026-07-25 11:35:17.479934
UCEkVCSCMEb3Am4qwuWq4k9A,Kirli Mavi,1,84173,597,17,0,168.35,0.0073,2026-07-25 11:35:17.479934
UCEki-2mWv2_QFbfSGemiNmw,Chill House Mix,1,1807745,10000,831,0,3615.49,0.006,2026-07-25 11:35:17.479934
UCEkzpbig04oaJCi3d0FMEOg,DORALYS BRITTO,3,6522254,122000,5023,0,13044.5,0.0237,2026-07-25 11:35:17.479934
UCEl19VXmOWWPL_YHqXvNg2A,Abdulkadir Aday,1,62556,302,16,0,125.11,0.0051,2026-07-25 11:35:17.479934
UCElJZvY_RVra6qjD8WSQYog,Public News,2,228605,4000,182,0,457.21,0.0181,2026-07-25 11:35:17.479934
UCElKadJwUTmvX_J-Z_CDh0w,Gezgin Adam,2,93010,1655,68,0,186.02,0.0178,2026-07-25 11:35:17.479934
UCElQ0DTBhvmasuMtVPEScNQ,Selocan,1,3047320,14000,576,0,6094.64,0.0048,2026-07-25 11:35:17.479934
UCElRQ0UpBe77kkrpAYgzznw,Amal Hermuz Hair Academy,1,519,10,2,0,1.04,0.0231,2026-07-25 11:35:17.479934
UCEln6QZGIqclsptH_d5V8gg,Satin Taupe,3,3291,219,6,0,6.58,0.0705,2026-07-25 11:35:17.479934
UCEq1x4UntcrQiWPEtIJrbCg,Julio Cesar Ramirez Galindo,1,95708,1700,74,0,191.42,0.0185,2026-07-25 11:35:17.479934
UCEqDENJw9VoS_6R5l0mQYzg,Sinegraf Film Yapım,11,10124155,69843,5492,0,20248.32,0.0098,2026-07-25 11:35:17.479934
UCEqP6Qh346qJymgwVLzpgsw,NESCAFÉ Türkiye,1,716698,130,4,0,1433.4,0.0002,2026-07-25 11:35:17.479934
UCEqaayrLkliRP42fhshNyZA,osmanlı medeniyeti,1,31784,291,13,0,63.57,0.0096,2026-07-25 11:35:17.479934
UCEqsDurNTBxAytpruMXqtpA,mstefanel,1,2587343,7400,335,0,5174.69,0.003,2026-07-25 11:35:17.479934
UCEqw79cCZYBmpQrkvtTlSMQ,sagujilyas,1,880179,7100,213,0,1760.36,0.0083,2026-07-25 11:35:17.479934
UCEx5UdqRR8wiqy5ilTgUfoQ,Bodrum Masalı,1,892568,0,0,0,1785.14,0.0,2026-07-25 11:35:17.479934
UCExYE3JWKBz8iGv3MNsGuhA,Isa Pini Official,1,17734,173,16,0,35.47,0.0107,2026-07-25 11:35:17.479934
UCEx_wstCPVqMa9xeFqH8VHQ,Grup Eylül,1,529934,1700,233,0,1059.87,0.0036,2026-07-25 11:35:17.479934
UCExqu37jsdwo8HgED2v3dDQ,Recep Bayraktar,1,1204208,5500,676,0,2408.42,0.0051,2026-07-25 11:35:17.479934
UC_-03ewVLtn5lWipHTo_zhA,Tolga Yaylacı,1,3637469,4500,625,0,7274.94,0.0014,2026-07-25 11:35:17.479934
UC_-BKZHFHcXKIQ_C5vPV4Ug,toptenfamous,4,20280053,164000,6556,0,40560.11,0.0067,2026-07-25 11:35:17.479934
UC_-BoxT4m6uERM8CwBYfamQ,rcekinir,2,80578,512,10,0,161.16,0.0077,2026-07-25 11:35:17.479934
UC_-HNm--vt5dW3bHkIabtKA,Right USA Now,1,1359460,5900,676,0,2718.92,0.0048,2026-07-25 11:35:17.479934
UC_-NCMHe0JYQrtv5Tw0DWpw,Şükrü GÜLER,1,2511779,5500,478,0,5023.56,0.0024,2026-07-25 11:35:17.479934
UC_-i_oNApflwdIc0LlmfrgA,Defne Samyeli,2,3745,6,6,0,7.49,0.0032,2026-07-25 11:35:17.479934
UC_-r7YHQ_l9rBPpImjnCn4g,İSKENDER ERDOĞAN,1,203,6,0,0,0.41,0.0296,2026-07-25 11:35:17.479934
UC_-rOWeGzpLToqr6yKjPtnQ,RAUUL7,2,7693952,14500,1925,0,15387.91,0.0021,2026-07-25 11:35:17.479934
UC_-t7oMXHE9THxte_EuG4AQ,Here Is The News,2,175353,1259,101,0,350.7,0.0083,2026-07-25 11:35:17.479934
UC_06eqktvsKGztdcEleuxQA,Serdar Serper,8,233900,573,53,0,467.81,0.0036,2026-07-25 11:35:17.479934
UC_0KZkudrnrbqPNfVLftEvw,Zehra Bedirhan Dogan,1,8931844,35000,3800,0,17863.69,0.0043,2026-07-25 11:35:17.479934
UC_0zlcrF18JvKxW2yq_bJlw,Mia54,1,7157635,12000,1400,0,14315.27,0.0019,2026-07-25 11:35:17.479934
UC_13yh2dGSQa27EF2Lj35BQ,Gözde Tezer,12,2727842,50800,5521,20,5455.67,0.0275,2026-07-25 11:35:17.479934
UC_1APgg_SP_LBzDk4Sxj3Bw,Kanal 42,1,321,0,0,0,0.64,0.0,2026-07-25 11:35:17.479934
UC_1WpXJ2jAhA2xwGIEdcGnw,Mike,1,49269,117,12,0,98.54,0.0026,2026-07-25 11:35:17.479934
UC_1XDkt12NozN0yNzJjlu-g,nuhsahinn,1,162925,604,17,0,325.85,0.0038,2026-07-25 11:35:17.479934
UC_1bsFTXzuyqat-TPPWCF8g,Oğuz Yılmaz - Topic,5,20244,63,4,0,40.49,0.0043,2026-07-25 11:35:17.479934
UC_1gCkd38af964XIJNkGv2g,Memet Karalar,1,9595,21,2,0,19.19,0.0024,2026-07-25 11:35:17.479934
UC_2KnSDEFBPKZRz6xPk0qsA,zeki katı,1,946819,16000,1100,0,1893.64,0.0181,2026-07-25 11:35:17.479934
UC_2NYl4_xhaDLbCaiNJTulA,STUDIO JORJ,1,814246,1700,149,0,1628.49,0.0023,2026-07-25 11:35:17.479934
UC_2tipyjDMDG1VI5Y7YmbCg,kabadayi kabadayi,1,132682,1000,72,0,265.36,0.0081,2026-07-25 11:35:17.479934
UC_2ynsXrRrKP8zYrU7Hc06A,PSV,26,2383564,19173,1211,0,4767.12,0.017,2026-07-25 11:35:17.479934
UC_39VhpzPZyOVrXUeWv04Zg,SakuraSoTV,1,449329,3400,402,0,898.66,0.0085,2026-07-25 11:35:17.479934
UC_39kODQARRhsdK4GaikSDA,serhatli474,1,227651,552,73,0,455.3,0.0027,2026-07-25 11:35:17.479934
UC_3CCLcdrJjHFTqoNw9iyZA,Dai Dien,1,411456,1200,128,0,822.91,0.0032,2026-07-25 11:35:17.479934
UC_3FYcf0nRuJLo7ampnQ3EQ,Manevi Tv,1,538796,3000,537,0,1077.59,0.0066,2026-07-25 11:35:17.479934
UC_3VXBpipPIEliq1RZGNfHQ,Rainfellow,1,521870,1500,118,0,1043.74,0.0031,2026-07-25 11:35:17.479934
UC_3_Of9FenZkA5CXBJ6dqqQ,Bilim tekno,2,894381,4746,1305,0,1788.76,0.0129,2026-07-25 11:35:17.479934
UC_43mQmHwHPTBBqImFrWU3Q,Sean Tucker,1,158273,6600,74,0,316.55,0.0422,2026-07-25 11:35:17.479934
UC_4C2TzOzc3rAFfyExafx0A,aHAKa ahaka,1,746038,1300,170,0,1492.08,0.002,2026-07-25 11:35:17.479934
UC_4JojLfLSRl9-CcsDfN5cQ,ekgyoas,1,76187,268,36,0,152.37,0.004,2026-07-25 11:35:17.479934
UC_4WpPcSfpxsSqA6hNpqJbg,Tout Compte Fait,8,1346615,10145,679,0,2693.23,0.0081,2026-07-25 11:35:17.479934
UC_4hXHeF0bmu_lPjrSYhEJQ,90DenizG90,1,1482121,4200,218,0,2964.24,0.003,2026-07-25 11:35:17.479934
UC_5-fmopE82DrG2ptKt7G-w,NewsBreaker,1,4968048,29000,578,0,9936.1,0.006,2026-07-25 11:35:17.479934
UC_56y8dFQw2U-BSCuoOvGVw,Sunny Music,2,2723635,9000,641,0,5447.27,0.0052,2026-07-25 11:35:17.479934
UC_5H-SZy7mWgn84C5hzmH9A,mustafa volkan,1,2875358,16000,1500,0,5750.72,0.0061,2026-07-25 11:35:17.479934
UC_5Men0taStTHMHFzNVsrxQ,fidanbaku,1,3218116,21000,448,0,6436.23,0.0067,2026-07-25 11:35:17.479934
UC_5Mf7dBalU1hDz2dD0chSw,Binali Yıldırım İletişim Ofisi,1,18932,382,118,0,37.86,0.0264,2026-07-25 11:35:17.479934
UC_5aASlye3oVxyNd05l5fdg,özgür büyük,1,482125,3800,85,0,964.25,0.0081,2026-07-25 11:35:17.479934
UC_5elE2gMqKSNvBWzlaONAA,Dersimiz Oyunculuk,1,15350,647,11,0,30.7,0.0429,2026-07-25 11:35:17.479934
UC_5lzFaMaMaIl1VPSCAnOCA,oguzhankk,1,1206028,1600,75,0,2412.06,0.0014,2026-07-25 11:35:17.479934
UC_5xwyTiWrLUf0cAO_MDmxA,Emirates News Agency,6,4608618,31409,5262,0,9217.23,0.0132,2026-07-25 11:35:17.479934
UC_6es_20863HFL_06FIxw3A,Türkan Kandıralı,1,178481,1000,84,0,356.96,0.0061,2026-07-25 11:35:17.479934
UC_6iAtAfodC2bFdra3ZoSRA,HM1O Football,1,217438,3000,79,0,434.88,0.0142,2026-07-25 11:35:17.479934
UC_75dK4tJjbXDJm_D5NUG6Q,adestimcvs,2,10354,18,7,0,20.71,0.0024,2026-07-25 11:35:17.479934
UC_7I0W9OSOs4piy50XlfuQw,Ali Kamil Tüfekyapan,7,620791,6781,350,0,1241.57,0.0139,2026-07-25 11:35:17.479934
UC_7J-Kfjvsgw1VZNME8obmg,Ali Said Yilmaz,1,15124,248,4,0,30.25,0.0167,2026-07-25 11:35:17.479934
UC_7kpvgFHDWpcr3wkH7dLQg,Keskin Bilgiler,1,178935,716,66,0,357.87,0.0044,2026-07-25 11:35:17.479934
UC_7n_nJ7ZCYEtqCAyi4rWPw,Blake Grigsby,1,81228221,562000,26000,0,162456.44,0.0072,2026-07-25 11:35:17.479934
UC_7tQmArQjuHO6BbllxFnFg,KRC Bey,5,7479,122,9,0,14.96,0.018,2026-07-25 11:35:17.479934
UC_81pNxF_G4QFK-mR0UNkvg,ecetv,1,212597,1100,139,0,425.19,0.0058,2026-07-25 11:35:17.479934
UC_8AxqIEqJU4BHmfvYzsu2g,ALWAYSilaGencoglu,1,38090,165,13,0,76.18,0.0047,2026-07-25 11:35:17.479934
UC_8QBI-Hbybs_fZogrvhnOQ,Nathalia Hellen,1,1612,22,9,0,3.22,0.0192,2026-07-25 11:35:17.479934
UC_8Vne9C1xDJv8ZdzeOZb7A,Mecit,2,3935356,12000,599,0,7870.71,0.003,2026-07-25 11:35:17.479934
UC_8vKiVq1KZiAZxpQah3RGw,hohhoyyt,1,93939,687,82,0,187.88,0.0082,2026-07-25 11:35:17.479934
UC_903HH21YFXh7UGBBA8efg,Миролюба Бенатова,11,1161282,5317,776,3,2322.58,0.0071,2026-07-25 11:35:17.479934
UC_93TP8BjmPY335vWgttFMg,CT,1,32110,858,59,0,64.22,0.0286,2026-07-25 11:35:17.479934
UC_9YLpDXZIT7AOBxE2ocw0A,habibsl,3,973691,4279,376,0,1947.37,0.0086,2026-07-25 11:35:17.479934
UC_9c9UaSGYI_mSK99kxx0sw,SELÇUK MURAT KIZILATEŞ,2,451893,1925,164,0,903.78,0.0045,2026-07-25 11:35:17.479934
UC_9gJby9QKJK8ktB7v3fNEA,HAYATIN GERÇEĞİ,5,516728,892,190,0,1033.46,0.0023,2026-07-25 11:35:17.479934
UC_9kURQwQwdLKRpj7vDEHUA,Interessante Fakten,1,418967,1400,438,0,837.93,0.0044,2026-07-25 11:35:17.479934
UC_9pHbg-NGynzpM6aBI57Cw,Oyuncak Şehri Tv,1,2587509,12000,6500,0,5175.02,0.0071,2026-07-25 11:35:17.479934
UC_9q_I0ZoCn2CavSTYihoQw,Mogu Ja To Sama MJTS,5,825929,7517,300,0,1651.86,0.0108,2026-07-25 11:35:17.479934
UC_9y3uXc3hfv09aliBSWK9Q,Gjovalin Prroni Official,1,487432,1600,296,0,974.86,0.0039,2026-07-25 11:35:17.479934
UC_A7GlVAb3XHbp3G-62Rx8A,Mustafa Özşimşekler Hocaefendi Resmi Hesabı,5,128925,2069,127,0,257.85,0.0371,2026-07-25 11:35:17.479934
UC_ANPr8IkWibKlKhmi_-H1g,haramaininfo,1,176761,1000,91,0,353.52,0.0062,2026-07-25 11:35:17.479934
UC_Ae_cTets4L4z7iDKQBXaw,Canal Tecnólogo,1,33212,184,20,0,66.42,0.0061,2026-07-25 11:35:17.479934
UC_AoRrl1_bQF99wB_Y_OhGw,Muhammet Hasan,1,125,3,0,0,0.25,0.024,2026-07-25 11:35:17.479934
UC_B-TcI8gEpkL79nhSPg1Ew,Nurullah Ozdemir,1,3188471,10000,622,0,6376.94,0.0033,2026-07-25 11:35:17.479934
UC_B35WEiluoH6o1fg4tUOSQ,ABCLibrarySales,1,265186,0,0,0,530.37,0.0,2026-07-25 11:35:17.479934
UC_BANQfJbw0lPAGHtAeX5nw,Leeza Mangaldas,1,1975458,13000,784,0,3950.92,0.007,2026-07-25 11:35:17.479934
UC_BJInrHnl_xmN32kvOC0dw,Ahmet Kam,1,482492,2100,393,0,964.98,0.0052,2026-07-25 11:35:17.479934
UC_BJdhm-SzqvgKS_7WV7CVA,kinocycle,2,25878,731,23,0,51.76,0.0217,2026-07-25 11:35:17.479934
UC_BPoyBD0hSktt5J9TbAQtw,umut umutcan,2,214488,570,47,0,428.98,0.003,2026-07-25 11:35:17.479934
UC_BdxnwgyBjaFrAcyPiZmbg,Khoái Coi Hài,2,2224696,3700,878,0,4449.39,0.0021,2026-07-25 11:35:17.479934
UC_Bxu_WVrcICy6Y0QkWrxGw,The road to the film.,4,9329822,297000,11100,0,18659.64,0.0309,2026-07-25 11:35:17.479934
UC_COUJlpooK_FkiypQpybGg,Beyzanur Tekin,2,250981,3200,499,0,501.96,0.0214,2026-07-25 11:35:17.479934
UC_Cp4y2kR5h3PF8UnrP9IHQ,paulette daniele,1,14316,77,9,0,28.63,0.006,2026-07-25 11:35:17.479934
UC_DAgmOZ3dAmfuyMeH7hXZw,Alim Qasimov Ensemble,3,379401,3982,134,0,758.8,0.0113,2026-07-25 11:35:17.479934
UC_DGBOTkB6uMAiZlbxYScYA,Diyetisyen Mutfağı,1,126210,1700,76,3,252.42,0.0141,2026-07-25 11:35:17.479934
UC_DQ9T8o9LGywB89oTuWFTg,LiveMJHighDefinition,6,219234094,1210500,54918,0,438468.19,0.0078,2026-07-25 11:35:17.479934
UC_DRytIg3UT6fY5YL2AQxDA,Mehmet Perinçek,1,17,4,0,0,0.03,0.2353,2026-07-25 11:35:17.479934
UC_DewcjDvV9wpdSHM2FJ04w,Elif DEMİRCAN,1,1830,72,4,0,3.66,0.0415,2026-07-25 11:35:17.479934
UC_Dn-4TWOFm11Z0mEKDWJtQ,Big City Stories,1,15885,98,17,0,31.77,0.0072,2026-07-25 11:35:17.479934
UC_DplK9Oh-HkL7P-yzWakHw,Sofija Grijak Ilicic,12,1196959,22514,653,0,2393.91,0.0232,2026-07-25 11:35:17.479934
UC_DtHmwVEeF2CbvT2Mity-w,mbeez,1,11520919,96000,4500,0,23041.84,0.0087,2026-07-25 11:35:17.479934
UC_E4px0RST-qFwXLJWBav8Q,Business Casual,15,15742723,270400,12308,23,31485.44,0.0201,2026-07-25 11:35:17.479934
UC_E7p0oGhrHmO4KGZMCiheQ,Новости России,1,593004,32000,1400,0,1186.01,0.0563,2026-07-25 11:35:17.479934
UC_EDgnFsSmq5OSUhrMXz7jQ,Ümit Boğa,5,5123,58,6,0,10.25,0.0141,2026-07-25 11:35:17.479934
UC_EFP5sB4KGyBcZKEykzjMQ,MoVivo TV,2,120704,1212,112,0,241.41,0.0217,2026-07-25 11:35:17.479934
UC_EIgZQ-ij05cw8XvO2nrcw,Ergün Diler,4,236672,5131,369,0,473.34,0.0312,2026-07-25 11:35:17.479934
UC_EWnHRddyJhtoVunDNO7dg,Her Telden,2,1277764,3191,388,0,2555.53,0.0059,2026-07-25 11:35:17.479934
UC_EnZJj5TLgoiCuHHVIllQg,Əlibəy Məmmədli,1,596285,12000,927,0,1192.57,0.0217,2026-07-25 11:35:17.479934
UC_ErLqdnmXGMH-pccUQjwyA,Бизнес-секреты,2,386287,5300,2434,0,772.57,0.0281,2026-07-25 11:35:17.479934
UC_F3h1Aa4EupMBAw-vgR0xQ,Racquet TV,2,8855676,27600,3252,0,17711.35,0.0039,2026-07-25 11:35:17.479934
UC_FLXFRhTDeBvquZZYxXcFA,Факты Запорожье,1,485287,3500,241,0,970.57,0.0077,2026-07-25 11:35:17.479934
UC_FNd7A9b0adbxmpuzIm5ZA,IdunnGoddess,7,40949311,432000,26285,0,81898.62,0.016,2026-07-25 11:35:17.479934
UC_FR3B7aW2Ke2acWi54PWTA,Телеканал ATR,1,374055,7200,890,0,748.11,0.0216,2026-07-25 11:35:17.479934
UC_GHd2CZBJ3Jsg1oUEqCKGg,Safina U,2,1068343,30400,1127,0,2136.69,0.0376,2026-07-25 11:35:17.479934
UC_GIMm_EM9sJtQ742KQOZdQ,Ottoman Empire,2,44141,421,88,0,88.28,0.0129,2026-07-25 11:35:17.479934
UC_GWgSWH1VWKrmo7x6n1Qbw,ömer öz,1,1991840,15000,282,0,3983.68,0.0077,2026-07-25 11:35:17.479934
UC_GbtZs9wj0jd0FZgSprHDg,mihrilee,1,984886,12000,535,0,1969.77,0.0127,2026-07-25 11:35:17.479934
UC_GlisUsMPNVE2PS3A1pl5A,تعلم Öğrenmek,1,516835,8300,132,0,1033.67,0.0163,2026-07-25 11:35:17.479934
UC_GqNLNSjhpwghotmsYXTsQ,Sinan Oğan,3,702130,5616,236,0,1404.26,0.0269,2026-07-25 11:35:17.479934
UC_Gtw-ckX3Bz2Be1XRiqArw,Pınar Süer,1,10348771,82000,2600,0,20697.54,0.0082,2026-07-25 11:35:17.479934
UC_GuC0RkFgwYvo91vQWMfXg,KadınlarBilircom,2,857876,10400,367,0,1715.75,0.0126,2026-07-25 11:35:17.479934
UC_GvMVffgctSISDkeWlKhXQ,dope2111,2,2031939,80500,1419,0,4063.88,0.0406,2026-07-25 11:35:17.479934
UC_GxHrDkwwADSaAjmXxqtXA,France 3 Auvergne-Rhône-Alpes,1,14016,100,6,0,28.03,0.0076,2026-07-25 11:35:17.479934
UC_Gxtki_h0S7ev_a0t8EY5A,Natalya Melnik,2,298421,1648,44,0,596.84,0.0061,2026-07-25 11:35:17.479934
UC_H8ThC4Fdew039Qc3zzZ2w,SİVAS VİZYON,1,48135,77,3,0,96.27,0.0017,2026-07-25 11:35:17.479934
UC_HB1KQzRgRdJq9wW8HEsRA,Fatih Göker,3,3424098,11700,977,0,6848.2,0.0039,2026-07-25 11:35:17.479934
UC_HBuOfxAlqkf9eQu55SiTQ,Qığılcım tv,1,2057353,14000,1100,0,4114.71,0.0073,2026-07-25 11:35:17.479934
UC_HGeTTgbwYjNRbr4Y7RRgg,TV IMEDI,24,2140058,9707,1891,0,4280.1,0.006,2026-07-25 11:35:17.479934
UC_HRpTIfCwj6FH-AWvgBtJg,Hobo,5,3015915,648,165,0,6031.83,0.0008,2026-07-25 11:35:17.479934
UC_HZvxzC_PWvRKoFznYOfYw,"ПРАВКА,СВАРКА АЛЮМИНИЯ. Евгений Иванов",2,438223,3109,361,0,876.44,0.0092,2026-07-25 11:35:17.479934
UC_HbBZkkY2JM86P285s_S4g,Kare Medya,1,279,5,2,0,0.56,0.0251,2026-07-25 11:35:17.479934
UC_HlRf-SHMQhk9XLF1cnlug,erdal yılmaz,1,3855,8,2,0,7.71,0.0026,2026-07-25 11:35:17.479934
UC_HpQ_2LYaC4QRdCmsSzTzw,Hasan Garip,3,372785,316,31,0,745.57,0.0008,2026-07-25 11:35:17.479934
UC_HwfTAcjBESKZRJq6BTCpg,כאן חדשות - תאגיד השידור הישראלי,14,672155,7465,553,0,1344.29,0.0104,2026-07-25 11:35:17.479934
UC_I0C04urahWoYlUkHZBPCA,İsmail Baki,1,2008322,74000,5400,0,4016.64,0.0395,2026-07-25 11:35:17.479934
UC_I96RAvt_H4UojX1VYnTzA,ProDrive,2,113939,2300,376,0,227.88,0.0251,2026-07-25 11:35:17.479934
UC_IDzQQKiOrLnsmnz6yUmlw,RTV Krusevac,1,13568,0,0,0,27.14,0.0,2026-07-25 11:35:17.479934
UC_IEcnNeHc_bwd92Ber-lew,Россия 24,52,25423771,155847,36422,0,50847.56,0.01,2026-07-25 11:35:17.479934
UC_IMIBaSm-fJwUo5FWkASuA,Thisu Beauty,3,544011,6400,624,0,1088.02,0.0311,2026-07-25 11:35:17.479934
UC_IN4RlbkBqfYqkF4r3Xg1Q,Yılmaz Zorlu,1,1360,12,3,0,2.72,0.011,2026-07-25 11:35:17.479934
UC_INJSq0gEpFWf2L0ckUP4g,Mustafa Karadeniz,6,10491257,43500,5216,0,20982.51,0.0048,2026-07-25 11:35:17.479934
UC_INbBXQwHT6zg9Me6OUicA,Uzeyir Production Official,2,1327528,13800,897,0,2655.05,0.0144,2026-07-25 11:35:17.479934
UC_IRz1Z4eQE2ZeS1gwNg70A,İstanbul Ajansı,5,2232822,9939,1021,0,4465.64,0.0072,2026-07-25 11:35:17.479934
UC_IUrN0z7rurfa2DZyPwUXQ,Otomobilin Mesut Abisi,10,5429118,40172,5231,0,10858.23,0.0134,2026-07-25 11:35:17.479934
UC_I_qKqOAxTHPNpYh_0pClw,Time Lover,1,28759,219,18,0,57.52,0.0082,2026-07-25 11:35:17.479934
UC_IdSJ2ziUhwOGPszyhLxMQ,türküler özümüzdür,1,97992,416,18,0,195.98,0.0044,2026-07-25 11:35:17.479934
UC_IxpCmD80AwRz1b0m9HjJA,ANTE,1,104779,630,37,0,209.56,0.0064,2026-07-25 11:35:17.479934
UC_J-5n0COUTOz8XLNSl5J3Q,ITON-TV,1,23034,204,22,0,46.07,0.0098,2026-07-25 11:35:17.479934
UC_JqxyC-KKWOqqkH-cPkN5Q,Musluman Ermeniler,4,2360346,918,246,0,4720.68,0.0023,2026-07-25 11:35:17.479934
UC_KZQz9OES3Ieb1yozEO_Gw,Walt Bettonvil,1,47584,122,10,0,95.17,0.0028,2026-07-25 11:35:17.479934
UC_Kc0_WZ78ZzZKkLbgy7RYQ,Emre Aktürk,10,15162558,45341,4638,0,30325.12,0.013,2026-07-25 11:35:17.479934
UC_KnnutTicWsW6HTu7akzMQ,StarNaturalBeauties,3,18206886,91300,14266,0,36413.78,0.0113,2026-07-25 11:35:17.479934
UC_KvZUUODWErbQGN43Ie9Aw,Real Simple,1,6432,64,6,0,12.86,0.0109,2026-07-25 11:35:17.479934
UC_KwPAqqyrfOZunV8Zqb73Q,X_Y_Z 20,1,2317270,4400,1000,0,4634.54,0.0023,2026-07-25 11:35:17.479934
UC_L70vjtrfD5cNRClFigF3A,Конспирации,1,106811,786,61,0,213.62,0.0079,2026-07-25 11:35:17.479934
UC_LFBoVmJDRo_blCSPwnDMA,Yavuz Selim,2,308680,859,72,0,617.36,0.0029,2026-07-25 11:35:17.479934
UC_LUroN9pJHy8o4fsXambLw,Kenan Kenan,1,10821,104,2,0,21.64,0.0098,2026-07-25 11:35:17.479934
UC_LWoVZSIsVprOMmwqo0Ikg,Rough Hands and Unusual Ideas,1,15687308,103000,16000,0,31374.62,0.0076,2026-07-25 11:35:17.479934
UC_LYO76niW6UWyuT311R0sA,Sinfónica Ciudad de Zaragoza,1,1501290,14000,1100,0,3002.58,0.0101,2026-07-25 11:35:17.479934
UC_Lc2iEdCo7BWmk5ar0aytw,ren-plus,1,2625,22,16,0,5.25,0.0145,2026-07-25 11:35:17.479934
UC_Lf_DZSaDhTUIXdRD8JAFQ,Klip fra den analog tidsalder,1,8306554,14000,4200,0,16613.11,0.0022,2026-07-25 11:35:17.479934
UC_LjnKfhDRfKjRHxk0coKEQ,haSreTiMmK,1,863485,3300,191,0,1726.97,0.004,2026-07-25 11:35:17.479934
UC_Lnb8ZHqqgLbp-7hltuT9w,CNA Insider,11,3518979,54975,1402,0,7037.96,0.0145,2026-07-25 11:35:17.479934
UC_LnzlkIipN1YwKbwbOJ05g,Vasif Məmmədov,1,4439,58,0,0,8.88,0.0131,2026-07-25 11:35:17.479934
UC_M4jGjoy3nd5BjtGl_75ow,Ukubra36,1,1722426,7700,612,0,3444.85,0.0048,2026-07-25 11:35:17.479934
UC_MEeHtZcr9AxXAI9ZpozQg,Kim Greene,1,2199388,12000,1800,0,4398.78,0.0063,2026-07-25 11:35:17.479934
UC_MH7_ITERQUBzRaaGhOquw,MUSA.V,1,91959,2300,254,0,183.92,0.0278,2026-07-25 11:35:17.479934
UC_MTPqgFSm_8WUWaCHIfUgQ,V101 Science,1,2538269,55000,1700,0,5076.54,0.0223,2026-07-25 11:35:17.479934
UC_MYWJ6daSKw00xntWFjDmg,Mehmet Ali Uslu,1,701,26,0,0,1.4,0.0371,2026-07-25 11:35:17.479934
UC_MlPthVWFLMl4Lajr1F3KA,Sunday Brunch,1,6406,52,5,0,12.81,0.0089,2026-07-25 11:35:17.479934
UC_NofVxatH8TvZpCWbJcBCA,Зе! - Будь в курсе!,4,707708,7461,1428,1,1415.42,0.0274,2026-07-25 11:35:17.479934
UC_NrGQ_gtyP1rlx3LRblljA,TJS Sports,9,4913111,15194,2073,0,9826.22,0.0042,2026-07-25 11:35:17.479934
UC_Nt2WV7YXQgn46LaxL7Euw,samet yaşar,1,1151,10,2,0,2.3,0.0104,2026-07-25 11:35:17.479934
UC_NxJmAkRmhJ-l981uJEilA,Sevilay'ın Mutfağı,1,748125,3600,710,0,1496.25,0.0058,2026-07-25 11:35:17.479934
UC_O-vmjpkom1m5shISID94g,123 GO! CHALLENGE,2,13050168,102000,11000,0,26100.34,0.0104,2026-07-25 11:35:17.479934
UC_OLtzRJdg0MJfiqGWAAIHw,IDEAS EN 5 MINUTOS,103,165711292,1333869,172932,8,331422.62,0.0134,2026-07-25 11:35:17.479934
UC_Oi0LoSn3J_Bl0cOQ8JvNw,International Cuisines,2,1009425,11800,678,0,2018.85,0.0131,2026-07-25 11:35:17.479934
UC_OjIJxCcK6HZ3W3SU7uDTA,Ahmet Furkan Karataş,1,919056,6100,453,0,1838.11,0.0071,2026-07-25 11:35:17.479934
UC_Oxvyty3WlcKbrRx4qqKrg,nigdeliyek,1,647023,1800,114,0,1294.05,0.003,2026-07-25 11:35:17.479934
UC_P3Fu4B8GCAGhQLyWgD8uA,Pratik Bilgiler Junior,5,1975242,13354,1314,0,3950.47,0.0122,2026-07-25 11:35:17.479934
UC_PCV63GCAToktgKBj__Idg,Ahmet Geyik,1,11042,51,5,0,22.08,0.0051,2026-07-25 11:35:17.479934
UC_PHYQt9GSR6xAMgjWL9UBw,Hülya Avşar,1,1004129,1000,97,0,2008.26,0.0011,2026-07-25 11:35:17.479934
UC_PO44ilXspREPihLugzHxw,YasinAydın2K,1,39316,700,41,0,78.63,0.0188,2026-07-25 11:35:17.479934
UC_PeFMSSgpStakj1rsjlCJA,Mahallenin Kedisi,2,125036,577,87,0,250.07,0.0123,2026-07-25 11:35:17.479934
UC_PhBri07D7xutd7DBvz1Hg,Yusuf Ceran,3,483,7,0,0,0.97,0.0265,2026-07-25 11:35:17.479934
UC_PjddF_eOpZFVaVyg8XKDA,Magnusur1,1,223588,835,46,0,447.18,0.0039,2026-07-25 11:35:17.479934
UC_Pp_g8GOiI3RAP9TSmWePA,South East 999 Videos,2,3434356,8000,1641,0,6868.71,0.0031,2026-07-25 11:35:17.479934
UC_PtayZYAp73j9wZYe0mraQ,a eker,1,67796,121,21,0,135.59,0.0021,2026-07-25 11:35:17.479934
UC_Q7iIWw74bGu8qKujae3eQ,fevziyekta,2,2134032,1788,93,0,4268.06,0.001,2026-07-25 11:35:17.479934
UC_Q8xGE4qaBOymvwtGZysig,Havina Welat,5,2016069,5790,888,0,4032.13,0.0032,2026-07-25 11:35:17.479934
UC_QBZWdue0V1U_G-HRMZYQg,CELE TV,1,3633057,7200,2600,0,7266.11,0.0027,2026-07-25 11:35:17.479934
UC_QbZmviQL0k7oVuHecvQow,Field Gemology by Vincent Pardieu,4,185399,1617,79,0,370.8,0.0075,2026-07-25 11:35:17.479934
UC_QjUV16Ryv9McaCfrvX1BQ,Turisto,3,96583,1438,135,0,193.16,0.0177,2026-07-25 11:35:17.479934
UC_RAS5et6IIGQcKSZ0iIBcw,Zaytung BiH,1,175814,922,31,0,351.63,0.0054,2026-07-25 11:35:17.479934
UC_RSCuv5lw5L2UikrwwhXLg,ertan taşkıran,3,1139726,2567,140,0,2279.45,0.0029,2026-07-25 11:35:17.479934
UC_RYxQJg_XI5eCNukKbF6kw,Asiq Esger,1,39869,437,32,0,79.74,0.0118,2026-07-25 11:35:17.479934
UC_R_mftD1FUNCKOq20jI_TA,877-Why-Islam,2,1799613,25100,1215,0,3599.23,0.0192,2026-07-25 11:35:17.479934
UC_Rggunl5VHnv7cOBj8pfuA,Mahsun Bizek,1,24446,101,3,0,48.89,0.0043,2026-07-25 11:35:17.479934
UC_S1vyzkr5Mreht3gPhqpuw,Kağan Demirbaş,1,1979030,4100,265,0,3958.06,0.0022,2026-07-25 11:35:17.479934
UC_S2wDNhFuwMFYqacemrfOg,Marwa Sari,1,2172288,19000,1000,5,4344.58,0.0092,2026-07-25 11:35:17.479934
UC_S7hW6IQsL68dPGO4_SnRg,Tim Noack,1,601302,1200,184,0,1202.6,0.0023,2026-07-25 11:35:17.479934
UC_SD8q_CLdAoeb1_uiJOvmA,ManOfAllCreation,1,990364,17000,546,0,1980.73,0.0177,2026-07-25 11:35:17.479934
UC_SFqM6PCAh7N3A4NkCA0cw,Ovid,1,76076,313,25,0,152.15,0.0044,2026-07-25 11:35:17.479934
UC_SIv1_f8uVHzdJeZsXU8OQ,Rnirvana,3,604234,1806,77,0,1208.47,0.0028,2026-07-25 11:35:17.479934
UC_STarHDTieXG6hCpwPnN_w,Güzelleşmek Üzere,4,4985156,42987,5806,0,9970.32,0.0119,2026-07-25 11:35:17.479934
UC_SUxRRKx7z123escWK03hA,Vatan TV,12,10030773,39584,4140,0,20061.54,0.0063,2026-07-25 11:35:17.479934
UC_SWsOXmKU_JMFbmKH5yRbw,cahNdeso Film Project,1,1050,75,3,0,2.1,0.0743,2026-07-25 11:35:17.479934
UC_Sr_yDgKpvgvZ2ASxJPxVw,Apolas Lermi,8,14360247,59774,2538,0,28720.5,0.0086,2026-07-25 11:35:17.479934
UC_Su3m3Wqv4LDTZGfQvwsHg,RuBaltic•Ru,1,669308,6600,330,0,1338.62,0.0104,2026-07-25 11:35:17.479934
UC_T1Ji_BhUsZetilS9cOg1A,cetin tuncer,1,6361,9,3,0,12.72,0.0019,2026-07-25 11:35:17.479934
UC_T7CfWazjQpo0s0itfvkPA,Vatan Can,2,107649,536,18,0,215.3,0.006,2026-07-25 11:35:17.479934
UC_TI9cq59d3IQGhLt3M5DLg,OSSİ MÜZİK,14,19105077,81951,5073,0,38210.15,0.0048,2026-07-25 11:35:17.479934
UC_TT8NxKBCAaHxCCu9ZikyQ,GoldenMannu,6,28836351,133507,17716,0,57672.71,0.0158,2026-07-25 11:35:17.479934
UC_TneqvSfh-KsIyZMlJjVsQ,Kanal13,43,8846434,125783,8084,0,17692.88,0.0259,2026-07-25 11:35:17.479934
UC_TunahmYO2xrfHu_n4trBQ,Diyetisyen Alican Demiroğlu,1,6795,258,2,0,13.59,0.0383,2026-07-25 11:35:17.479934
UC_TyqaB9SkqqZa0mx8IM4KA,قناة سماء Samaa Shehata l,2,1874655,30500,2109,0,3749.31,0.0328,2026-07-25 11:35:17.479934
UC_UDZC4utjbgJFsuqtsXc7Q,Çankırı,3,611213,1163,137,0,1222.43,0.0025,2026-07-25 11:35:17.479934
UC_UlPGYyaF06Q_zCY8VLRmQ,Neydi Olacağı,1,93866,1600,68,0,187.73,0.0178,2026-07-25 11:35:17.479934
UC_UxnhPY47RJZjFV0Sio0XA,askimkapismak,1,117435,228,9,0,234.87,0.002,2026-07-25 11:35:17.479934
UC_V65ht7XP2Vm4Nh7xTtFTQ,Pelin Dindar,7,328276,5033,493,0,656.56,0.028,2026-07-25 11:35:17.479934
UC_VQwlXdALKnKIDLfkBRTUQ,NostaljiKlipler,3,6134958,20400,744,0,12269.92,0.0039,2026-07-25 11:35:17.479934
UC_VnC5zECZRan1dHAuS8smg,as4you11,1,75473,404,14,0,150.95,0.0055,2026-07-25 11:35:17.479934
UC_VzZH7NF3cE1d3hYRnmkFg,Aşık Atalay ASLAN,1,44018,131,19,0,88.04,0.0034,2026-07-25 11:35:17.479934
UC_W0_Nv-3rxpWVvosddhrPw,Doggy Doggy Cartoons,1,833792,10000,4400,0,1667.58,0.0173,2026-07-25 11:35:17.479934
UC_WHPwe0esAtXHQlnqYHveA,İbrahim Esen,1,364441,2400,214,0,728.88,0.0072,2026-07-25 11:35:17.479934
UC_WeZqr3qr0PS_Gn3jFhyKA,АМЕРИКА Наизнанку,1,1133818,22000,5400,0,2267.64,0.0242,2026-07-25 11:35:17.479934
UC_Wm8zM7xTLyf1F-bcoa5Bw,TopScarce,1,3141370,18000,3600,0,6282.74,0.0069,2026-07-25 11:35:17.479934
UC_WopN7UPH2WG9ceobG_f8Q,Berrin Ayrancı Kola,5,61051,1082,62,1,122.11,0.0193,2026-07-25 11:35:17.479934
UC_WpMKM2lC43y3engDpb9jw,Kalan Müzik,76,273955122,884580,49920,52,547910.29,0.006,2026-07-25 11:35:17.479934
UC_X03U7OQQZcdOVxtR9HcLA,Power TV Talk Shows,2,196250,2337,142,0,392.5,0.013,2026-07-25 11:35:17.479934
UC_XHaf35UP6CerY4Bd1BSBQ,Hüseyin Yavuz,1,4837,20,0,0,9.67,0.0041,2026-07-25 11:35:17.479934
UC_X_IYvd95d9hggl1hNlrIA,Harran Akademi,1,3378,54,2,0,6.76,0.0166,2026-07-25 11:35:17.479934
UC_XcL8d1lFZAlgTvDMK4leQ,Юрий Гагарин - Russian war diggers,6,9982503,67400,6654,0,19965.01,0.0093,2026-07-25 11:35:17.479934
UC_Xkt9VCgOrI7vQWetkwGUQ,Dr. Haydar Dümen,1,1489531,2100,880,0,2979.06,0.002,2026-07-25 11:35:17.479934
UC_XmGjEMhbWhU89MRkT4z4w,ergur23,1,239385,959,78,0,478.77,0.0043,2026-07-25 11:35:17.479934
UC_XzN7YHiefEhHhZ5-qVGAA,Para Mevzuları,1,220245,3100,223,0,440.49,0.0151,2026-07-25 11:35:17.479934
UC_Y2NuGquROSNT25BK1RQlA,dji izmit,1,2090,8,2,0,4.18,0.0048,2026-07-25 11:35:17.479934
UC_Y2xd4bT9hGkFRMrJfe4Fg,mehmet ertekin,1,636285,1700,195,0,1272.57,0.003,2026-07-25 11:35:17.479934
UC_YOrv_jgTtrU84zKubpGeA,Vaidosa Sim Senhor,1,251827,13000,238,0,503.65,0.0526,2026-07-25 11:35:17.479934
UC_YZWzj0ASgNlKkXez-vQvQ,Mehmet Kocakaya,1,7671,17,4,0,15.34,0.0027,2026-07-25 11:35:17.479934
UC_YcBfp9m8llUjkAmpE9y7Q,NZZ Standpunkte,1,112845,434,39,0,225.69,0.0042,2026-07-25 11:35:17.479934
UC_Z-_14yKZXx8xwuicKHfRg,TV 2000,1,187498,459,69,0,375.0,0.0028,2026-07-25 11:35:17.479934
UC_Z6bbeun8Gw74tE0x4_zxQ,Wiluve,1,365826,8800,330,0,731.65,0.025,2026-07-25 11:35:17.479934
UC_ZAunNLEiZHQZ4svBpmZ7Q,İbnü’l Vakt,1,1287,38,0,0,2.57,0.0295,2026-07-25 11:35:17.479934
UC_ZCo3eSH51jj2lfUtgNHbw,smoothiw,1,1845086,16000,485,0,3690.17,0.0089,2026-07-25 11:35:17.479934
UC_ZSufuS28Qx2McW2hrSKDw,Dijital Sanatlar,1,9361577,16000,1500,0,18723.15,0.0019,2026-07-25 11:35:17.479934
UC_Zh7rixFgWnZJHFqE63-oQ,Ozan Arif,1,2159,123,3,0,4.32,0.0584,2026-07-25 11:35:17.479934
UC__BH76zDkjpYD3R6bizcHw,Ertem Müzik Yapım,1,345086,1100,259,0,690.17,0.0039,2026-07-25 11:35:17.479934
UC__EdKCeB9mXtHvtZIndCFA,DİNİ HİKAYELER VE DUALAR,2,133451,1614,106,0,266.9,0.0516,2026-07-25 11:35:17.479934
UC__a4BYZxT-uvKGeATnSg8Q,SomaliUpdate Online,2,91677,1207,93,0,183.35,0.0133,2026-07-25 11:35:17.479934
UC__kCsqPCdDDrs1paSkqSKA,Константин *,1,621018,2300,500,0,1242.04,0.0045,2026-07-25 11:35:17.479934
UC__qBoh9FxBa550m_o8dK6A,Steph's Beauty05,2,2612975,21400,1541,0,5225.95,0.0159,2026-07-25 11:35:17.479934
UC__tz9HKLj0TtoROEoe12nw,Ayfer Ünler - Topic,1,830,6,2,0,1.66,0.0096,2026-07-25 11:35:17.479934
UC__w8wzAGci080Y193rSRhg,Anass Teaser,9,18341117,85500,6718,0,36682.23,0.0061,2026-07-25 11:35:17.479934
UC_a-M27BKyrnymlQEsFLbbg,Turqut Cingizoglu,1,109163,334,65,0,218.33,0.0037,2026-07-25 11:35:17.479934
UC_aIeJpRHmUSiOI9jSbyG1w,küskün aşik,1,1042732,1400,177,0,2085.46,0.0015,2026-07-25 11:35:17.479934
UC_aN4SYHPvaOXEPziKyyR4g,sairkiz,7,18737941,43518,3009,0,37475.88,0.0028,2026-07-25 11:35:17.479934
UC_aQgJeu1I5m8q32wYxJ6Qw,Barry Kolsky,1,1068431,4100,234,0,2136.86,0.0041,2026-07-25 11:35:17.479934
UC_aTJV1Wrjd78tntlVIrhKQ,Asla Durma,2,47407,500,21,0,94.82,0.0205,2026-07-25 11:35:17.479934
UC_aUZn_5uvwIZLwfmNaEHbQ,Frank Holand Automotive,5,9120328,66900,3451,0,18240.66,0.0089,2026-07-25 11:35:17.479934
UC_ab7FFA2ACk2yTHgNan8lQ,RT UK,1,1221841,5500,634,60,2443.68,0.0051,2026-07-25 11:35:17.479934
UC_alNXChYmvdQAeNwb_Eqfg,ZewK92,1,13888859,28000,2000,0,27777.72,0.0022,2026-07-25 11:35:17.479934
UC_as6k4G8WGsvHiOk6pws2Q,Duygu Koçak,2,382131,556,58,0,764.26,0.0042,2026-07-25 11:35:17.479934
UC_b5eLoSJ9pojH61dGegO5w,Spiritman Productions,2,13416955,66000,2517,0,26833.91,0.0049,2026-07-25 11:35:17.479934
UC_b7IcXv5vvr4YWVsgVF_3Q,ŞEREF DUMAN,1,1115583,2100,237,0,2231.17,0.0021,2026-07-25 11:35:17.479934
UC_bFWlnnADxGUXA3igouBiw,TG2000,2,701982,12005,518,0,1403.97,0.031,2026-07-25 11:35:17.479934
UC_bNtoaUUCnEzf93kJLY_Pg,Sherelle Saint Rose,1,422039,7800,327,0,844.08,0.0193,2026-07-25 11:35:17.479934
UC_bO-uQw9YQGbLsJtBO-ybA,CCmersinCC,1,3951497,7800,841,0,7902.99,0.0022,2026-07-25 11:35:17.479934
UC_bRARrgnjnnltNAP1vbIiw,Engin Soyer,4,34122,129,12,0,68.25,0.0041,2026-07-25 11:35:17.479934
UC_bXJnsgwOqEPA_-6N6faKw,Canaltech,2,291953,23000,278,0,583.91,0.0758,2026-07-25 11:35:17.479934
UC_bc4xV-LjKlrkUlmMDQiaQ,Beauty and the Boutique,1,1415777,12000,397,0,2831.55,0.0088,2026-07-25 11:35:17.479934
UC_c56bu1nIAlDykvJaQTWiQ,Haya Abo Shala,1,26412,761,16,1,52.82,0.0295,2026-07-25 11:35:17.479934
UC_c9BKdZSfMwavx2FH4cWsA,Yunus Emre Enstitüsü,1,5245,37,0,0,10.49,0.0071,2026-07-25 11:35:17.479934
UC_cRXFrSmRM0CTpve0o81oA,ümit taner uçar,1,59444,260,11,1,118.89,0.0046,2026-07-25 11:35:17.479934
UC_c_1s0--4gl9FMBJOKErxg,HAKAN HAKAN YALCIN,1,73641,514,24,0,147.28,0.0073,2026-07-25 11:35:17.479934
UC_ceo_aYfQpg3-WxVUSabMA,Debela Barbara,1,64869,2700,37,0,129.74,0.0422,2026-07-25 11:35:17.479934
UC_cpiSXe-snvkUV4PnYLunQ,川北善徳,1,776645,13000,349,0,1553.29,0.0172,2026-07-25 11:35:17.479934
UC_czrTQdAEnXZxyMCfJ2YWg,Artefacts,1,7902417,22000,7900,0,15804.83,0.0038,2026-07-25 11:35:17.479934
UC_d42su5rbQyrqvd0VPoQqw,57金錢爆,2,897975,4678,952,0,1795.95,0.0069,2026-07-25 11:35:17.479934
UC_d9b3qisRyOtSjB5qRqAFQ,Bite Sized Media,1,1085932,18000,451,0,2171.86,0.017,2026-07-25 11:35:17.479934
UC_dF6eD9K-TEegBSimRUuSA,Достояние Планеты,1,275531,4100,343,0,551.06,0.0161,2026-07-25 11:35:17.479934
UC_dMjlSD5oset2vwKyBhd6w,SİBEL KARABAŞ,3,991387,11800,412,0,1982.78,0.0125,2026-07-25 11:35:17.479934
UC_dQ_tpOLNQ47B6PnW4pFkQ,Yagiz Senkal,3,74248,139,21,0,148.5,0.0022,2026-07-25 11:35:17.479934
UC_ddoofj30dq4PFRcaIespg,ahmet yesevi vakfı,1,7374,163,5,0,14.75,0.0228,2026-07-25 11:35:17.479934
UC_dnABAcEACGW-dBnqBGiLw,عبدالكريم الكبيسي الفضلي,1,4004547,23000,1500,0,8009.09,0.0061,2026-07-25 11:35:17.479934
UC_dxbDNtbVlF7r6zb-KUXAA,jalili99 KUWAIT,2,1389113,9511,735,0,2778.23,0.0097,2026-07-25 11:35:17.479934
UC_e1FaXz7UL-SA_NxSGp5Mw,RobertCrowther,1,6549261,8800,2800,0,13098.52,0.0018,2026-07-25 11:35:17.479934
UC_eSWycIxAYJ92R6WZdLmpA,Haydar Sahan,5,20025,80,6,0,40.05,0.0048,2026-07-25 11:35:17.479934
UC_eYDfbkL5-6bLW_Gjng4YQ,Melexsi,1,14679,243,27,0,29.36,0.0184,2026-07-25 11:35:17.479934
UC_eZM-_9yXV9yPxj8Hc0UVg,Mikhail Romanenko,1,157714,1100,80,0,315.43,0.0075,2026-07-25 11:35:17.479934
UC_ealVnp989sukA3vwzXr_A,Gizem Vatandost,1,783588,6000,408,0,1567.18,0.0082,2026-07-25 11:35:17.479934
UC_ezSIhhxb4IxRSkdVOoXkQ,Sorma Neden Diye,1,1006948,2200,382,0,2013.9,0.0026,2026-07-25 11:35:17.479934
UC_ezxPzcr8ZwsI_bnAdl6UQ,Ofsayt Ustası,1,575719,4100,446,0,1151.44,0.0079,2026-07-25 11:35:17.479934
UC_fJRqienrNhcU5hXMoTQjg,Criss Luna,1,583143,4900,1400,0,1166.29,0.0108,2026-07-25 11:35:17.479934
UC_fXeO5wvX_CUoaLNKwrIrA,hatirLarmisin,3,1943779,5422,644,0,3887.56,0.0042,2026-07-25 11:35:17.479934
UC_fbYBx-6xI43KQd8nFVIgQ,İbrahim Karadağ,6,1402307,6269,843,0,2804.6,0.0062,2026-07-25 11:35:17.479934
UC_ffTsxm3KMyAPAhf45ICLg,Meslek Sırrı,1,815622,6000,924,0,1631.24,0.0085,2026-07-25 11:35:17.479934
UC_fmQn7mzv11WGVSJE9DyNQ,VAHDET TV,2,404350,3731,220,0,808.7,0.0233,2026-07-25 11:35:17.479934
UC_g32e3JeECjEuRbk-loywg,Free High-Quality Documentaries,8,8076836,52719,3748,0,16153.67,0.0072,2026-07-25 11:35:17.479934
UC_gF_n3RDzeNYZlw_jjF-dA,Turan Okşar,1,6921,63,0,0,13.84,0.0091,2026-07-25 11:35:17.479934
UC_gNznVp7yQOnwQAjAOy5rQ,nazım kurtuldu,1,21595,24,2,0,43.19,0.0012,2026-07-25 11:35:17.479934
UC_gPX7ZPyjgfmgRV0cEeGDg,Seyma Kutlu,1,46190,554,55,5,92.38,0.0133,2026-07-25 11:35:17.479934
UC_gUM8rL-Lrg6O3adPW9K1g,WION,2,236310,6019,475,0,472.62,0.0289,2026-07-25 11:35:17.479934
UC_gdlQYmzCXFsJuwBq0UmDg,ahmet vursavaş,1,23734,56,12,0,47.47,0.0029,2026-07-25 11:35:17.479934
UC_gt3ylphSGujhIjCXwLgOQ,Damla Official,2,12762174,65000,4837,0,25524.35,0.0063,2026-07-25 11:35:17.479934
UC_h90o1dH77Vyc0YIc784hw,Самые сливки Востока,1,1409301,7700,1100,0,2818.6,0.0062,2026-07-25 11:35:17.479934
UC_hABJK45rBb4NaRf9HxvWQ,Yusuf Kürşat Tuncel,1,28413,183,24,0,56.83,0.0073,2026-07-25 11:35:17.479934
UC_hDdV1ri1ApCiZ1T8S2U7g,Mustafa Acar,2,266016,1344,68,0,532.03,0.0206,2026-07-25 11:35:17.479934
UC_hK9fOxyy_TM8FJGXIyG8Q,Dhar Mann,1,3238306,66000,2500,0,6476.61,0.0212,2026-07-25 11:35:17.479934
UC_hoQDD6zKcIqpIYLsFbBeA,Mo Vlogs,3,14962868,182000,12100,0,29925.74,0.0229,2026-07-25 11:35:17.479934
UC_iUi4MPr8868kPLu7I7W9A,eldeniz humbetov,1,159555,926,100,0,319.11,0.0064,2026-07-25 11:35:17.479934
UC_iWTl1xK3DpGHuvppbHh9w,Deeper Than Hair TV,4,10264375,238000,5702,0,20528.75,0.0383,2026-07-25 11:35:17.479934
UC_iYyHOmDARH72todHrY7sA,Yasin KARADAVUT,1,1881,11,3,0,3.76,0.0074,2026-07-25 11:35:17.479934
UC_ia3CcQk75gjvyW1FIR44Q,Berteng Official,1,951432,1700,132,0,1902.86,0.0019,2026-07-25 11:35:17.479934
UC_iddZiEUKR0Byb_eHbHHAQ,Top Speed Golf - Clay Ballard,1,986079,4900,295,0,1972.16,0.0053,2026-07-25 11:35:17.479934
UC_ie73q-RHaHYxxPA_ZZSDg,usaklierkan,1,13282,18,2,0,26.56,0.0015,2026-07-25 11:35:17.479934
UC_iuTGIGPWQBLGbd_TgwB-Q,Toute l'Histoire,3,4246505,35517,2177,0,8493.01,0.0058,2026-07-25 11:35:17.479934
UC_jYNCh6rV-wl8KNR3uVooA,Polskie Radio,1,281220,6600,112,0,562.44,0.0239,2026-07-25 11:35:17.479934
UC_jcTgf3k3DAIMMcABNXHbg,Tekla DuDuchava,1,63457,2600,85,0,126.91,0.0423,2026-07-25 11:35:17.479934
UC_jdZG-rbeOlRz-BpRW_3dw,Hikmet Samet Alemdar,1,6187,201,11,0,12.37,0.0343,2026-07-25 11:35:17.479934
UC_k_RvjaqEQZya7FJwVCpLw,THE BEST,2,486941,6661,262,0,973.89,0.0115,2026-07-25 11:35:17.479934
UC_lKBMJiBOH06M_4JcW96ZA,Ersin Uysal,1,16636,76,2,0,33.27,0.0047,2026-07-25 11:35:17.479934
UC_lfrTgNZ3qPPv6fkurvpQA,Khan Moon,1,21832,125,2,0,43.66,0.0058,2026-07-25 11:35:17.479934
UC_ljiMClHtF16_yNK8o99QA,Doğa İçin Çal,3,45624222,323000,11100,0,91248.45,0.0077,2026-07-25 11:35:17.479934
UC_lxwL7TFbRHePxwONZDDKg,Anar Safarov,1,435222,753,89,0,870.44,0.0019,2026-07-25 11:35:17.479934
UC_lzJOjdUFiR9ZkIhagcg7w,Anna Sarelly,4,5990845,148000,6100,0,11981.69,0.0307,2026-07-25 11:35:17.479934
UC_mKxDXFjyNd9qEN4qK8mWQ,Tuncer SÖNMEZ,1,32649,381,31,0,65.3,0.0126,2026-07-25 11:35:17.479934
UC_mMZUuRGd_r3eUh6Lotrhw,ctberkalp,1,1362053,2900,238,11,2724.11,0.0023,2026-07-25 11:35:17.479934
UC_m_NBgf7ieJBHzb6vvJC5A,Sekretariat Presiden,3,1267048,19800,1033,0,2534.1,0.0209,2026-07-25 11:35:17.479934
UC_majyzBb8HZV0wCmU4Z4Ag,imineo,14,8123907,72424,5060,0,16247.83,0.0085,2026-07-25 11:35:17.479934
UC_meTp-Ri4sxlzBc4-An3mA,İlginç Değişim,1,2188949,6500,2700,0,4377.9,0.0042,2026-07-25 11:35:17.479934
UC_mkIJtnaZJEUQwg9wTzTbg,basin deposu,3,879171,7437,1226,0,1758.34,0.009,2026-07-25 11:35:17.479934
UC_mlu9CpAPBFbudwOxP4yxA,Ayşe Dinçer,11,15221535,39154,5210,16,30443.06,0.0025,2026-07-25 11:35:17.479934
UC_mmigFFQtmrTHsGRQ8a5BA,slowturk38ekin,1,158934,531,52,0,317.87,0.0037,2026-07-25 11:35:17.479934
UC_mow5ygUlFGILQ3mrEx8DA,becalmplease,1,1597420,6800,850,0,3194.84,0.0048,2026-07-25 11:35:17.479934
UC_mpyhoko8kSzrh7Cd1UK7Q,Scoop10,1,5527155,39000,1800,0,11054.31,0.0074,2026-07-25 11:35:17.479934
UC_n1pHf7Mop60c5J_MICTzQ,Melis Balkan,1,909671,10000,690,0,1819.34,0.0118,2026-07-25 11:35:17.479934
UC_n4LFJZDh60Hc7MUPIDscQ,hebele hübele,1,1351,14,2,0,2.7,0.0118,2026-07-25 11:35:17.479934
UC_n97m3FL7LKTC4xI3As-sw,Emrah Konuralp,1,10688,197,22,0,21.38,0.0205,2026-07-25 11:35:17.479934
UC_nWw_CrJGhjV_bqdkuJcRw,Pets Arena,3,4485702,29984,3312,0,8971.4,0.009,2026-07-25 11:35:17.479934
UC_nfPZ5vt-1OkWy5Jhr4tnA,Hotiç Tv,2,73004,480,60,0,146.01,0.0072,2026-07-25 11:35:17.479934
UC_nkjU_8Wct_E6XBq2nm-ug,Mohna Sharma,1,585250,4500,257,0,1170.5,0.0081,2026-07-25 11:35:17.479934
UC_o0SDhGg37YNYNlLpUsgew,kadir türk,1,6226203,12000,1900,0,12452.41,0.0022,2026-07-25 11:35:17.479934
UC_o4dZ3c-yDLDR1U1R2MRhg,Sökeli Hasret,1,29101,296,12,6,58.2,0.0108,2026-07-25 11:35:17.479934
UC_o8GNFGs4YGuE-rZhEjwbw,Zinnureyn Ali,2,66849,1039,92,0,133.7,0.0153,2026-07-25 11:35:17.479934
UC_oHRvo0-EvzfbcGfLm6fuw,oscar manrique,1,365495,4100,228,0,730.99,0.0118,2026-07-25 11:35:17.479934
UC_ojG8YBJIt8r7CUQfflG0Q,Astala Vista,1,15518,51,0,0,31.04,0.0033,2026-07-25 11:35:17.479934
UC_onTXpHCdl-0GFcWPB5B7A,abdullah erkan,1,21246,129,38,0,42.49,0.0079,2026-07-25 11:35:17.479934
UC_p5qypAZQAUkgtjoJk5_Bg,Emarat TV | قناة الإمارات,1,1429,30,7,0,2.86,0.0259,2026-07-25 11:35:17.479934
UC_pEwLcs8y7ElKm9lqF8c4g,Ching Ken,1,223455,658,37,0,446.91,0.0031,2026-07-25 11:35:17.479934
UC_pcpcf6lkCLyc0Q_QGeZdg,KAHOT,2,8773,76,8,0,17.55,0.0099,2026-07-25 11:35:17.479934
UC_pmX88-dV8ZRQxOv9FinbQ,Onur Öztürk,2,618568,1834,147,0,1237.13,0.0035,2026-07-25 11:35:17.479934
UC_ptKW8kwlNB5ZjvuzeNBuA,Rosita Rodriguez,1,827595,31000,475,0,1655.19,0.038,2026-07-25 11:35:17.479934
UC_pvfWV5RrxzR_qT3sfNAZQ,mesut başer,1,13628,46,7,0,27.26,0.0039,2026-07-25 11:35:17.479934
UC_pxFadPdX_8GDBHmKg3mXg,Pokito,10,8993951,43689,10190,0,17987.9,0.0081,2026-07-25 11:35:17.479934
UC_qO2qk2il7kjqw0guvoQug,Mehmet güç,1,4375,7,0,0,8.75,0.0016,2026-07-25 11:35:17.479934
UC_qW47_bUS1Wa7PJ_kJg8pQ,brader1983,3,5794818,15679,1333,0,11589.63,0.0028,2026-07-25 11:35:17.479934
UC_qkosAUfV4qhBhTB7T5PhA,Nusret Babayiğit,1,413861,2800,156,0,827.72,0.0071,2026-07-25 11:35:17.479934
UC_qxyF_-MDuI9R2zSibdnHw,Book Your Show,1,111393,283,29,0,222.79,0.0028,2026-07-25 11:35:17.479934
UC_r6miOItwuyl5e7vwOp7DA,Merkez Tv,2,1262806,1378,196,0,2525.61,0.0048,2026-07-25 11:35:17.479934
UC_rDqAOJGUGZFLcB_vF1MVQ,alpalp84,5,321301,3129,448,0,642.61,0.0124,2026-07-25 11:35:17.479934
UC_rNaim2w50viVyKw2ihdeg,Yusuf Piskin,6,280424,2419,93,0,560.85,0.0101,2026-07-25 11:35:17.479934
UC_rPZ2axYNWDKnq5W6Ziwpg,Ali Çeşme,3,26479,51,4,0,52.96,0.0279,2026-07-25 11:35:17.479934
UC_rT1jOAACGE5B6IWTBFsPA,Jan van Bekkum,3,14429542,33100,7029,0,28859.09,0.0024,2026-07-25 11:35:17.479934
UC_rTMW5CNfZop2u4U1eyUCA,Luis Üben,1,692849,1100,299,7,1385.7,0.002,2026-07-25 11:35:17.479934
UC_rUruqS3DFMCMtYcMXRSYQ,ЭКСПАНСИЯ,2,156389,1451,213,0,312.78,0.0162,2026-07-25 11:35:17.479934
UC_rgUbBJr5tOfbirrvfvIVw,Lemur,2,660093,19100,1102,0,1320.19,0.0324,2026-07-25 11:35:17.479934
UC_rhd2GHPYCD1-bVHaXbtAg,Fashionista,1,12207,232,6,0,24.41,0.0195,2026-07-25 11:35:17.479934
UC_sND3Ae72vowCLfdLGc3tA,ITON.TV-2,2,114608,1678,125,0,229.21,0.0157,2026-07-25 11:35:17.479934
UC_sSzyW0I_3lCHGZW-OsJTA,Minişler Cupcake Tv,1,3043843,9400,2600,0,6087.69,0.0039,2026-07-25 11:35:17.479934
UC_sbI4SosFhl9F2G8zICR8w,Horasan,1,285857,697,71,0,571.71,0.0027,2026-07-25 11:35:17.479934
UC_sl0iB9sVbKmc7YJdQA78w,Жила-была Царевна,1,3277186,16000,9400,0,6554.37,0.0078,2026-07-25 11:35:17.479934
UC_slMf6kzZejlGOteCiurEA,Adem Karadeniz,1,1616,5,2,0,3.23,0.0043,2026-07-25 11:35:17.479934
UC_srbhSjYoaPUyyAK-QFj8w,India Lovers,1,814357,2200,607,0,1628.71,0.0034,2026-07-25 11:35:17.479934
UC_szjSbS13KYNZur1qlVWqw,Tipichno,3,7099164,91300,3939,103,14198.33,0.0148,2026-07-25 11:35:17.479934
UC_tF_bs9HRiFYHGAD7MQtug,eXclusive music,1,6451,108,8,0,12.9,0.018,2026-07-25 11:35:17.479934
UC_tUv9F3i80V_5eTWGCc1iQ,Next Records Hellas,1,21647,237,18,0,43.29,0.0118,2026-07-25 11:35:17.479934
UC_uE0TovhSl9qNPdJYJn1hw,benniesha kegler,1,118064,2500,210,0,236.13,0.023,2026-07-25 11:35:17.479934
UC_uIEzavZ4uUrQ6gxe-hQSA,nslater72,1,57242,544,12,0,114.48,0.0097,2026-07-25 11:35:17.479934
UC_uN8-xbgNC-HdZOVsDBYrw,John Nord,1,480714,19000,537,0,961.43,0.0406,2026-07-25 11:35:17.479934
UC_ubLTuwMIfcOY5QHIb2N5w,Afra,1,62008,775,26,0,124.02,0.0129,2026-07-25 11:35:17.479934
UC_uhHhGy_cldzLtd34kxfhQ,ali artıkkatı,1,7335,33,5,0,14.67,0.0052,2026-07-25 11:35:17.479934
UC_v-rCRFy3gUuFE8SsCI6fw,Faruk KÖROĞLU,1,2068,2,2,0,4.14,0.0019,2026-07-25 11:35:17.479934
UC_v4Gw6gjkt7IlETQQNaTpg,HANDE DİKMEN DIY,1,1476,51,0,0,2.95,0.0346,2026-07-25 11:35:17.479934
UC_v5wkHp9e7L4S6hiH1AoxQ,RandomStats,1,525795,3400,182,0,1051.59,0.0068,2026-07-25 11:35:17.479934
UC_vPAKeoIHPjh5JySYBDm8g,Ramazan Dönmez,1,21528,139,8,0,43.06,0.0068,2026-07-25 11:35:17.479934
UC_vRepQuzI527GtEP1pGYZw,News24,1,73461,539,301,0,146.92,0.0114,2026-07-25 11:35:17.479934
UC_vRntjzwtqe3jtGilwKcng,Birgül Aydın Boyacı,1,18797,96,14,0,37.59,0.0059,2026-07-25 11:35:17.479934
UC_vVI200CGF_fbh5WbT1qJg,Mustafa Sezer,1,23353,99,17,0,46.71,0.005,2026-07-25 11:35:17.479934
UC_vdCXd5f6M_t9Z3kSQIDvQ,Natali f,1,15005,57,10,0,30.01,0.0045,2026-07-25 11:35:17.479934
UC_vt34wimdCzdkrzVejwX9g,Geo News,13,3622554,25975,5328,0,7245.09,0.0119,2026-07-25 11:35:17.479934
UC_wGt--PDVbJluIxrrK7OZw,Hafta Sonu,8,141039,2014,113,0,282.08,0.0193,2026-07-25 11:35:17.479934
UC_wQjDc0GQZyYlu8f9wAfqQ,Lewis Brown 242 Promo,1,223006,1600,144,0,446.01,0.0078,2026-07-25 11:35:17.479934
UC_wRbO4HKArL3vXTpFlPsXg,Fatih İmdat,1,128085,611,138,0,256.17,0.0058,2026-07-25 11:35:17.479934
UC_wv5MTZtq28v3HI85JgpOA,Везде Сами,1,402438,2500,449,0,804.88,0.0073,2026-07-25 11:35:17.479934
UC_x1hEd82xO3zS4InSFu7oQ,IRAN,1,225994,896,131,0,451.99,0.0045,2026-07-25 11:35:17.479934
UC_x5XG1OV2P6uZZ5FSM9Ttw,Google Developers,1,2328,195,4,0,4.66,0.0855,2026-07-25 11:35:17.479934
UC_x8BRXa_h5arpxAs2d8ACQ,Jinny Beauty,1,434306,2300,359,0,868.61,0.0061,2026-07-25 11:35:17.479934
UC_xCaZd0zoTeSLVt9Wvd59w,Mavis Malik MVS,2,277404,819,100,0,554.81,0.011,2026-07-25 11:35:17.479934
UC_xQmP9Rw-VdgYbuSt6fcYw,AttilAltai,1,459454,1600,95,0,918.91,0.0037,2026-07-25 11:35:17.479934
UC_xcNmV0ZYlPNpwlRVhGUAQ,Carlos Xpocaro,1,2476002,12000,1100,0,4952.0,0.0053,2026-07-25 11:35:17.479934
UC_xhGai1NzMpoGI9D-RtBGQ,HAKAN YEL,6,5441925,18647,1533,0,10883.84,0.009,2026-07-25 11:35:17.479934
UC_xkfshdeXjlL8mHHjd8-Ow,Кино Век,1,642941,2600,436,0,1285.88,0.0047,2026-07-25 11:35:17.479934
UC_xlH1-4xu43nr_HVjf8rPQ,Asim Siddiqui,2,136627,2604,314,0,273.26,0.014,2026-07-25 11:35:17.479934
UC_xpl7sG9-u7DLykc-lAg1A,Studio R Productions,1,106902,975,29,0,213.8,0.0094,2026-07-25 11:35:17.479934
UC_xs2EFXf3hKcbcbJk_fFBw,Fayda TV,4,635742,5317,442,0,1271.48,0.0094,2026-07-25 11:35:17.479934
UC_y1PFQDM7taVkj3Q0WEHRA,design • technology • luxury,1,84426,686,117,0,168.85,0.0095,2026-07-25 11:35:17.479934
UC_y8PKhTXRHiK_RnWcCsYRg,TheBeautyTricks,2,77648,309,47,0,155.29,0.0076,2026-07-25 11:35:17.479934
UC_yIHkuibZjom2Js65zoFAw,Emrah,4,1621864,8012,576,0,3243.73,0.0059,2026-07-25 11:35:17.479934
UC_yKt5YmogMnc9yi56tfj4Q,hekimoğlu deliderviş,1,22202,57,10,0,44.4,0.003,2026-07-25 11:35:17.479934
UC_ySX3obCFSKDcE-vCCeT8Q,KADRAJ PHO İSKENDERUN,1,10211,59,3,0,20.42,0.0061,2026-07-25 11:35:17.479934
UC_yXEx3-Gk5drg9qhPzSQSg,Al Jazeera Balkans,4,522124,1229,306,0,1044.25,0.0047,2026-07-25 11:35:17.479934
UC_yXGNJDvXRd7041L8Gkw9g,ARTGER,3,2309692,33700,1191,0,4619.38,0.018,2026-07-25 11:35:17.479934
UC_yjQfBPiWxHtvyZ-Qg_nOg,Sputnik France,9,410340,9314,536,0,820.69,0.025,2026-07-25 11:35:17.479934
UC_ykXc7v9zZQdOG5QvJqpgg,RTL Entertainment,2,1021216,5521,233,0,2042.43,0.0132,2026-07-25 11:35:17.479934
UC_ysuqtmt1KkimcdJfJTL5g,Islam Coban,1,2648,23,0,0,5.3,0.0087,2026-07-25 11:35:17.479934
UC_zBY533t3fhbH7D2tGIe6g,Murat Tonbuloğlu,1,142431,1100,71,0,284.86,0.0082,2026-07-25 11:35:17.479934
UC_zDOQqQGCAUR-_qsGtKXhA,_HAUTE_COUTURE_,1,2163778,1700,72,0,4327.56,0.0008,2026-07-25 11:35:17.479934
UC_zEzzq54Rm0iy7lmmZbCIg,America's Funniest Home Videos,10,49130411,244500,16855,0,98260.81,0.006,2026-07-25 11:35:17.479934
UC_zJoguXzwwwwHyF55_ICtg,Zahide Yetiş'le,12,5469302,30578,3659,32,10938.62,0.0067,2026-07-25 11:35:17.479934
UC_zL4b8cvMEca6NKd_dGlZw,Gold Production,7,28290178,81911,13142,0,56580.36,0.0046,2026-07-25 11:35:17.479934
UC_zdpVTwrsxorF7vQVQDb_A,Arlyne Sanjines,2,3268572,120802,1922,0,6537.15,0.0382,2026-07-25 11:35:17.479934
UC_znAZirr11Q5bPrdhKVLZQ,MasterChef World,2,12867076,87000,4800,179,25734.16,0.0074,2026-07-25 11:35:17.479934
UC_zs-2iXNt8WEgGJcSjZfKw,Derya Ede,1,5782,18,4,0,11.56,0.0038,2026-07-25 11:35:17.479934
UCa-1TPl9IuNMtsu5HTr66ZA,Giresun Cımbış Tv,5,1255166,3664,587,0,2510.33,0.0041,2026-07-25 11:35:17.479934
UCa-KKox0Sv0MW5amvb7fkWw,Ertuğrul Yıldırım,3,312330,3453,196,0,624.65,0.0117,2026-07-25 11:35:17.479934
UCa-Yz919oSSl7PM2i_HtoZA,Sonntagskind,1,1717374,7100,777,0,3434.75,0.0046,2026-07-25 11:35:17.479934
UCa-ZPDNyjE4lXN64DbG-GSw,Amateur soccer tv,1,124951,1000,86,0,249.9,0.0087,2026-07-25 11:35:17.479934
UCa-bX3gZC3YnCThlGM5d38Q,The Fifth Estate,17,9687109,55356,10211,0,19374.21,0.0075,2026-07-25 11:35:17.479934
UCa-ei_ZNdNUn4Tdb_uExJBg,chdclbn,1,9982,73,5,0,19.96,0.0078,2026-07-25 11:35:17.479934
UCa-vVuSa9w2Npa08ai3wdCQ,SyNiSoft,1,364,9,0,0,0.73,0.0247,2026-07-25 11:35:17.479934
UCa03bf8gAS2EtffptV-_jfA,Top 10 Archive,1,1919709,26000,1900,0,3839.42,0.0145,2026-07-25 11:35:17.479934
UCa05Vb1xTp1rDpOQm14wW3w,GLEM94.,1,104,14,0,0,0.21,0.1346,2026-07-25 11:35:17.479934
UCa0V6RYnwzRqEmS1AOjTGvw,roman sesler,1,637018,3100,165,0,1274.04,0.0051,2026-07-25 11:35:17.479934
UCa0W9OkkT_Rs8eexn5N1-yQ,NERGAL,3,20356,199,20,0,40.71,0.0102,2026-07-25 11:35:17.479934
UCa0koh2U4oBEdhVt1wa1A4g,NİDAFİLM,3,357533,3557,233,0,715.07,0.0142,2026-07-25 11:35:17.479934
UCa0oRkEafAO4Otb-_aFXVcA,Harika Panda,7,10603683,64300,10053,0,21207.37,0.0101,2026-07-25 11:35:17.479934
UCa0sR41OJWJ0XKEIEmsoXjQ,Bedirhan Gökçe,7,1500620,8760,354,0,3001.24,0.0208,2026-07-25 11:35:17.479934
UCa16r2ygSbvVhmImVmbHkEA,ENY MARQUES,1,1058275,80000,1400,0,2116.55,0.0769,2026-07-25 11:35:17.479934
UCa1QBYsgqyknupNKCFJ_FVg,DİZİ FİLM,4,1809955,6960,845,0,3619.91,0.0039,2026-07-25 11:35:17.479934
UCa1TAQg9recF8FBL-btOjGg,Ebru Bicer,1,116696,789,127,0,233.39,0.0078,2026-07-25 11:35:17.479934
UCa1WbVCkTqd5ecG6G2adIow,vagabrothers,1,903971,14000,471,0,1807.94,0.016,2026-07-25 11:35:17.479934
UCa1XOCVqXXbIA1Vn6scZAGw,Furkan Işık,1,99580,333,15,0,199.16,0.0035,2026-07-25 11:35:17.479934
UCa1rPmteeLTNOcDtvtn_oeQ,MiliSource,1,3824694,0,0,0,7649.39,0.0,2026-07-25 11:35:17.479934
UCa21SnQY3aYOcz3QwI54V6Q,Sesli Kitap Sokağı - Radyo Tiyatrosu,6,123152,1079,133,0,246.3,0.0103,2026-07-25 11:35:17.479934
UCa2BGc-hZqZ9O4dt9j80c6A,Canan Sezgin Geylan,2,2620,54,2,0,5.24,0.0219,2026-07-25 11:35:17.479934
UCa2HABX0zda_uUTnYp0j-JA,Hasan Huseyin Gul,1,6967,17,3,0,13.93,0.0029,2026-07-25 11:35:17.479934
UCa2JIeA3PfqbJJ8ovPug-XQ,Sarah Vika,1,363394,13000,430,0,726.79,0.037,2026-07-25 11:35:17.479934
UCa2_SGvx4XyUOhFOsxVu2Tg,Murat Gümüş,1,959187,5100,230,0,1918.37,0.0056,2026-07-25 11:35:17.479934
UCa2zNCeq3hDiaVRx-L8RpLA,Veli alakuş,1,5022,20,2,0,10.04,0.0044,2026-07-25 11:35:17.479934
UCa3b09_YxFFyL8t1vRGCnOA,GameBedeL,1,879,85,7,0,1.76,0.1047,2026-07-25 11:35:17.479934
UCa3fHT5hbjRk2F6h8u4fkWw,MATTHEW LEE,2,572983,6100,192,0,1145.97,0.0112,2026-07-25 11:35:17.479934
UCa3hcm_Us9rTFjnx33BIg5g,DMS MÜZİK,5,459773,1574,87,0,919.55,0.0036,2026-07-25 11:35:17.479934
UCa3meRxRwQrXg__x--Goxrg,50 Shades,1,345513,6200,355,0,691.03,0.019,2026-07-25 11:35:17.479934
UCa3nDWsdVqXxv5VlKf38HcQ,Kafkaslarinsesi,1,43595,193,8,0,87.19,0.0046,2026-07-25 11:35:17.479934
UCa3uaVmf5B9Kp4iOdpAr-rQ,kasimpasalibulut,1,1954393,3400,337,0,3908.79,0.0019,2026-07-25 11:35:17.479934
UCa45tUy0FPGuDCQX8aypmIQ,Yüz Yüze,1,400843,674,96,0,801.69,0.0019,2026-07-25 11:35:17.479934
UCa4CldHA4DPOmiHxCgGgJKQ,AnneP makeupandmore,1,229455,0,0,0,458.91,0.0,2026-07-25 11:35:17.479934
UCa4JfqF6g3t80ooDMsVScSg,İşmail ÇİÇEK,1,44178,138,13,1,88.36,0.0034,2026-07-25 11:35:17.479934
UCa4KihKeO9judukICQLGv9A,ŞİPŞAK,1,167354,1100,38,0,334.71,0.0068,2026-07-25 11:35:17.479934
UCa4LhFY9ZZj7DN58ZvPU39g,CompartiendoGlamour,1,2004642,44000,2000,0,4009.28,0.0229,2026-07-25 11:35:17.479934
UCa4YDL9r2tNT0EZVsGMP_2A,ED Ellen DeGeneres,1,10452072,72000,1800,0,20904.14,0.0071,2026-07-25 11:35:17.479934
UCa4grme_V_sz4c2P5B-hAIw,FILM.UA Group,6,3517285,34969,1793,0,7034.56,0.0078,2026-07-25 11:35:17.479934
UCa4kPTA0lBID2FWudxAkFKw,Manualidades para ti,12,9295702,154100,8615,0,18591.4,0.0205,2026-07-25 11:35:17.479934
UCa4mLRa9BR7tqNmgakAEg-Q,Doğan CüCeloğlu güncel,5,1169171,9652,545,0,2338.35,0.0082,2026-07-25 11:35:17.479934
UCa4qT8BFwdf6OngCNdiMBaA,Ziya Özcan,1,6570,56,4,0,13.14,0.0091,2026-07-25 11:35:17.479934
UCa4yO-MpkZ0KISHHk36aO1g,Ferhatın Şarkıları,1,2165496,5500,237,0,4330.99,0.0026,2026-07-25 11:35:17.479934
UCa4yndDy_FkSft4VdW8QKKA,Derin Analiz,1,34796,269,21,0,69.59,0.0083,2026-07-25 11:35:17.479934
UCa4zsgtZMB9-e4G32PRWv5g,ferdici nuray,1,1927795,6700,591,0,3855.59,0.0038,2026-07-25 11:35:17.479934
UCa5-F62Lno9qTPseCXXuXWg,Yıldızlar Şahidim,1,2970,88,2,0,5.94,0.0303,2026-07-25 11:35:17.479934
UCa52kJ2XyAB0acTtyXGJtAw,Montajer,5,1744803,35700,1127,0,3489.62,0.0218,2026-07-25 11:35:17.479934
UCa54ydUCOhKhh-yqCsGBuNw,Sultan Tarlacı,2,70462,298,32,0,140.93,0.0042,2026-07-25 11:35:17.479934
UCa5F-k8Eh3JhzWtJBgEGx6Q,cemre gülüm,2,237725,804,85,0,475.45,0.0045,2026-07-25 11:35:17.479934
UCa5Jkd6Y1eYP5W-6ygSlLtw,Daily News,1,2197106,23000,1100,0,4394.21,0.011,2026-07-25 11:35:17.479934
UCa5PwKfTxro0fDf7Ocrla6w,dadisslee,1,10592,28,2,0,21.18,0.0028,2026-07-25 11:35:17.479934
UCa5SUf5A_EaM3w7C41GVi6A,Alihan Kara,1,13262,93,5,0,26.52,0.0074,2026-07-25 11:35:17.479934
UCa5UN4I6pQvDbDPTwuc53Pw,Davul Zurna,1,130319,494,31,0,260.64,0.004,2026-07-25 11:35:17.479934
UCa5yQEPVfBX_5t6MVi1pB5g,Kadına Dair,1,856,18,5,0,1.71,0.0269,2026-07-25 11:35:17.479934
UCa6-VOWnRdIxViMRkgNvyUQ,Bakım Zamanı,1,524316,5200,382,0,1048.63,0.0106,2026-07-25 11:35:17.479934
UCa6G2pjSPIRRKhixsN4_FBQ,Bir Yemek İste Suat Durmuş,10,12005362,140700,13081,0,24010.72,0.0149,2026-07-25 11:35:17.479934
UCa6JtEgcwSZgV-3PlOGyRiw,BurcuEs,7,1557399,22500,2002,0,3114.79,0.0155,2026-07-25 11:35:17.479934
UCa6V7_x3icBT4NwaV6OoNHw,Hexagon Şahinkaya,1,2209,54,2,0,4.42,0.0254,2026-07-25 11:35:17.479934
UCa6VoWRrKlIN5BlcsHE15Ow,Necdet Kaya,3,3179497,16200,570,0,6358.99,0.0057,2026-07-25 11:35:17.479934
UCa6jiW7904mUpUyPqAKRYiA,MELOMAN MUSIC,1,772067,4200,665,0,1544.13,0.0063,2026-07-25 11:35:17.479934
UCa6kDvCyovN7GNWvS2vBNog,Yavuz Selim Güney,1,26954,133,16,0,53.91,0.0055,2026-07-25 11:35:17.479934
UCa6rZz4NKUuOPon_HfmTCAw,KRAVATLI MAMİ,2,823933,9000,666,0,1647.87,0.0112,2026-07-25 11:35:17.479934
UCa6u8bTMgPLMg4vSKCkbtDQ,История,11,4314838,24197,4093,74,8629.67,0.01,2026-07-25 11:35:17.479934
UCa6vGFO9ty8v5KZJXQxdhaw,Jimmy Kimmel Live,78,432444035,3933761,207014,133,864888.04,0.0128,2026-07-25 11:35:17.479934
UCa6xsp7d4s-NgpPUGc57ZGA,Fifth Gear,2,1485286,15413,656,0,2970.57,0.0218,2026-07-25 11:35:17.479934
UCa70ViXJfRaysfSqPcrbq2g,NADA A VÊ LÊ,1,3520,141,9,0,7.04,0.0426,2026-07-25 11:35:17.479934
UCa7bR7ifIPG_Py-SlFo5wOw,Jacek Zarzycki,2,4859058,24200,1783,0,9718.11,0.0068,2026-07-25 11:35:17.479934
UCa7guMm7t676an7VJF1ePHA,Melek Arabacıoğlu,2,1661829,4500,654,0,3323.65,0.004,2026-07-25 11:35:17.479934
UCa7lQu3RM6p88h4KOfTpqWA,هل تعلم؟,1,2759043,54000,4100,0,5518.09,0.0211,2026-07-25 11:35:17.479934
UCa85JIfBxZgcrsd8Ar7Z9nw,Телеканал ICTV,3,3563352,32424,5639,0,7126.71,0.0094,2026-07-25 11:35:17.479934
UCa85jfJwULvDbhRkUXYNpdg,idobay müzik,6,109519390,310600,43666,0,219038.78,0.0034,2026-07-25 11:35:17.479934
UCa8JVnOSRj7EVNs04U9fIkQ,Kamran Kazımi,1,202179,786,26,0,404.36,0.004,2026-07-25 11:35:17.479934
UCa8MHGTxOcrridnQ-wsHu9g,SEFA DOĞANAY,1,758043,19000,615,0,1516.09,0.0259,2026-07-25 11:35:17.479934
UCa8MaD6gQscto_Nq1i49iew,Vesti News,27,3718808,48246,2994,0,7437.63,0.018,2026-07-25 11:35:17.479934
UCa8c_o8O8A85kDxJZil33ew,Lisa’s Lifestyle,1,402699,6400,266,0,805.4,0.0166,2026-07-25 11:35:17.479934
UCa9-E25WI0ml7nXEazl6gWA,Eczaci Önerisi,1,23319,375,24,0,46.64,0.0171,2026-07-25 11:35:17.479934
UCa90afXRnNMaAxjh2JuWNVA,Dmytro Burdov,1,6125006,26000,3100,0,12250.01,0.0048,2026-07-25 11:35:17.479934
UCa90xqK2odw1KV5wHU9WRhg,The Office,1,783919,22000,609,0,1567.84,0.0288,2026-07-25 11:35:17.479934
UCa93GHKXW7wUrvHtxo0iJzQ,НЕПОЗНАННЫЙ МИР,6,8601575,30068,8154,0,17203.14,0.0047,2026-07-25 11:35:17.479934
UCa97kDUvLn9OSn9xTX0uM_g,노컷브이,3,276737,1456,389,0,553.47,0.0081,2026-07-25 11:35:17.479934
UCa9J8sfSQeZz057dJeF9kxA,Mersin Gündem,5,90867,240,20,0,181.73,0.0049,2026-07-25 11:35:17.479934
UCa9K_e_vpjiHrZ1224WHrkw,Isgender Hemidov,3,349660,2153,164,0,699.32,0.0123,2026-07-25 11:35:17.479934
UCa9Y1buFPKGB5fxLT-l-e0w,이색기가,1,194958,325,110,0,389.92,0.0022,2026-07-25 11:35:17.479934
UCaAETFpS0rPVn7TA9pbAizA,BMW Golfsport,1,546,2,0,0,1.09,0.0037,2026-07-25 11:35:17.479934
UCaAYZZjiUjrvELvaRHnq9hw,Süleyman EROL,1,2553655,15000,1200,0,5107.31,0.0063,2026-07-25 11:35:17.479934
UCaAfzRQkPanNvD7Nn6Zy5Bg,homemadebeautyandhealthtips,10,3691640,50073,4558,0,7383.27,0.0204,2026-07-25 11:35:17.479934
UCaAiW6bA_OCw583qjxI7RVA,HaSaNx06,1,1195070,1500,78,0,2390.14,0.0013,2026-07-25 11:35:17.479934
UCaAyponP4EeJwXlYAaKw_Tg,Bilal Raylaz,3,34852,127,8,0,69.7,0.0039,2026-07-25 11:35:17.479934
UCaC4XvpAQ8Ky-2ZbONk7iSg,Oyuncu Günlüğü,1,297007,1000,74,0,594.01,0.0036,2026-07-25 11:35:17.479934
UCaCC-iKILiKO97evjs5D3Lg,Dila Kent,89,195965595,2300300,217964,0,391931.16,0.0146,2026-07-25 11:35:17.479934
UCaCE5pzy49M8nQ59plgmFOA,Relax Cafe Music,3,3085010,22400,605,0,6170.02,0.0076,2026-07-25 11:35:17.479934
UCaCG95y7Y08g1aE2_wu6Z3A,Yegana Rzakxanova,4,3568194,7762,3231,0,7136.39,0.0053,2026-07-25 11:35:17.479934
UCaCMg4ZaU_9CNx15SrNngRw,Mehmet Durmuş,2,16443,142,4,0,32.89,0.0118,2026-07-25 11:35:17.479934
UCaCnOLEbqt5xOIb30JwwcDg,EDDY ABI BADRA Relaxing Music Channel,1,185509,1200,96,0,371.02,0.007,2026-07-25 11:35:17.479934
UCaD9HAjiUYhyxUZM-wvfAUQ,İrem Çalhan,6,3788346,65500,6019,0,7576.69,0.0221,2026-07-25 11:35:17.479934
UCaDVcGDMkvcRb4qGARkWlyg,SoulPancake,2,15531779,221000,11500,0,31063.56,0.0148,2026-07-25 11:35:17.479934
UCaDbQ3n7LH8uI1ECrQosIxg,Evren Bakılan,1,406,0,0,0,0.81,0.0,2026-07-25 11:35:17.479934
UCaDfNmfl0MCzoZ_qtqcFf_w,Bırakmak İstiyorum,1,56454,51,2,0,112.91,0.0009,2026-07-25 11:35:17.479934
UCaDpCyQiDfjLJ5jTmzZz7ZA,Hayalhanem,42,16711410,628400,13723,221,33422.85,0.0511,2026-07-25 11:35:17.479934
UCaDyeTPxemdlkag41dY0ZBA,Kafkas Elleri,1,288,2,0,0,0.58,0.0069,2026-07-25 11:35:17.479934
UCaEEFzS08T4sbn5rJznTZDA,cihan bozacı hikayeleri,3,621610,10100,510,0,1243.22,0.0217,2026-07-25 11:35:17.479934
UCaEO8oRZjJsxZs3YTXY8vww,HTHayat,4,2889020,11524,1339,0,5778.04,0.0105,2026-07-25 11:35:17.479934
UCaEQvxmY0q-8qPq0LaB6UoQ,Ata-Aöf Child Development,2,1029684,0,0,0,2059.37,0.0,2026-07-25 11:35:17.479934
UCaFO_zFdeQwiGDxQ5NEOP_Q,Resurrection Ertugrul,1,248159,1700,70,0,496.32,0.0071,2026-07-25 11:35:17.479934
UCaFbmZQ80V0tP9TryuusnOA,Franceska Boerman,1,35102,2400,35,0,70.2,0.0694,2026-07-25 11:35:17.479934
UCaFkvFna1Y2Dt3HRvZ0rMKg,user sam,2,4345065,12200,10900,0,8690.13,0.0051,2026-07-25 11:35:17.479934
UCaFqvjudl2fpYCQiB1WE6AA,tvnjoy njoytv,1,739693,4700,458,0,1479.39,0.007,2026-07-25 11:35:17.479934
UCaFsYPcqtM-hb_0sjguMQWw,Baysem ibretlik Hikayeler,13,1792573,21094,1698,2,3585.15,0.0138,2026-07-25 11:35:17.479934
UCaFsin4kI4wGqq2tVMdDW6w,vav TV,1,642262,5800,352,0,1284.52,0.0096,2026-07-25 11:35:17.479934
UCaG9xisuD7dzMlBp1DISrwA,Beyond Borders Armenia-Turkey,1,56050,146,142,0,112.1,0.0051,2026-07-25 11:35:17.479934
UCaGJFGIXnTSpqRRqkqQM6KQ,NENEMiZiN RESEPTLERi,2,90422,1602,181,0,180.84,0.0199,2026-07-25 11:35:17.479934
UCaGOXxta7mxVkJ74GFci2IA,Train_PlaneHub,1,496904,1900,231,9,993.81,0.0043,2026-07-25 11:35:17.479934
UCaGWT10TnS3vN0lt9Nrq_ww,Dr. Can Çiftçi,2,87417,2750,60,0,174.84,0.0321,2026-07-25 11:35:17.479934
UCaGa57lMBEaOnKEInaHkVSw,FrugalMommyLeslie,1,994550,6800,1000,0,1989.1,0.0078,2026-07-25 11:35:17.479934
UCaGayY-e-yEvUTtFAeaMcvQ,Mert Yıldız,2,270474,2200,158,0,540.95,0.0045,2026-07-25 11:35:17.479934
UCaHBf74-GGTcoku4K37uc4w,muharremulucam,2,160957,193,25,0,321.91,0.0013,2026-07-25 11:35:17.479934
UCaHJ0I3Tz2W70JpxCADRlzA,theinfinitecup,1,7057,422,2,0,14.11,0.0601,2026-07-25 11:35:17.479934
UCaHlLOT5f3jD5DLOBoo-lvA,Erci,1,203572,963,61,0,407.14,0.005,2026-07-25 11:35:17.479934
UCaHvWPMrGgcd42waw4WYQ6w,從台灣看見世界的故事,2,1023689,1504,594,0,2047.37,0.0043,2026-07-25 11:35:17.479934
UCaI90SF7m9TZBZfhcbcSa_w,חלילית / Halilit,2,1391828,6302,648,0,2783.65,0.0039,2026-07-25 11:35:17.479934
UCaIIoFbVqP6NNF78iit5-Xg,IronTrap Garage,1,22822,1400,13,0,45.64,0.0619,2026-07-25 11:35:17.479934
UCaIZHMuS0YXfbTGQY_Bj0zw,MiralayBozkurt,1,44812,287,22,0,89.62,0.0069,2026-07-25 11:35:17.479934
UCaIf5bek4RsmzBPyfEFw5Og,nialee,1,3131532,76000,1200,0,6263.06,0.0247,2026-07-25 11:35:17.479934
UCaIjv85aWReTd1NF7DveXQw,Tabriz Raufoglu,1,4704538,41000,1800,0,9409.08,0.0091,2026-07-25 11:35:17.479934
UCaJL9ZcvaVIHix_vZyJBj0g,Giresun Haber Ajansı,2,28310,146,7,0,56.62,0.0077,2026-07-25 11:35:17.479934
UCaJVwp5EQ8Fvdc0Le46_KzA,Boran Müzik Bağlama ve Saz Evi,1,56917,231,8,0,113.83,0.0042,2026-07-25 11:35:17.479934
UCaJeN1GF_L0xrd040Fjur5w,cemalimusic,1,2990058,13000,372,0,5980.12,0.0045,2026-07-25 11:35:17.479934
UCaJghOlALFbImTkrhOAErhw,oLdness_07,1,435838,2400,353,0,871.68,0.0063,2026-07-25 11:35:17.479934
UCaJs9fe6_0w_TnLQum28ZZw,Hoca Demirezer,3,1831890,4955,566,0,3663.78,0.0061,2026-07-25 11:35:17.479934
UCaK16-K-sxamAHZtAirbMkA,SpringNews,1,1709,13,5,0,3.42,0.0105,2026-07-25 11:35:17.479934
UCaKE8oWQyysyQ3tuO136Vjg,Great Machinery,1,5533027,11000,2900,0,11066.05,0.0025,2026-07-25 11:35:17.479934
UCaKZDEMDdQc8t6GzFj1_TDw,Be Inspired,2,3105922,94000,3700,0,6211.84,0.0337,2026-07-25 11:35:17.479934
UCaKlCmW1SqxqCZO3g6MCK9Q,Ishkashim,2,362556,1271,111,0,725.11,0.0038,2026-07-25 11:35:17.479934
UCaLQdy4YQNfw72l94PH8a-A,Alexander,1,1203285,1700,865,0,2406.57,0.0021,2026-07-25 11:35:17.479934
UCaLSkUP3yReSALsFnbxAFKg,Asvi Malayalam,7,3726634,47100,4081,0,7453.27,0.0193,2026-07-25 11:35:17.479934
UCaLXhtUTffh57vj-pI01cQw,Анна Литвинова,1,1731223,16000,2500,0,3462.45,0.0107,2026-07-25 11:35:17.479934
UCaLduJss4lSDtfGWEKFpkow,Maan Hamadeh,4,576577,11400,170,0,1153.16,0.0207,2026-07-25 11:35:17.479934
UCaLfMkkHhSA_LaCta0BzyhQ,Munchies,4,20099479,241000,9100,0,40198.96,0.0131,2026-07-25 11:35:17.479934
UCaLwz-CDB7FBuxpa3jW-XWg,Rami Baik,1,146954,6500,157,0,293.91,0.0453,2026-07-25 11:35:17.479934
UCaLxyE6d7-89vchGaARTkYg,Boutou's DIY,1,79452,1300,18,0,158.9,0.0166,2026-07-25 11:35:17.479934
UCaMPjZHDDvVTJqvbl8fegYw,Milli Trend,1,7074,255,9,0,14.15,0.0373,2026-07-25 11:35:17.479934
UCaMkVc_bfovLxz40vrmEtWQ,Cep Hikayeleri,2,160999,8600,37,14,322.0,0.054,2026-07-25 11:35:17.479934
UCaMlkUd2kVeU7x5cRDO7mTA,zeybek1010,1,2085,3,0,0,4.17,0.0014,2026-07-25 11:35:17.479934
UCaMmORW1XfKBI6bmMa4Wvlg,Ваня Балева,1,246,6,0,0,0.49,0.0244,2026-07-25 11:35:17.479934
UCaNOctl4fw05wH0uinwbxgQ,Unintentionally Frenchified,1,20201,434,11,0,40.4,0.022,2026-07-25 11:35:17.479934
UCaNUAVy8wdWi4Y4_GyyH7fQ,Abdullah DÜĞER,4,12136,377,12,3,24.27,0.0481,2026-07-25 11:35:17.479934
UCaNlbnghtwlsGF-KzAFThqA,ScienceEtonnante,1,838065,24000,394,0,1676.13,0.0291,2026-07-25 11:35:17.479934
UCaNvAaCDcQUz9nk0AwO_03g,Dünya Güzellerim,9,2942974,11703,2045,0,5885.93,0.0048,2026-07-25 11:35:17.479934
UCaO6VoaYJv4kS-TQO_M-N_g,Clément Mihailescu,2,935383,20700,810,0,1870.76,0.0259,2026-07-25 11:35:17.479934
UCaOBg1kkPaM-cluL6D2DNoQ,"Conversations That Matter, with Stuart McNish",2,118909,4019,142,0,237.82,0.0611,2026-07-25 11:35:17.479934
UCaOZNgtKRr9ezPGS1yZhkxA,pyramidsreallybuilt,1,7076199,27000,5900,0,14152.4,0.0046,2026-07-25 11:35:17.479934
UCaOznLKAThQDwI-G970KwAw,Chloé Kitembo,1,130673,5000,112,0,261.35,0.0391,2026-07-25 11:35:17.479934
UCaPXTrnGzKSH2IUU3XRf4zw,safsata burada,1,28055,251,13,0,56.11,0.0094,2026-07-25 11:35:17.479934
UCaPZ4gUzZ6lSLGHI61O8tvQ,RD Studia,1,1663653,19000,1300,0,3327.31,0.0122,2026-07-25 11:35:17.479934
UCaQ5hsAGHWG3u3tNBZw_3qA,Mustafa Başkesen,1,14810,192,0,0,29.62,0.013,2026-07-25 11:35:17.479934
UCaQEPLt7fkUrJ3KlgO8EpOw,Voillot Patrick,2,99840,1095,73,0,199.68,0.0101,2026-07-25 11:35:17.479934
UCaQJYuBjQF-6NbYucP-5ctg,Erdal Çelik,2,81708,1020,25,0,163.41,0.0203,2026-07-25 11:35:17.479934
UCaQWWKONumFb-yY7uu-Gkhw,Manuel Stagars,1,446488,6000,315,0,892.98,0.0141,2026-07-25 11:35:17.479934
UCaQjhByoU2dt7Icc8WMlTHg,bledar kuka,1,480581,897,49,0,961.16,0.002,2026-07-25 11:35:17.479934
UCaQks5Ro2EUORKMdG0oNCyw,ELİF AVCI,3,402554,1477,73,0,805.11,0.0039,2026-07-25 11:35:17.479934
UCaQoV3e8I4Y1zExxMNTTE2g,Zdravei Zdrave,1,5641,81,4,0,11.28,0.0151,2026-07-25 11:35:17.479934
UCaQzfP6Z_9Oeud0dyCgtajQ,Sen Anlat Istanbul,2,2540,125,3,0,5.08,0.067,2026-07-25 11:35:17.479934
UCaR0t_8ARZJy-ugS48gsBdw,Enver Kaya,1,1173932,2100,247,0,2347.86,0.002,2026-07-25 11:35:17.479934
UCaR2cD1NnvSNqRGaIy49rnw,Hasan Basri Yapım,2,365594,1441,84,0,731.19,0.0046,2026-07-25 11:35:17.479934
UCaR38Tg-mKQsRC2hub57snA,Yusuf Efe Göçer,5,2603989,119800,4969,0,5207.98,0.055,2026-07-25 11:35:17.479934
UCaR3sSRDwFWVesGU7Z5ZAQw,Süleyman POLAT,1,151333,259,16,0,302.67,0.0018,2026-07-25 11:35:17.479934
UCaRIvEQRUGSye2U1l9Pab4Q,Ünal Sofuoğlu,1,310053,2400,64,0,620.11,0.0079,2026-07-25 11:35:17.479934
UCaRWArjOtQAHHe2C7B4m8Uw,iLance7i,3,1481684,30300,1873,0,2963.37,0.0305,2026-07-25 11:35:17.479934
UCaRYzTiTRYCTKTiFrUSqC2g,ayse alan,1,3867859,8000,398,0,7735.72,0.0022,2026-07-25 11:35:17.479934
UCaRZq002MvQ-scNxJe2FDcQ,Gussepe,1,3720,48,27,0,7.44,0.0202,2026-07-25 11:35:17.479934
UCaRdKGN9viXk6Hhp7QsLMnA,REDCHANNEL,1,71794,4700,147,0,143.59,0.0675,2026-07-25 11:35:17.479934
UCaSD0j2mkeKKQ6o-Gm_7RIw,TUNCER - Gizem Avcısı,3,1649313,45200,2815,0,3298.62,0.0646,2026-07-25 11:35:17.479934
UCaSM6SK8QPoPGnIHzq1Lqsw,VirtuoZ Dance Group,1,8057,78,3,0,16.11,0.0101,2026-07-25 11:35:17.479934
UCaSdMGWGYe-4mDKFbJfvNhg,Simply Hypnotic,2,456132,9325,325,0,912.27,0.0367,2026-07-25 11:35:17.479934
UCaSkq4zz5nGWxs2cz_4jI-A,CCCP Garage,1,443417,1600,1000,0,886.83,0.0059,2026-07-25 11:35:17.479934
UCaTRMuYQq6hUj4aw-S4OpqA,etibar sadiqov,1,11586,167,15,0,23.17,0.0157,2026-07-25 11:35:17.479934
UCaTVcViXliHXYdZ0ytj-_4Q,Jano Keyboard,1,1847658,5100,538,0,3695.32,0.0031,2026-07-25 11:35:17.479934
UCaTZpC4ybD4_Pr8C2dDJfUA,İyibilgi,2,276560,1841,301,2,553.12,0.0288,2026-07-25 11:35:17.479934
UCaThb1-XylyRGCR9OFsWqAQ,MookCactus,1,2766,85,2,0,5.53,0.0315,2026-07-25 11:35:17.479934
UCaTpiS0hh66LwD-SsjKNXDQ,BSS Holland,1,3503110,9200,708,0,7006.22,0.0028,2026-07-25 11:35:17.479934
UCaTsG_3WPBTF2OoKf4SZ4pQ,Tozkoparan,1,244539,4100,123,0,489.08,0.0173,2026-07-25 11:35:17.479934
UCaUAi0erHfBu8jXecKInz2A,mehmet küçükcan,1,938847,3300,198,4,1877.69,0.0037,2026-07-25 11:35:17.479934
UCaUCVSuGr5n3iBcCWPYdqjw,Patrícia Alves,1,8328,128,12,0,16.66,0.0168,2026-07-25 11:35:17.479934
UCaUJgfcFsBAYo18jdjVStQw,P.R. Game,1,59834,45,9,0,119.67,0.0009,2026-07-25 11:35:17.479934
UCaURvbGyb6me2lT_-tLVW2w,Mai Babies TV,1,2424421,6300,1900,0,4848.84,0.0034,2026-07-25 11:35:17.479934
UCaUfud8pU8ztkI45gxzPjzQ,Dimma Umeh,5,512712,19500,249,10,1025.43,0.0436,2026-07-25 11:35:17.479934
UCaUt610MY-9MTHYn5y0VPKQ,Önder SEVİNÇ,1,1294486,4200,764,0,2588.97,0.0038,2026-07-25 11:35:17.479934
UCaUzm6Xq0rsAhEDrU0FCipQ,Eliwko Ritm,1,6868057,58000,3200,0,13736.11,0.0089,2026-07-25 11:35:17.479934
UCaV101EM1QayFkP0E7zwXCg,South Front,2,125954,2008,119,0,251.91,0.0636,2026-07-25 11:35:17.479934
UCaVTo_5sdza5mcQeI4RCV3w,Rockfellia Darkmanor,1,6947165,20000,620,0,13894.33,0.003,2026-07-25 11:35:17.479934
UCaVkkSIuwelBM9inQwm91FA,The Presidency of the Republic of South Africa,1,376611,494,293,5,753.22,0.0021,2026-07-25 11:35:17.479934
UCaVlI_ARzoLqZjh0AVFHgwg,Anton Ihonin,4,2564094,5590,1340,0,5128.19,0.0061,2026-07-25 11:35:17.479934
UCaVwOq2dw-_pghudWqMdalA,TENGRI TV,1,261946,2800,468,0,523.89,0.0125,2026-07-25 11:35:17.479934
UCaVxxc0Cifio5ofnyWFoKGQ,Herşey Meraktan,3,4648155,183426,12322,0,9296.32,0.0246,2026-07-25 11:35:17.479934
UCaW2r7rHQklhhaAbkj3nMzQ,brz,2,1665733,7001,4393,0,3331.46,0.0106,2026-07-25 11:35:17.479934
UCaWXOr3rnR5CMx8FRKddiuQ,Kara Sewell,1,270101,1400,170,0,540.2,0.0058,2026-07-25 11:35:17.479934
UCaWd5_7JhbQBe4dknZhsHJg,WatchMojo.com,13,55822192,326000,37658,0,111644.39,0.0096,2026-07-25 11:35:17.479934
UCaWsbES0sW10o8_T-x9ea1w,Xanadu Media,2,5782,48,9,0,11.57,0.005,2026-07-25 11:35:17.479934
UCaXHCXwIR6PnHhTQY1U21Iw,dersimdar,1,53916,190,7,0,107.83,0.0037,2026-07-25 11:35:17.479934
UCaXHr1A6szy2twov5C7eg8g,Alsancak Grafik und Druck Atelier,1,72859,205,17,0,145.72,0.003,2026-07-25 11:35:17.479934
UCaXJhlCReKxl8z2EqWlYdSQ,AKADEMİ MÜZİK,2,119906,1029,49,0,239.81,0.0098,2026-07-25 11:35:17.479934
UCaXLwiVg6aHHdiO773lfDdw,QabeGoftogo,14,663495,7820,543,0,1326.99,0.015,2026-07-25 11:35:17.479934
UCaXNwcxs8v6NDdB55HZymmQ,EnchantingJapan,1,27271,136,7,0,54.54,0.0052,2026-07-25 11:35:17.479934
UCaXj4xlHPfXHj-f21fjjrYQ,MENTEŞE BURSA,12,335970,737,92,0,671.95,0.0034,2026-07-25 11:35:17.479934
UCaXkIU1QidjPwiAYu6GcHjg,MSNBC,62,40934731,371561,37255,55,81869.46,0.0163,2026-07-25 11:35:17.479934
UCaYjWXVxleI2aDlpXI8qGOA,Celebrity News,4,24890824,79000,20500,0,49781.65,0.0052,2026-07-25 11:35:17.479934
UCaZ5NGwJeAeAUQwkYuihFqA,gulnur299,1,2134,6,2,0,4.27,0.0037,2026-07-25 11:35:17.479934
UCaZKtvlSfUvjNhfv905VctA,muitoloucoTV,1,352112,1900,354,0,704.22,0.0064,2026-07-25 11:35:17.479934
UCaZZ6ky8wgq_VCjNv5cXd2g,Sana Hand Stitch,2,5040881,42471,4908,0,10081.77,0.0148,2026-07-25 11:35:17.479934
UCaZZh0mI6NoGTlmeI6dbP7Q,EMAN,2,1285152,30100,488,0,2570.3,0.0464,2026-07-25 11:35:17.479934
UCaZgnQ3j4f42zFCLiImTsjA,darktower000,1,86820,539,16,0,173.64,0.0064,2026-07-25 11:35:17.479934
UCaZgyRSeOYO7P6QD7TR6G9Q,ToRaMaNLIMusic,2,6008965,10438,767,0,12017.93,0.0017,2026-07-25 11:35:17.479934
UCa_-s-OZsf-tJtnOVufJwTw,Magazinasyon,1,105723,830,64,0,211.45,0.0085,2026-07-25 11:35:17.479934
UCa_MkV1jP1uPrdR8zx_4KzA,ömer TFLN,1,922339,2400,176,0,1844.68,0.0028,2026-07-25 11:35:17.479934
UCa__IWlX9J4_abJPvoanF3Q,Nothing Underground,1,503162,4900,300,0,1006.32,0.0103,2026-07-25 11:35:17.479934
UCa_o7D0gSABNGF59gMsE2FA,Hatice Kübra Tongar,27,589798,12404,451,2,1179.6,0.0252,2026-07-25 11:35:17.479934
UCaa3rwodQDd77f12IzkQinw,Ayvaz,1,11724800,58000,2100,0,23449.6,0.0051,2026-07-25 11:35:17.479934
UCaazSFtMu_z59ltvfD5gRFg,Murat Ozbardakci,1,25992,225,2,0,51.98,0.0087,2026-07-25 11:35:17.479934
UCab5qgLz9MnHmh42CDa8Skg,cafer sadık yılmaztürk,2,191438,935,45,0,382.87,0.0052,2026-07-25 11:35:17.479934
UCabAQHDeW0ZwdJZn-zAIL7g,Лучшие Хиты Кавказа! Caucas Stars,2,124177479,333600,43146,0,248354.96,0.0056,2026-07-25 11:35:17.479934
UCabAo-SKzjwv19iu1R46WjA,Апельсин,1,1991117,22000,1600,0,3982.23,0.0119,2026-07-25 11:35:17.479934
UCabmH4Rur4RPZ93cPp1yQ7w,TIME SPORTS,2,64161,646,289,0,128.32,0.0147,2026-07-25 11:35:17.479934
UCac22DCho7DPE0R7QStsghQ,Nevcivan özel,2,1016,10,4,0,2.03,0.0155,2026-07-25 11:35:17.479934
UCac505TGhnG-zqDc2X8hUdg,Людмила Флоренцева,4,6040806,55728,2816,0,12081.61,0.0174,2026-07-25 11:35:17.479934
UCacN8KvfUCtbS4__TyA43aA,Murat Tüfekçi,2,22304923,90000,4400,0,44609.84,0.0042,2026-07-25 11:35:17.479934
UCacaXDNgckbRZhlGqi68jvw,Sehat Zindagi,3,234493,4225,220,0,468.98,0.03,2026-07-25 11:35:17.479934
UCacdS8l2zCb5q4DDTLmE_vw,Babishko Family,40,61879027,274500,49264,0,123758.06,0.0082,2026-07-25 11:35:17.479934
UCaceGOisryjNcZjoDKVo-pg,Fahriye Güney,5,2851,24,0,0,5.71,0.016,2026-07-25 11:35:17.479934
UCaciq2LoX6iMkTG85Oadg-w,Mehmet Mut,1,4501,24,2,0,9.0,0.0058,2026-07-25 11:35:17.479934
UCacldeTqdaYuyeLASi24yGg,beautyoverage Astrid,1,36003,1300,35,0,72.01,0.0371,2026-07-25 11:35:17.479934
UCacs2aYB2ILFTqSShFEqCkw,nuhram78,1,4051020,5600,388,0,8102.04,0.0015,2026-07-25 11:35:17.479934
UCactrf9Z6sAKFWINex3mYUw,boiko783096,1,1258737,3100,421,0,2517.47,0.0028,2026-07-25 11:35:17.479934
UCad9XfyHa3dikbSSLyOiguQ,Robb Report,2,1060441,16400,671,0,2120.88,0.0163,2026-07-25 11:35:17.479934
UCadHO0od5_rGKWfdVP6Xg9w,Иван Иванов,1,2672423,19000,1800,0,5344.85,0.0078,2026-07-25 11:35:17.479934
UCadPJLEgf5Hkfp-L9qiciCg,süleyman tuğrul,2,1717444,5900,687,0,3434.89,0.004,2026-07-25 11:35:17.479934
UCadTei_kVzFAfcec1WyUspw,OLUMLU BAK,63,37481140,450693,55942,88,74962.26,0.0172,2026-07-25 11:35:17.479934
UCaddLxZGMGGnLPdlIdag-PQ,theShift Series,2,130661,1205,47,0,261.33,0.0116,2026-07-25 11:35:17.479934
UCadtap8RYMNy8w4K9lXhzpQ,Barbie,7,23324237,49187,9330,0,46648.47,0.0034,2026-07-25 11:35:17.479934
UCadxE8-9RuNw2MpaB3PLwhw,Emrecan Önder,1,30288,387,48,0,60.58,0.0144,2026-07-25 11:35:17.479934
UCaeJvtHtVGRU3Dl83hnzXDA,haymana halay,1,9866,20,6,0,19.73,0.0026,2026-07-25 11:35:17.479934
UCaeO5vkdj5xOQHp4UmIN6dw,The Daily Wire,1,1507517,22000,856,0,3015.03,0.0152,2026-07-25 11:35:17.479934
UCaebSX4ZZzBo4j41o8IGH2Q,Mark O'Sullivan,1,1118093,6600,282,0,2236.19,0.0062,2026-07-25 11:35:17.479934
UCaeuTKeaH9jl58d_mNNp_6A,fatihkilci87,1,452338,2000,210,0,904.68,0.0049,2026-07-25 11:35:17.479934
UCaex7WFWgvf8Da-fRIr8ytA,Beba Makeup Artist,1,240503,2900,242,0,481.01,0.0131,2026-07-25 11:35:17.479934
UCafDkvBtFbdPeFoKbnSMgMg,Bella Kraus,2,343141,3100,249,0,686.29,0.0108,2026-07-25 11:35:17.479934
UCafN9YdAaaJo9q4C3UOyb_w,Muhammad Haris Shamim,1,43252603,112000,6400,0,86505.21,0.0027,2026-07-25 11:35:17.479934
UCafOegQfJDVOikkOsvq8T4Q,Amerika'nın Aslı,6,167257,3463,157,0,334.52,0.0229,2026-07-25 11:35:17.479934
UCafkm3qubuux_YsrUlhbe7A,BurayVEVO,5,406644917,1382000,64900,0,813289.84,0.0035,2026-07-25 11:35:17.479934
UCaflFRVU9qTIIm9r8zKpsSA,peronk1,1,2154156,5000,766,0,4308.31,0.0027,2026-07-25 11:35:17.479934
UCafyHkySYrY5wuDcodS4u3Q,ericaleshai,2,390152,9137,214,0,780.3,0.072,2026-07-25 11:35:17.479934
UCafywgct4zeqMrFY368GYJA,Yusuf Güleş,1,317079,2600,181,0,634.16,0.0088,2026-07-25 11:35:17.479934
UCag0Yi1S2sTmuPcr8ED91yA,Nadine Baggott,2,104405,2900,75,0,208.81,0.0285,2026-07-25 11:35:17.479934
UCag6oy_YhJAkWJ3OfwtpELA,Fazıl ERTUŞ,1,1207037,1200,786,0,2414.07,0.0016,2026-07-25 11:35:17.479934
UCagN4rPrEeAXBC_8Y5jp4LA,Organi Car,1,775094,4300,415,0,1550.19,0.0061,2026-07-25 11:35:17.479934
UCagj-rKU3youoAZCg6vW8Dw,Sedat İçen production,1,9657314,27000,4200,0,19314.63,0.0032,2026-07-25 11:35:17.479934
UCags_QBP9qMkP5QiBMAGKxA,documentrymovies,1,61162,156,9,0,122.32,0.0027,2026-07-25 11:35:17.479934
UCagt7JeflSg-oP-7y9ayjYQ,Omroep Gelderland,2,27290,79,13,0,54.58,0.0036,2026-07-25 11:35:17.479934
UCagxJUIOIN4bbCk9rBWZiPA,Alper Rende,8,26655830,936000,39100,0,53311.66,0.0353,2026-07-25 11:35:17.479934
UCah3tt0tX6sNO1vlYSoFchA,Jake Baskinger,2,1601891,5115,542,0,3203.78,0.008,2026-07-25 11:35:17.479934
UCahA0djk-uEpLKM-pjiOfZA,Mehmet ŞAHİN,1,592765,3600,136,0,1185.53,0.0063,2026-07-25 11:35:17.479934
UCahKjkez9olNwcpc5pZwzvg,SMG上海电视台官方频道 SMG Shanghai TV Official Channel,4,7668472,25407,1473,0,15336.94,0.009,2026-07-25 11:35:17.479934
UCahQFAziPZpFJk1C7v_2KCg,PERFECT LIFE,1,14760596,33000,6600,0,29521.19,0.0027,2026-07-25 11:35:17.479934
UCahT0NJJt2ucrfW1TTxyC-A,Hakan Aydoğan,1,233435,919,164,0,466.87,0.0046,2026-07-25 11:35:17.479934
UCahjnrtne7yR41aTcldHAtg,dizinet11,1,908736,1500,179,0,1817.47,0.0018,2026-07-25 11:35:17.479934
UCahpxixMCwoANAftn6IxkTg,AlArabiya العربية,10,3268557,27544,3733,20,6537.11,0.0121,2026-07-25 11:35:17.479934
UCahujLjSL34EPNxtwKRi_vg,China Daily,3,90012,138,36,0,180.02,0.0125,2026-07-25 11:35:17.479934
UCahvSS3J6Lq9uxu28hXnL9g,Алексей Небыков,1,108530,657,31,0,217.06,0.0063,2026-07-25 11:35:17.479934
UCahxZ05nVxIoa6Dor-paZSw,ejovadi,1,11555985,20000,3400,0,23111.97,0.002,2026-07-25 11:35:17.479934
UCaiLSaI2rNlu8ubTroi15Hw,SONHO MUSICAL - BRASÍLIA,1,1952657,14000,775,0,3905.31,0.0076,2026-07-25 11:35:17.479934
UCaiTSH0nC8vw-rH9rIH5Lsw,Rukyal Basri,1,331195,704,115,0,662.39,0.0025,2026-07-25 11:35:17.479934
UCaiYCcPssjd8IunMpjBsd1w,Kevin Sibley,1,222078,360,44,0,444.16,0.0018,2026-07-25 11:35:17.479934
UCaixDnyluIYhH-P1jS9dPtw,Radyo ts,1,35138,102,11,0,70.28,0.0032,2026-07-25 11:35:17.479934
UCaj0jHtybKS7SSYqqsDXQoA,Deniz Tatarhan,2,450896,3628,300,0,901.8,0.0137,2026-07-25 11:35:17.479934
UCajFJKINN4zj904iMG4O3gg,Clemouxx,1,216436,494,50,0,432.87,0.0025,2026-07-25 11:35:17.479934
UCajFRCqhRqEUyXhGZbwcdUA,PenguinStoryTime,1,9270,278,9,0,18.54,0.031,2026-07-25 11:35:17.479934
UCajGY-X0LR1m_hk72gLjDgA,Fuat Bahçeci,2,36640,511,9,0,73.28,0.0181,2026-07-25 11:35:17.479934
UCajMNlREaZk7kQ3lkU97AMw,Sems Meherremova,2,3295955,10000,801,0,6591.91,0.0033,2026-07-25 11:35:17.479934
UCajXeitgFL-rb5-gXI-aG8Q,Great Big Story,7,9384742,176800,3476,0,18769.47,0.0155,2026-07-25 11:35:17.479934
UCajyYNhbPjJtBgorKxKIUiA,Gülden KOŞARSOY,1,8139,53,8,0,16.28,0.0075,2026-07-25 11:35:17.479934
UCak2H1w5fNwVP1Yxt7e1ZMw,UK Dashcams,1,3760,18,8,0,7.52,0.0069,2026-07-25 11:35:17.479934
UCak52Eb1cGBVzF33D7HdxPg,Ali Miraç Aşık,6,5111266,51700,5690,0,10222.53,0.0111,2026-07-25 11:35:17.479934
UCakCPsNUKmz1sUnpsr6GgGg,Elle Leary Artistry,13,1789574,54014,1302,0,3579.16,0.0599,2026-07-25 11:35:17.479934
UCakOeKPBWpRmKtEavUBDbAw,INFORMATION SEMI,1,52,9,0,0,0.1,0.1731,2026-07-25 11:35:17.479934
UCakWp_oucEdLYESv7gwY3Ag,GÖKHAN ALEMINKRALI,2,905005,3300,289,0,1810.01,0.004,2026-07-25 11:35:17.479934
UCakbhT1zJqJ9iod01nFEYhw,Lee Kuan Yew School of Public Policy,1,150189,727,71,0,300.38,0.0053,2026-07-25 11:35:17.479934
UCal-EtZwQiWGJMLRD9Bo4wQ,NUR MEKTEB-İ İRFANI,1,9610,103,16,0,19.22,0.0124,2026-07-25 11:35:17.479934
UCal28SbsWmKQH253Vwo3c1w,Odessa,1,1311305,7600,1100,0,2622.61,0.0066,2026-07-25 11:35:17.479934
UCalAM_EpRfd9LNlp1AvxO2w,TRT Televizyon,40,70645931,249318,29493,0,141291.9,0.0043,2026-07-25 11:35:17.479934
UCalLvF9sSkj0WQSyeTHhizA,Yasin Yurtmen,4,60017,1072,43,0,120.03,0.0176,2026-07-25 11:35:17.479934
UCalO99QRyq_-LbQcvjCSyaQ,Roberta Kretzer,1,762,50,0,0,1.52,0.0656,2026-07-25 11:35:17.479934
UCalVT2RgcmYxvkstve5912g,Modern Man,1,202691,565,112,0,405.38,0.0033,2026-07-25 11:35:17.479934
UCal_M2Di6zEvcaRHVhmdIYg,Dünya En'leri,1,1758004,2000,1500,0,3516.01,0.002,2026-07-25 11:35:17.479934
UCalcFcqOC_UdfxQAPHhwOqg,Jersey Shore,1,2372092,17000,818,0,4744.18,0.0075,2026-07-25 11:35:17.479934
UCalwFtq-BVcszKLZ5k2vbLw,TVP Sport,1,2755837,25000,1300,0,5511.67,0.0095,2026-07-25 11:35:17.479934
UCam0c52r4Hgh1KxfTTzdPYQ,DanUK1984,1,3532868,16000,3900,0,7065.74,0.0056,2026-07-25 11:35:17.479934
UCam1DlMQUshIe9ge5PlLVsA,Rüzgar Dila,2,914809,4936,299,0,1829.61,0.008,2026-07-25 11:35:17.479934
UCam7yYDSKFIpwAscmyzOsQQ,Le Temps,2,381439,5470,133,0,762.87,0.0175,2026-07-25 11:35:17.479934
UCamCV__OszE0tonFVWjQ6Gw,Levi Spears,2,10075815,39400,4673,0,20151.63,0.0041,2026-07-25 11:35:17.479934
UCamGEXFcWr86vA-Eb4NBzfQ,Aydinel Ajans,1,68861,287,31,0,137.72,0.0046,2026-07-25 11:35:17.479934
UCamg65Po8cQvmoIMf0FoR8Q,Faysal Kuzey,1,28132,312,6,0,56.26,0.0113,2026-07-25 11:35:17.479934
UCamgRzTe6jVV3DUu0AtA6nw,Merve Oğuz,2,76879,1185,70,0,153.76,0.0255,2026-07-25 11:35:17.479934
UCanHN-_uEShbl2NUK1YqCfg,xoJahtna,1,1371295,29000,2000,0,2742.59,0.0226,2026-07-25 11:35:17.479934
UCanLpDF6yKUXTRlrKHtTQrA,Go Tiyatro,1,277181,1500,112,0,554.36,0.0058,2026-07-25 11:35:17.479934
UCanXD-Dvaf13LvOOrg6dFvA,ImJabzter,3,3206115,43000,2582,0,6412.23,0.0156,2026-07-25 11:35:17.479934
UCanbTgWMvESZy3xhXcxjHcg,WELT netzreporterin - Antje Lorenz,1,134080,1700,120,0,268.16,0.0136,2026-07-25 11:35:17.479934
UCanc_QRhVgXL318N9MYNEPw,zekı ozkul,1,53310,354,5,0,106.62,0.0067,2026-07-25 11:35:17.479934
UCanjve74Gofp18UKurKwzHg,trklstr,1,15835771,34000,3800,0,31671.54,0.0024,2026-07-25 11:35:17.479934
UCanoYeNJMJI1uI4JHDal7hg,Yevgen Lytvyn,1,416383,1700,168,0,832.77,0.0045,2026-07-25 11:35:17.479934
UCanx_DRdqOz8TWp1voCt7Uw,Huseyin Yaman,1,235053,412,34,0,470.11,0.0019,2026-07-25 11:35:17.479934
UCanyD5e5o8DZBWTiy9XIjjA,Ash141175,2,1594808,7300,280,0,3189.62,0.0047,2026-07-25 11:35:17.479934
UCaoBsoJbA8N-g5sjjYblV7A,Murat Gonul,7,1196649,5572,487,3,2393.3,0.0178,2026-07-25 11:35:17.479934
UCaocEEGFJVSRIgegaMHOkHA,Бойцовское Время,1,679009,1800,467,0,1358.02,0.0033,2026-07-25 11:35:17.479934
UCaov21Wt9NKCMsMd_4u01Ww,Guillaume Toutain,1,250097,2900,122,0,500.19,0.0121,2026-07-25 11:35:17.479934
UCaoyUWT5XqyRboaSieimSCg,FOTO CAN,3,268675,1426,154,0,537.35,0.0061,2026-07-25 11:35:17.479934
UCap97Ue8K_BpKlrvQRYd6JA,LaurDIY,13,39653966,1071000,14479,0,79307.93,0.0317,2026-07-25 11:35:17.479934
UCapDJ1RRsp5cNB-PMdPzVyw,Kendine Muhabir,1,4934,97,8,0,9.87,0.0213,2026-07-25 11:35:17.479934
UCapVS9DF8TYLSjmjrUgrgJw,A-T.Presentation,6,1053207,4671,350,0,2106.41,0.0053,2026-07-25 11:35:17.479934
UCaq6kVU82pT7o14NC5StP3w,Hayat Şarkısı,10,2140919,10236,585,1,4281.84,0.0053,2026-07-25 11:35:17.479934
UCaqDu9xbvQv8JGTcnzlsc1Q,Mahakatha - Meditation Mantras,3,1953328,15900,1379,0,3906.66,0.0098,2026-07-25 11:35:17.479934
UCaqJoqIvrowONXN90JRPcrw,Ebebi Ehver,1,21645,545,13,0,43.29,0.0258,2026-07-25 11:35:17.479934
UCaqQUu6JE8OSb8Z2u5kEqSA,snookerthailandvideo,1,1723641,12000,576,0,3447.28,0.0073,2026-07-25 11:35:17.479934
UCaqcvH8EvUtePORpN03jLMg,iqsquared,6,2275894,32569,2731,0,4551.79,0.0105,2026-07-25 11:35:17.479934
UCaqmtne_8c5A6iNKUyD6Ijw,mustafa c.,4,1189881,2828,281,0,2379.77,0.0033,2026-07-25 11:35:17.479934
UCaqtFa2JJv6OwBtagdrgugg,Axe Family,1,1429,57,0,0,2.86,0.0399,2026-07-25 11:35:17.479934
UCar0yo-PpeMk51m116826pQ,Journal l'Humanité,1,99994,726,59,0,199.99,0.0079,2026-07-25 11:35:17.479934
UCar3hKEA_7i7qU4QLyoPWaw,Bilgi Karmaşası,1,519221,884,367,0,1038.44,0.0024,2026-07-25 11:35:17.479934
UCar9OcxIkK_D1z_MVYtpuAg,BeYourself Channel,4,4850441,94800,4909,367,9700.88,0.0281,2026-07-25 11:35:17.479934
UCarEovlrD9QY-fy-Z6apIDQ,Patriot Act,6,8898102,268000,5863,189,17796.2,0.0329,2026-07-25 11:35:17.479934
UCarRUsSS2BUXpuPj9jBmQBg,EfLÂtun Tv,10,582059,13501,872,0,1164.12,0.0231,2026-07-25 11:35:17.479934
UCar_hGgB0yOHsGL5GlTkuJg,PenMaker24x7,1,1111933,6600,318,0,2223.87,0.0062,2026-07-25 11:35:17.479934
UCasCddWFjTv8CGVm5wqCyAQ,Нурмырза,1,1055066,7300,362,0,2110.13,0.0073,2026-07-25 11:35:17.479934
UCasEOqS9dOnYF4upaeFoR6A,Ekin Kaya,1,7456403,15000,1800,0,14912.81,0.0023,2026-07-25 11:35:17.479934
UCasG9kJWi1eVxM0QkyqKVJQ,Hand Tool Rescue,1,684405,15000,387,0,1368.81,0.0225,2026-07-25 11:35:17.479934
UCasJeNSvCMCEVPTFnmTeh3Q,Rustam Qilichov,2,166658,427,85,0,333.31,0.0066,2026-07-25 11:35:17.479934
UCasVczJGGrFO6YujBM3X7PQ,ismail yıldırım,1,520427,1100,157,0,1040.85,0.0024,2026-07-25 11:35:17.479934
UCasW31D7SvpaY_iudi2IRMg,ihsan Sözer,1,201473,895,50,0,402.95,0.0047,2026-07-25 11:35:17.479934
UCasi4do_1vvdFMUqdsc_uWw,Chie's Hair Arrange,2,451555,3600,218,0,903.11,0.0085,2026-07-25 11:35:17.479934
UCaswxEOxss-emxk4pgEcSbQ,Hozan Canê,2,205977,1232,98,0,411.95,0.0094,2026-07-25 11:35:17.479934
UCat6bC0Wrqq9Bcq7EkH_yQw,Iran International ايران اينترنشنال,14,758318,5567,1067,0,1516.62,0.0112,2026-07-25 11:35:17.479934
UCat8SGn8ievknSllmKanFkA,Kadir Erol,1,26717,113,30,0,53.43,0.0054,2026-07-25 11:35:17.479934
UCat8jkZFD_ZCQwnBC-Spz_Q,Fen Production,1,1648,20,8,0,3.3,0.017,2026-07-25 11:35:17.479934
UCatTPy4r5ZMbjtJdcEomEdg,Yer Altı Bilgileri,1,10710,64,15,0,21.42,0.0074,2026-07-25 11:35:17.479934
UCatd7YMJcLXWt4L9YGNgPzg,Aşk Müzik'le Akustikli Günler,2,252545,771,79,0,505.09,0.0034,2026-07-25 11:35:17.479934
UCatfiM69M9ZnNhOzy0jZ41A,Power Vision,2,40856791,206000,56000,0,81713.58,0.0065,2026-07-25 11:35:17.479934
UCatjcuI0lpFO7VO-2pPaFjw,Peasantartcraft,2,854059,5111,334,0,1708.12,0.0107,2026-07-25 11:35:17.479934
UCatnasFAiXUvWwH8NlSdd3A,Evrim Ağacı,16,1327017,81903,2431,0,2654.02,0.0637,2026-07-25 11:35:17.479934
UCau6RQIPCBvPPAvASIwnq8A,Ilhan Sen,3,52377,224,16,0,104.75,0.0052,2026-07-25 11:35:17.479934
UCauNyRtlGvh1GzXPxo1qLAg,Necmettin Türkan,2,321904,1833,108,0,643.81,0.0064,2026-07-25 11:35:17.479934
UCauRKq91cFUBRqKjtSpYEDg,Sadık Miskini,1,84274,180,29,0,168.55,0.0025,2026-07-25 11:35:17.479934
UCau_a2jAPmKBayCNZnV-0XA,Kilic Aslan,1,17271,348,9,0,34.54,0.0207,2026-07-25 11:35:17.479934
UCauf9I8ft-IA7XhBsgEZn5Q,Üzeyir Başar,1,140271,353,20,0,280.54,0.0027,2026-07-25 11:35:17.479934
UCauiBW24py5hH_kg1qP2shQ,giorgi gio,1,1813961,8600,424,0,3627.92,0.005,2026-07-25 11:35:17.479934
UCav-5QNwcyYukotJOEsm3og,Mahesh Tutorials,1,402688,2000,215,0,805.38,0.0055,2026-07-25 11:35:17.479934
UCav50EZEZc99QBeEVhE3eew,Hakan Küçükarslan Arşivi,1,17329,293,7,0,34.66,0.0173,2026-07-25 11:35:17.479934
UCavFBbi7MAfGSq9xlEJL4kw,HAKAN BEKTAŞ,1,28034,102,4,0,56.07,0.0038,2026-07-25 11:35:17.479934
UCavFYDab2RbkCt7wdYK3_HA,Fatin Rüştü Zorlu Anadolu Lisesi,1,259664,2700,480,0,519.33,0.0122,2026-07-25 11:35:17.479934
UCavQvfMsh5QQ6AU0jeld3-Q,Modal Music,3,1024197,5656,115,0,2048.39,0.0047,2026-07-25 11:35:17.479934
UCavf1P6Vct_P0XnsLKdDvQA,BitoniaOfficial,1,686887,2600,171,0,1373.77,0.004,2026-07-25 11:35:17.479934
UCavnibI-kcDRax0wK7KKtKQ,bigadiçli genç,1,6974,13,2,0,13.95,0.0022,2026-07-25 11:35:17.479934
UCavqFro1FI-dw93obKebeQg,murateskin,2,22053,46,5,0,44.1,0.0024,2026-07-25 11:35:17.479934
UCavza8tMiVXl2jBlzp_m8PQ,Esin Genlik,1,46722,289,35,0,93.44,0.0069,2026-07-25 11:35:17.479934
UCaw-2FYtedq50jXWMLKHidA,Sarah Steller,1,61015124,212000,38000,0,122030.25,0.0041,2026-07-25 11:35:17.479934
UCaw48PyRdfowLXgGdzvMgcw,Her Açıdan,36,1335256,14688,1272,3,2670.52,0.0154,2026-07-25 11:35:17.479934
UCaw7R67M6QeWuYqsFSfhQ4A,38resul38,7,6158876,11856,1173,63,12317.75,0.0028,2026-07-25 11:35:17.479934
UCaw8vQoJ7IeiKFYnRUfuykQ,Universo Paranormal,1,951040,4300,899,0,1902.08,0.0055,2026-07-25 11:35:17.479934
UCawCN17gJ9R6d0kfQ00t-Zw,Ahmet Avsar,1,4256,33,3,0,8.51,0.0085,2026-07-25 11:35:17.479934
UCawChfjy35O0GI9x6zo5NOA,Sevginin dünyası,6,2682491,23100,2465,0,5364.99,0.0107,2026-07-25 11:35:17.479934
UCawGTeqy29haWlNPzGw1ofQ,yazar cizer,1,749216,5400,114,0,1498.43,0.0074,2026-07-25 11:35:17.479934
UCax-5asDvDjOYwc1ZlfjYAw,Haberin Ola,1,45243,104,24,0,90.49,0.0028,2026-07-25 11:35:17.479934
UCaxREMZDKmy4tv7xQAkFJtg,Evelyn Lobo,1,1256,202,0,0,2.51,0.1608,2026-07-25 11:35:17.479934
UCax_otbqWlN_0VkiK-4YCEA,longing production,1,557120,1200,378,0,1114.24,0.0028,2026-07-25 11:35:17.479934
UCaxjSUHKsSL105IvjiL0cWw,Ünal Kara,1,10480,18,8,0,20.96,0.0025,2026-07-25 11:35:17.479934
UCaxt51xAdoyY9RmvmVoPcmA,Nil Karaibrahimgil,1,3715913,54000,1200,0,7431.83,0.0149,2026-07-25 11:35:17.479934
UCayCqKF-kwhckmqEs5Px4Bw,Şeker kanal,1,240683,254,77,0,481.37,0.0014,2026-07-25 11:35:17.479934
UCayLIyNNmD4AymSYpubfUzA,Aksarayli,1,375038,959,64,0,750.08,0.0027,2026-07-25 11:35:17.479934
UCayZmiOIMtPL8y7TFZsyzsA,ozan eriçok,1,29002,160,8,0,58.0,0.0058,2026-07-25 11:35:17.479934
UCay_OLhWtf9iklq8zg_or0g,As/Is,36,136344130,2329900,64887,0,272688.25,0.0208,2026-07-25 11:35:17.479934
UCaydzldbXN5DPCHNarqWyug,Talat özhalepli,1,14900,153,15,0,29.8,0.0113,2026-07-25 11:35:17.479934
UCayjl0jCwbpKM0WTwAxyX6A,esref64,1,7051,10,0,0,14.1,0.0014,2026-07-25 11:35:17.479934
UCaz5E5pbgZ3oBBDURVphKNQ,ReaksiyaTV,10,777555,28500,3072,0,1555.11,0.0542,2026-07-25 11:35:17.479934
UCazM5oX41f0eDAcb4N63l-w,MuzikPlay,89,402921136,1532599,100762,224,805842.25,0.0047,2026-07-25 11:35:17.479934
UCazNiGgEbqziDqmM-UoKwBA,Marty beauty,1,332,16,0,0,0.66,0.0482,2026-07-25 11:35:17.479934
UCazay-C-shtEEUO78ObKGJg,해그린달 haegreendal,1,394804,15000,205,0,789.61,0.0385,2026-07-25 11:35:17.479934
UCaztjP-qXHxL56QfUjhbmaw,Kayra Atakan [Qırım Xan'ı],6,993045,23233,2596,0,1986.1,0.0356,2026-07-25 11:35:17.479934
UCb--64Gl51jIEVE-GLDAVTg,C-SPAN,26,40358480,300200,42582,168,80716.99,0.0073,2026-07-25 11:35:17.479934
UCb-EIoa1RONCWKxBJy9_8Sg,Revan Qarayev Music,2,804629,4200,247,0,1609.26,0.0065,2026-07-25 11:35:17.479934
UCb-Ml8RCQSUfTzwehw3jGIQ,Elişi Emek İster,2,320378,3319,235,0,640.76,0.0098,2026-07-25 11:35:17.479934
UCb-cKFGcRozjINKHBYv8TRQ,Alican Hemid,1,671182,16000,709,0,1342.36,0.0249,2026-07-25 11:35:17.479934
UCb-mJ_GtqdA85LNjAX7pPTA,ekcat excavator,10,4138204,17274,3064,0,8276.41,0.0114,2026-07-25 11:35:17.479934
UCb-mXwDehQf0pEgS0rlGJ9w,Hornet King,1,835497,19000,620,0,1670.99,0.0235,2026-07-25 11:35:17.479934
UCb-vZWBeWA5Q2818JmmJiqQ,Oscars,3,6035237,35800,1542,0,12070.47,0.0052,2026-07-25 11:35:17.479934
UCb-zL8c0oTvPl04hEoA0Q0w,Berkcan Güven,1,4610161,150000,2200,0,9220.32,0.033,2026-07-25 11:35:17.479934
UCb020f6BxLOpAhyJXrtaiWQ,TurkYurdu2,1,1582797,4200,349,0,3165.59,0.0029,2026-07-25 11:35:17.479934
UCb04uMly8VGhs5CzY-xDBFA,YOZGAT NORÜYON,1,7182,85,7,0,14.36,0.0128,2026-07-25 11:35:17.479934
UCb062gdTsC6FPvnzCPVvsTw,Agatan Foundation,1,658560,5400,243,0,1317.12,0.0086,2026-07-25 11:35:17.479934
UCb0NvlB0SwkSIxJMpcVoaMg,Influenster,1,1774537,24000,1100,0,3549.07,0.0141,2026-07-25 11:35:17.479934
UCb0TvSGeqcMJFO4T7-oXTnw,Prof.Dr. Abdulaziz Bayındır,13,104421,661,150,0,208.84,0.012,2026-07-25 11:35:17.479934
UCb0Z5fMOmkHReoHzbUb012A,BeyondTodayTV,1,602828,4700,1400,0,1205.66,0.0101,2026-07-25 11:35:17.479934
UCb0tMboxhHE8Jx6-nhJmRPw,Allure,26,80933474,1658543,38546,0,161866.94,0.0227,2026-07-25 11:35:17.479934
UCb0xfM3HGOsqPYNAocXXNAQ,truTV,3,12011561,90000,4042,0,24023.12,0.0078,2026-07-25 11:35:17.479934
UCb1ANUIW7arUUDI-Mwz65rw,OCB Relax Music,3,978941,7157,489,0,1957.88,0.0085,2026-07-25 11:35:17.479934
UCb1DefZ6ufPGxnuHqRSssPw,Levent Öten,3,74376,271,16,0,148.75,0.0059,2026-07-25 11:35:17.479934
UCb1PVUbLFLAszmQbwzczZ5w,Doğan Cüceloğlu,12,663663,10512,449,0,1327.34,0.0189,2026-07-25 11:35:17.479934
UCb1Ti1WKPauPpXkYKVHNpsw,LBC,1,1455005,7900,5700,0,2910.01,0.0093,2026-07-25 11:35:17.479934
UCb1h14RO4CtRi7_d9R2Oaig,Begum Yucel Cabakcor,4,781946,24100,408,0,1563.9,0.0327,2026-07-25 11:35:17.479934
UCb24bpyTx2fhqiXAnhek26Q,Dating Beyond Borders,1,1076445,15000,633,0,2152.89,0.0145,2026-07-25 11:35:17.479934
UCb2EYjrzI6WpNAmPZeihhag,The Film Archives,1,620280,5800,413,0,1240.56,0.01,2026-07-25 11:35:17.479934
UCb2Kb0o_MEPG8qw37SCtcFA,Koreli Can 한국인 잔,1,31240,536,20,0,62.48,0.0178,2026-07-25 11:35:17.479934
UCb2Nx5c8nmUoXLwAPqCRx2A,Olgun ÇETİNKAYA,1,2269573,10000,483,0,4539.15,0.0046,2026-07-25 11:35:17.479934
UCb2RBarbmN0E1As3HYcHfxA,Portmaria9,1,334339,467,91,0,668.68,0.0017,2026-07-25 11:35:17.479934
UCb2e_3U1y8lwhkX5nYs3k9w,Xatirə İslam,1,1530207,8800,720,0,3060.41,0.0062,2026-07-25 11:35:17.479934
UCb3TZ4SD_Ys3j4z0-8o6auA,BBC News 中文,2,1208652,4600,712,0,2417.31,0.0079,2026-07-25 11:35:17.479934
UCb3YtRm3j5W_vgKqkp-CRsQ,Hüseyin özmen,1,132151,400,35,0,264.3,0.0033,2026-07-25 11:35:17.479934
UCb3qRjH2D0RxoajlaS3WR2A,Julien Magic,5,14844175,206900,8942,0,29688.36,0.019,2026-07-25 11:35:17.479934
UCb467UvO4jRgKxWX1oqtkzA,World Archery,3,117734,822,52,0,235.47,0.0079,2026-07-25 11:35:17.479934
UCb4JDpUIPGeO3btMGu7A30A,Dilan Ayaz,1,324333,901,65,0,648.67,0.003,2026-07-25 11:35:17.479934
UCb4N1fiP7WU2fZ98y29vDQg,TANERKURT2525,1,1002,12,9,0,2.0,0.021,2026-07-25 11:35:17.479934
UCb4Xqkf0b409SIdxm6MU1_A,Burak Timel,1,45706,121,6,0,91.41,0.0028,2026-07-25 11:35:17.479934
UCb4iUMjpHZCiATCCwPaO47Q,Stephanie Marie,5,255235,9700,247,0,510.47,0.0423,2026-07-25 11:35:17.479934
UCb4lfT3I0LcWI_e28vP0Rug,EtoGolos,2,5716488,48600,2282,0,11432.97,0.0078,2026-07-25 11:35:17.479934
UCb504FGWpARwwNN6OmmEO5A,Muğam,1,10477,108,5,0,20.95,0.0108,2026-07-25 11:35:17.479934
UCb57f8PvyIVc4v1AqSRNyyA,Duyduk Duymadık!,3,9513286,37083,6123,0,19026.57,0.0044,2026-07-25 11:35:17.479934
UCb5GiE6doufd_u8AP8niIJw,posta ünsal,1,166859,324,49,0,333.72,0.0022,2026-07-25 11:35:17.479934
UCb5P0iSygqwPZF7zBxMdi4w,Yanni,4,27945659,235000,6800,0,55891.33,0.0095,2026-07-25 11:35:17.479934
UCb5Rb5zake5c-64kt4eg4Lw,Valeriy W.,2,7830175,73035,1604,0,15660.35,0.0082,2026-07-25 11:35:17.479934
UCb5zsawC_o8WzahsHvU-mVg,paola mitchell,1,37167,245,32,0,74.33,0.0075,2026-07-25 11:35:17.479934
UCb66cfn-rdXPZXhPQddwpMw,HoopsTube,1,2629905,12000,1000,0,5259.81,0.0049,2026-07-25 11:35:17.479934
UCb6IaF9LX5KlUXQqHFq2xbg,LifesBiggestQuestions,1,2727,295,9,0,5.45,0.1115,2026-07-25 11:35:17.479934
UCb6hgGUjX2D3chMkPQx5_xA,Anonim Hoca,7,18259,719,14,0,36.52,0.0416,2026-07-25 11:35:17.479934
UCb6kXo9jdAXlC61uYiGEAtQ,Holland's Got Talent,3,2128748,11100,818,0,4257.49,0.008,2026-07-25 11:35:17.479934
UCb6pqLKkInTy6OkTsdMxh2A,İlke Haber Ajansı,11,2652874,8899,1731,0,5305.74,0.0057,2026-07-25 11:35:17.479934
UCb7MztTbIpXWgAAvP1Za3Fg,IGTV 90,1,128756,2500,62,0,257.51,0.0199,2026-07-25 11:35:17.479934
UCb7hLtr9ntiWQtQS6YrvHBg,Erdi Org,5,55450917,154003,8843,0,110901.84,0.0028,2026-07-25 11:35:17.479934
UCb7xZQi7F3RW7BNtR57cNnA,Reel Truth History Documentaries,7,780165,7611,370,0,1560.33,0.0135,2026-07-25 11:35:17.479934
UCb8F3A-qOAxfSW9nsKkZqmA,Mehdi Ahmadi,14,790602,25516,1033,0,1581.22,0.0382,2026-07-25 11:35:17.479934
UCb8HOadiV6H8TJSm1IBiTJg,Raviş,2,5000302,34500,908,0,10000.61,0.0124,2026-07-25 11:35:17.479934
UCb8R8smVbV16RBGVlE31_Qw,Arab Instruments,4,6433370,41154,1924,0,12866.74,0.02,2026-07-25 11:35:17.479934
UCb9LU12nWcmrXu3m3Dh0nEg,Amerika'nın Sesi,9,98440,538,212,0,196.87,0.0203,2026-07-25 11:35:17.479934
UCb9_Bhv37NXN1m8Bmrm9x9w,Игорь Негода,1,989275,39000,890,0,1978.55,0.0403,2026-07-25 11:35:17.479934
UCb9fuUYw10pEXJFOMW-iqtQ,Kamil VAROL,1,212349,1100,62,0,424.7,0.0055,2026-07-25 11:35:17.479934
UCb9jT4Gm1-2AvzXBFI5c8Cw,1TARİF PERİSİ,1,15269,80,16,0,30.54,0.0063,2026-07-25 11:35:17.479934
UCbA2VakFfa-eMFa9YuN6sgg,KBS광주,1,5445,112,23,0,10.89,0.0248,2026-07-25 11:35:17.479934
UCbAQqiw4yqgKnHJTCOMYpKg,Bu Bir Tevhid Davetidir,1,5083,256,7,0,10.17,0.0517,2026-07-25 11:35:17.479934
UCbATv4rko2DmNceozZ17g_A,Stephan Talneau,3,281854,3031,40,13,563.71,0.0241,2026-07-25 11:35:17.479934
UCbAUxLnsn1Hpyp1gP9oHjsQ,İbrahim Tatlıses Fm,2,21139,110,4,0,42.28,0.0054,2026-07-25 11:35:17.479934
UCbAckDXD-8pNEi5tCICqmBw,Gym4u,8,30138694,136800,22209,0,60277.38,0.0058,2026-07-25 11:35:17.479934
UCbAl5eluWaYKheryDY7nejw,Boyan Dobrev,1,31194,201,5,0,62.39,0.0066,2026-07-25 11:35:17.479934
UCbAlVnKhbGLK78GsSemQXxw,Top Fives,7,25911104,76473,19912,0,51822.21,0.0064,2026-07-25 11:35:17.479934
UCbAstkneT5UBoge1DADljMw,hokus pokus,1,8672,30,6,0,17.34,0.0042,2026-07-25 11:35:17.479934
UCbAwSkqJ1W_Eg7wr3cp5BUA,Safiya Nygaard,26,244006171,6262000,90266,0,488012.38,0.0273,2026-07-25 11:35:17.479934
UCbB-qKS3oIr5PVaiJWeBHLA,Les docs de votre vie,3,596417,2351,308,0,1192.84,0.0055,2026-07-25 11:35:17.479934
UCbC0McZdpaRqUrnARwKtkOg,Barak Tarihcisi,1,5656,31,2,0,11.31,0.0058,2026-07-25 11:35:17.479934
UCbCFxJq-fCwiEo9CgowI7CQ,DokuzSekiz Müzik,25,838521852,2173700,136551,0,1677043.7,0.0054,2026-07-25 11:35:17.479934
UCbCmjCuTUZos6Inko4u57UQ,Cocomelon - Nursery Rhymes,11,2646381105,8165000,4645000,0,5292762.21,0.005,2026-07-25 11:35:17.479934
UCbCrJPYLoCFXKTNXF37kJVg,Su-Man Skincare,1,956353,29000,274,0,1912.71,0.0306,2026-07-25 11:35:17.479934
UCbD2jfar-DrM89uYF8ZPItQ,cappuccino81,1,2890238,16000,242,0,5780.48,0.0056,2026-07-25 11:35:17.479934
UCbD70_YvKY1aqEpPWT4wLWw,Bilal Badur MEDYA,1,994,21,2,0,1.99,0.0231,2026-07-25 11:35:17.479934
UCbDH1bbqqR5pR_eN_TuUfVg,Elifo,1,613050,2800,730,0,1226.1,0.0058,2026-07-25 11:35:17.479934
UCbDH6Ga-wuaam2IHqAxm3hg,Drone Snap,1,18910,403,7,0,37.82,0.0217,2026-07-25 11:35:17.479934
UCbDKB52C4vSa18AHBmc7rwQ,Yörük TV,1,16114,210,6,0,32.23,0.0134,2026-07-25 11:35:17.479934
UCbDSp46QQnDo8H0Qnn90-Xw,سناب شو - snap show,1,239415,2300,871,0,478.83,0.0132,2026-07-25 11:35:17.479934
UCbDXzSGNnVP8aE-M3SF0Xlw,BATIN Berat,1,22230,254,12,0,44.46,0.012,2026-07-25 11:35:17.479934
UCbDbOxYFIOSNk3yPkDpog_g,clipturbine,2,6121830,43000,3600,0,12243.66,0.0078,2026-07-25 11:35:17.479934
UCbDuARPGsQJBG8dELL-37zw,GAMEOST,3,11807627,108000,4993,0,23615.25,0.0089,2026-07-25 11:35:17.479934
UCbDuXXisCUfUL03VzAYsOwQ,Tatlı Hayat,1,329205,1400,108,0,658.41,0.0046,2026-07-25 11:35:17.479934
UCbE9YV-oA6OS41T9fd9x5qg,kisecikli,1,87394,182,12,0,174.79,0.0022,2026-07-25 11:35:17.479934
UCbEGNF5-LOJ-uL8RT6U2qGg,BitmeyenTurkulerimiz,2,1892703,3800,257,0,3785.4,0.0022,2026-07-25 11:35:17.479934
UCbEeIsxUPN8YMyLKA779K-A,Pembemavi,1,167343,488,97,0,334.69,0.0035,2026-07-25 11:35:17.479934
UCbEhTQ34cvdEX33Q3XGD6nA,なかつかヒーリングサロン＆スクール,1,73849,130,41,0,147.7,0.0023,2026-07-25 11:35:17.479934
UCbEtmUVxL8xb03-BQW2qTRQ,Mevlüt Görenek,1,5944878,12000,1500,0,11889.76,0.0023,2026-07-25 11:35:17.479934
UCbF-_JuzMjZhj8NDpl6S6uw,GoodmanLifeXL,2,12114542,73022,5412,0,24229.08,0.0084,2026-07-25 11:35:17.479934
UCbFI12DlRZct_ecuUENGVhA,Gina Shkeda,1,208610,5800,273,0,417.22,0.0291,2026-07-25 11:35:17.479934
UCbFSZbbTkAj5u_8_4CiaLdw,Daily Fails,3,2509417,16900,2233,0,5018.83,0.0087,2026-07-25 11:35:17.479934
UCbFVi0sNxHZo9tGPa3bEsRw,Kabul Daily,9,568788,9290,559,0,1137.58,0.0242,2026-07-25 11:35:17.479934
UCbFiY26-1IePqMS_IxCToYw,Schauspielhaus Graz,1,1102,0,0,0,2.2,0.0,2026-07-25 11:35:17.479934
UCbFiijaMeVQ_-LK_DJr2zGw,crazyhacker,1,363222,5300,260,0,726.44,0.0153,2026-07-25 11:35:17.479934
UCbFut4F6CfkYjsxS33IFvhA,Begüm Yılmaz,6,111133,2648,208,0,222.27,0.0294,2026-07-25 11:35:17.479934
UCbG5wD8YUEifyhp-_gVoNQA,İşte TÜRK,2,1139067,6700,131,0,2278.13,0.0061,2026-07-25 11:35:17.479934
UCbGAFSv27XRtnctb9WohZ0w,Redenchen,5,2846035,29121,2355,0,5692.07,0.0183,2026-07-25 11:35:17.479934
UCbGF3pjiUa5d5doH02co48Q,Tasjeelat Haramain,2,508265,3000,150,0,1016.53,0.0062,2026-07-25 11:35:17.479934
UCbGHzrQf9QdFjoHpnqvJ-Vg,LeileiStyle,1,1452740,7400,1000,0,2905.48,0.0058,2026-07-25 11:35:17.479934
UCbGK6Xp7Ya_rvEpIsKUIcoQ,Studio Ronis,2,594385,972,379,0,1188.77,0.002,2026-07-25 11:35:17.479934
UCbGUj6d7PBDSTh74j-qmsdQ,Shacklemore,1,309733,4000,915,0,619.47,0.0159,2026-07-25 11:35:17.479934
UCbH1Unbx9JP48bC_teckmNA,Bursa Büyükşehir Orkestra,1,65,2,0,0,0.13,0.0308,2026-07-25 11:35:17.479934
UCbH8jC05YYKDA2YCiwDqgXQ,enik altrusian,1,7044319,20000,5100,0,14088.64,0.0036,2026-07-25 11:35:17.479934
UCbHKJjSXWta2bVjcOzT_Prw,Faruk Çalık,2,3140,38,2,0,6.28,0.0134,2026-07-25 11:35:17.479934
UCbHKjwr0HJA2YC6uIuLioEg,GRKN,2,215240,11300,173,0,430.48,0.0537,2026-07-25 11:35:17.479934
UCbHS8HOM1kWyTOodtCQ4R8g,Emel Demiral,1,5435464,16000,1000,0,10870.93,0.0031,2026-07-25 11:35:17.479934
UCbHaUJVOvcfUA-Xv5y8FFVg,Angelina Kaplan,1,128300,1500,64,0,256.6,0.0122,2026-07-25 11:35:17.479934
UCbIzL-of1Mz_wY9GuNTexQw,Swavy Curly Courtney,5,534286,12111,319,0,1068.57,0.0274,2026-07-25 11:35:17.479934
UCbJ1LdqvLvPYwnhQa2FehqA,DWDD LAB,1,26507,284,7,0,53.01,0.011,2026-07-25 11:35:17.479934
UCbJEaXqNLxvZCcMmt3nlivA,Maya Estetik,1,495326,4500,458,0,990.65,0.01,2026-07-25 11:35:17.479934
UCbJ_jxOBRTz6MLE2b3EfyLQ,Xorazm NET,1,1052788,1800,457,0,2105.58,0.0021,2026-07-25 11:35:17.479934
UCbK1O-GSEDwjdSO5udBVrxQ,Deepica Mutyala,1,229909,4200,264,0,459.82,0.0194,2026-07-25 11:35:17.479934
UCbK6S8jFtYZ3UnPhWRIJ0bA,Gabriella9797,7,12323772,202000,2759,0,24647.55,0.0214,2026-07-25 11:35:17.479934
UCbKW7smxCcAvvatHJFLlIhw,News Be Funny,11,78891971,443900,33650,0,157783.93,0.0064,2026-07-25 11:35:17.479934
UCbKfCQ7179WgsPC_lRCdWXg,Sefa Diyar,1,324161,595,46,0,648.32,0.002,2026-07-25 11:35:17.479934
UCbKlDuCED2xyZY4i-tTR0tQ,Royal Fashion Channel,2,2385386,7900,1018,0,4770.77,0.0038,2026-07-25 11:35:17.479934
UCbKtyFhOTzb2-KlcihJwpSA,StudyoHAKAN Bigadiç,1,17420,41,2,0,34.84,0.0025,2026-07-25 11:35:17.479934
UCbKzvVC1-SzXFfM1DOWCQ6Q,Mustafa Hulusi Demirel,1,12078,79,2,0,24.16,0.0067,2026-07-25 11:35:17.479934
UCbLZsAxhanNs6bXp4QFWnZQ,HSenlendiriciVEVO,2,6079890,33000,1169,0,12159.78,0.0055,2026-07-25 11:35:17.479934
UCbLtFIy48XGe4YfU3lT9KqQ,miMaO Style,2,69638,524,63,0,139.28,0.0103,2026-07-25 11:35:17.479934
UCbM1ckH5re_idk2vVQx--Yg,Fit Traveler,9,819621,26800,1943,0,1639.24,0.0406,2026-07-25 11:35:17.479934
UCbMJMzjCW6SmEcM3nBdb6Dg,Cansu Yegin,14,3036977,55646,3312,0,6073.95,0.0275,2026-07-25 11:35:17.479934
UCbMMC-7JbQLwi1UT865iLUg,ibrahim ali,1,923179,1900,370,0,1846.36,0.0025,2026-07-25 11:35:17.479934
UCbMVYFIWtp3NJR4LUvttbMQ,Wonders Of Classical Music,1,9572,73,32,0,19.14,0.011,2026-07-25 11:35:17.479934
UCbMXxr8nbwGq1AbnoTypUYg,MATEMATİK GÖKHAN ÖZKARS,1,2700660,32000,2400,0,5401.32,0.0127,2026-07-25 11:35:17.479934
UCbMihoIlt_0NOwR9TA_XXvg,HuCuRuS,1,61138,134,15,0,122.28,0.0024,2026-07-25 11:35:17.479934
UCbN32-XMb3R7xiYwJY5JYAA,Halil Özcan,19,552909,1239,262,0,1105.81,0.0044,2026-07-25 11:35:17.479934
UCbN8ukOSiZGbVwmelUTbYJg,Abdurrahim Kayabaş,2,36515,129,16,0,73.03,0.0039,2026-07-25 11:35:17.479934
UCbNAa2rIrHgC0NoRMFiV7og,Erhan Production,1,144,3,0,0,0.29,0.0208,2026-07-25 11:35:17.479934
UCbNRh2csAjYvft_AF--M7qw,mehmet nilüfer,3,389755,1382,258,0,779.5,0.0116,2026-07-25 11:35:17.479934
UCbNcWk53PCia_msfHrKZxgQ,আধুনিক সমরাস্ত্র - Modern Weapons,1,61812,1700,99,0,123.62,0.0291,2026-07-25 11:35:17.479934
UCbNl7n6bxXiPh73q6GogFIA,Top 10,2,14045053,34100,8115,0,28090.11,0.0023,2026-07-25 11:35:17.479934
UCbNqgC5fdgGpgxVjtLkvRyg,Osman Nuri Topbaş,3,58802,1204,38,0,117.6,0.0218,2026-07-25 11:35:17.479934
UCbO9bltbkYwa56nZFQx6XJg,Manny Mua,13,16447712,732600,25202,618,32895.43,0.0533,2026-07-25 11:35:17.479934
UCbOCW3mgqFeCouNyJqx9T0g,minikdev buyukask,1,503120,2100,50,0,1006.24,0.0043,2026-07-25 11:35:17.479934
UCbOUAxsMlVpGUyDwrKK5IOQ,HAZIR MUTFAK,1,1109386,0,0,0,2218.77,0.0,2026-07-25 11:35:17.479934
UCbOh7f6EoY4K-2Vvii-17xg,ROMEO &amp; CO. YOUTUBE EXPERIENCE,1,1012866,0,0,0,2025.73,0.0,2026-07-25 11:35:17.479934
UCbOoYBARX8dcQEAsa9qXRoQ,"Fun,Fun &amp; Fun",1,5714763,11000,2700,0,11429.53,0.0024,2026-07-25 11:35:17.479934
UCbOzes7CQqtpUYQrZwaElbg,Turgut Uç,1,35270,928,28,0,70.54,0.0271,2026-07-25 11:35:17.479934
UCbP0hjFiW9CEnL9HpSPbK_Q,Artkala,5,13492389,87500,11421,0,26984.77,0.0096,2026-07-25 11:35:17.479934
UCbP7O1WbS32ph5enOK23d8A,Denizliwebtasarim,1,105298,174,44,0,210.6,0.0021,2026-07-25 11:35:17.479934
UCbPAjhg0lDFl98E0BVGiFSw,Orhun Ege Cansaran,1,545,8,3,0,1.09,0.0202,2026-07-25 11:35:17.479934
UCbPeHpeM0ICsTqIha90sZ5g,Aslan Kar,2,172095,1466,91,0,344.19,0.0094,2026-07-25 11:35:17.479934
UCbPtcznc26KHnyWHaBUZdIA,popstartamer,3,284353,514,41,0,568.7,0.0019,2026-07-25 11:35:17.479934
UCbQj1aJiioDM8g0tmGmtC_w,This Crazy Life,2,1298080,5210,688,0,2596.16,0.0094,2026-07-25 11:35:17.479934
UCbQofpGfudo6nVDG8DyMFtg,The University of Melbourne,1,694099,0,0,0,1388.2,0.0,2026-07-25 11:35:17.479934
UCbQojMtdAqOoWqv5ndL40Tg,Burası Çan,4,68849,126,16,0,137.71,0.0039,2026-07-25 11:35:17.479934
UCbR2VFvkw4b3OEGx_pjuc8A,Corinne Vigniel,1,7314,128,11,0,14.63,0.019,2026-07-25 11:35:17.479934
UCbRJ2IkQVSX_2MFj2xfuXAQ,Erik Stoop,1,1540140,5300,551,0,3080.28,0.0038,2026-07-25 11:35:17.479934
UCbRLHdWEViMmKKlb3cp4ozA,ridak55,1,869641,3800,235,0,1739.28,0.0046,2026-07-25 11:35:17.479934
UCbRWAWD9ZXTs7IvEJ7c1T_Q,Hüseyin Cınar,3,380208,4354,158,0,760.41,0.0122,2026-07-25 11:35:17.479934
UCbS8lAzGFBRyHYC8ibwcyyQ,Jalopnik,1,4836,155,12,0,9.67,0.0345,2026-07-25 11:35:17.479934
UCbSEdZSMguuADhzdTW90IRQ,Necati ve Saykolar,1,109486,1000,25,0,218.97,0.0094,2026-07-25 11:35:17.479934
UCbSJenDrTbBedSQvpGxG3Ug,Китайская Посылка,1,1057897,5500,1900,0,2115.79,0.007,2026-07-25 11:35:17.479934
UCbS_glb2N1NVTrDLVryRbng,News Center,1,18483,120,34,0,36.97,0.0083,2026-07-25 11:35:17.479934
UCbSaNIcW9LZeveIMv91H-4w,HOT motors,4,13500056,44941,5356,0,27000.11,0.0064,2026-07-25 11:35:17.479934
UCbTMeHc82kdBcXLzkzJValQ,Coşkun Aral Anlatıyor,9,1283228,68900,899,0,2566.45,0.0724,2026-07-25 11:35:17.479934
UCbTcTeRX6UogmvG8H-MnZNw,murat gurbuz,2,11427,21,5,0,22.85,0.0021,2026-07-25 11:35:17.479934
UCbTcbN9SudhNXzbXc1_OSkg,"Azan.ru - Иман, Ислам, Ихсан",3,1506537,17738,767,0,3013.08,0.0428,2026-07-25 11:35:17.479934
UCbThvG_dsKsdTfbc9DERS3g,LOukik Das Photography,1,8491,121,25,0,16.98,0.0172,2026-07-25 11:35:17.479934
UCbTjKjtzDslM6WIguzsjpaw,Santi Zitro7,2,15367449,73000,6200,0,30734.89,0.0052,2026-07-25 11:35:17.479934
UCbTjWUAR541BgD5AlHkwoKg,argun1,2,210926,793,123,0,421.85,0.0041,2026-07-25 11:35:17.479934
UCbTrX7W-5FCoB5MG_izritw,skılküp Ext,1,5085,12,2,0,10.17,0.0028,2026-07-25 11:35:17.479934
UCbU1uxUQaVh76Ww8PPI5lTg,دراما عالماشي,1,478844,5100,397,0,957.69,0.0115,2026-07-25 11:35:17.479934
UCbU4dfQRcxHN1DoqFiHXFLw,Красимир Петров,3,1001009,1712,619,0,2002.01,0.0062,2026-07-25 11:35:17.479934
UCbUIW1DXZTfF85826sgjhoA,Medya Baronu,3,292749,4200,179,0,585.5,0.0149,2026-07-25 11:35:17.479934
UCbUKvfbz7JVCI6dAJAVXwLQ,Rp-200 and my hobby,1,366684,2800,166,35,733.37,0.0082,2026-07-25 11:35:17.479934
UCbULqc7U1mCHiVSCIkwEpxw,Hiroyuki Terada - Diaries of a Master Sushi Chef,1,1132236,15000,720,0,2264.47,0.0139,2026-07-25 11:35:17.479934
UCbUM3u2artTst8mTKQGydLA,Aslı Ateş,1,5134,110,15,0,10.27,0.0243,2026-07-25 11:35:17.479934
UCbUnRAAbnCI8OF1VYUDfUzw,camideyiz biz,1,4957,70,2,0,9.91,0.0145,2026-07-25 11:35:17.479934
UCbUpsTTIBu5XfRW48ZfBQ2g,Got To Dance Sky1,1,19883732,32000,2100,0,39767.46,0.0017,2026-07-25 11:35:17.479934
UCbUxxmgF-sfPOwLVV92Ob_g,SiVIDEO AVIATION,1,1085,17,0,0,2.17,0.0157,2026-07-25 11:35:17.479934
UCbV60AGIHKz2xIGvbk0LLvg,Jay Shetty,1,456265,7600,232,0,912.53,0.0172,2026-07-25 11:35:17.479934
UCbVYoOxsmlWzbvhqUqLM9Aw,Yegin Family,2,269473,7600,314,0,538.95,0.0293,2026-07-25 11:35:17.479934
UCbVl0kRLp2m7Yu3fgg5tAiQ,Prof. Saraçoğlu ile Hayat ve Sağlık,1,68569,639,48,0,137.14,0.01,2026-07-25 11:35:17.479934
UCbVlApkSGESuO1s2QiaQInQ,TAIR Creative Studio,5,526990,18481,360,0,1053.99,0.0414,2026-07-25 11:35:17.479934
UCbWF7ElHb7wbZkEs2mDvoaw,Bulgaria ON AIR,19,961124,8605,522,0,1922.23,0.0093,2026-07-25 11:35:17.479934
UCbWIIXLAGrpsTN1xwXBuaqQ,yeliz uzunoğlu,1,123962,261,27,0,247.92,0.0023,2026-07-25 11:35:17.479934
UCbWR0WkU2VTeswYzz96-DJQ,5 Minuti Creativi - RAGAZZE,7,3542997,32464,2734,0,7085.98,0.0135,2026-07-25 11:35:17.479934
UCbWUEnTRHb3bRdrnovq8iuA,Football Daily,18,12786813,139463,8537,0,25573.63,0.0195,2026-07-25 11:35:17.479934
UCbWUSrYkTXUqkuJEZJjl9pg,ROCKET'S DIGEST,1,517538,1400,233,0,1035.08,0.0032,2026-07-25 11:35:17.479934
UCbWXaZmPB_4h3wSLhNoM3-g,PrekodolcePresident,1,561118,925,87,0,1122.24,0.0018,2026-07-25 11:35:17.479934
UCbWZXyQSYbOl_gZs5ifTttw,John Way,2,79893,157,10,0,159.79,0.0012,2026-07-25 11:35:17.479934
UCbWew72Z_0xyBSGWO7tm2Gw,LASSA,14,596208,6167,445,0,1192.41,0.018,2026-07-25 11:35:17.479934
UCbWudwaAaqHLLv5eEbPwigg,DerSoerper78,1,7684039,40000,1500,0,15368.08,0.0054,2026-07-25 11:35:17.479934
UCbXBMAQ16fVF3YIGhe7p3qg,incikoyu poskof,2,417825,1161,269,0,835.65,0.0032,2026-07-25 11:35:17.479934
UCbXEdNBbguZkuIDAR9UhQdg,Fotomaç TV,1,11420,103,13,0,22.84,0.0102,2026-07-25 11:35:17.479934
UCbXHTzC0XB-YiLkdgKzpksQ,Prodigy Clan,1,131,2,0,0,0.26,0.0153,2026-07-25 11:35:17.479934
UCbXTtVr-7Esg1Z2m1nsGu4Q,q6t4uj9e37g,4,323281,1023,90,0,646.56,0.0032,2026-07-25 11:35:17.479934
UCbX_EdAn-47KTPIwU1Y7Huw,Özcan Türe,1,1088256,4500,260,0,2176.51,0.0044,2026-07-25 11:35:17.479934
UCbXy8Rsm8s03_m2l98nv7Fg,Bilge Golge,1,120332,1300,57,0,240.66,0.0113,2026-07-25 11:35:17.479934
UCbY2eLVHnniavadMcnve8fQ,RemiProduction,1,111012,124,31,0,222.02,0.0014,2026-07-25 11:35:17.479934
UCbY4lSptTefrIaNH_7BekYQ,Nusantara Macrame,3,74649,755,25,0,149.3,0.0106,2026-07-25 11:35:17.479934
UCbYCu7adMCdk9LBeXOt7_Vw,ForteTenors,1,1907527,9200,324,0,3815.05,0.005,2026-07-25 11:35:17.479934
UCbYINoOKU5tm8aQPVxrbiNQ,ae5485,1,851270,6200,190,24,1702.54,0.0075,2026-07-25 11:35:17.479934
UCbYRklKOLj6XhIjZFC9DOSg,mustafa şakar,2,1063481,2571,217,0,2126.96,0.0026,2026-07-25 11:35:17.479934
UCbYWc4DGIw_Yw7EfV07tzxg,Mustafa Tosun,2,42794,327,37,0,85.58,0.009,2026-07-25 11:35:17.479934
UCbYpByEVgDYHgHdZPLs-Tsw,meneksecafe01,1,28934,140,16,0,57.87,0.0054,2026-07-25 11:35:17.479934
UCbZX4y3nNnXcEQW-F868TFQ,Jumbo TV,3,496964,7900,408,0,993.93,0.0237,2026-07-25 11:35:17.479934
UCbZh5uPCfxhjaamFqpgPWAg,Burak yıldız,1,90784,593,77,0,181.57,0.0074,2026-07-25 11:35:17.479934
UCb_-mlFoQ8pn-TJsTom5asg,Los secretos de Pandora,1,18307,755,27,0,36.61,0.0427,2026-07-25 11:35:17.479934
UCb_-nMjkudntAMN0GCDquhQ,Mimi's Signature,2,25970,1744,38,0,51.94,0.0645,2026-07-25 11:35:17.479934
UCb_IFctXudlS2WPJ1CZ6qJQ,Sevde Altunışık Sürmeli,3,30635,1404,32,0,61.27,0.0553,2026-07-25 11:35:17.479934
UCb_SvkYXORCHs7mlKxKdGxw,Tuğba Hatipoğlu,3,113840,1262,127,0,227.68,0.0161,2026-07-25 11:35:17.479934
UCb_Zzjs0PuJXt0pTHwGubtw,Tractor Lover,1,35729,139,49,0,71.46,0.0053,2026-07-25 11:35:17.479934
UCb_cY6J_UYJJ9GsERaEJexQ,ertürk karataş,1,384164,739,55,0,768.33,0.0021,2026-07-25 11:35:17.479934
UCb_hAZlPxEOaPDgu2b2m-yg,Tugba Tunckaya,1,31376,419,27,0,62.75,0.0142,2026-07-25 11:35:17.479934
UCb_kshGodseYhLPcDtxWv5w,Meditation Relax Music,4,14918257,83939,6747,0,29836.52,0.0078,2026-07-25 11:35:17.479934
UCb_nPZZ-yP6pgUDmomEvcaA,Kaylah Apples,1,47519,882,22,0,95.04,0.019,2026-07-25 11:35:17.479934
UCb_uubhMr28OYeGGMJMpqxg,Baydamar Ersin Resmi,1,11372,222,5,0,22.74,0.02,2026-07-25 11:35:17.479934
UCba3hpU7EFBSk817y9qZkiA,LA NACION,5,1577224,9773,1183,0,3154.44,0.0075,2026-07-25 11:35:17.479934
UCbaGn5VkOVlcRgIWAHcrJKA,Cut,12,120019002,2194700,66131,0,240037.99,0.0249,2026-07-25 11:35:17.479934
UCbaLyHJp6S9Lsj6oT9aJsQw,AKİT TV,54,1783540,11328,1752,3,3567.07,0.0191,2026-07-25 11:35:17.479934
UCbahdJ0yJ0NbSuWSaboSyuQ,efekan NARLI,1,176657,279,27,0,353.31,0.0017,2026-07-25 11:35:17.479934
UCbai5DFThrN0I8APJKZWcAA,mechul mechul,1,428534,868,129,0,857.07,0.0023,2026-07-25 11:35:17.479934
UCbayULyDyHCQaxQ18raKsDw,okto5,6,17583952,47616,19149,0,35167.91,0.005,2026-07-25 11:35:17.479934
UCbbGlBE0z65RGHuKLdJ3DDA,BEAUTY INSIDER,5,13187544,24102,5941,0,26375.09,0.002,2026-07-25 11:35:17.479934
UCbbIvfhCX1tItOPA2mZbCXQ,КовкаГрад,1,1084522,6100,629,0,2169.04,0.0062,2026-07-25 11:35:17.479934
UCbbSMkFFVSSsyQKVe8_Iaxw,AlacamMaden,1,7967,9,2,0,15.93,0.0014,2026-07-25 11:35:17.479934
UCbbtaznOJyg9o8FJgP-HYSg,Escala Manila,1,453500,3000,322,0,907.0,0.0073,2026-07-25 11:35:17.479934
UCbbu1j-Ko9M7KcTfCOJfTfw,Top10List,1,1848838,5600,842,0,3697.68,0.0035,2026-07-25 11:35:17.479934
UCbbx7msYKamwOeRUkaqCTAQ,Geek Street Travels,1,85207,370,48,0,170.41,0.0049,2026-07-25 11:35:17.479934
UCbc0mWzMZVK5uKji8nGSVlQ,Ercan koç,1,17503,70,8,0,35.01,0.0045,2026-07-25 11:35:17.479934
UCbcEaY3QGVt4e5IifLxW2DA,Dolls Beauty,5,4113479,18600,4342,0,8226.96,0.0062,2026-07-25 11:35:17.479934
UCbcxFkd6B9xUU54InHv4Tig,Tennis TV,1,1552992,7300,257,0,3105.98,0.0049,2026-07-25 11:35:17.479934
UCbdZdPvBPMmyHbK57sfmjlg,Muammer Yeşiltepe,1,623,6,3,0,1.25,0.0144,2026-07-25 11:35:17.479934
UCbeCsTppwUtIhQBBcHwNySQ,BeN AHMET,1,2158,52,2,0,4.32,0.025,2026-07-25 11:35:17.479934
UCbeIFBwjm2LhcMTqu6NGMsg,Rıdvan FADILOĞLU,1,101542,943,74,0,203.08,0.01,2026-07-25 11:35:17.479934
UCbeKy1i2cT7nDj_LGC1ImgA,Benden Size,28,7147759,78893,7375,0,14295.52,0.0235,2026-07-25 11:35:17.479934
UCbeOjA8AFqVA9qF6MHiPugg,Sadovnik Live,1,24968,1400,43,0,49.94,0.0578,2026-07-25 11:35:17.479934
UCbeU_6FvaayjpBR81QaciGw,safarici,1,84318,0,0,0,168.64,0.0,2026-07-25 11:35:17.479934
UCbeYbozg9WD8cGUcylgjxMg,Tihomir Draganov - DJ Tuto,1,6537,91,5,0,13.07,0.0147,2026-07-25 11:35:17.479934
UCbeaRl1DH0sOdkI0L-Fo6CQ,Bor Müzik Produksiyon,5,23572385,81279,6949,0,47144.77,0.0133,2026-07-25 11:35:17.479934
UCbefbKZAfqn5u_Kfdc_-vpw,Room for Discussion,1,5225,20,15,0,10.45,0.0067,2026-07-25 11:35:17.479934
UCbew-AjM7ZDAEta-KrjMG6Q,TaTLiKuRDKiZi21,1,405095,793,173,0,810.19,0.0024,2026-07-25 11:35:17.479934
UCbf8Tfc3luOEH_SyMvlGZhg,MIRLLETH MARTINEZ,1,3389712,56000,3300,0,6779.42,0.0175,2026-07-25 11:35:17.479934
UCbfh6_5cTFt7ssdMnNT02ww,Kızılcahamamlı Ahmet,1,7592,65,2,0,15.18,0.0088,2026-07-25 11:35:17.479934
UCbg1w-CmjnutLa7IOY9Z7nA,Ahmet Bozkus,9,513910,25800,1038,0,1027.82,0.0671,2026-07-25 11:35:17.479934
UCbgBTg1KfELBly9pk2XnpVA,cnr cnr,1,83906,244,42,0,167.81,0.0034,2026-07-25 11:35:17.479934
UCbgHynsYbf2-FhYj6Lrzgqg,AKSARAYBJK68,1,207551,462,18,0,415.1,0.0023,2026-07-25 11:35:17.479934
UCbgpLiRKADm96QC7qBF8bRA,POLİS NOKTASI Official,1,266033,3200,135,0,532.07,0.0125,2026-07-25 11:35:17.479934
UCbh-a2JSNpfzNEcrBu_k8nQ,NBK ROCK,1,2591658,12000,480,0,5183.32,0.0048,2026-07-25 11:35:17.479934
UCbh3_PmYzC2PQv4L7WbD7iQ,Haluk Özözlü,4,403199,1213,160,0,806.4,0.0033,2026-07-25 11:35:17.479934
UCbh6TRl0oxEMbZmYOw921NA,volkan tunç,1,3679,3,2,0,7.36,0.0014,2026-07-25 11:35:17.479934
UCbhCByOkWVAMxv3kGKxksLw,EMRE YILDIRIM,1,1753189,4100,504,0,3506.38,0.0026,2026-07-25 11:35:17.479934
UCbhCnZ7VE_aor8KP7E11wtQ,Dogus Cabakcor,3,759050,21900,466,0,1518.09,0.0322,2026-07-25 11:35:17.479934
UCbhG-u1yOiASOoYwy6bhCHg,karakartal06,1,481663,1000,72,0,963.33,0.0022,2026-07-25 11:35:17.479934
UCbhfGX8BFyfSycb7gi3098w,sedat saygın,1,6465995,19000,2600,0,12931.99,0.0033,2026-07-25 11:35:17.479934
UCbhj0q0WSv5uEPd12X35_IQ,DOLLS DRAWING &amp; PLAYING,1,31379219,153000,39000,0,62758.44,0.0061,2026-07-25 11:35:17.479934
UCbhk5KgMCIVyy_FOXUWrBiw,Syos world,1,29486,1700,7,0,58.97,0.0579,2026-07-25 11:35:17.479934
UCbi3qgCxpabBqzmEi7WuUdA,무료오디오북 채널,1,974,11,2,0,1.95,0.0133,2026-07-25 11:35:17.479934
UCbi9VQaRNV5kS6rgSGD41fg,Art Studio,1,214984,647,69,0,429.97,0.0033,2026-07-25 11:35:17.479934
UCbiArNwA5Kso1dWSw_dLn1g,Teammy - турецкие сериалы и звезды,3,285158,1827,224,0,570.32,0.0086,2026-07-25 11:35:17.479934
UCbiDEqiKr5Kv_QrngUfLlmQ,BİR TÜRKÜ İSTE,1,15540,261,11,0,31.08,0.0175,2026-07-25 11:35:17.479934
UCbiGiYV-DFkvqF_gB6t51Ig,New Weapons,1,1899725,3400,709,0,3799.45,0.0022,2026-07-25 11:35:17.479934
UCbiWRWZ-DyYV3oMa7VununQ,gezigezive,1,299531,5500,211,0,599.06,0.0191,2026-07-25 11:35:17.479934
UCbiawNgMYmNAbVEyupE2WIA,050fifty,1,1277688,3200,249,0,2555.38,0.0027,2026-07-25 11:35:17.479934
UCbicZ627QQUYphBbf5pV1CQ,gnh64,1,3743,28,0,0,7.49,0.0075,2026-07-25 11:35:17.479934
UCbj-FWkQVROIT9Zb4hJ7qKA,Komik Compilation TR,2,134009,1221,74,0,268.02,0.0093,2026-07-25 11:35:17.479934
UCbj6jO9I4cr3H67MmSd1iuw,lazug Re,1,826378,1700,736,0,1652.76,0.0029,2026-07-25 11:35:17.479934
UCbjHc7ceymiaOpJawji0cLg,Kolay Doğal Yemek Tarifleri,1,172637,2000,170,0,345.27,0.0126,2026-07-25 11:35:17.479934
UCbjWiBnNxMc4NX6vryCeYIg,Wadadreamsoflove,2,436525,4600,492,0,873.05,0.0059,2026-07-25 11:35:17.479934
UCbkCXBqIJjjUilZ2Blher6A,ASAN xidmət,1,10160,98,4,0,20.32,0.01,2026-07-25 11:35:17.479934
UCbkHPe3-J0PLC-wPP0r7KzA,Çağdaş YENİDEDE,3,11992,83,4,0,23.99,0.0072,2026-07-25 11:35:17.479934
UCbkMaDtzEYKcuM_jiHJt02w,AKÇA KÖY,1,64035,182,26,0,128.07,0.0032,2026-07-25 11:35:17.479934
UCbkUpQsIYlyBJDmTjTfMNxg,yöresel müzik,1,27293,56,8,0,54.59,0.0023,2026-07-25 11:35:17.479934
UCbkVYtlXEw9a02HgUu3c89w,Mecit Korkut,2,2374565,13024,1602,0,4749.13,0.0088,2026-07-25 11:35:17.479934
UCbkrifxiaHa0nVwW2sDCVqw,Attaché,1,531184,5600,306,0,1062.37,0.0111,2026-07-25 11:35:17.479934
UCbl1qDY3mNvzxakoAPSM_kQ,Shaan Muttathil,1,26652,974,17,0,53.3,0.0372,2026-07-25 11:35:17.479934
UCbl7HvTYsu6lrwuoELTB00A,Welztop TV,2,5678,93,7,0,11.35,0.0192,2026-07-25 11:35:17.479934
UCblBLUEmu6x7sUR1lWZum4g,Fatih Yağcı,3,182482,10300,268,0,364.96,0.0723,2026-07-25 11:35:17.479934
UCblTxKU1OBt1cvRhZ-fKAsQ,efe2053,1,29184340,68000,4600,0,58368.68,0.0025,2026-07-25 11:35:17.479934
UCblfuW_4rakIf2h6aqANefA,Red Bull,1,143118,1100,76,0,286.24,0.0082,2026-07-25 11:35:17.479934
UCblxOYgXdlcQqoSEY3fhHFw,Nicoletta xo,3,1169738,18800,1767,0,2339.47,0.0215,2026-07-25 11:35:17.479934
UCbmIo-CQ1q-V5paTFAE4lCQ,suzukoff,2,95592,794,43,0,191.18,0.0064,2026-07-25 11:35:17.479934
UCbmMTkzfKX5u7eMRTVjNA2A,Film TR,1,4459673,42000,5800,0,8919.35,0.0107,2026-07-25 11:35:17.479934
UCbmNph6atAoGfqLoCL_duAg,Talks at Google,29,6065257,76474,3834,0,12130.49,0.0135,2026-07-25 11:35:17.479934
UCbmRS3i-yPQzsz2B5EM43hQ,Stef Hoffer,1,2945414,9100,1100,0,5890.83,0.0035,2026-07-25 11:35:17.479934
UCbmdpa2uOuE5bomj0_q7Z9Q,Hits On Air Music,1,64334,429,29,0,128.67,0.0071,2026-07-25 11:35:17.479934
UCbmh6M_YwBqTdB6ne_6A4Fg,Peinados Nahiara,1,767988,5700,595,0,1535.98,0.0082,2026-07-25 11:35:17.479934
UCbmz9xVPyoC5sRwiOssXeEA,Sturmanskie3133,1,2423312,9500,559,0,4846.62,0.0042,2026-07-25 11:35:17.479934
UCbn08INQoLzQs3J-KNxfEPw,MyMilitary,1,1348504,2400,343,0,2697.01,0.002,2026-07-25 11:35:17.479934
UCbnDvToELYArnOehewrSFMA,Gazete32,2,115940,216,27,0,231.88,0.0042,2026-07-25 11:35:17.479934
UCbnFeQrHy1or3IuOL8bJQyw,101 EAST,1,295978,3100,193,0,591.96,0.0111,2026-07-25 11:35:17.479934
UCbnY-O1Pse1lekxYWqVJwgg,The DIY Mommy,3,3581049,63900,2014,0,7162.1,0.0332,2026-07-25 11:35:17.479934
UCbn_8YWAAaiVf5rg_RBk3Gg,Ali Akduru,1,255190,1500,167,0,510.38,0.0065,2026-07-25 11:35:17.479934
UCbne4RUHQN2pkRHYbjpp5Sg,murat yatmanes,1,64160,176,34,0,128.32,0.0033,2026-07-25 11:35:17.479934
UCbo8KNh6TkMU_JiKqcQXHkw,MUNZUR BABA,1,493674,2700,216,0,987.35,0.0059,2026-07-25 11:35:17.479934
UCboL7HnzzOmvwFidsbl3h2Q,GÜLTEKİN ASLAN,1,124067,1000,152,0,248.13,0.0093,2026-07-25 11:35:17.479934
UCboQK2pH3xWakPOJv91RbOA,BARIŞ BRA,4,2531316,105000,4448,0,5062.63,0.0557,2026-07-25 11:35:17.479934
UCboS0faGVeMi3n5_2LsVazw,Janet Stephens,2,675196,11194,386,0,1350.39,0.0113,2026-07-25 11:35:17.479934
UCboYVQmYIeI4GeroaPPKn9A,Yusuf Can Türkmen,6,1798500,6292,527,0,3597.01,0.0072,2026-07-25 11:35:17.479934
UCboeeuYcOaPfvDhy7e4A5Pw,Mark Brandon,1,6119,52,12,0,12.24,0.0105,2026-07-25 11:35:17.479934
UCbofWk6YVz35xRvpGLXFA3g,Imeti Urim,1,168849,460,68,0,337.7,0.0031,2026-07-25 11:35:17.479934
UCboih7NRpbZICwHpY1jqfRQ,Uras Zincir Makina Chain &amp; Machine,1,1950,10,2,0,3.9,0.0062,2026-07-25 11:35:17.479934
UCbp-YriO8NhHW9ejJSIQ1jA,Melly Sanchez Canal En Español,1,154894,8100,106,0,309.79,0.053,2026-07-25 11:35:17.479934
UCbpFDh4iC0TpRmQ8d97_EiA,beautybyama,1,855,20,2,0,1.71,0.0257,2026-07-25 11:35:17.479934
UCbpMy0Fg74eXXkvxJrtEn3w,Bon Appétit,3,5036690,106000,2515,0,10073.39,0.0245,2026-07-25 11:35:17.479934
UCbpVIiTFFFBUExOmhXKQrnw,Meltem Yılmaz,2,78830,557,121,0,157.66,0.0081,2026-07-25 11:35:17.479934
UCbpkmMfvXhvpfI-IGUQbHdg,Zelimir HBK,5,1619845,17600,357,0,3239.69,0.0215,2026-07-25 11:35:17.479934
UCbplsmLVnonY1gmgEfhEbAA,Eklib MG,1,37866,318,12,0,75.73,0.0087,2026-07-25 11:35:17.479934
UCbpnvoJQ9ixAn_QaKPitxBg,Stereoleague,1,27143472,221000,4600,0,54286.94,0.0083,2026-07-25 11:35:17.479934
UCbq-4OJxnziD3awH-aTezeA,Real Wild,2,10248690,119991,3504,0,20497.38,0.0102,2026-07-25 11:35:17.479934
UCbq0bGdShXK5dMzEDU7nThA,FOX Haber,18,2676197,22091,3500,0,5352.41,0.0066,2026-07-25 11:35:17.479934
UCbq14H1Z9a_geUn_eszhEXg,Technology Channel,1,691948,1200,332,0,1383.9,0.0022,2026-07-25 11:35:17.479934
UCbq8aOyj9ZtIqcD-0MwG1fQ,HTV Entertainment,58,165676020,543734,82993,0,331352.03,0.0032,2026-07-25 11:35:17.479934
UCbq9S2JSQn1rE3WqxZC7nDQ,KivancTatlitugGroup,1,237365,565,39,0,474.73,0.0025,2026-07-25 11:35:17.479934
UCbqGlDYwrnHSOnFsW4WPQsA,CYPRUS PEACE OPERATION,4,44115,678,27,0,88.23,0.0213,2026-07-25 11:35:17.479934
UCbqPKKUdFdQEQfwHTlQaaFQ,Film Fragmanları,1,1376159,7400,216,0,2752.32,0.0055,2026-07-25 11:35:17.479934
UCbqUI6JBbOl1qz2CoXIi-pA,fenerbahcecizre,3,1667541,3803,380,0,3335.08,0.0025,2026-07-25 11:35:17.479934
UCbqVxtjS0NVRcfBH27_GtEA,Editorial Naturalbeauty556,8,24422613,313700,25427,0,48845.24,0.0159,2026-07-25 11:35:17.479934
UCbq_bcm8A2Oa19NqN_tb5cQ,Fatih ULUS,1,19524,242,11,0,39.05,0.013,2026-07-25 11:35:17.479934
UCbqe9sZ1SK4ZYk8bWNEu1jg,TEKE YÖRESI VE BURDUR YÖRESEL OYUN HAVALARI,22,1334525,2994,295,0,2669.05,0.003,2026-07-25 11:35:17.479934
UCbqlzrPEjGFi9_xDiWTWo5A,Feqan Memmedov Official,8,2205019,39800,1204,0,4410.04,0.0184,2026-07-25 11:35:17.479934
UCbqsseqCup87DQdM2eUHdMw,Salih K,1,590908,633,68,0,1181.82,0.0012,2026-07-25 11:35:17.479934
UCbrHs-Wzf_ayMk8hcHJnAxQ,Cavalier Group,1,26687,465,8,0,53.37,0.0177,2026-07-25 11:35:17.479934
UCbrZiqNHH8HgZXOxOrWQ6aA,Korece Öğreniyorum,1,951934,4400,457,0,1903.87,0.0051,2026-07-25 11:35:17.479934
UCbrZqTF1OqBULjdidwgegQA,M.EMİN BOZKURT,1,82377,511,23,0,164.75,0.0065,2026-07-25 11:35:17.479934
UCbrd1vu4_7qIE6IPV_dA-OA,GENIAL,62,163432936,4126000,270104,0,326865.89,0.0261,2026-07-25 11:35:17.479934
UCbrvw6Sdka5dRzWRGE6cPFA,AidaGarifullinaVEVO,1,544078,6700,249,0,1088.16,0.0128,2026-07-25 11:35:17.479934
UCbs3Y3-bbL4STO8dyhS70ZA,Davranış Bilimleri Enstitüsü,2,122784,1202,111,0,245.57,0.0079,2026-07-25 11:35:17.479934
UCbsHElWfmwKJv27p_4LtEnw,artstreetmiami,1,111055,530,39,0,222.11,0.0051,2026-07-25 11:35:17.479934
UCbsObMtz4YLeTC7cf10vZGQ,Merry Christmas,1,1610602,3400,477,0,3221.2,0.0024,2026-07-25 11:35:17.479934
UCbsPbJOA35AhtXOseRO0JeA,Karakullukcu,3,262344,7900,279,0,524.68,0.0437,2026-07-25 11:35:17.479934
UCbscKGpdjZkUak-d7eaDzHA,siamaksohrab,1,900275,3900,239,0,1800.55,0.0046,2026-07-25 11:35:17.479934
UCbseZ-W2yipgIGN0PXx88hw,music,1,543009,5300,94,0,1086.02,0.0099,2026-07-25 11:35:17.479934
UCbsfyGlrjrKQC0gbzK0-EiA,Jared Owen,3,4359825,59876,2105,0,8719.65,0.0155,2026-07-25 11:35:17.479934
UCbsiGqyNbgCbdRmIXjctKxw,Molatik,1,428926,11000,376,0,857.85,0.0265,2026-07-25 11:35:17.479934
UCbsnZhYv_NB31qetOdTTWKA,Harvard Kennedy School's Institute of Politics,2,82067,654,44,0,164.13,0.0102,2026-07-25 11:35:17.479934
UCbst0C1KQNaNprVP2jQJcHw,Faris Özyildirim,1,27330,222,17,0,54.66,0.0087,2026-07-25 11:35:17.479934
UCbstlPczpLA2np4klxb_YCg,Dilan Körkurt Photography,1,43560,176,20,0,87.12,0.0045,2026-07-25 11:35:17.479934
UCbtK-BLyH6zN7hXp842IF7Q,Osmanlı Tarihi,2,138219,587,99,0,276.43,0.0053,2026-07-25 11:35:17.479934
UCbtjvQdWap7gWJ4LDQO5bTA,Zülfü Livaneli,2,197962,1465,38,0,395.93,0.0077,2026-07-25 11:35:17.479934
UCbtlSe2SGt3o4nNRYULg6pw,LOVEuUAE,1,352032,9400,287,0,704.06,0.0275,2026-07-25 11:35:17.479934
UCbu5IJxGyw1HZ_d-V8MhXgg,DefenseWebTV,3,241822,2489,119,0,483.65,0.0149,2026-07-25 11:35:17.479934
UCbuIsn6QuFzQWyPe_nk472w,dabblerDOTca,1,4859070,3500,1200,0,9718.14,0.001,2026-07-25 11:35:17.479934
UCbuVWbIJL8Gi6HaJxEdmemg,Aziz Kiraz,1,9412,290,8,0,18.82,0.0317,2026-07-25 11:35:17.479934
UCburMRhYYtWRhj3XBLCEGag,Poll Lyric,1,9072,44,2,0,18.14,0.0051,2026-07-25 11:35:17.479934
UCbuvsAw-sbkeXGo4xQeZtow,Агентство новостей ТВ2,2,553612,4400,398,0,1107.23,0.009,2026-07-25 11:35:17.479934
UCbvAO15Wq4XVpC7MUrLF2Gw,McCombs School of Business,1,323,7,0,0,0.65,0.0217,2026-07-25 11:35:17.479934
UCbvCnJt_geDiz8aHqusrp1Q,genamourr,3,41511560,204000,23400,14,83023.12,0.0055,2026-07-25 11:35:17.479934
UCbvlOkKAHqd_S_hkLULbU_g,Kuzugiller,3,431658,4500,581,0,863.32,0.0373,2026-07-25 11:35:17.479934
UCbvxstY6gzGlaAPAVS_pRsw,Emily Blossoms,2,423,53,4,0,0.84,0.1339,2026-07-25 11:35:17.479934
UCbwEV6qbuFSSGko-1xmkraQ,Burak ErdoğanÖztürk,5,2968773,14487,1000,19,5937.55,0.0055,2026-07-25 11:35:17.479934
UCbw_7OvZFvI2uUgix2SUorA,nihat Özşarlak,1,3563386,7100,736,26,7126.77,0.0022,2026-07-25 11:35:17.479934
UCbwbejZ8vvu_CflPChVyIhw,Mercedes-Benz NL,1,718419,4200,540,0,1436.84,0.0066,2026-07-25 11:35:17.479934
UCbwev35vszgLitDp5B41eWg,gazete port,1,3749,21,3,0,7.5,0.0064,2026-07-25 11:35:17.479934
UCbwfUqs5Y6_jblWJwMIfRzA,Graham Phillips,1,155590,2100,126,0,311.18,0.0143,2026-07-25 11:35:17.479934
UCbwkSuFmwbalyCOrwXAtSXA,Regenere / Thierry Casasnovas,34,4929975,95857,5010,0,9859.94,0.0217,2026-07-25 11:35:17.479934
UCbxC2IbWls010OVnRz-uxjQ,Avissa,2,128886,3900,187,0,257.77,0.0318,2026-07-25 11:35:17.479934
UCbxN_zcLxTulJeTHii-toog,YAŞAM ALANI,1,29322,292,41,0,58.64,0.0114,2026-07-25 11:35:17.479934
UCbxbwh7MV5YOJ2HMzAu2zDg,Home &amp; Garden,3,17029981,122700,12037,0,34059.97,0.0148,2026-07-25 11:35:17.479934
UCbxf8uQ9SSRv-VqRUXQWq-A,Tayfun KALAFAT,1,624,4,0,0,1.25,0.0064,2026-07-25 11:35:17.479934
UCbxn82aRt4EFlo0C2MAyXpw,Edirne'den Kars'a,1,128091,408,79,0,256.18,0.0038,2026-07-25 11:35:17.479934
UCby0Hm3tOy-r_Ju2HcNBE8Q,Serkan oktay,1,768032,4000,239,0,1536.06,0.0055,2026-07-25 11:35:17.479934
UCby2dYAwRDib_eQ5-6P6Ffg,Sashinator0,1,775957,1900,84,0,1551.91,0.0026,2026-07-25 11:35:17.479934
UCby9bW1zWjLulDorVGBwgig,BlackGoldBaku,1,259767,1400,95,0,519.53,0.0058,2026-07-25 11:35:17.479934
UCbyE5OvaP4GJhKvPCXxjWvw,Fire Of Learning,1,1589609,15000,849,0,3179.22,0.01,2026-07-25 11:35:17.479934
UCbyEKM-JZ03rCL9j8EzNjmA,From Madrid To,2,222890,4635,890,0,445.78,0.0162,2026-07-25 11:35:17.479934
UCbyR64sHC3zcYK_7rytmXvQ,Gürkan Çapkan Official,5,686464,3948,244,0,1372.93,0.0069,2026-07-25 11:35:17.479934
UCbyawH6yI56MxZid7m2yLiA,Antena 1,1,71382,1000,56,0,142.76,0.0148,2026-07-25 11:35:17.479934
UCbyh2khOAr90eFzkTMNsPAg,Bulgan Music &amp; Production l بولغان ميوزك &amp; إنتاج,5,2005465,4745,820,0,4010.93,0.0039,2026-07-25 11:35:17.479934
UCbyihBDLoEczFB7WYlHPPNw,darburashid,1,2348816,9800,978,0,4697.63,0.0046,2026-07-25 11:35:17.479934
UCbysmY4hyViQAAYEzOR-uCQ,WNYC,1,31344,255,15,0,62.69,0.0086,2026-07-25 11:35:17.479934
UCbyuDkwi9RsavxoYwNVNkcQ,Inkstone,1,94774,554,185,0,189.55,0.0078,2026-07-25 11:35:17.479934
UCbzRzJNHx7ZLlJML9BjZQVQ,Top Rank Boxing,1,3477549,14000,1200,0,6955.1,0.0044,2026-07-25 11:35:17.479934
UCbzkBSo2-cCEKVVnejgC-Nw,missmai27,1,60130,186,6,0,120.26,0.0032,2026-07-25 11:35:17.479934
UCbzvvajmYfbYK_jtx2NOvhA,Liki bandon,2,34611,326,26,0,69.22,0.0106,2026-07-25 11:35:17.479934
UCc-28lJAkA_gWVNyem2jJYA,Ahmet Boz,2,282313,746,120,0,564.62,0.0029,2026-07-25 11:35:17.479934
UCc-ISYJT3eeeXjoOvHV9w8Q,Bubble™,2,30848977,405000,24700,0,61697.95,0.016,2026-07-25 11:35:17.479934
UCc-M-AdVgjf1wFzyDTJzfww,No Land,1,4216916,47000,642,0,8433.83,0.0113,2026-07-25 11:35:17.479934
UCc-SUjuOq7nbXoHimv3IsxQ,IgorRyltsev,1,54517,2200,40,0,109.03,0.0411,2026-07-25 11:35:17.479934
UCc-gByLZjhpCeYp0qFtGigg,Владимир Бельский,1,9451122,6000,2900,0,18902.24,0.0009,2026-07-25 11:35:17.479934
UCc0-30phb40cxKfzPWTWfFg,Iras Aras,1,7019461,43000,2400,0,14038.92,0.0065,2026-07-25 11:35:17.479934
UCc09ifKzL-BSX7Q5yDvb_Jg,Onedio Yemek,23,7903853,138163,10104,121,15807.72,0.0242,2026-07-25 11:35:17.479934
UCc0Cr9jn_B-5ShY5xY-TemQ,Türkü Pluss,15,20954,261,0,0,41.92,0.0187,2026-07-25 11:35:17.479934
UCc0Q4F2yBVK6rUcM_yRtrig,yunus emre köşker,1,387271,923,138,0,774.54,0.0027,2026-07-25 11:35:17.479934
UCc1Ae4bll29Nm6M58Feap3g,Bulent Gardiyanoglu,12,668606,9164,473,0,1337.22,0.0196,2026-07-25 11:35:17.479934
UCc1MkR8JOylmAiUnbt42o4Q,Yusuf ÖZTÜRK,1,1440021,5800,188,0,2880.04,0.0042,2026-07-25 11:35:17.479934
UCc1fUmhKa7agjIi6g2Ar57g,Magic Soccer Club,4,2210259,23850,851,11,4420.52,0.0228,2026-07-25 11:35:17.479934
UCc1oNBJ_KD5AkzTWOSzZLAA,Xeyri Memmedli,1,192745,1600,114,0,385.49,0.0089,2026-07-25 11:35:17.479934
UCc1zT3rHrIQSXy0DDDL9BVw,E Kayabaşı,1,218424,648,75,0,436.85,0.0033,2026-07-25 11:35:17.479934
UCc282c_TN8xIba_Z6GaDnQw,Telewizja Republika,1,28037,642,26,4,56.07,0.024,2026-07-25 11:35:17.479934
UCc2F-TooiE7DMi9MCZxuoAQ,BuMesele,4,1905911,12098,1810,0,3811.82,0.0125,2026-07-25 11:35:17.479934
UCc2GlnAKz3Zo9flb0Pzor-A,stargazer1907,1,5592251,20000,776,0,11184.5,0.0037,2026-07-25 11:35:17.479934
UCc2oeCNoiyVOGQMlmAjTXcQ,Barcin.com,1,75268,1000,58,0,150.54,0.0141,2026-07-25 11:35:17.479934
UCc2wpI97rT7TZGkhnylYgDA,Life Awesome,1,9973451,43000,3900,0,19946.9,0.0047,2026-07-25 11:35:17.479934
UCc35a605rZD4LRZ3iv-nUew,Yok Be,1,6086,101,7,0,12.17,0.0177,2026-07-25 11:35:17.479934
UCc3Ak1l09S2OI1yq2yGHu0Q,Sürmeneli61,6,1677620,3664,397,0,3355.24,0.0022,2026-07-25 11:35:17.479934
UCc3F5ihlOXN6VDJZS3DEGYA,Mehmet ATLI,1,4049,142,5,0,8.1,0.0363,2026-07-25 11:35:17.479934
UCc3YY5pCSlZ94lTb-Z--RWw,Любо Питков,1,3150,87,4,0,6.3,0.0289,2026-07-25 11:35:17.479934
UCc3cBMOytdJlPOWk3GzJMwA,Haremeyn,4,3043215,35400,2086,0,6086.43,0.0166,2026-07-25 11:35:17.479934
UCc3cUA3hjho4GKjSIeE8QxA,Cvetana Djeneva,1,13418923,48000,3100,0,26837.85,0.0038,2026-07-25 11:35:17.479934
UCc3wvzU99elwjLO4_HOTmog,Александр Балу,2,409644,45000,294,0,819.29,0.1139,2026-07-25 11:35:17.479934
UCc403lUvsFpoWbPo94-9Fqg,Tajik Music Production,2,1556464,9400,746,0,3112.93,0.0065,2026-07-25 11:35:17.479934
UCc4D8p5ozSqnlb7sixk0naA,Amerika'da Gunlerim,1,17133,179,25,0,34.27,0.0119,2026-07-25 11:35:17.479934
UCc4IYtPKkJLSAHHuJx1GiGQ,Goalcast,2,19732412,509000,5900,0,39464.82,0.0265,2026-07-25 11:35:17.479934
UCc4LB5IsxnyfMLsK9R_FTrA,Artur Sarkisyan,1,7435397,58000,4600,0,14870.79,0.0084,2026-07-25 11:35:17.479934
UCc4bAdkYHICnWmewTFbTmEA,TheWild,1,11823555,12000,5300,0,23647.11,0.0015,2026-07-25 11:35:17.479934
UCc4iogeOUXNw1RZSNTOlMeg,Corey Gil-Shuster,3,1205522,8056,1558,0,2411.04,0.0077,2026-07-25 11:35:17.479934
UCc55dP2MWHj2SosT-i2ikvg,Ablamabla,1,468822,1900,788,0,937.64,0.0057,2026-07-25 11:35:17.479934
UCc5C8089i2DDPhf5UqV_u4A,Karga Seven,4,1480433,13069,735,0,2960.87,0.0104,2026-07-25 11:35:17.479934
UCc5HBWdYCKgDv_WX9Le0EaQ,Flight Video &amp; Photo,1,1578913,2600,337,0,3157.83,0.0019,2026-07-25 11:35:17.479934
UCc5VxEqiH4jBHXfosWCJI1g,Kanal D Sağlık,13,6173342,36803,3796,0,12346.65,0.0073,2026-07-25 11:35:17.479934
UCc5pd-j0XYogNdEW65kghKQ,Hurşit Murtaza,1,1666608,2700,280,0,3333.22,0.0018,2026-07-25 11:35:17.479934
UCc5y7ZT5y2w7FQgD4NRVpVA,Erem Şentürk,1,19296,249,4,0,38.59,0.0131,2026-07-25 11:35:17.479934
UCc666KBv02UUQc3D_ysZNgQ,SommerFilms,1,789741,35000,1300,0,1579.48,0.046,2026-07-25 11:35:17.479934
UCc6LfNjzzq35FxMLHn7m1nA,Pascal Wijler,1,2965,0,0,0,5.93,0.0,2026-07-25 11:35:17.479934
UCc6Nh_ns2ejjKq9yYYkXviw,DÜĞÜNLERİMİZ TÜRKÜLERİMİZ,1,29235,117,15,0,58.47,0.0045,2026-07-25 11:35:17.479934
UCc6OEmCRQcCiXupsiMtJMqQ,muratti19033,4,2087018,5665,569,0,4174.03,0.0031,2026-07-25 11:35:17.479934
UCc6i7tMzrbBX7xUZiUVzlQA,La Télé de Lilou Macé,23,3772519,42351,2805,0,7545.05,0.0132,2026-07-25 11:35:17.479934
UCc6jfHsJNLFou_rZHrcbEbA,Erdal Karaca,1,40945,120,8,0,81.89,0.0031,2026-07-25 11:35:17.479934
UCc7PG70bv7F6NgwgA0SOyMQ,tanasba,1,913213,1000,86,0,1826.43,0.0012,2026-07-25 11:35:17.479934
UCc7RfQG485Ocju6YbtdwNuw,Kin4k,3,3291399,7262,2302,0,6582.79,0.0028,2026-07-25 11:35:17.479934
UCc7lhhNwEP0Xif_UtZ5Puow,ERBEY PRODUCTION,4,151857,670,24,0,303.72,0.0047,2026-07-25 11:35:17.479934
UCc7ndL-Ni9RbzzqsBRbH_-Q,canCan Ercan,1,1490487,2100,112,0,2980.97,0.0015,2026-07-25 11:35:17.479934
UCc7wWxk_1QlSyZ3l6te3pYg,abdullah bulut,1,14889,304,6,0,29.78,0.0208,2026-07-25 11:35:17.479934
UCc88bB47KqU4RR2fkw22UyA,Imamyar Hasanov,2,106137,2700,17,0,212.27,0.038,2026-07-25 11:35:17.479934
UCc8LZk82PSC8Q3ldTZ1hFBw,Kanan Abdullayev,1,482340,5400,106,0,964.68,0.0114,2026-07-25 11:35:17.479934
UCc8NI6ITu51HKIS4HSIFYNA,За рулем,10,2006752,11942,3038,0,4013.5,0.0132,2026-07-25 11:35:17.479934
UCc8UNwsjcQRoBS3IyyV8dOA,İfpaş Yapım,5,543955,3741,300,0,1087.91,0.0081,2026-07-25 11:35:17.479934
UCc8VvMlzG888vz585DOm2Yg,Fatih Reyhan,1,2883025,14000,568,0,5766.05,0.0051,2026-07-25 11:35:17.479934
UCc8cHxAZ3jwWkrrDyaLwDUw,DoctorOz,2,3487609,64000,2258,0,6975.22,0.0193,2026-07-25 11:35:17.479934
UCc8fjS01RBxjRdwkofrUq9w,Useful Videos,3,364364,2311,220,0,728.73,0.0062,2026-07-25 11:35:17.479934
UCc8gPnrw3CGSmNrzw9ykraQ,Semiha Kani,1,14860,128,15,0,29.72,0.0096,2026-07-25 11:35:17.479934
UCc95oM1-kKNQQdG5-nivptA,TV1 Play,5,459732,2292,303,0,919.47,0.0078,2026-07-25 11:35:17.479934
UCc99YCgRU-VwaRxKAnKAjyg,isiklikoyu,1,9937,9,0,0,19.87,0.0009,2026-07-25 11:35:17.479934
UCc9Ts2XAYSR8TNHHnlJKKEw,Serhan Demirkoparan,1,24272,101,50,0,48.54,0.0062,2026-07-25 11:35:17.479934
UCc9VWd5H73nNziqStAU7YtA,Fethiye ses Production,1,1447118,3800,483,0,2894.24,0.003,2026-07-25 11:35:17.479934
UCcACFsoClDZ0YjiWejpt5JQ,000sony000,2,78583,324,9,0,157.17,0.0041,2026-07-25 11:35:17.479934
UCcAPSUyd-F4mVR6gqtnEtoA,Anjali Borade,3,9640485,35900,6218,0,19280.98,0.004,2026-07-25 11:35:17.479934
UCcA_L_ZAeRXUQZJdW7vvVbA,Bitki Dünyası,1,1097,25,2,0,2.19,0.0246,2026-07-25 11:35:17.479934
UCcAd5Np7fO8SeejB1FVKcYw,Best Ever Food Review Show,73,143108814,2364500,72060,0,286217.62,0.0187,2026-07-25 11:35:17.479934
UCcAjggGixvoc4pqvI4PAUEQ,Общество возрождения художественной Руси 1915,2,974438,14600,338,49,1948.87,0.0229,2026-07-25 11:35:17.479934
UCcB4Qim__HcOKEvmQawHLGQ,CRR KONSER SALONU,2,265,9,0,0,0.53,0.0451,2026-07-25 11:35:17.479934
UCcB6RYhocRHgLySQaZa4VZw,Desh Tak News,2,293617,2463,188,0,587.24,0.014,2026-07-25 11:35:17.479934
UCcB7Zty5QaQejUQsnuyXT-g,aldedigitdedi,2,1757334,3900,725,0,3514.67,0.0027,2026-07-25 11:35:17.479934
UCcBAQOsvq5fYN-D2PR8RRmw,RAMAZAN GÜLLÜCE,2,586182,2674,157,0,1172.36,0.0045,2026-07-25 11:35:17.479934
UCcBSOfh52RnOU27A1cF_k2Q,Jorge Zepeda,2,5151625,42700,3059,0,10303.25,0.0121,2026-07-25 11:35:17.479934
UCcBfTLCRF5-PS4cr6HENaxg,jkhvdam,1,2207662,5900,368,0,4415.32,0.0028,2026-07-25 11:35:17.479934
UCcBjPSwmiL3AhXdrk8iF7BA,Your Life Design,1,28534,206,4,0,57.07,0.0074,2026-07-25 11:35:17.479934
UCcBkcj-ADMVkko6ayrjXRqQ,Mehmetwrc07,1,7442212,29000,972,0,14884.42,0.004,2026-07-25 11:35:17.479934
UCcBnT6LsxANZjUWqpjR8Jpw,Marcello Barenghi,1,7473182,143000,3100,0,14946.36,0.0195,2026-07-25 11:35:17.479934
UCcCNAi0GG7Umkm0CtY1F2FA,Ванга Vanga,1,98147,814,88,0,196.29,0.0092,2026-07-25 11:35:17.479934
UCcCWxRk8Ux2ufo0sKPHy4Tg,MyAkasya,1,508630,1800,262,0,1017.26,0.0041,2026-07-25 11:35:17.479934
UCcCb6VKIsVChhSPMjOKuAnw,Long DriversUSA,1,544038,594,48,0,1088.08,0.0012,2026-07-25 11:35:17.479934
UCcCpZ0MzMbnmVvf28ksRfJQ,rd müzik,3,25103556,53700,3646,0,50207.11,0.0026,2026-07-25 11:35:17.479934
UCcDBZJYbk8oYX_GmqEFLUOw,Lifeisnails,1,2919604,19000,1300,0,5839.21,0.007,2026-07-25 11:35:17.479934
UCcDLe7ldQXh4ILKN3hVm9YA,Kochia David,1,2258343,3000,274,0,4516.69,0.0014,2026-07-25 11:35:17.479934
UCcDet2jKdUa3RGPNNCV69hA,wise.tv,1,191556,2300,57,0,383.11,0.0123,2026-07-25 11:35:17.479934
UCcDj2Jv8nPX4Azg32zGLzyQ,ORLANDOBEACH,1,3761116,12000,681,0,7522.23,0.0034,2026-07-25 11:35:17.479934
UCcDjlWBUIuu26LMN-Zc1w8Q,Президент КР,1,65973,370,33,0,131.95,0.0061,2026-07-25 11:35:17.479934
UCcDlW50C8Y-OmaBEkursvRw,Fethullah Gülen,1,94136,383,334,0,188.27,0.0076,2026-07-25 11:35:17.479934
UCcEIQS38ygkjvLyqiG6-bew,ŞAHİN MÜZİK,1,22253,141,3,0,44.51,0.0065,2026-07-25 11:35:17.479934
UCcEKNUyn4QOrkQxie0Ju6cQ,The Chronicler of Sumy,2,49585,408,23,0,99.17,0.0109,2026-07-25 11:35:17.479934
UCcELZqCYFxapysFgvigMSsA,Gerçek Girit Yemekleri,1,85013,1000,83,0,170.03,0.0127,2026-07-25 11:35:17.479934
UCcEOcgpfZglj1JycFm9VNzg,yossidriem2,1,33797,136,29,0,67.59,0.0049,2026-07-25 11:35:17.479934
UCcEPmwpXKrKzZahqjwpIAsQ,WonderWhy,2,7970489,83000,6200,0,15940.98,0.0121,2026-07-25 11:35:17.479934
UCcEWagfu-6uMNI1U9nOMJEg,Эльзамин Аббасов,1,241944,1100,122,0,483.89,0.0051,2026-07-25 11:35:17.479934
UCcEYG-ZDvupJXL24FSR2UXQ,Taner Şen,1,5630152,24000,854,0,11260.3,0.0044,2026-07-25 11:35:17.479934
UCcEn2SqChc5TIIatR6XP3iA,can Acr,1,617055,2000,87,0,1234.11,0.0034,2026-07-25 11:35:17.479934
UCcF2MnE9h-s9bfdrihd1JXA,GSL120Devresi,1,45738,366,11,0,91.48,0.0082,2026-07-25 11:35:17.479934
UCcF2Uo0s3feN-CaI8OKYhPw,Cveti Production,2,49859,328,32,1,99.71,0.0086,2026-07-25 11:35:17.479934
UCcF3EY1JTkNuuOdDNRMkS-w,Olcay Poyraz,1,10463032,18000,1000,0,20926.06,0.0018,2026-07-25 11:35:17.479934
UCcFItbMTwkqoj7PLmWgnqng,Halil Bozkurt,1,207812,591,81,0,415.62,0.0032,2026-07-25 11:35:17.479934
UCcFUqQU3grpW4wZFaTmUaag,Sputnik Türkiye,7,7138772,16487,2474,0,14277.53,0.0106,2026-07-25 11:35:17.479934
UCcFgcdEBVyr9IKBwysVneQQ,Ilkay Production HD,1,8684,92,9,0,17.37,0.0116,2026-07-25 11:35:17.479934
UCcG0nHYH0CtbMIga9iysaOg,Çiğdem Özcan,1,159264,366,9,0,318.53,0.0024,2026-07-25 11:35:17.479934
UCcG2_Cc1uvxrlGk8tu62QCQ,100de100 marifet,1,109521,1100,112,0,219.04,0.0111,2026-07-25 11:35:17.479934
UCcGB2vmsJoraqe5UMA07Gkg,Джаваншир Абдуллаев,1,7948,270,2,0,15.9,0.0342,2026-07-25 11:35:17.479934
UCcGdfVRsaubwHWz9n9XDrAA,ead.video,1,98010,289,33,0,196.02,0.0033,2026-07-25 11:35:17.479934
UCcGfXC6_lKVxFLhcCP68tPA,Kadir Kaya,1,25118,44,2,0,50.24,0.0018,2026-07-25 11:35:17.479934
UCcGkkZ3cu4wKTJKSNy_fDmw,Russian TV series,10,66712049,275500,47566,0,133424.09,0.0042,2026-07-25 11:35:17.479934
UCcGv49KfmTZqiGBiWt9-rTg,Eser Eyüboğlu,8,5575031,52800,1421,0,11150.06,0.0153,2026-07-25 11:35:17.479934
UCcGx0zuQLKN7uzQxa1HMhrg,Özlem'li Günler,1,38602,246,51,0,77.2,0.0077,2026-07-25 11:35:17.479934
UCcHITq2GgJBuhsS9U7TNveg,Harvard Magazine,1,5126673,49000,1500,0,10253.35,0.0099,2026-07-25 11:35:17.479934
UCcHR0RvLYk33ppkjBw3UaEA,Mari Maria,1,4959695,250000,3200,0,9919.39,0.0511,2026-07-25 11:35:17.479934
UCcHVpn1BRvpGzEgwNdb3RVg,foreignmovies,1,5087404,9000,2100,0,10174.81,0.0022,2026-07-25 11:35:17.479934
UCcHoVVD7BcE0Y7Axh_DIXoQ,Living Life with Laura,1,741625,29000,534,0,1483.25,0.0398,2026-07-25 11:35:17.479934
UCcI9Ron9erEFWW0QsJ0K3VA,Petittwo,1,4572325,24000,1700,0,9144.65,0.0056,2026-07-25 11:35:17.479934
UCcIDPHNMEgISyLrxR1Rxmhg,Çağrı Hoca ile İngilizce Öğren,1,3904,129,2,0,7.81,0.0336,2026-07-25 11:35:17.479934
UCcI_YlPKl9tgKsxjR0gXkdg,Öteki TV,1,45762,825,19,0,91.52,0.0184,2026-07-25 11:35:17.479934
UCcIoNKnTrHNCH0751QfmthA,Faruk Can,1,22254,234,14,0,44.51,0.0111,2026-07-25 11:35:17.479934
UCcIqMUY1LTH4XQepRy5WYIw,Polat57Alemdar,1,2452021,3100,425,8,4904.04,0.0014,2026-07-25 11:35:17.479934
UCcIrceweRSOV80lEmOFfV8Q,Mesut Özil,1,7990,27,3,0,15.98,0.0038,2026-07-25 11:35:17.479934
UCcJTTa21EvrySCqwn-_E7vw,byekush,1,283315,1200,20,0,566.63,0.0043,2026-07-25 11:35:17.479934
UCcJXxoW4w0dDKu8aZA9uqUw,M-1 Global World,1,1000,13,2,0,2.0,0.015,2026-07-25 11:35:17.479934
UCcJdT6RAveTWglGeaXE-6Ow,SAMSUNDA KINA GECESİ ORGANİZASYON,1,250678,474,121,0,501.36,0.0024,2026-07-25 11:35:17.479934
UCcJvmC3N7YPbBvqJqr5Z3wA,necmettin tanju süar,1,160207,369,71,0,320.41,0.0027,2026-07-25 11:35:17.479934
UCcKCGcZ1cVBhHeT5EegHS2w,Fatih Şeker,2,4619964,15100,595,0,9239.93,0.0033,2026-07-25 11:35:17.479934
UCcKRmvr8BmjGONzXqSdvgcw,SunsilkThailand,1,98183812,334000,56000,0,196367.62,0.004,2026-07-25 11:35:17.479934
UCcKhzX02QP3z3TFEU7DM92A,Hakan Aytaç,2,1286329,2514,326,0,2572.66,0.0024,2026-07-25 11:35:17.479934
UCcKuaTFXorgg6cE_7wFMH7w,Turkan Alisoy,1,124026,3200,127,0,248.05,0.0268,2026-07-25 11:35:17.479934
UCcL2P3xIhmOBszAyKCiLacA,emin özen,1,13887,46,7,0,27.77,0.0038,2026-07-25 11:35:17.479934
UCcLEkiAGmFQQkdruOKgBIQQ,İbrahim Ozdemir,1,45854,186,17,0,91.71,0.0044,2026-07-25 11:35:17.479934
UCcLK3j-XWdGBnt5bR9NJHaQ,CCTV中国中央电视台,1,1047207,9600,747,0,2094.41,0.0099,2026-07-25 11:35:17.479934
UCcLMeZ6zr8GeHYFGWyu67dw,Ece İçen,2,486133,7700,462,0,972.27,0.0182,2026-07-25 11:35:17.479934
UCcLR8IUlLGdhVoPnsUEuUAg,J O S Y R E Z E N D E,1,3799022,24000,3900,0,7598.04,0.0073,2026-07-25 11:35:17.479934
UCcLcbkjguwfEn-janV-pfJQ,Trabzondabugun,1,93257,287,15,0,186.51,0.0032,2026-07-25 11:35:17.479934
UCcLkArtwiQAawjsytbDFHaA,Dasmat Shqiptare,5,426128,674,227,0,852.26,0.0018,2026-07-25 11:35:17.479934
UCcM-EIxza5g1S0dpnoO_ePA,Reigarw Comparisons,2,19497402,199000,17100,0,38994.81,0.01,2026-07-25 11:35:17.479934
UCcMKZCi7RdetOh7zjYPHdJQ,Göksel Maden,1,1160552,3500,480,0,2321.1,0.0034,2026-07-25 11:35:17.479934
UCcMP2_pqwXOhkYwpnG82qDA,Ünal YILDIZ,2,1979811,9163,575,0,3959.62,0.0051,2026-07-25 11:35:17.479934
UCcMguvBd0eq6bctu1K7sS6Q,Vanemas,10,6074843,65400,2353,0,12149.68,0.0124,2026-07-25 11:35:17.479934
UCcMpIHIJVYykNrvg-Y5zAGA,Umud Abbas babayev,1,111280,1100,64,0,222.56,0.0105,2026-07-25 11:35:17.479934
UCcMpvew8JW06y43r8uyDaOg,izmir Big Band,2,497310,3205,63,0,994.62,0.0292,2026-07-25 11:35:17.479934
UCcMrmpfd969ib6STmPUTQaw,bilgilenelimdiye,1,343,26,0,0,0.69,0.0758,2026-07-25 11:35:17.479934
UCcMtR3vzPyg44mKBNGvBDlQ,Heydar Rzayev,1,183701,1200,35,0,367.4,0.0067,2026-07-25 11:35:17.479934
UCcN7BtHE2vhh-TtE9HvzroQ,Cuma Danabaş,1,2296856,5700,618,0,4593.71,0.0028,2026-07-25 11:35:17.479934
UCcNQNvRdM0jhCsFxQbPbh8A,Kedto,4,8295118,21000,810,0,16590.23,0.0023,2026-07-25 11:35:17.479934
UCcNkwfTQuXAxAFwoAUHweJA,The Boston Globe,1,306389,0,0,0,612.78,0.0,2026-07-25 11:35:17.479934
UCcO3g9ymgB3Ykr_TMVW7YrA,Bi Bakıcaz,1,467346,1900,247,0,934.69,0.0046,2026-07-25 11:35:17.479934
UCcO6vYTKELkRe6bI99SmyDA,CiWAN DAVUL ZURNA,3,951620,1960,282,0,1903.24,0.0054,2026-07-25 11:35:17.479934
UCcOAOY0pnLn0KbWfq8qXRug,Ozan Ahmet poyrazoğlu,1,42229,116,31,0,84.46,0.0035,2026-07-25 11:35:17.479934
UCcOEBGdiF3_2iSw1HbskwqQ,Yeşim Köksal,1,3473,49,2,0,6.95,0.0147,2026-07-25 11:35:17.479934
UCcOTiqLYlU5MyBFgMPGjjTQ,Youijbo Kenly,1,748520,1700,335,0,1497.04,0.0027,2026-07-25 11:35:17.479934
UCcOiFoPccPGueQBigPwM-Rw,AlwaysABelieber,1,10170461,97000,2700,0,20340.92,0.0098,2026-07-25 11:35:17.479934
UCcOnwPtHqhuZiAqnTpMrOIA,GIM Gabriela,1,7597797,68000,4900,0,15195.59,0.0096,2026-07-25 11:35:17.479934
UCcOpyaPzOk_9YxHP-9xB9sg,Beauty By Soane,2,34026,606,13,0,68.05,0.0325,2026-07-25 11:35:17.479934
UCcP4Ov7NY408v-0ESbA4Ieg,Mausi910,1,634514,997,219,0,1269.03,0.0019,2026-07-25 11:35:17.479934
UCcP6nPsMEbD5jbg80vbNrxQ,despritextrtout,1,362102,1300,176,0,724.2,0.0041,2026-07-25 11:35:17.479934
UCcPE_Ba5cKMXt-qTeDi4Wdg,MARINA HANDIWORK,1,28678,0,0,0,57.36,0.0,2026-07-25 11:35:17.479934
UCcPRGnIY3EVgSfoyHCfnx2A,Metin Pancar,1,3578,18,4,0,7.16,0.0061,2026-07-25 11:35:17.479934
UCcPVzEbEIv1GUl_c4owKuhg,Volpe Where Are You,1,75818,938,60,0,151.64,0.0132,2026-07-25 11:35:17.479934
UCcPW5sn3XgGuCOhI1FcBHtg,DjqamzeLim,1,1192450,4800,229,0,2384.9,0.0042,2026-07-25 11:35:17.479934
UCcQRQYDTB0rHXtJi0QWpZcg,meliaa61,1,11586426,21000,1000,0,23172.85,0.0019,2026-07-25 11:35:17.479934
UCcQeJmGXpa_t03Zjrl8Aq4g,IDEIAS INCRÍVEIS,48,110030791,892300,120024,0,220061.58,0.0108,2026-07-25 11:35:17.479934
UCcQubKUa-SLLekiAttpwJ2w,Arthur Sulugin,1,2382359,28000,1600,0,4764.72,0.0124,2026-07-25 11:35:17.479934
UCcR-aKIofxXxjjUvlDE2Ycg,The F Word,2,23807923,224000,5300,0,47615.84,0.0108,2026-07-25 11:35:17.479934
UCcR5J5hmVJEgbEWxMcTep0w,Halkların Demokratik Partisi – HDP,22,10456632,0,0,0,20913.28,0.0,2026-07-25 11:35:17.479934
UCcR81YsF6QvcnEkPndM835Q,Serkan Özalp,1,44424,114,7,0,88.85,0.0027,2026-07-25 11:35:17.479934
UCcRqhhrfXNYKLBf0Prjt6Yw,Fatih ŞAYLAN,1,1129870,1900,171,0,2259.74,0.0018,2026-07-25 11:35:17.479934
UCcRrU4DTl-ATJEfOWsB2e6A,imdat keskin,1,1199021,3400,311,0,2398.04,0.0031,2026-07-25 11:35:17.479934
UCcRzPp_D3qvKqyPpceffeZQ,Hakan Öncel,1,26498,243,20,0,53.0,0.0099,2026-07-25 11:35:17.479934
UCcS-oG2DJ_hQgUbVCMjsPjg,yasmin y,2,2408560,4178,418,0,4817.12,0.005,2026-07-25 11:35:17.479934
UCcSDVMZsR3CxpHimy4HwTEA,O Ses Türkiye Unutulmaz Anlar,1,925791,4900,212,0,1851.58,0.0055,2026-07-25 11:35:17.479934
UCcSFPPq96jntjT9i-5SugXA,Əlikram Bayramov,2,3288828,14100,2046,0,6577.65,0.0053,2026-07-25 11:35:17.479934
UCcSMH-APHZM49v4TRwSiLOQ,38Kayserili Kerem38,1,46074,205,8,0,92.15,0.0046,2026-07-25 11:35:17.479934
UCcSeKRhgJkSWLkuxo-ZqHCw,Cihangir Davutoğlu,1,354648,667,142,0,709.3,0.0023,2026-07-25 11:35:17.479934
UCcSfvMiJxHQLFeKukNybi-g,UGR89,1,253552,1600,100,0,507.1,0.0067,2026-07-25 11:35:17.479934
UCcSivTJjArHd1ybxAMAPDIA,Cübbesiz Mahmut,22,296975,4947,969,0,593.96,0.0273,2026-07-25 11:35:17.479934
UCcSm5ArdwTw5ILNx8YkZBJw,STYLE TV,1,468043,1900,357,0,936.09,0.0048,2026-07-25 11:35:17.479934
UCcSmb4dRqyLVo0vfexaK_dA,ferhat çitil,1,1368780,14000,1200,0,2737.56,0.0111,2026-07-25 11:35:17.479934
UCcT-yb0Uaxhc4gfaEotp01w,Jean Laval { Conscience TV },15,2032408,65802,2277,0,4064.82,0.0445,2026-07-25 11:35:17.479934
UCcT14daO8Z0B30zmX7uk4nw,ArabeskciniTv,5,2734705,8521,892,0,5469.41,0.0072,2026-07-25 11:35:17.479934
UCcT6ioCRxFnH4BtPxae_dxA,Hamit Aydeniz,1,543222,14000,155,0,1086.44,0.0261,2026-07-25 11:35:17.479934
UCcTCHZwmiAB9i6DTbqF5f8w,Kerim Karabacak,1,26948,55,4,0,53.9,0.0022,2026-07-25 11:35:17.479934
UCcTWxsdSV5J51ca_CftpTsw,Jani TV,7,4171964,70900,5038,0,8343.93,0.0211,2026-07-25 11:35:17.479934
UCcTuxuFTP6n1Taz-0ywznhw,S R hack,3,1790476,10096,1007,0,3580.95,0.0127,2026-07-25 11:35:17.479934
UCcUSpThHg-m61xZChOoBgug,2012massage,1,1025084,3700,294,0,2050.17,0.0039,2026-07-25 11:35:17.479934
UCcUYGJmWfnkIyE36wss_nAw,Toy Egg Videos,2,3448379,50951,5823,0,6896.76,0.0168,2026-07-25 11:35:17.479934
UCcU_WHrrtf_eCXxaDPkEfdw,Alp Gursoy,2,243771,6500,197,0,487.54,0.0249,2026-07-25 11:35:17.479934
UCcUnsoipzgd5JJNsNMsgfNg,hiro hiro,3,4463487,42100,1961,0,8926.97,0.0124,2026-07-25 11:35:17.479934
UCcUxN9jAdXdgvvFxO3oNA4w,mehmet akın,1,138414,880,35,0,276.83,0.0066,2026-07-25 11:35:17.479934
UCcV1z3p6bA0DJJ_R2rexobg,vijdan1982,1,911702,5100,176,0,1823.4,0.0058,2026-07-25 11:35:17.479934
UCcVDXEQ2o_tEwBWI38n2EwQ,ali ateş,2,153837,745,26,0,307.68,0.005,2026-07-25 11:35:17.479934
UCcVF7uFxUsp0k5sPOTzFHAw,Aslı Tandoğan,2,90361,1589,92,0,180.72,0.021,2026-07-25 11:35:17.479934
UCcVUe5mgB4KG9LXrwWi9MYA,Billy Bob Joe,1,934228,2300,346,0,1868.46,0.0028,2026-07-25 11:35:17.479934
UCcVZPeRgiS_wyEwdnY_4Pfw,신규철 TV,5,410807,5843,347,0,821.61,0.0097,2026-07-25 11:35:17.479934
UCcVcmcpOhLqpz0KW6aM7vBA,Gordibuenas Fit Club,1,311831,13000,372,0,623.66,0.0429,2026-07-25 11:35:17.479934
UCcVnJdmitd_WGDEMzu1TRpg,Ζehra Çelik,1,6475,95,7,0,12.95,0.0158,2026-07-25 11:35:17.479934
UCcVqCJ_9owb1zM43vqswMNQ,BETNetworks,10,3708590,35900,2169,0,7417.17,0.0116,2026-07-25 11:35:17.479934
UCcVsk27e8bfjQQEpobZW_qg,Zenfira Ibrahimova,2,2521242,12600,1321,0,5042.49,0.006,2026-07-25 11:35:17.479934
UCcW8aHHNQJS-2MN37n43V6g,Kyla Diana,1,1864567,32000,3200,0,3729.13,0.0189,2026-07-25 11:35:17.479934
UCcWGx7j9hWXSsfAPYwbzvDg,headintheclouds46,1,5844455,12000,805,0,11688.91,0.0022,2026-07-25 11:35:17.479934
UCcWR2NA82ZNqaYeFPZpSjtw,hutterjoel,1,1137044,6600,668,0,2274.09,0.0064,2026-07-25 11:35:17.479934
UCcX593OdfOzK5HGdgb82sTg,Kako vreme prolazi,1,37934,38,3,0,75.87,0.0011,2026-07-25 11:35:17.479934
UCcXA5CETbCKk4wTiZkEO-8Q,Graci Pereira,1,931692,25000,1000,0,1863.38,0.0279,2026-07-25 11:35:17.479934
UCcXOzDjSOwvVDqmJz7PI4fg,Frances577,1,318,2,0,0,0.64,0.0063,2026-07-25 11:35:17.479934
UCcXS2kS5W4cCeN6p5iDVg_A,MultiMiarose,1,1602675,4200,300,0,3205.35,0.0028,2026-07-25 11:35:17.479934
UCcXZauyDbkHjddTYFBn4BCw,tarih kursu,8,1316686,8072,706,0,2633.38,0.0133,2026-07-25 11:35:17.479934
UCcYHQDzVGIlqKDpAel4dvYQ,Mucize Lezzetler,2,2643482,15500,1767,0,5286.96,0.0076,2026-07-25 11:35:17.479934
UCcYKpcp_hkQ2KlP9axMbzFg,☆KinG SenO☆,1,898969,1700,204,0,1797.94,0.0021,2026-07-25 11:35:17.479934
UCcYMLFT6CDUqdvFiUSJ94TA,Muammer Ercan,1,1776194,4500,622,0,3552.39,0.0029,2026-07-25 11:35:17.479934
UCcYe81dOvfvPvR3eIAC-4Xg,꿀피디 HoneyPD,1,1454117,2400,556,0,2908.23,0.002,2026-07-25 11:35:17.479934
UCcYhQSJcv0hURwUwwrWY6lQ,Mehmet Ali Arslan Ardahan,2,968333,1706,386,0,1936.66,0.0031,2026-07-25 11:35:17.479934
UCcYzLCs3zrQIBVHYA1sK2sw,Sadhguru,3,4023219,91100,2765,0,8046.44,0.0245,2026-07-25 11:35:17.479934
UCcZ1R2okYriLVkvP32FajbQ,Emir Çelik,2,121924,258,41,0,243.84,0.0024,2026-07-25 11:35:17.479934
UCcZ5vTDEyCXDiyUD5FLUPmA,MegaFaridik,2,468559,1871,107,0,937.12,0.0042,2026-07-25 11:35:17.479934
UCcZgsjNJK8pyoGSH2m8gHwg,Marian Ghobreial,1,54046,1500,51,0,108.09,0.0287,2026-07-25 11:35:17.479934
UCcZhBlipmIFlfZjt-Ji4Udg,Conor Neill,5,1790534,13569,423,0,3581.06,0.0201,2026-07-25 11:35:17.479934
UCcZt55_7bEoxCXpd58dSkrA,Türker Durmuş,1,118424,351,57,0,236.85,0.0034,2026-07-25 11:35:17.479934
UCcZzDkvGzUwFxbwBrgwyAyA,Pretty Moodz,1,2528182,39000,1200,0,5056.36,0.0159,2026-07-25 11:35:17.479934
UCc_6DCjwdErVv7VnpwoWX7w,TUBAHR,2,1375011,3890,419,0,2750.03,0.0034,2026-07-25 11:35:17.479934
UCc_8kKbtTA18tsqr-z8114Q,Muzaffer Alemdar,1,124474,1500,92,0,248.95,0.0128,2026-07-25 11:35:17.479934
UCc_H7DmlOxNc499LnaJ8OhA,Валерия Профатыло,1,1595902,27000,1300,0,3191.8,0.0177,2026-07-25 11:35:17.479934
UCc_dWFNWvSz39OnizXludmQ,Claire Fraser,1,11507453,151000,7200,0,23014.91,0.0137,2026-07-25 11:35:17.479934
UCca0Qol4IESmUvAW3klk7pA,Muğam televiziya müsabiqəsi,1,3793,46,6,0,7.59,0.0137,2026-07-25 11:35:17.479934
UCca4FZ1cTzJCp4bTTDdXOTg,Break from life,1,326591,1700,212,0,653.18,0.0059,2026-07-25 11:35:17.479934
UCca4dFd0F4DIHPcDg6EgArA,Милен Михайлов,1,102982,548,24,0,205.96,0.0056,2026-07-25 11:35:17.479934
UCca4s4O3gOBgodhkssSTQqQ,Ecce Müzik,3,3669334,11176,1007,0,7338.67,0.0107,2026-07-25 11:35:17.479934
UCcaTYEponi5LpjrlOzktHPg,ODTÜ THBT,2,8116,66,5,0,16.23,0.0087,2026-07-25 11:35:17.479934
UCca_XMaE42RUqdWLETpsY3g,Ağababa Ağababa,4,1042438,29200,1213,0,2084.87,0.0291,2026-07-25 11:35:17.479934
UCcaawDOKnttUpkblCBhwMWg,NUH UZUN,1,3057032,4600,937,0,6114.06,0.0018,2026-07-25 11:35:17.479934
UCcajxcZpU25VrSw1QnvGzEQ,Carla Moran,2,2280040,45313,5412,0,4560.08,0.0268,2026-07-25 11:35:17.479934
UCcakY0Zw46KNGOnA6rPP-EA,Gharelu Ayurved,4,380278,5764,511,0,760.55,0.0194,2026-07-25 11:35:17.479934
UCcartHVtvAUzfajflyeT_Gg,Miss Katy,3,300951802,272000,56000,0,601903.6,0.0039,2026-07-25 11:35:17.479934
UCcasi-uutDbX1InL-8L0CfQ,kardelen inan,1,957160,3000,452,0,1914.32,0.0036,2026-07-25 11:35:17.479934
UCcaxVy_04H_fpDKNg8BQCgQ,eskimeyen ne varsa,1,1171352,4500,238,0,2342.7,0.004,2026-07-25 11:35:17.479934
UCcb0CViR-wpy9rRjGemXPog,Mesut Özil,1,4292383,86000,1800,0,8584.77,0.0205,2026-07-25 11:35:17.479934
UCcbCugMsa4IcDAC5j0x2Ljw,GreeceNFootballTeam,1,44878,316,82,0,89.76,0.0089,2026-07-25 11:35:17.479934
UCcbDYdLhbmHIizV1oGrCLZw,CrewetzelEvents,1,5714045,8200,2800,0,11428.09,0.0019,2026-07-25 11:35:17.479934
UCcbFqNpZnEeV276ZmOqN2dg,Arabs Got Talent,2,22864386,130400,4788,0,45728.77,0.0077,2026-07-25 11:35:17.479934
UCcbGspCRVfP-ynr4lMBNLlw,yasin taner,1,308063,1400,154,0,616.13,0.005,2026-07-25 11:35:17.479934
UCcbKQjEk9nbRHP6e_VjIwQQ,123 GO! German,2,5768388,58000,6100,0,11536.78,0.0111,2026-07-25 11:35:17.479934
UCcbYc_m_diV5I-djoxpAS_Q,KAMBER.STUDIO DARBUKA,1,32605,184,6,0,65.21,0.0058,2026-07-25 11:35:17.479934
UCcbZl72KPB4s0g4RPKMhcqA,gr Jafari,1,37641,239,19,2,75.28,0.0069,2026-07-25 11:35:17.479934
UCcbtX09axr2TiOCiFKerkRA,Kuzey Kumsal Production,3,2192674,8272,263,0,4385.36,0.0037,2026-07-25 11:35:17.479934
UCcbuLlvkvj7kDc2TNTlLPLA,Vested Interests,1,359680,4500,212,0,719.36,0.0131,2026-07-25 11:35:17.479934
UCcc300NatWGLBCL7mJWa3Pg,FS Müzik,1,409,7,0,0,0.82,0.0171,2026-07-25 11:35:17.479934
UCccCvzrkXUXefUvhshWf7cg,Здравей Здраве,1,6224,138,3,0,12.45,0.0227,2026-07-25 11:35:17.479934
UCcceso_zvqDmMZSrdhapXxg,Ugurkan Dogan,1,3371125,3600,288,0,6742.25,0.0012,2026-07-25 11:35:17.479934
UCccjdJEay2hpb5scz61zY6Q,NBC,1,7985807,59000,8600,0,15971.61,0.0085,2026-07-25 11:35:17.479934
UCcclAz2bsv-Qy3AfT17cyrw,lBRAHIMTATLISES,1,95508,176,29,0,191.02,0.0021,2026-07-25 11:35:17.479934
UCccvbKrrgvcEc2h-hfMLjfQ,David Stone,1,2815,14,0,0,5.63,0.005,2026-07-25 11:35:17.479934
UCcd3LyeZKqlngLqN6FKHU0w,JustApply,1,6080364,21000,565,0,12160.73,0.0035,2026-07-25 11:35:17.479934
UCcdJPU9Ax1dTIiRxYXziYhg,Kaan Ünsal Alphan,18,5095900,58179,4353,0,10191.81,0.0258,2026-07-25 11:35:17.479934
UCcdvsTfI5uT0REEaOl9uIIQ,wisolein,1,1464198,1700,1400,0,2928.4,0.0021,2026-07-25 11:35:17.479934
UCce2e9k2jQ6awcfuB0GucdA,Esther Eyebrow,1,1345,29,2,0,2.69,0.023,2026-07-25 11:35:17.479934
UCce43Ykoy9RXWDUkARRMP_g,hllgrbz,1,207613,478,73,0,415.23,0.0027,2026-07-25 11:35:17.479934
UCce8cOWk9WgCycR0mf2YJgg,Göksel Gürçay,4,477574,1042,216,0,955.15,0.0029,2026-07-25 11:35:17.479934
UCceJ8V7dmVGZDuHgXkqljpw,Х-фактор | The X Factor | Официальный YouTube канал,5,6714121,44000,3306,113,13428.24,0.007,2026-07-25 11:35:17.479934
UCcedZtJ51ofo9OhtdJFyvfw,Gupt Gharelu Nuskhe,1,342812,2200,290,0,685.62,0.0073,2026-07-25 11:35:17.479934
UCcefcZRL2oaA_uBNeo5UOWg,Y Combinator,2,600939,5100,179,0,1201.88,0.0143,2026-07-25 11:35:17.479934
UCceiA8HZK-DcltuRPW1bv8A,ТВ Димитровград,1,17165,195,14,0,34.33,0.0122,2026-07-25 11:35:17.479934
UCcekzNqMDt2Nbe5slsi0Gvg,Мир Жизни &amp; Игорь Коваль,1,1932519,6300,1300,0,3865.04,0.0039,2026-07-25 11:35:17.479934
UCcetvZ6wVpGb3aSUTE_6uOg,Operator Mehemmed,1,184388,630,76,0,368.78,0.0038,2026-07-25 11:35:17.479934
UCcfUME00kfY3N7iHwDuZtPg,Volkan Karadağlı,1,221019,1000,66,0,442.04,0.0048,2026-07-25 11:35:17.479934
UCcfZtKKexsxut4mBuyk4cdw,Benim Hikayem,8,332859,5128,252,0,665.72,0.0203,2026-07-25 11:35:17.479934
UCcfkY31iHF3IpVZ7mMja-rw,BATMANLY Chocuk,2,210130,902,54,0,420.26,0.006,2026-07-25 11:35:17.479934
UCcfny6xkkvBahX9ZD03lNHQ,New Rose Glow,2,5959,429,2,0,11.92,0.0724,2026-07-25 11:35:17.479934
UCcftprVkypI_pllx0TIUnVg,Radyo Gurses,1,3695,25,0,0,7.39,0.0068,2026-07-25 11:35:17.479934
UCcg4Ea8_y1eYkcMttNwdtdg,MUSTAFA SOLAK,1,5252432,11000,3500,0,10504.86,0.0028,2026-07-25 11:35:17.479934
UCcg8SsQ0i2z3Pxk8M00ZyZA,OutStyle.com,1,1798486,28000,2700,0,3596.97,0.0171,2026-07-25 11:35:17.479934
UCcgI4-HdktIoAaRLOPgY9qQ,Trend News Agency,1,4455,0,0,0,8.91,0.0,2026-07-25 11:35:17.479934
UCcgKRB26m6M3okTSP7C_UwA,BBC Stories,2,1512683,13037,878,0,3025.37,0.0243,2026-07-25 11:35:17.479934
UCcgSCA3Aqu4WMmJnQsSjyZg,Cute Animals,1,1056858,10000,1400,0,2113.72,0.0108,2026-07-25 11:35:17.479934
UCcgTo1grFem37WQAi8QoRxw,ВОЛЬНОМУ - ВОЛЯ!,3,3504547,60200,2294,0,7009.09,0.0205,2026-07-25 11:35:17.479934
UCcgYFqC8NVUxasapAWQVCGg,Meri Kahaani,3,1400860,20400,1575,0,2801.72,0.0169,2026-07-25 11:35:17.479934
UCcgaoWXUKFl-P3rdNXCuWjg,InstituteofTrading,2,4305282,27000,1365,0,8610.57,0.0079,2026-07-25 11:35:17.479934
UCcgcpldcbXcdLywESyvYjTw,Global Leaders,2,37810,350,30,0,75.62,0.0103,2026-07-25 11:35:17.479934
UCcgy7GrvG7IfJTZhE6H-Hqg,Evenord-Bank eG-KG,1,22938742,223000,5000,0,45877.48,0.0099,2026-07-25 11:35:17.479934
UCch6dGZuL2R5bRlGLhL89bA,HairStyle Trick,2,36384075,312000,15400,0,72768.15,0.009,2026-07-25 11:35:17.479934
UCchAP5AQwq6mVqhgUlfyl4A,Halkın Sesi TV,1,25929,419,172,21,51.86,0.0236,2026-07-25 11:35:17.479934
UCchCtgHucCdvStGpFIVbqDg,Ilgar Asadov,1,94368,1700,21,0,188.74,0.0182,2026-07-25 11:35:17.479934
UCchRScugf-XmQEHTSlfLWGw,TALHA İLHAN KÖSE,1,88,15,0,0,0.18,0.1705,2026-07-25 11:35:17.479934
UCchShpaaoTqWNlt6bnhFTtQ,BAloglan NEcefov,1,17529,137,7,0,35.06,0.0082,2026-07-25 11:35:17.479934
UCchgIh8Tc4sTmBfnMQ5pDdg,Rick Steves' Europe,9,10280866,67853,3561,0,20561.74,0.0064,2026-07-25 11:35:17.479934
UCciBBzD21SoFeFoVlwh9a-A,murat erdoğan,1,8056,34,5,0,16.11,0.0048,2026-07-25 11:35:17.479934
UCciCIdoIlyZLJxWxLT1iViA,udcu gökhan,1,1143788,2600,226,0,2287.58,0.0025,2026-07-25 11:35:17.479934
UCciHmX_Bs6G0pGiDU53zoaA,Oğuzhan Okumuş,1,75985,305,61,0,151.97,0.0048,2026-07-25 11:35:17.479934
UCciJ4FarrKHwq7vAUakxNTw,Best Woodworking,3,2813090,4398,1447,0,5626.18,0.0025,2026-07-25 11:35:17.479934
UCciWXa9eN4W5pMZTIy-LAtQ,ccjone01,1,14982753,56000,2300,0,29965.51,0.0039,2026-07-25 11:35:17.479934
UCcickvBdLwGwn3c_IHT0WiA,alp irfan,1,53674,204,22,0,107.35,0.0042,2026-07-25 11:35:17.479934
UCcidzHS1cj0TrJpeyZwgUUA,FNNsline,1,1590478,0,0,0,3180.96,0.0,2026-07-25 11:35:17.479934
UCcihMkyuTcRNqcRWTOMKrRA,Tanzania Aviation Tv,2,67400,269,41,0,134.8,0.0044,2026-07-25 11:35:17.479934
UCciqnPL2Akx52tgnGg1xIjg,Sveta Rash,1,4147064,80000,2400,0,8294.13,0.0199,2026-07-25 11:35:17.479934
UCcirfI2eb2MNKmn5K0gNAjg,ifo Institut – Leibniz-Institut für Wirtschaftsforschung an der Universität München e.V.,1,7443,0,0,0,14.89,0.0,2026-07-25 11:35:17.479934
UCcivHjVvusznV9gNWT0N4jA,PİR HABER AJANSI,11,902579,6683,851,0,1805.17,0.0113,2026-07-25 11:35:17.479934
UCcj7-mYKpoXrf6ZaCgTrHCg,Fire Kitchen,2,3718910,18212,2542,0,7437.82,0.0045,2026-07-25 11:35:17.479934
UCcjTzdYJIzgvUbBI8sacX1w,Silent Space TV,7,731856,3867,592,0,1463.71,0.0075,2026-07-25 11:35:17.479934
UCcjVGHwHYVOkuvNEX2UH11Q,The Style Insider,4,1170529,23528,1427,0,2341.06,0.03,2026-07-25 11:35:17.479934
UCcjb9OJ9Lj1u3DXqMVOfcSA,Cemale Alizade,1,113372,791,100,0,226.74,0.0079,2026-07-25 11:35:17.479934
UCcjeYvBmmdf6S0EjYQ0wR3Q,Mustafa soku TV,1,9940,57,3,0,19.88,0.006,2026-07-25 11:35:17.479934
UCcjh72nJDTlSqsUQlprZF6A,Naz Organizasyon,1,692821,2400,259,0,1385.64,0.0038,2026-07-25 11:35:17.479934
UCcjhYlL1WRBjKaJsMH_h7Lg,Epicurious,5,48937180,572000,39800,0,97874.36,0.0127,2026-07-25 11:35:17.479934
UCcjlHI7UJ14SJqC34u13mZg,Ithikon Akmeotaton,1,544955,2600,44,0,1089.91,0.0049,2026-07-25 11:35:17.479934
UCcjo-pVuFWn04C--cwDpU4Q,Saiman - Expedition of the World,2,595288,3601,610,0,1190.58,0.0113,2026-07-25 11:35:17.479934
UCcjoLhqu3nyOFmdqF17LeBQ,BBC Three,2,2125404,20151,755,0,4250.81,0.0243,2026-07-25 11:35:17.479934
UCcjtIOdCQ6CP_JsE9fUMwLg,Hataylı'nın Günlükleri,2,418462,4043,390,0,836.93,0.028,2026-07-25 11:35:17.479934
UCcjvSEs9T6EFsBYWuqLX6yg,RAEview,1,15884,343,34,0,31.77,0.0237,2026-07-25 11:35:17.479934
UCck5kTwgVNXM-QH1pFOIQWA,ملتقى عشاق الاحزان kaed george,1,6242,89,22,0,12.48,0.0178,2026-07-25 11:35:17.479934
UCck8Uq4Cum3G2Y9PszvYcaA,Rüzgar Mira Okan,6,395906,16244,377,0,791.81,0.0411,2026-07-25 11:35:17.479934
UCckCbwLXnC1v7Bx8zw4BAqw,Zunayed Hassan,1,1171670,5600,435,0,2343.34,0.0052,2026-07-25 11:35:17.479934
UCckHjWsGsxtDR1YoK9lG5Ig,HATCENİN ŞAKACI DÜNYASI,1,460525,1100,438,0,921.05,0.0033,2026-07-25 11:35:17.479934
UCckWkzE1dVhYCtAVrs3sC0g,WoodrowWilsonCenter,1,34006,150,9,0,68.01,0.0047,2026-07-25 11:35:17.479934
UCcka9wE8XJWPG7vFszRdTEw,Funny Vines,1,19321677,106000,10000,0,38643.35,0.006,2026-07-25 11:35:17.479934
UCckixnVbCfqvqz37XF8j6rw,La Vie,8,6863153,46200,3554,0,13726.29,0.0102,2026-07-25 11:35:17.479934
UCckpJFnCbX6PucbXRA10CRQ,Tears Don't Lie,2,1467015,3036,234,0,2934.03,0.0021,2026-07-25 11:35:17.479934
UCckz6n8QccTd6K_xdwKqa0A,AFP,4,36388,375,17,0,72.77,0.0115,2026-07-25 11:35:17.479934
UCcl-7JPyBrdW2VAvgXk_Omw,Enstrüman Öğreniyorum,1,4047,99,2,0,8.09,0.025,2026-07-25 11:35:17.479934
UCcl-X5w2NPwGREbl4tHZKiA,Osman Yavuz,1,234148,1200,47,0,468.3,0.0053,2026-07-25 11:35:17.479934
UCcl2twK0QHq0QCfEtdDF8Ug,Adnan Kaya,1,26149,59,14,0,52.3,0.0028,2026-07-25 11:35:17.479934
UCclKZLj0AfZ4bgJssWTuysA,Gülengül Official,1,353374,1100,73,0,706.75,0.0033,2026-07-25 11:35:17.479934
UCclWuw60dLnTLSEdluhllqg,I.CreateMySpace Mari-McGuire,2,388391,0,0,0,776.78,0.0,2026-07-25 11:35:17.479934
UCcm7e7s5GDCxUaYl3VedwcQ,pokora2007,2,731953,827,108,0,1463.91,0.003,2026-07-25 11:35:17.479934
UCcmdMjqCcEt7ZIxogNQaizg,Dönerci Serkan Usta,1,12690,268,0,0,25.38,0.0211,2026-07-25 11:35:17.479934
UCcmgv1jChyJ-IRWAMuvPtiw,Rucars: электромобили,4,258284,6400,248,0,516.57,0.0273,2026-07-25 11:35:17.479934
UCcmh_3wdEkqdH0qjLyO81qA,KAZIM DEGİRMENCİ,1,18888,21,5,0,37.78,0.0014,2026-07-25 11:35:17.479934
UCcmnOaFvOTEpsQybqKNPO3w,Dur Muş,1,8761,41,4,0,17.52,0.0051,2026-07-25 11:35:17.479934
UCcmpeVbSSQlZRvHfdC-CRwg,24 News HD,2,5152677,43300,6103,0,10305.36,0.011,2026-07-25 11:35:17.479934
UCcmsFP9JpyRaVmcF3DInaJA,77 Tit Tot,6,10607710,36800,5812,0,21215.41,0.0049,2026-07-25 11:35:17.479934
UCcnIK4K2MOpi7dsjOkPHL5g,اسرع الوصفات,1,530630,14000,716,0,1061.26,0.0277,2026-07-25 11:35:17.479934
UCcnIKxLjE25gBaMm6ByrKKg,Eskişehirspor,1,200186,937,55,0,400.37,0.005,2026-07-25 11:35:17.479934
UCcnNWp-tx3-FaCWV4pMFTAg,The Zero Hour with RJ Eskow,1,23571,51,5,0,47.14,0.0024,2026-07-25 11:35:17.479934
UCcna3BsS_vnUON37c4AjF3w,Taha AKILLI,1,797333,461,34,0,1594.67,0.0006,2026-07-25 11:35:17.479934
UCcna8lVaVDQXoliGBJ-8hlw,Fulden Rich,1,132814,751,166,0,265.63,0.0069,2026-07-25 11:35:17.479934
UCcng5aBy0ZmX7g2PfHf4gJA,Ali Andreea,16,4589462,152900,2964,0,9178.92,0.0413,2026-07-25 11:35:17.479934
UCcnu7rS2Y2Pms4qsqtB1AYw,Sihirli Annem,1,3396307,11000,3600,0,6792.61,0.0043,2026-07-25 11:35:17.479934
UCcnw9qd2Vclv06tVx_ApnEA,Maria Ahn,1,1226,9,2,0,2.45,0.009,2026-07-25 11:35:17.479934
UCcnxaynD2fYGfUFtpHu219g,Fatal7ty,1,8867591,23000,3400,0,17735.18,0.003,2026-07-25 11:35:17.479934
UCco2snjoDJbNzTJMVp6bNYg,ZharyaS Wolfteam`de Yayıncı,1,506936,869,63,0,1013.87,0.0018,2026-07-25 11:35:17.479934
UCco8dZPE8mh02ad4ubmzIfQ,Prof.Dr.Serdar Akgün,2,72780,677,43,0,145.56,0.0253,2026-07-25 11:35:17.479934
UCcoX_TqLJGWrU5sVM5Trk4w,sadri gürcan,3,115764,161,36,0,231.52,0.0019,2026-07-25 11:35:17.479934
UCcofh0k27bIIqf-7FWl__6A,Aurora AmorPorElMaquillaje,3,822879,26500,936,0,1645.76,0.0372,2026-07-25 11:35:17.479934
UCcpNd-KO0b57e3sSr0ID0KQ,Лови Момент,9,30046978,127800,18430,0,60093.97,0.0066,2026-07-25 11:35:17.479934
UCcpY8WNM1xHPb8t2rjjZmwg,Avşar Film,33,36616275,172174,15435,6,73232.52,0.0271,2026-07-25 11:35:17.479934
UCcpYMd1X8xCbzFjaJmCNCSQ,Arda BAYSAL,1,913277,4700,583,0,1826.55,0.0058,2026-07-25 11:35:17.479934
UCcpen4Adn7pBJ8BbEMkqGlA,Turgut Telci,1,65330,392,10,0,130.66,0.0062,2026-07-25 11:35:17.479934
UCcpf9z9LvQjatXBVf931xDA,Bozkurt Caps,1,355045,5400,169,0,710.09,0.0157,2026-07-25 11:35:17.479934
UCcplz12TjBkLuJTC_RUuxRQ,Efsane Raybekli,1,62556,70,70,0,125.11,0.0022,2026-07-25 11:35:17.479934
UCcq1f1vCHc1LV1P9aUAARfg,Thamy Filório,9,596870,36339,763,4,1193.74,0.0729,2026-07-25 11:35:17.479934
UCcq8pko7KqkgYeXMM_SGFNA,TechJoint,2,856512,8145,408,0,1713.02,0.0106,2026-07-25 11:35:17.479934
UCcqQiblUjxsv8AfF4Li1n0g,Kənd Uşaqı,1,6069,32,21,0,12.14,0.0087,2026-07-25 11:35:17.479934
UCcqgJ3jF6UG8ea26kF2-5sg,World Business Channel,5,392916,8802,382,0,785.83,0.0182,2026-07-25 11:35:17.479934
UCcqmIur-b51hdIByTPIfifw,ZenLifeRelax,5,28064094,226500,16454,0,56128.18,0.0099,2026-07-25 11:35:17.479934
UCcr3VURKPVL_D1Ag5nmFOFw,SPORT - LIFE 2,2,3852057,24500,1877,57,7704.11,0.0074,2026-07-25 11:35:17.479934
UCcrAj3QZiIweFZqNrYiDkpg,silverviolin4,1,4707573,164000,4400,0,9415.15,0.0358,2026-07-25 11:35:17.479934
UCcrakP5Fh371l-R2sXpIyDQ,Aslı Nurol,1,15939,590,10,0,31.88,0.0376,2026-07-25 11:35:17.479934
UCcrgtRZtNX2vlT-ZQ4mxvxQ,Demet Akbağ ile Çok Aramızda,9,9147618,47835,4740,0,18295.25,0.0059,2026-07-25 11:35:17.479934
UCcsDtWAnvKhhe2DhplNBUnQ,Harun Sama,1,176114,3900,400,0,352.23,0.0244,2026-07-25 11:35:17.479934
UCcsFSlTvFAdAGXyevBNZFSw,Mustafa Özcan Güneşdoğdu,1,26961,158,9,0,53.92,0.0062,2026-07-25 11:35:17.479934
UCcsOhBOv3H7t28_1ah3DDCg,Smart Pizza,4,2232958,30400,3277,0,4465.92,0.0152,2026-07-25 11:35:17.479934
UCcsbo-1fIGTCSj0eSFrLbxQ,ZM-News,1,564833,1500,121,0,1129.67,0.0029,2026-07-25 11:35:17.479934
UCcsmeCCDPaZpW8U6gkxYRMw,افكار وصفات,1,3276227,28000,3900,0,6552.45,0.0097,2026-07-25 11:35:17.479934
UCcsnhRk5NLuAI9GcwCJsXrw,Ultimate Tube TV,1,58,4,0,0,0.12,0.069,2026-07-25 11:35:17.479934
UCcso8RPOvRzkDh9IOoFU2Hg,MLT Magic Tricks,1,242176,6200,254,0,484.35,0.0267,2026-07-25 11:35:17.479934
UCcsrs2l4PZoZ-hVWKQPvvVg,Selami Yolcu,3,14718,49,8,0,29.43,0.0049,2026-07-25 11:35:17.479934
UCcstkqoT2h2T3D-EGlI-WVQ,Bilgi Vadisi,1,900220,2400,430,7,1800.44,0.0032,2026-07-25 11:35:17.479934
UCct8zZ7vY3H4WW6JWxUkfvA,Bad-ı Saba Programı,1,7400,87,0,0,14.8,0.0118,2026-07-25 11:35:17.479934
UCct9aR7HC79Cv2g-9oDOTLw,ReligionForBreakfast,2,1225024,14216,1316,0,2450.05,0.0107,2026-07-25 11:35:17.479934
UCctWrd7SeuhOR9B9pjOvhcg,Pembiş Yuvam,5,1508785,13600,2124,0,3017.57,0.0165,2026-07-25 11:35:17.479934
UCctjAAIUSW3DRS-5Phh_hgQ,Kayley Melissa,1,18980715,196000,4200,0,37961.43,0.0105,2026-07-25 11:35:17.479934
UCctk3L2M9Dw_EmcVkuAMX4Q,Sašina Kuhinja,1,102632,261,95,0,205.26,0.0035,2026-07-25 11:35:17.479934
UCctkeBNtFIOn7Yl_9TTj_4w,Stanford eCorner,3,11550,84,3,0,23.11,0.0073,2026-07-25 11:35:17.479934
UCctl8K4iniaLPtuxnCCYhpw,The Book Wanderer,1,153691,5400,133,0,307.38,0.036,2026-07-25 11:35:17.479934
UCcu0wcvx_f8jKZNmCsiW92g,ahmet yenilmez,1,56273,169,26,0,112.55,0.0035,2026-07-25 11:35:17.479934
UCcuH3O-etHDX2L0gSfFOoiQ,aksarayziya,1,38245,44,3,0,76.49,0.0012,2026-07-25 11:35:17.479934
UCcuMSDG2svjR7BncF841GJg,6061. com,3,18975089,120000,9376,0,37950.18,0.0068,2026-07-25 11:35:17.479934
UCcuNz_LHRn5bVmwRf-vt9CQ,Jupi,7,48028,1981,120,0,96.07,0.0506,2026-07-25 11:35:17.479934
UCcuPIXxAE-NZF1NIXBYKlzg,Mehmet Şimşek,1,25763,0,0,0,51.53,0.0,2026-07-25 11:35:17.479934
UCcuQUY86wgqb0m_wGpWIKJQ,HappyKids Play,6,1315349,13179,2052,0,2630.7,0.0118,2026-07-25 11:35:17.479934
UCcucHUhHa-yiIWsEAk_1puw,BG00359,1,397586,1500,195,0,795.17,0.0043,2026-07-25 11:35:17.479934
UCcueC-4NWGuPFQKzQWn5heA,Victor Ferry,9,509918,14485,1116,0,1019.83,0.0279,2026-07-25 11:35:17.479934
UCcuf4EroHgbFayTi3s9Xa3w,RARKO,1,331578,11000,200,0,663.16,0.0338,2026-07-25 11:35:17.479934
UCcugaEdccJ7wSwls8Ecb3eg,EIC89,1,5501,96,3,0,11.0,0.018,2026-07-25 11:35:17.479934
UCcv6vYCM4M-hcEOfvDvR1dA,cucumberandco,2,7398767,16011,4302,0,14797.53,0.0055,2026-07-25 11:35:17.479934
UCcv7QNegDBi-djNpZNI0Z8w,mortenekekutusu,1,4217,102,2,0,8.43,0.0247,2026-07-25 11:35:17.479934
UCcvFra8f68F2jWHmV_JyshA,L'Observateur du Maroc et d'Afrique,1,676,0,0,0,1.35,0.0,2026-07-25 11:35:17.479934
UCcvL0SMMJMvqQWDMI8pRrUw,איתן כהן,2,43346,380,125,0,86.69,0.0114,2026-07-25 11:35:17.479934
UCcvhgQAzaGuIce_7Msd6-KQ,Het Beste van Bright,1,293661,2300,92,0,587.32,0.0081,2026-07-25 11:35:17.479934
UCcvn9hZWo1CgdkQM56G1aCQ,Özlem Ulukan,1,30410,220,4,0,60.82,0.0074,2026-07-25 11:35:17.479934
UCcvnEKKr3YWljMctpz6HXiw,Twitch Türkiye,2,672937,5376,401,0,1345.87,0.0137,2026-07-25 11:35:17.479934
UCcwHYYM9koD1f_OgiCqo13Q,Emlek Yöresi,1,5704,23,2,0,11.41,0.0044,2026-07-25 11:35:17.479934
UCcwHr0ydOgSmOy5qPdWapGg,Matematik Öğretmenim BURAK PALA,1,429457,4100,496,0,858.91,0.0107,2026-07-25 11:35:17.479934
UCcwO-m-e_al5v7kuuHUjbiw,mcyilmaz,1,10164183,17000,1300,0,20328.37,0.0018,2026-07-25 11:35:17.479934
UCcwOp4QO3bmoNJPIgmBFNoA,HAYAT MÜZİK,1,1828555,4900,481,0,3657.11,0.0029,2026-07-25 11:35:17.479934
UCcwS5F4rv6ui2Dnz37SNt0g,Jiyan Aydin,1,4458,20,17,0,8.92,0.0083,2026-07-25 11:35:17.479934
UCcweJsCV2TUP_kzMX25U-oQ,BR24,1,219179,2700,131,0,438.36,0.0129,2026-07-25 11:35:17.479934
UCcwsZ5LdL_dPNJnj3ZSzUoA,Kamil Abalıoğlu,6,318815,1585,157,0,637.63,0.006,2026-07-25 11:35:17.479934
UCcx200FFGy0q6DsD8gLCtig,fujiali,1,148248,212,20,0,296.5,0.0016,2026-07-25 11:35:17.479934
UCcx2fL0VH1oJZtVtfVYiURw,rancerover,2,17409331,33096,2727,0,34818.66,0.0034,2026-07-25 11:35:17.479934
UCcxZh2GLWeZX-zx5dRA2qyg,Съдебен спор,37,3824123,9842,2221,6,7648.23,0.004,2026-07-25 11:35:17.479934
UCcxZyXgVHPurq91pOBe3i7g,Ahmet Abbas,2,136676,703,25,0,273.35,0.0057,2026-07-25 11:35:17.479934
UCcxgEfhL69h6ZFjAos_j_Yg,Elif Kaya ile Sağlıklı Yaşam,1,12365,404,11,0,24.73,0.0336,2026-07-25 11:35:17.479934
UCcxq7LmbJNSfrSANxNce9lQ,Sérine tv,1,5179,65,4,0,10.36,0.0133,2026-07-25 11:35:17.479934
UCcxqecLLFbxgSIn4qUKvbWg,Лучшее из мировых шоу,2,4482170,15400,1687,0,8964.34,0.0039,2026-07-25 11:35:17.479934
UCcxyuA1pT9Y1cPR8eOY2tUA,sofilerdenilahiler,1,170298,1100,44,0,340.6,0.0067,2026-07-25 11:35:17.479934
UCcyKgnbfbW3mv6PIAba9xTg,JustDeepMusic,1,180299,133,8,0,360.6,0.0008,2026-07-25 11:35:17.479934
UCcyOpjaOz1RTaDDOnfnb4Qg,silacan21,1,1492390,3100,268,0,2984.78,0.0023,2026-07-25 11:35:17.479934
UCcyT6jUlbLPn8w1FRpYAVxQ,Yusuf Konaklı,1,1336,10,0,0,2.67,0.0075,2026-07-25 11:35:17.479934
UCcycOT9jGyiotLlK-Gd90Fg,druyanik,3,886963,5549,70,0,1773.93,0.006,2026-07-25 11:35:17.479934
UCcyq283he07B7_KUX07mmtA,Business Insider,18,44257966,490285,29802,53,88515.92,0.0128,2026-07-25 11:35:17.479934
UCczKrLf-GTXBo1ThoiILP0A,Made My Day,1,4609374,48000,2100,0,9218.75,0.0109,2026-07-25 11:35:17.479934
UCczVkeT25VCBdHnyZvlFFjg,Aşık Mustafa Yaman,1,992,4,0,0,1.98,0.004,2026-07-25 11:35:17.479934
UCcz_5ENriB9_epeYnSoq_sw,Bi'de Burdan Bak,1,18441,102,11,0,36.88,0.0061,2026-07-25 11:35:17.479934
UCczjYzztOKufQObBRNe4NeA,liva ile herseyy,1,56148,424,66,0,112.3,0.0087,2026-07-25 11:35:17.479934
UCczkxGI5GrXFuXP_BWRLpLQ,Zlatena Encheva Beauty,4,136290,6000,194,0,272.57,0.0482,2026-07-25 11:35:17.479934
UCcznqw8VQlaCBtkRN8vqCow,Mile Higher Boys,1,472,12,3,0,0.94,0.0318,2026-07-25 11:35:17.479934
UCczoxFjtFVViISc61Q4VJVg,ÜÇ KA,1,5350,184,9,0,10.7,0.0361,2026-07-25 11:35:17.479934
UCczrL-2b-gYK3l4yDld4XlQ,RT America,1,618169,7000,740,0,1236.34,0.0125,2026-07-25 11:35:17.479934
UCczs_h93ZNh_rrkSpaVPiVg,Nüvaz Müzik,3,31944,230,4,0,63.89,0.0092,2026-07-25 11:35:17.479934
UCczv45hjVNr4Z43G5Vgo5rw,Salim Çaylı,1,73798,362,30,0,147.6,0.0053,2026-07-25 11:35:17.479934
UCczwDbDbG1aH5Xf6iTAV-5w,Orcun Calıskan,1,34531,50,20,0,69.06,0.002,2026-07-25 11:35:17.479934
UCd-1pQG-2H5IJl4Jkmy3bXw,FactoFusion,4,42082465,255000,27800,0,84164.93,0.0082,2026-07-25 11:35:17.479934
UCd-MMb-A1yWVty51Df4Ksnw,Bilgi Kafesi,1,85903,254,62,0,171.81,0.0037,2026-07-25 11:35:17.479934
UCd-WgrhzXZp0D4zvnEi9ceg,BAKHSHI International beauty academy,1,318746,0,0,0,637.49,0.0,2026-07-25 11:35:17.479934
UCd-tL6pAnbI2PKxozOFj73g,TEAM MUCI 2,1,353807,2000,114,0,707.61,0.006,2026-07-25 11:35:17.479934
UCd-vE444I06MZYCSDx8t9Rg,mehmet büyüktaş,4,259867,400,71,0,519.74,0.0023,2026-07-25 11:35:17.479934
UCd0-25ugPVg1MHcPiXJIpyQ,Fariz Mehdiyev Official,6,1283505,5499,830,0,2567.02,0.0059,2026-07-25 11:35:17.479934
UCd0DZdzZ-cvrgjsoDPfzJQw,Bizim Osman TV,1,1238,9,4,0,2.48,0.0105,2026-07-25 11:35:17.479934
UCd0ImJD_ADTmyaXhEht3www,Folklor.Gen.Tr,7,175466,452,54,0,350.93,0.005,2026-07-25 11:35:17.479934
UCd0OfohYCYHuIqKVPOCfzng,MilionerTV7,1,30425,107,6,0,60.85,0.0037,2026-07-25 11:35:17.479934
UCd0RequLxV8m4XtfQ-4dgag,Science Sir,1,9617,75,27,0,19.23,0.0106,2026-07-25 11:35:17.479934
UCd0XC4orIJi_mw4fQhz4asg,Pelin Çift,3,36662,2122,28,0,73.32,0.0641,2026-07-25 11:35:17.479934
UCd0jVvGc8-Nds-xNnZsni2g,FeoSev SIM,1,1365822,6700,677,0,2731.64,0.0054,2026-07-25 11:35:17.479934
UCd0rikfRXNblC-5c5xgCVhQ,Mina Harker,1,191771,467,44,0,383.54,0.0027,2026-07-25 11:35:17.479934
UCd13IxlmHsMOd5baddASZdw,Ismet Aloshi BAND,1,54377,55,8,0,108.75,0.0012,2026-07-25 11:35:17.479934
UCd1ALH6_g5O_7Gl64fI96Zw,hüseyin engin,1,1609,2,0,0,3.22,0.0012,2026-07-25 11:35:17.479934
UCd1KOPpoedWCKdklry5m0eQ,Metin İşgen,3,1998479,6677,1110,0,3996.96,0.0062,2026-07-25 11:35:17.479934
UCd1Pk4sGHWav9Rol-4t8kTA,Teacher Okan,2,395925,903,173,0,791.85,0.0043,2026-07-25 11:35:17.479934
UCd1SNBeE_L29ng6SVkmRzWQ,Özge ile Gülümse,5,73315,2206,94,0,146.62,0.0301,2026-07-25 11:35:17.479934
UCd1cQ86669HyDBk6DQ6LNIw,miseyri27,1,1948869,3700,594,0,3897.74,0.0022,2026-07-25 11:35:17.479934
UCd1thSwnSnDXuCVQl46N2WQ,10 Numara Muhabbet,22,4007664,62789,4219,11,8015.33,0.0182,2026-07-25 11:35:17.479934
UCd2Ax9KRlAzvSa5qzqu-7hA,Arşiv Ötesi,1,2311,121,3,0,4.62,0.0537,2026-07-25 11:35:17.479934
UCd2EN4xdTtgEonGN_XVdHNg,Serdar Yazıcı,1,262374,1100,77,0,524.75,0.0045,2026-07-25 11:35:17.479934
UCd2jKsHTGcZOY69ob8RRTsQ,Venhar SAĞIROĞLU,14,560063,12604,359,0,1120.12,0.0361,2026-07-25 11:35:17.479934
UCd2ki4EAPY50VNj580Q9tlQ,hknhvv,1,103776,478,33,0,207.55,0.0049,2026-07-25 11:35:17.479934
UCd2o4gTGBc7Vpn2Srw4SJFg,1 gün 24 saat,1,64880,127,47,0,129.76,0.0027,2026-07-25 11:35:17.479934
UCd2xCvSorluPtrpdhlXkTnw,Halyk Smart,2,1272395,24200,843,0,2544.79,0.0195,2026-07-25 11:35:17.479934
UCd30FMo3PjaRQS5b3upSEyg,jamiejansen32,1,6629841,7100,4100,0,13259.68,0.0017,2026-07-25 11:35:17.479934
UCd35wv82OkpVi6bBr1qW3aw,Yusuf Çınar,1,103396,558,26,0,206.79,0.0056,2026-07-25 11:35:17.479934
UCd386NVLuN84SBm0FeUVvew,Hakan Erturk,1,731,2,0,0,1.46,0.0027,2026-07-25 11:35:17.479934
UCd3R0z0umrnHwqDB31qlvBw,MrYakovlevSV,14,764120,1259,149,0,1528.24,0.004,2026-07-25 11:35:17.479934
UCd3RmAGoTSmQCg9CPpgcUIQ,__siirce_ siir,2,940208,13200,355,0,1880.41,0.0175,2026-07-25 11:35:17.479934
UCd3SPX2Ob3d8jI1c_ix0VDA,ДАЛЬНОБОЙ ТВ,26,18180585,23700,9163,0,36361.19,0.0023,2026-07-25 11:35:17.479934
UCd3fG2xezLyi-ScfEkk_imA,Güncel Öztürk,1,4871398,23000,1600,0,9742.8,0.005,2026-07-25 11:35:17.479934
UCd3nZpObRwHap_s0bT_mpDw,The Man Who Loves His History,2,631645,8721,404,0,1263.29,0.0202,2026-07-25 11:35:17.479934
UCd45cpj-ewSudMEThiHy3gA,Still Squad,1,68208,1800,17,0,136.42,0.0266,2026-07-25 11:35:17.479934
UCd4FHLc1c7bva-6Qi3u6nXg,Furkan Öztürk,1,2972,101,2,0,5.94,0.0347,2026-07-25 11:35:17.479934
UCd4NivaIerdbOC7F7wdJBrg,MÜZİK PINARI,1,489913,1200,289,0,979.83,0.003,2026-07-25 11:35:17.479934
UCd4S46Sbj42okQg41CLoUcg,Fahri KURŞUNCU,1,290827,1900,102,0,581.65,0.0069,2026-07-25 11:35:17.479934
UCd4V3I7nYybm4nKwONcOSdA,Japanology,2,1375003,9000,500,0,2750.01,0.0078,2026-07-25 11:35:17.479934
UCd4W_0_E64eeP-o1ZOqVN2A,AiirSource Military,10,90964785,187282,41886,46,181929.59,0.0027,2026-07-25 11:35:17.479934
UCd4W_zVD74QqP55uAEN9REQ,Alissa Ashley,5,5256482,236500,3096,0,10512.98,0.0534,2026-07-25 11:35:17.479934
UCd4dFH3mGM82iqsNtUz-Srw,Le Vendeur Automobiles,2,313909,3100,193,0,627.82,0.011,2026-07-25 11:35:17.479934
UCd4q1RCSxQqba74q2O6yRlQ,Emeric Imre Official Channel,1,1441794,7000,287,0,2883.59,0.0051,2026-07-25 11:35:17.479934
UCd5DKToXYTKAQ6khzewww2g,France Culture,4,124317,949,87,0,248.63,0.0084,2026-07-25 11:35:17.479934
UCd5MWDQlmN_kXm-htzf9xhA,Duru TV,1,182804,310,13,0,365.61,0.0018,2026-07-25 11:35:17.479934
UCd5OTP14URTaDQvljPuuxJA,Özge Oktar,6,270444,5090,251,0,540.89,0.027,2026-07-25 11:35:17.479934
UCd5R8xizUUgzJdwXFSS7_Xg,Awesome Earthmovers,2,5775679,22556,2540,0,11551.35,0.007,2026-07-25 11:35:17.479934
UCd5eTR9SFY6j9NIApGPzA5A,AliRıza Yiğit,1,207148,352,42,0,414.3,0.0019,2026-07-25 11:35:17.479934
UCd5esrJjToAlaZAdB-ER_AA,WikiVidi Documentaries,1,11654,135,23,0,23.31,0.0136,2026-07-25 11:35:17.479934
UCd5i-6D8GnAHeRIV5sfvElQ,Kerim Cüre,1,44651,112,7,0,89.3,0.0027,2026-07-25 11:35:17.479934
UCd5iuc928pdd8PMBsNFxoiQ,İslam Tevhidi,1,1462,20,17,0,2.92,0.0253,2026-07-25 11:35:17.479934
UCd6FKJDZptIbaWzxCPIf0-A,TRAVELING WITH NATURE,2,2023699,3711,891,0,4047.4,0.0034,2026-07-25 11:35:17.479934
UCd6GHjQcFELppdvFofn_vQQ,GouTouPou,1,39385,321,8,0,78.77,0.0084,2026-07-25 11:35:17.479934
UCd6Hv-XU7NOZRqErTDGcM8Q,امير فراهانی,1,1579696,4300,1200,0,3159.39,0.0035,2026-07-25 11:35:17.479934
UCd6_MV6DqDUTK-1rrdyPGPA,尾関ひろみ,1,124981,729,64,0,249.96,0.0063,2026-07-25 11:35:17.479934
UCd6eflH2syjB8TgbdtwZURg,Benan Saraç,1,3822,129,2,0,7.64,0.0343,2026-07-25 11:35:17.479934
UCd6mFfd2im2LjQEvUua438A,Tip Tap,3,5020,286,5,0,10.04,0.0677,2026-07-25 11:35:17.479934
UCd6qylQWz49LNjE4xrKf3RA,Professor Simon Holland,1,54790,1100,127,0,109.58,0.0224,2026-07-25 11:35:17.479934
UCd6xnAUrFD1NY6tWvxNCyiA,biryudumhayat,1,1215757,8400,229,0,2431.51,0.0071,2026-07-25 11:35:17.479934
UCd6zdrj0FZqhPm0n1fMFP3g,Osman KARABENLİ,1,59014,141,36,0,118.03,0.003,2026-07-25 11:35:17.479934
UCd7B66OZbjryEPpoRqBhhWw,Me lo pasaron por wasa 2019,1,4488,43,47,0,8.98,0.0201,2026-07-25 11:35:17.479934
UCd7KZmlU3I4joZaLUMpmn-g,Thomas Anton Geurts,1,4720834,16000,3000,0,9441.67,0.004,2026-07-25 11:35:17.479934
UCd7R-ZnmxqF75FpTQpl09EQ,Betül Çakmak,3,5321393,228000,10300,0,10642.78,0.0453,2026-07-25 11:35:17.479934
UCd7hiFgy2N0cAUICy4ivvjA,Samet özcan,1,284325,1100,67,0,568.65,0.0041,2026-07-25 11:35:17.479934
UCd7osbx61y8Tgv8jjgJAY5g,ALİ TOPAK Official,24,659526,2369,219,0,1319.02,0.0059,2026-07-25 11:35:17.479934
UCd81TH6WbMSP1czssmAsDQg,Dini Sohbetler,10,305424,3557,257,0,610.82,0.0131,2026-07-25 11:35:17.479934
UCd86lTNw9KuaC8-J19mz6RQ,Cimen Hulya Budak,1,142598,1800,100,0,285.2,0.0133,2026-07-25 11:35:17.479934
UCd8HMvu_BLxEtWsKJSiwxdw,Öz Prodüksiyon,5,34585,255,10,0,69.17,0.0075,2026-07-25 11:35:17.479934
UCd8MaVwU9TQpiUmvx63myUA,Ajlo Oro,2,712240,13051,284,0,1424.48,0.0275,2026-07-25 11:35:17.479934
UCd8Mxj3dS2onvOT23iQzaCw,Jihan Putri Zuariah,1,34950,649,40,0,69.9,0.0197,2026-07-25 11:35:17.479934
UCd8R3tyqUBHP6XjOdyxtm-w,TMM TV INDIA,1,39589,645,38,0,79.18,0.0173,2026-07-25 11:35:17.479934
UCd8Va370ZUpldwXPizIfaPg,Mip Mop,1,2343861,15000,1800,0,4687.72,0.0072,2026-07-25 11:35:17.479934
UCd8v5Ux3RFaSarzdU9bBfcg,Ateş Kalkanı,2,15619,38,2,0,31.24,0.0013,2026-07-25 11:35:17.479934
UCd94DOKHHk5GXSAFR4dZ28g,Bizim Türküler,3,951006,3342,287,0,1902.02,0.0053,2026-07-25 11:35:17.479934
UCd94YCD7yp6d-YZSRYWyeFA,CGTN en Español,1,6419,158,5,0,12.84,0.0254,2026-07-25 11:35:17.479934
UCd9EOya9zivP-MBaifwYlJQ,ProduksioniKola,3,307370,560,168,0,614.74,0.0032,2026-07-25 11:35:17.479934
UCd9Ew12BuUiQQ7adWjHmgzQ,Ranko Tintor Fiko,1,8051793,58000,1500,0,16103.59,0.0074,2026-07-25 11:35:17.479934
UCd9TwtSyMJnr-vVjX9_ML1A,Elvin Mehmanlı,1,1423745,10000,527,0,2847.49,0.0074,2026-07-25 11:35:17.479934
UCd9eHl9tA-7UsOvYnb8IR6Q,onur aydemir,1,160118,362,17,0,320.24,0.0024,2026-07-25 11:35:17.479934
UCd9s9uP_IHcJRchhUL7B5UQ,Nusret Memiş,1,4053234,9000,964,0,8106.47,0.0025,2026-07-25 11:35:17.479934
UCd9tH9PoTL_MuGdTgGTFcgw,HvdH-Plane-Spotter,1,27752,154,68,0,55.5,0.008,2026-07-25 11:35:17.479934
UCdAAJTF4Z1qmqKOL03uLcvQ,Dini Öyküler,9,1742696,26923,1435,0,3485.37,0.0195,2026-07-25 11:35:17.479934
UCdAOzlexafUDX-784Gc8iwA,Ekran,1,120,6,0,0,0.24,0.05,2026-07-25 11:35:17.479934
UCdAXuimkE8g2jIZ9lKjClRg,Ahmet YÜCE,12,1230024,3517,191,1,2460.06,0.0031,2026-07-25 11:35:17.479934
UCdAfCCucLE7k9nvdhZBAdvw,Sidar Eren,1,1496,24,3,0,2.99,0.018,2026-07-25 11:35:17.479934
UCdB00t1Aiui7TahD3DnkZfQ,EFEPOST,1,1134,3,0,0,2.27,0.0026,2026-07-25 11:35:17.479934
UCdBISVTe-jg6f0y7k5dNfAQ,Fishing&amp;Camping,3,502805,2740,431,4,1005.61,0.0084,2026-07-25 11:35:17.479934
UCdBK-W7q2DgnhEUcepLtShg,agac sallanmasi,1,373824,898,12,0,747.65,0.0024,2026-07-25 11:35:17.479934
UCdBPnxT3SXYunus6x4xu7sQ,Ramazan SÜYÜR,1,3623,9,0,0,7.25,0.0025,2026-07-25 11:35:17.479934
UCdBnSJweaR-PEH88l-tQCXA,Ezgi Sert,1,15254,467,36,0,30.51,0.033,2026-07-25 11:35:17.479934
UCdBtU27YA7mf4bjs_VW5i6w,ASMVidéosHD,1,188634,1100,41,0,377.27,0.006,2026-07-25 11:35:17.479934
UCdBteMuMPaCZU508jpgjRkA,Azer Murselov,1,134311,1000,52,0,268.62,0.0078,2026-07-25 11:35:17.479934
UCdBvEzUjsV3CiNfObNL184Q,Ozmuzik Music Company,25,7446796,24752,2601,2,14893.57,0.0063,2026-07-25 11:35:17.479934
UCdBw_qmem_PP9W7KxdOGOPA,onur cansız,1,254635,2100,516,0,509.27,0.0103,2026-07-25 11:35:17.479934
UCdCIRPH9BeItuH-3EB8CUXg,victor1961al,2,1852901,8800,801,0,3705.8,0.0066,2026-07-25 11:35:17.479934
UCdCL6x6zjVxmytH92Zlq3uA,İsar Genç Akademi,1,649558,4500,261,0,1299.12,0.0073,2026-07-25 11:35:17.479934
UCdCQwD9HqodXd_oC_KKLI0w,shashii suvarna,1,5552451,40000,3100,0,11104.9,0.0078,2026-07-25 11:35:17.479934
UCdC_JdpEMxJUf8OFHfMMtZA,Adriana Spink,1,3380228,62000,1700,0,6760.46,0.0188,2026-07-25 11:35:17.479934
UCdCfM51P6SPJqQUxHkYoMHg,Ender Çabuker,2,3748138,14800,525,0,7496.28,0.0041,2026-07-25 11:35:17.479934
UCdDHyvfLJEp2ePVbUMLFdHw,&amp; Celâl Üçüncü &amp;,7,1560286,3906,374,5,3120.57,0.0029,2026-07-25 11:35:17.479934
UCdDJ3XgK2gQxEiyyUE7SRlg,Göktuğ Karaşin,1,2830627,2000,171,0,5661.25,0.0008,2026-07-25 11:35:17.479934
UCdDYRasgzWdPJ8SUSs-B_dA,kameraman huseyin,1,29609,39,8,0,59.22,0.0016,2026-07-25 11:35:17.479934
UCdEBdjqeNDmeDt2IbkBLJhQ,Dennis Klopsch,1,10739695,61000,2300,0,21479.39,0.0059,2026-07-25 11:35:17.479934
UCdEColhtGw4N9FyeU-Lw1fA,Marwa Yehia,2,4636975,152100,7458,0,9273.95,0.0827,2026-07-25 11:35:17.479934
UCdEHEQn3Re4-jWmpVVrZ_mg,KAWAIIDOLL1,10,9873401,167300,11304,0,19746.8,0.0427,2026-07-25 11:35:17.479934
UCdEKWGGpkbeh0thQU-U3nCg,akreanbrean,1,3737,63,3,0,7.47,0.0177,2026-07-25 11:35:17.479934
UCdEZiJCR0qr53QcOATql86A,The Raj of Maharta.,1,2610847,30000,2700,0,5221.69,0.0125,2026-07-25 11:35:17.479934
UCdEmr91YbMqiUSMhYfT_wVQ,Odlar Yurdu,1,35354,327,34,0,70.71,0.0102,2026-07-25 11:35:17.479934
UCdEp8qEDAz0VagY_2bwf-eA,Baran ve Bedirhan,1,248385,9100,323,0,496.77,0.0379,2026-07-25 11:35:17.479934
UCdF5QXMUx1tT7odhtBdDyEA,Audrey Coyne,8,7445027,144700,7290,0,14890.05,0.0296,2026-07-25 11:35:17.479934
UCdF5d0UwSJJunRcRVzP1uDg,Space Videos,1,1591022,8100,907,0,3182.04,0.0057,2026-07-25 11:35:17.479934
UCdF5u0ggeSETozc8fsprjcw,Comic Relief: Red Nose Day,2,6423141,47000,1234,0,12846.28,0.0076,2026-07-25 11:35:17.479934
UCdF7d3gGIs5b76hh2yY7L6A,The Garbage Channel,7,749329,3161,303,0,1498.66,0.0092,2026-07-25 11:35:17.479934
UCdFLIapEpzCIZ9DBZUauvUg,Hairstyle Culture,1,96939,492,28,0,193.88,0.0054,2026-07-25 11:35:17.479934
UCdFg3lFHkZ3QOgUOrq-qE0w,sefer burç,1,424763,5300,100,0,849.53,0.0127,2026-07-25 11:35:17.479934
UCdFkj0fA6VYJaty-v8_avvg,SRF DOK,4,1242713,5369,1262,0,2485.42,0.0057,2026-07-25 11:35:17.479934
UCdFmwbTeOEhpMehkJ97UAbg,GERÇEKLER TV,6,1714322,31500,3074,0,3428.65,0.0245,2026-07-25 11:35:17.479934
UCdFo2SY94m9r88XcrJqTNcA,Stephi Nguyen,1,530302,15000,226,0,1060.6,0.0287,2026-07-25 11:35:17.479934
UCdFoU-mP6cl1P-O11xjarkg,Berussa Anatolia,2,157192,1057,29,0,314.39,0.0069,2026-07-25 11:35:17.479934
UCdFuVQ3IxihOyds8FIJgMAw,Togrul Ismayil,1,42202,319,25,0,84.4,0.0082,2026-07-25 11:35:17.479934
UCdFurKrfVzMERIrAcbdZtaQ,Cennetin Dünyası,2,5215,0,0,0,10.43,0.0,2026-07-25 11:35:17.479934
UCdGKSlwxi-Lw2gvICynmkFw,SoltauCruiser,1,225795,1000,32,0,451.59,0.0046,2026-07-25 11:35:17.479934
UCdGKYomkLT-P9ym6xhfdRMQ,Drumelia Real Estate,1,413741,9500,167,0,827.48,0.0234,2026-07-25 11:35:17.479934
UCdGaN23c53D4MHHgrCKjtjQ,Sercan Sönmez,1,99021,152,21,0,198.04,0.0017,2026-07-25 11:35:17.479934
UCdGmMSAwy1iAGOkJGwn5G-Q,Realstudia Mehemmedi,1,58042,1200,22,0,116.08,0.0211,2026-07-25 11:35:17.479934
UCdGmlqhJPVW_l-E1lE_98jg,Elcin Babazade,1,13036,76,6,0,26.07,0.0063,2026-07-25 11:35:17.479934
UCdGvhFfmqL64cGQ45yMdVJw,presidentaz,7,1423055,0,0,0,2846.1,0.0,2026-07-25 11:35:17.479934
UCdH3wJ1QkBdyewhMz0txbAQ,Uyghur hakan,1,5907,70,2,0,11.81,0.0122,2026-07-25 11:35:17.479934
UCdHHc7KrAqkHTiLYTmzVw8A,Sen Vang Gameshow,5,14773953,17300,5899,0,29547.91,0.0014,2026-07-25 11:35:17.479934
UCdHLGlFVLXSF8avtflkMrHA,İstanbul Büyükşehir Belediyesi,3,99732,1231,70,0,199.47,0.0113,2026-07-25 11:35:17.479934
UCdHgQ_xLxvOXSj3cxp6b9Og,kadir039,2,418162,1134,98,0,836.32,0.0028,2026-07-25 11:35:17.479934
UCdHgiDdk5nYzNU9WLQjXYug,BeachVillasAE,1,122352,721,73,0,244.7,0.0065,2026-07-25 11:35:17.479934
UCdHoPsruPRmtCwXwnrRmMjA,pilot6161,1,1026675,1700,131,0,2053.35,0.0018,2026-07-25 11:35:17.479934
UCdHp34ke51AhDCuGETD4qbA,Rodney Dangerfield,2,8689213,64500,3040,0,17378.42,0.008,2026-07-25 11:35:17.479934
UCdHsMNmoD8aEo8KGJO6Dumw,Priyanka Yadav,3,1412536,13350,804,0,2825.07,0.0267,2026-07-25 11:35:17.479934
UCdHsqT5QWI19v7uxdqxLpPg,من كنوزنا Of our treasures,1,5952,71,4,0,11.9,0.0126,2026-07-25 11:35:17.479934
UCdIfjBUJHAeA27cu6Qnul_g,Alper Başaran,1,622179,5200,420,0,1244.36,0.009,2026-07-25 11:35:17.479934
UCdIrjOlajeMFUPX4hIXSSfg,himmet kutay karakurt,1,1113588,2800,275,0,2227.18,0.0028,2026-07-25 11:35:17.479934
UCdIzJupvXiLCVn0yAL91Clg,Mark Gray,1,6535722,46000,1600,0,13071.44,0.0073,2026-07-25 11:35:17.479934
UCdJ3INoo-udEhwkXbBLonEw,Zeynep Kamez Kaya,1,2189,210,0,0,4.38,0.0959,2026-07-25 11:35:17.479934
UCdJRSiUpCE2gGHrTcOrKhLg,Posture Makeover,1,3540424,90000,2000,0,7080.85,0.026,2026-07-25 11:35:17.479934
UCdJtV6wXT6lnrvldU_urowQ,Keith Olbermann,1,314991,831,67,0,629.98,0.0029,2026-07-25 11:35:17.479934
UCdJyVQ8vI3hdTdkVk01b43Q,saming91,6,1252476,1469,163,0,2504.95,0.0015,2026-07-25 11:35:17.479934
UCdKio6hUP7WREufhR3_ux4g,BAŞKAL Müzik,2,439934,2913,65,0,879.87,0.0066,2026-07-25 11:35:17.479934
UCdKnw2NXb_cRR61b4HTQeCA,Latif Sarac,4,64775,282,31,0,129.55,0.0054,2026-07-25 11:35:17.479934
UCdKuogyIGx5dVcsS0GiKIiw,unknown198523,1,1148656,12000,322,0,2297.31,0.0107,2026-07-25 11:35:17.479934
UCdKyM0XmuvQrD0o5TNhUtkQ,明鏡火拍,1,11492,94,23,0,22.98,0.0102,2026-07-25 11:35:17.479934
UCdL0EBS5U8-rJ4YQlxGmeBg,Open Your Reality,1,64599,2900,59,0,129.2,0.0458,2026-07-25 11:35:17.479934
UCdLHBD4rkOJrQ06iAx6yBlQ,Burcu Şenol,1,139025,3300,163,0,278.05,0.0249,2026-07-25 11:35:17.479934
UCdLTdv2eKe-eC1HlXfGi_Bg,Plusgrandgroupe MAPL,1,606375,4700,394,0,1212.75,0.0084,2026-07-25 11:35:17.479934
UCdLVx4UYICmyB0KnvQPPqVw,Faruk UZUN,1,1298,10,8,0,2.6,0.0139,2026-07-25 11:35:17.479934
UCdLj9dcEDnYwlz6b3qlJBOA,selamimuzik,1,9909,12,2,0,19.82,0.0014,2026-07-25 11:35:17.479934
UCdM5FHnetez4oaeUA9JgHEw,Roel Korkuti,1,96392,362,29,0,192.78,0.0041,2026-07-25 11:35:17.479934
UCdM5JoNiaKh6DR-WgPHz0ow,Military Videos,1,4191,61,15,0,8.38,0.0181,2026-07-25 11:35:17.479934
UCdM8C3ufiI-i-I1XSugKVvg,The Real Daytime,17,24906614,268780,4936,0,49813.23,0.0123,2026-07-25 11:35:17.479934
UCdMWD7ZIVJxjhaH6rUsf7GQ,seksenler doksanlar,1,111707,392,33,0,223.41,0.0038,2026-07-25 11:35:17.479934
UCdMvPf2aDcpcQmfgxu7lBPg,Onur Ozyilmaz,1,101172,527,74,0,202.34,0.0059,2026-07-25 11:35:17.479934
UCdN4aXTrHAtfgbVG9HjBmxQ,Key &amp; Peele,2,12976749,221000,3900,0,25953.5,0.0162,2026-07-25 11:35:17.479934
UCdND9ol0k17yj1CgeSA5fig,Sema Kuyuk,3,283475,7345,375,64,566.95,0.0421,2026-07-25 11:35:17.479934
UCdNGrTlGUEqK9EWcD7iWgUA,Orhan Ölmez,3,1600630,3760,340,0,3201.26,0.0027,2026-07-25 11:35:17.479934
UCdNO3SSyxVGqW-xKmIVv9pQ,settime2588,5,40285888,67300,20984,0,80571.77,0.004,2026-07-25 11:35:17.479934
UCdNnwLUuR90CGPtyIQCueig,Ingrid Costa,2,32516,1928,34,0,65.03,0.089,2026-07-25 11:35:17.479934
UCdNoXZ8BDTnP_iMKx0otECQ,ADILKOK,1,154468,432,33,0,308.94,0.003,2026-07-25 11:35:17.479934
UCdOFoxoNROnVU4SXheWLiuw,Fábio Giovanelli,3,173824,16400,179,0,347.64,0.1004,2026-07-25 11:35:17.479934
UCdOZqYSvf_inKHGuxcSRMXQ,yorgun baba genc,1,888596,2300,213,0,1777.19,0.0028,2026-07-25 11:35:17.479934
UCdOqHU6lP_7Db_rWXrYwlPw,bayburtlu6988,1,2701949,6000,591,0,5403.9,0.0024,2026-07-25 11:35:17.479934
UCdP0BP6el8yUjd0T-CW1gPg,Manquen61,1,82291,250,20,0,164.58,0.0033,2026-07-25 11:35:17.479934
UCdP46B_yfYQbiX9OL6rODoA,ÖZNUR SABANCI ASLAN,5,4222857,24500,2644,0,8445.71,0.0068,2026-07-25 11:35:17.479934
UCdPBwwf4zsp35ETeNkF7dSQ,omeryatci,1,1960749,3600,210,0,3921.5,0.0019,2026-07-25 11:35:17.479934
UCdPKM05wrtN3xHeuxxhuNXg,Kristen Currie,1,9013,67,3,0,18.03,0.0078,2026-07-25 11:35:17.479934
UCdPl3XAODWuYBvNdhAvvcFg,koturaljko roler,1,2109761,7600,390,0,4219.52,0.0038,2026-07-25 11:35:17.479934
UCdPvbGgzcf_GFZ2Wi3UEyxg,50suskunprens50,1,313280,225,22,0,626.56,0.0008,2026-07-25 11:35:17.479934
UCdPwNdUc2Qs5Qlyjzc0xbsw,TANER ŞAHİNBAY,1,26252,139,18,0,52.5,0.006,2026-07-25 11:35:17.479934
UCdQ1YxaZG3i7ygGCdU8mPKQ,Saeima,1,8193,102,6,0,16.39,0.0132,2026-07-25 11:35:17.479934
UCdQO07TAiovFOgBtgMfWeCQ,Einsatzfahrten und so,2,560797,1896,398,0,1121.59,0.0048,2026-07-25 11:35:17.479934
UCdQdeNQoSdNJzbuG2TaBK7w,MultiCast TV,1,108371,493,32,0,216.74,0.0048,2026-07-25 11:35:17.479934
UCdQeheeOP6EAKsDciSTRfAw,Long Beach City College,1,265857,79,31,0,531.71,0.0004,2026-07-25 11:35:17.479934
UCdQixiEF8agHGR2rOkPpENA,Studio Djovany,1,282975,1300,148,0,565.95,0.0051,2026-07-25 11:35:17.479934
UCdQl50RuCN_aw_fsm6Xg-Ug,Emine KaYa,1,3614,10,0,0,7.23,0.0028,2026-07-25 11:35:17.479934
UCdQp3sS61XJPoOF9bDCA4eg,eren katfar,1,148013,1400,30,0,296.03,0.0097,2026-07-25 11:35:17.479934
UCdRDRX48z2TL19IEG9N0UQg,Tina's Life,1,1514056,33000,676,0,3028.11,0.0222,2026-07-25 11:35:17.479934
UCdRpesuFMV_-bHZGBElBZeQ,DJIMO0663,2,5928760,9500,747,0,11857.52,0.002,2026-07-25 11:35:17.479934
UCdRzerT0JIOwa_uttwX-5VA,Anne Lipscomb,1,9939,147,3,0,19.88,0.0151,2026-07-25 11:35:17.479934
UCdS0LS8MnowDdqWPNljP6WA,Pame laus,1,130207,2000,117,0,260.41,0.0163,2026-07-25 11:35:17.479934
UCdS1yQEmCw7pHpH59xKQWIw,Florensia Sella,2,2507314,12610,1486,0,5014.63,0.0063,2026-07-25 11:35:17.479934
UCdS7OE5qbJQc7AG4SwlTzKg,Fatih Altaylı,4,517404,12759,653,49,1034.82,0.0285,2026-07-25 11:35:17.479934
UCdSGEbcmhqbt9wATTkzQo6Q,ArseRaptor,2,913751,8300,460,0,1827.5,0.0104,2026-07-25 11:35:17.479934
UCdSQ5JUP8yPvWZXHPkpDgDQ,ESKI TÜRKÜ,4,901344,3285,100,0,1802.69,0.0056,2026-07-25 11:35:17.479934
UCdSVgCvYckTBLL-yupfg8UA,Noyan,6,664743,7992,866,0,1329.48,0.0201,2026-07-25 11:35:17.479934
UCdScRa_8FQ01iA40yQFGHMQ,Özge İpeksoy,3,523678,7083,1011,0,1047.36,0.0363,2026-07-25 11:35:17.479934
UCdSjg4PMyPEbfIhLwbKKR0w,DJ Aksyonoff,2,173786,1338,20,0,347.57,0.0072,2026-07-25 11:35:17.479934
UCdSkyD3DoPbanZYOU8NBwoQ,Yakışıklı Yemekler,2,138182,2146,69,0,276.37,0.0243,2026-07-25 11:35:17.479934
UCdSu3tgroULNBpkyWkEzCYw,EMOJOIE CUISINE,1,277909,6900,90,0,555.82,0.0252,2026-07-25 11:35:17.479934
UCdSztnhMOGzK7KHYD7iwSPw,Hızlı ve Çılgın,1,4046756,86000,6400,0,8093.51,0.0228,2026-07-25 11:35:17.479934
UCdT-0QDIi-sgiWIiZ21nvCg,Ahmet Akyol,1,951754,1100,100,0,1903.51,0.0013,2026-07-25 11:35:17.479934
UCdT1TOGqVSykkgy_tjkWULg,Feyzullah kırca,1,2449,5,2,0,4.9,0.0029,2026-07-25 11:35:17.479934
UCdT7IP4wWcuJmatUHifJ_JA,VAN YÜZÜNCÜ YIL ÜNİVERSİTESİ,2,345499,946,166,0,691.0,0.0031,2026-07-25 11:35:17.479934
UCdT9CFMpO_o1Sy10Dz2b9DQ,First Vice President of Azerbaijan,1,1360956,8200,1400,0,2721.91,0.0071,2026-07-25 11:35:17.479934
UCdTRwwI96qv2yeSbhEYDx7g,Awazen Rasan اوازين راسن,1,514670,2300,187,0,1029.34,0.0048,2026-07-25 11:35:17.479934
UCdTWIxOHKOnwBmYTnjBBQAA,Ali Biçim Show,1,5836245,26000,1000,0,11672.49,0.0046,2026-07-25 11:35:17.479934
UCdTmuyHUqg8WXn4EYhlFlGg,Life Style Fishing,1,7437549,8800,4400,0,14875.1,0.0018,2026-07-25 11:35:17.479934
UCdTyuXgmJkG_O8_75eqej-w,فرانس 24 / FRANCE 24 Arabic,2,72555,442,47,0,145.11,0.0071,2026-07-25 11:35:17.479934
UCdTzENfzz-rA6mebBnmavvw,Melike Bozdoğan,1,25343,154,27,0,50.69,0.0071,2026-07-25 11:35:17.479934
UCdU780sozD-aYImQoWTeEdQ,Zeyrek,5,2180205,15959,2425,0,4360.42,0.0172,2026-07-25 11:35:17.479934
UCdUJXYiWm0etixwZOP_aZ6A,xprodoksit platformu,5,1064188,4882,420,0,2128.38,0.0043,2026-07-25 11:35:17.479934
UCdUQPyIK8wtoPRHPBL2hssw,hamdi duran,1,2355,30,4,0,4.71,0.0144,2026-07-25 11:35:17.479934
UCdUUwXL-C-qxrHfrP6Hke2A,RAKURS UZ,1,3044,58,11,0,6.09,0.0227,2026-07-25 11:35:17.479934
UCdUYAi1Boo4q02gvPAk75QQ,D Dizi,1,396150,1200,232,0,792.3,0.0036,2026-07-25 11:35:17.479934
UCdUjja3Tx5753hCJNLqr0qA,Erwin Saint Martin,1,170197,2900,467,0,340.39,0.0198,2026-07-25 11:35:17.479934
UCdUt_VCOlUwtnXygdnPqRkA,Mr. NK,5,13208468,52900,10540,0,26416.94,0.0056,2026-07-25 11:35:17.479934
UCdVBWUBCuREx1Q2Ikw9R8Mw,TRT Belgesel,29,7101334,49095,3064,0,14202.66,0.0087,2026-07-25 11:35:17.479934
UCdVLLK7y4AYcHe7YqCSTNag,Casimir Spaulding,2,254956,3374,174,0,509.91,0.0166,2026-07-25 11:35:17.479934
UCdVu7tMSM7MHiJkKj5QlFvQ,cemo dogan,4,30156,228,11,0,60.31,0.0072,2026-07-25 11:35:17.479934
UCdW0Ug_lrQsUAkwZCs8aIgQ,Dung Tran,2,9138,238,16,0,18.27,0.0275,2026-07-25 11:35:17.479934
UCdWALLkFc52ghtccl0BZNkA,Ozan Tabakası,5,614468,3855,481,3,1228.93,0.0072,2026-07-25 11:35:17.479934
UCdWD3k5SQUGXpHDkioiTFCw,Bir Zamanlar Çukurova,43,25914803,97872,13235,0,51829.6,0.0047,2026-07-25 11:35:17.479934
UCdWF0Xhr64TADwZvdKgVk1w,ARB Aran,1,92861,347,20,0,185.72,0.004,2026-07-25 11:35:17.479934
UCdWFKjBdF5u1q2BDCXmBf5g,Badigiller,1,54330,175,32,0,108.66,0.0038,2026-07-25 11:35:17.479934
UCdWJjpWgIXJL14uz9AL-igw,Tahir Abacı,1,19243,203,5,0,38.49,0.0108,2026-07-25 11:35:17.479934
UCdWKcHEcHSEyx92ONC0ogIw,ARSENAL KINO,1,2248277,5700,2000,0,4496.55,0.0034,2026-07-25 11:35:17.479934
UCdWQBNI7QrK1FvhF6K-ezJQ,Sevban Bingül,1,172662,734,55,0,345.32,0.0046,2026-07-25 11:35:17.479934
UCdWeRkJG-5UmITAEYx12UMw,Ayşen Çakmaktepe,1,73284,578,46,0,146.57,0.0085,2026-07-25 11:35:17.479934
UCdWnM_bm3neIlQR-jX2zvPg,The Arsenio Hall Show New,3,3204565,19038,1003,0,6409.14,0.0055,2026-07-25 11:35:17.479934
UCdWopuFnT82MCe6WZuFqz-Q,Галина Ханагян,1,2536052,6400,1400,0,5072.1,0.0031,2026-07-25 11:35:17.479934
UCdXBUvbNEeGeabux6ohLw8w,LES RÉALITÉS INVISIBLES,4,229293,2662,225,0,458.59,0.0124,2026-07-25 11:35:17.479934
UCdXCTRCIJGCDhvANozej_bg,Susana Arcocha,1,47864,1700,85,0,95.73,0.0373,2026-07-25 11:35:17.479934
UCdXFCJUGkDjzstHv3aF66UA,SchauspielHannover,3,6435,108,0,0,12.87,0.0253,2026-07-25 11:35:17.479934
UCdXQ9yWPLfgq7ECtNX0liXw,Tuncer Yildiz,6,6220702,18962,1774,0,12441.41,0.0029,2026-07-25 11:35:17.479934
UCdXmX-zeg1V7AxX_HflfsXA,시네캣츠,1,886026,3300,928,0,1772.05,0.0048,2026-07-25 11:35:17.479934
UCdXy389g20T4X_FoI62_jsg,Japonya'da Günlük Hayat,2,39799,1200,56,0,79.6,0.0415,2026-07-25 11:35:17.479934
UCdY1QDwiw9s6cdDaN1pYUdg,Sarah Tran,1,1201220,7600,675,0,2402.44,0.0069,2026-07-25 11:35:17.479934
UCdY3w-_Z1jmfO4LEzRwIMsA,Emre Ünlü,1,117284,431,45,0,234.57,0.0041,2026-07-25 11:35:17.479934
UCdYIfA_OTih2--tbcKO0b5g,mayratouchofglam,3,5297669,67700,2990,131,10595.34,0.0244,2026-07-25 11:35:17.479934
UCdYJZH3-MUO7Z4m4wbEAByA,mehmet ali çöl,1,215066,259,116,0,430.13,0.0017,2026-07-25 11:35:17.479934
UCdYNRVfNd44fYa9czId8w9Q,KitschSnitch,4,84893,3673,67,0,169.79,0.0464,2026-07-25 11:35:17.479934
UCdYXtP8CjAnjS1rbrmdMdgQ,İyi Haberler TV,2,502583,4046,363,0,1005.17,0.0086,2026-07-25 11:35:17.479934
UCdYcZPdPiTQ-Ey2nOriJqvA,Interesting Facts,19,21616353,170800,23881,64,43232.69,0.0113,2026-07-25 11:35:17.479934
UCdYezGeRqqmiZKMVzopFJMA,ALI OSMANOV,4,15701778,44900,11899,0,31403.56,0.0034,2026-07-25 11:35:17.479934
UCdYmLklwhOma4mCK7XdLa0w,Aykut ERDOĞDU,2,121460,1140,44,0,242.92,0.0274,2026-07-25 11:35:17.479934
UCdYqkI7rux_rKX98AY0rneA,shurik2106,1,1727064,6200,878,0,3454.13,0.0041,2026-07-25 11:35:17.479934
UCdZ45wtj7v9VpG5FHOpDljA,Dr Ford,1,1148581,8800,389,0,2297.16,0.008,2026-07-25 11:35:17.479934
UCdZ4637nPqAAaImgcEUAZbw,SÜPER LİG YORUM,1,1302,15,2,0,2.6,0.0131,2026-07-25 11:35:17.479934
UCdZBA9dDm3pw5cwIFG4dD7Q,LaiKRaS TV,1,279423,1000,139,0,558.85,0.0041,2026-07-25 11:35:17.479934
UCdZZqbcyQwrwIg90fzqHgYw,Ilya A,2,883604,5800,257,0,1767.2,0.0068,2026-07-25 11:35:17.479934
UCdZigx0HbQcxINLv_Id-_yQ,iross1012,1,2712978,4900,1300,0,5425.96,0.0023,2026-07-25 11:35:17.479934
UCdZoMxGbkymzku5etU8Phkw,FATİH AKTAŞ,1,91887,265,34,0,183.77,0.0033,2026-07-25 11:35:17.479934
UCdZuY1AxjeW3wbOjcJ7nosg,Kurd Idol,4,5922375,30100,2028,0,11844.75,0.0063,2026-07-25 11:35:17.479934
UCdZxLEx4pFLugGB1Zv2v7DA,apokey,1,369039,1200,42,0,738.08,0.0034,2026-07-25 11:35:17.479934
UCd_Lhmrg7XXG3c6r_SiaHXA,Pavel Smekalov,1,24666,359,7,0,49.33,0.0148,2026-07-25 11:35:17.479934
UCd_ftC9AAV3YjDh8uLC4i5A,DELİLER KAHVEHANESİ,7,12553,139,22,0,25.1,0.0265,2026-07-25 11:35:17.479934
UCd_l-W1g3mUXDrGpbt1q_4Q,EllenLDegeneres,1,2014179,5600,235,0,4028.36,0.0029,2026-07-25 11:35:17.479934
UCd_l2ikDVT6_1Uu9n_BIrgg,İlave Tv,13,3277493,65900,7968,0,6554.97,0.0341,2026-07-25 11:35:17.479934
UCd_uJ5Ts8FzSDJEkqd7Q0Aw,Zahide Yetiş TV,3,4461357,23275,2607,0,8922.71,0.006,2026-07-25 11:35:17.479934
UCda-yWTToZtIfYDBs7CDp8A,Şener Çakır,3,4029452,10341,801,0,8058.9,0.0034,2026-07-25 11:35:17.479934
UCda2sT7otQBKSNbZcVqvflg,Mustafa bülbül,1,1302,11,2,0,2.6,0.01,2026-07-25 11:35:17.479934
UCdbJdLm_ezTksGVM0Khbkqw,Mehmet Şafi Ergül,1,30983,230,9,2,61.97,0.0078,2026-07-25 11:35:17.479934
UCdbMEUGQHkPlCRGkOGlMeLg,Минута Смеха,1,4652481,14000,3700,0,9304.96,0.0038,2026-07-25 11:35:17.479934
UCdbSAP-lWYB9ir3mCMhB1wA,ZeanMoo,1,270896,1500,82,0,541.79,0.0058,2026-07-25 11:35:17.479934
UCdblyeyVTGwmOLOFlPdrbEw,Tennis Time,1,18567,126,64,0,37.13,0.0102,2026-07-25 11:35:17.479934
UCdbrbRuw-uzoC8mQs8RkUvQ,Burak Dübüs,2,2115547,2400,284,0,4231.1,0.0014,2026-07-25 11:35:17.479934
UCdbvc-yJ4JQjNGTgFiJIZNA,新唐人電視臺,2,14292,308,8,0,28.59,0.0191,2026-07-25 11:35:17.479934
UCdbyoy9H-4FDC855xYJT3Ug,KON TV,2,64193,469,39,0,128.38,0.007,2026-07-25 11:35:17.479934
UCdc0jh2mb9gd3iKLn5hiiBQ,Car Crash &amp; Road Rage,2,4727963,7600,2089,0,9455.93,0.0022,2026-07-25 11:35:17.479934
UCdc6ZPnlrOl9HGOCsawJMog,TAŞ PLAK - NOSTALJİ,13,7259464,16212,1418,0,14518.93,0.0025,2026-07-25 11:35:17.479934
UCdcNanTF5JlH2SdrHwxY9hA,O Ses Canlı [Hd],3,1805503,8591,280,17,3611.0,0.0053,2026-07-25 11:35:17.479934
UCdcQIoWR_T2MFlgZzfFzv7Q,БЕЗ СОЛИ,1,32024,990,54,0,64.05,0.0326,2026-07-25 11:35:17.479934
UCdcWsj2cNt_Jwbca29iew7A,MURAT Hergulê,1,30919,194,123,0,61.84,0.0103,2026-07-25 11:35:17.479934
UCdcZ2OkIMGgEKajsdPkd3Xw,Ebru Şallı,1,38781,554,34,0,77.56,0.0152,2026-07-25 11:35:17.479934
UCdciW4YklAE6y_hBamaoq2w,Анатолий Гнедой,1,595284,2300,447,0,1190.57,0.0046,2026-07-25 11:35:17.479934
UCdckOkMY1LPNFB01AX_M2OA,Bir Şarkısın Sen,1,8497098,23000,6200,0,16994.2,0.0034,2026-07-25 11:35:17.479934
UCddJkgNGvQxg_tYP3CbZ24w,Canan Erginöz,1,25340,271,34,0,50.68,0.012,2026-07-25 11:35:17.479934
UCddVE0VnjvW8Akzc6LMRjRA,Ulusmuzik1,1,52177,217,8,0,104.35,0.0043,2026-07-25 11:35:17.479934
UCddiUEpeqJcYeBxX1IVBKvQ,The Verge,3,5066036,68000,5500,0,10132.07,0.0185,2026-07-25 11:35:17.479934
UCde5MftiVQBAWm8RX21GvjQ,enBursa TV,1,2791,29,8,0,5.58,0.0133,2026-07-25 11:35:17.479934
UCdeGplKE5cUvOJhjmld0lhA,Zeynepçe Tarifler,1,459249,7000,234,0,918.5,0.0158,2026-07-25 11:35:17.479934
UCdeJH9vQ0ENIuBun33r9bvQ,Buğçe Kondakçı,2,465373,8700,367,0,930.74,0.0195,2026-07-25 11:35:17.479934
UCdeOKp5KIVYO-7Qtm_S3lOQ,Emrah İriş,1,1057377,3600,214,0,2114.75,0.0036,2026-07-25 11:35:17.479934
UCdeRAocmryKYUJcJOdSk3qQ,Nienke Plas,1,180643,2900,48,0,361.29,0.0163,2026-07-25 11:35:17.479934
UCdea9PBK1k2ZnqUuGPJXx8g,Dakika Futbol,1,28099,179,18,0,56.2,0.007,2026-07-25 11:35:17.479934
UCdeb2-7M5k4R4XKqMZb1GFA,Veysel Fırtına,1,827,8,2,0,1.65,0.0121,2026-07-25 11:35:17.479934
UCdeqEGGKQ538-PLTFmgcr5g,Largest Dams,2,16937285,42000,4600,0,33874.57,0.0029,2026-07-25 11:35:17.479934
UCdexJTZ_BBUKDLe5_LOdXoQ,Hüseyin Selvi,1,106563,537,42,0,213.13,0.0054,2026-07-25 11:35:17.479934
UCdfOwrXg8oziDrb_ZNm_BFQ,Region Tv,3,782055,3435,467,0,1564.11,0.0048,2026-07-25 11:35:17.479934
UCdfWi0oecLSOu2-BZwGNKig,Gallery Military,2,136892,902,131,0,273.79,0.0083,2026-07-25 11:35:17.479934
UCdfehefmRQtmX3MCWrbDdWg,AirCambodia HD,1,19957,140,6,0,39.91,0.0073,2026-07-25 11:35:17.479934
UCdfhATF3ichl9C8pwEc9WKw,seko9549,1,946702,1700,322,0,1893.4,0.0021,2026-07-25 11:35:17.479934
UCdg5jvRl7lhD9YUclorMzBg,GÜNDEMİN SESİ SAVUNMA,2,86416,958,45,0,172.83,0.0116,2026-07-25 11:35:17.479934
UCdg8NnITwaFtIRXmK0OzGIQ,EMRAH BAGCI,1,26718,185,54,0,53.44,0.0089,2026-07-25 11:35:17.479934
UCdgDHaFVP3I8IH5K6HYc-kw,iyifikir ajans,2,496684,2160,204,0,993.37,0.0046,2026-07-25 11:35:17.479934
UCdgStkgrPgieTVK-ofXAcIQ,Boris Adamyan,1,211829,5900,302,0,423.66,0.0293,2026-07-25 11:35:17.479934
UCdgW_gR2E70EiHfs2K9sR9w,Стани богат,7,304973,2617,296,0,609.93,0.0103,2026-07-25 11:35:17.479934
UCdgWkIzaMnLwAcea6811-eQ,videottm,3,134015,389,15,0,268.03,0.0029,2026-07-25 11:35:17.479934
UCdggatDzQjGWnqY1WvqgtXA,atv Haber,18,19133251,79647,10773,12,38266.51,0.0045,2026-07-25 11:35:17.479934
UCdgxH-SUJoCXMFtxMh_jVfA,ümit kenar,1,2180,7,0,0,4.36,0.0032,2026-07-25 11:35:17.479934
UCdhBeKZKeHZKJ_8EOmTD3tw,Scare Crowlol,1,642003,5400,351,0,1284.01,0.009,2026-07-25 11:35:17.479934
UCdhJMUGmppSYe3RuZmtm5WA,Patriot of his country,1,5445479,17000,4000,0,10890.96,0.0039,2026-07-25 11:35:17.479934
UCdhJPv4_mnGgPjq0sYjNWFA,Расширение Мировоззрения,2,222681,1800,170,0,445.36,0.005,2026-07-25 11:35:17.479934
UCdhuMYbU1hXAJLEzKZKuhQw,GIRTEK,6,165938,1309,104,0,331.88,0.018,2026-07-25 11:35:17.479934
UCdiBE3rp9tAruTG0WyhFZMQ,Donka Dimitrova,1,1222806,7500,1200,0,2445.61,0.0071,2026-07-25 11:35:17.479934
UCdiURk-ssFs-akHQzu3c0_g,voice of jatt,1,2508041,5300,1500,0,5016.08,0.0027,2026-07-25 11:35:17.479934
UCdijtXvx4DPNE7MCiY-lQKQ,İçindeki Sen,4,1367446,22400,11619,0,2734.89,0.0374,2026-07-25 11:35:17.479934
UCdiq1ZLNZ3fxoVPqqqvBq1w,André Rieu Fans,1,1964505,8700,799,0,3929.01,0.0048,2026-07-25 11:35:17.479934
UCdivTkVMg5TqttLHUkNEGbg,ElCanalDeLaDani,1,2297,138,3,0,4.59,0.0614,2026-07-25 11:35:17.479934
UCdj1SUPCgGV4mvUWGY45yng,Samet BABUR,1,76352,176,23,0,152.7,0.0026,2026-07-25 11:35:17.479934
UCdj8KPaehaj_QWM0scnIIQA,Öykü Yıldırım,4,650716,6923,1229,0,1301.42,0.0166,2026-07-25 11:35:17.479934
UCdjIBg8vo1kqsGE8oUELS_A,Egal1988Egal,1,3515122,6900,813,0,7030.24,0.0022,2026-07-25 11:35:17.479934
UCdjVmtGr1ZMPwU2pafMIN_w,InfoCar: тест-драйвы авто,29,5848088,85841,7040,0,11696.17,0.0178,2026-07-25 11:35:17.479934
UCdj_mG2_gLx0wMRhm4S7x7Q,Ara Malikian,4,751323,9607,216,0,1502.65,0.0148,2026-07-25 11:35:17.479934
UCdjdijBHAEiSTLQT8Rtvq7w,Betül Erdem,1,113992,697,24,0,227.98,0.0063,2026-07-25 11:35:17.479934
UCdjgG4vGi1qoxcMlCsyhjYg,trkc,1,118927,437,52,0,237.85,0.0041,2026-07-25 11:35:17.479934
UCdjhzdkM04zYz2uFnvsilUg,РУССКИЙ ШОУБИЗ,1,355178,11000,867,0,710.36,0.0334,2026-07-25 11:35:17.479934
UCdjiTJPPWJeL-NSCDUUcORA,KsiXca,1,141520,260,27,0,283.04,0.002,2026-07-25 11:35:17.479934
UCdjpnUDBGEdpIZ1q2Gf5zBg,Chat Share,1,1869548,8600,574,0,3739.1,0.0049,2026-07-25 11:35:17.479934
UCdjqFEyDP4aml0n0PgIdJTA,Benessere,1,17381,69,39,0,34.76,0.0062,2026-07-25 11:35:17.479934
UCdjt1kTYUPfopGhYdAfH88Q,TalipogluTayfun,1,232056,727,110,0,464.11,0.0036,2026-07-25 11:35:17.479934
UCdk8bl0vwBFi1YIk2tG-6dA,HOZAN AYDIN,3,4278594,13492,1341,0,8557.19,0.0036,2026-07-25 11:35:17.479934
UCdkED2X99CI2p_i73RU30jw,Arda CAN,1,28702,79,6,0,57.4,0.003,2026-07-25 11:35:17.479934
UCdkQvXP_lbzCrPhZGrPCQAQ,Snuffy's Cat Productions,1,6035,45,17,0,12.07,0.0103,2026-07-25 11:35:17.479934
UCdkRT_G7eqNTytm52zMw40g,Rachel Ama,3,652328,37000,306,0,1304.65,0.058,2026-07-25 11:35:17.479934
UCdkXHQ-YH81P3KGYwLZikcg,Adem Özel,2,2390036,3506,1300,0,4780.07,0.0078,2026-07-25 11:35:17.479934
UCdkhkda5VQPbKSzx03HohMw,De Placa,1,98883,6200,192,0,197.77,0.0646,2026-07-25 11:35:17.479934
UCdkt8YrvP23Eh7qi6ziWgdQ,gokkusagimsin,1,3547917,10000,410,0,7095.83,0.0029,2026-07-25 11:35:17.479934
UCdl4Dap9blBF9Zj2bR5qbDQ,raşit Karip,2,45480,176,22,0,90.96,0.0072,2026-07-25 11:35:17.479934
UCdlCY56-b6qsx2bXlwoElog,Gülüm müzik,1,892297,1300,376,0,1784.59,0.0019,2026-07-25 11:35:17.479934
UCdlEXiVLTEvA280oyMvr8Kw,Güldür Güldür,202,206688010,1129957,92804,359,413376.01,0.0054,2026-07-25 11:35:17.479934
UCdlPMTWVg27IZOWJtQ1owzQ,Eda Terzioğlu,4,107245,2503,70,0,214.49,0.0384,2026-07-25 11:35:17.479934
UCdlTicw0B1To_aVo17CJyNA,H.U TV Haberleri,1,833291,1300,300,0,1666.58,0.0019,2026-07-25 11:35:17.479934
UCdleFnj2rDsly5j0Sg9WZ6w,Mehmet Türkoğlu,1,794359,4600,253,0,1588.72,0.0061,2026-07-25 11:35:17.479934
UCdlhbu0Ot769HWX66ZXkybg,Fırat GÖLPUNAR,1,127891,375,35,0,255.78,0.0032,2026-07-25 11:35:17.479934
UCdlo2GbuiO1wDWqAqQwxJbg,Persian Fairy Tales,19,3450059,21299,2684,0,6900.11,0.0096,2026-07-25 11:35:17.479934
UCdm0gvwnTtSBHLfWdAyIsuw,EcoSanaClub,2,176767,3573,103,0,353.53,0.0349,2026-07-25 11:35:17.479934
UCdm6eZN1FgrD9XBAAxDdKkA,Alan Macneil,1,2595386,31000,892,0,5190.77,0.0123,2026-07-25 11:35:17.479934
UCdm8IlltjGIMJgYPaARVFhA,Kanber Temurtaş,2,23885,129,4,0,47.77,0.0069,2026-07-25 11:35:17.479934
UCdmVITwb3U_pixvTM4yrhhg,olci52,1,446725,1100,131,0,893.45,0.0028,2026-07-25 11:35:17.479934
UCdmZqozkigjGR9q1MwJWIjQ,Faiq Eliyev Daşinmaz emlak .,1,16350,180,23,0,32.7,0.0124,2026-07-25 11:35:17.479934
UCdmauIL-k-djcct-yMrf82A,СТС,8,24160617,241800,17187,0,48321.24,0.0106,2026-07-25 11:35:17.479934
UCdmkPG3FG48A27-PrD-lC8A,A Plus Entertainment,1,488585,2100,218,0,977.17,0.0047,2026-07-25 11:35:17.479934
UCdmnOJ63TCe2AEdeFTYiweA,Funny Vines,1,4250671,24000,3800,0,8501.34,0.0065,2026-07-25 11:35:17.479934
UCdmo7hNe1U2oC4ZVxfM4QvQ,EMRAH KUZU,23,1279782,5567,469,0,2559.56,0.0069,2026-07-25 11:35:17.479934
UCdmxf93AAKz1bnddObx1Qng,Caniisii Can,1,1284293,7400,497,0,2568.59,0.0061,2026-07-25 11:35:17.479934
UCdmzNk70nZRn8KZyMPuXnZQ,Micky Zlatinova,2,12537,556,32,0,25.07,0.0479,2026-07-25 11:35:17.479934
UCdnG0dRiqh7Qd66F-K-am7A,Тарас Маслій,2,1196,41,0,0,2.39,0.0504,2026-07-25 11:35:17.479934
UCdnKo8HqKR1CkAtZAkbChPw,sweetkim178,1,1458106,6800,531,0,2916.21,0.005,2026-07-25 11:35:17.479934
UCdnLU_gOU4Nkbgtqmq_KqRg,برنامج الرأي الحر,2,152693,4557,284,0,305.39,0.0273,2026-07-25 11:35:17.479934
UCdnNp7ZZb5i1AK9H5fLh3Bw,HÜSEYİN GÜNAYDIN,2,2163287,6000,463,0,4326.57,0.003,2026-07-25 11:35:17.479934
UCdnZdQxYXnbN4uWJg96oGxw,Rappler,1,2423714,3500,813,0,4847.43,0.0018,2026-07-25 11:35:17.479934
UCdnaDhU-LDQrIEEmSIfq0-Q,Mediapart,3,544762,9772,1126,0,1089.53,0.0189,2026-07-25 11:35:17.479934
UCdniV5LD1JonVASOmwXhf4A,SANA PRESS,1,4433,37,5,0,8.87,0.0095,2026-07-25 11:35:17.479934
UCdnwygXwXU3Prtkq4Xfs9RA,anahi croatia96,1,1446990,8800,1900,0,2893.98,0.0074,2026-07-25 11:35:17.479934
UCdnxOTn_OMpcx2b-DBsF0cQ,Hasan Cuneyt,1,895979,7900,329,0,1791.96,0.0092,2026-07-25 11:35:17.479934
UCdnzT5Tl6pAkATOiDsPhqcg,Chat With Traders,3,156285,3122,117,0,312.57,0.0201,2026-07-25 11:35:17.479934
UCdoHaM7voIJIB67ERu8aswQ,İSLAMİ DEĞERLER,1,148343,2200,106,0,296.69,0.0155,2026-07-25 11:35:17.479934
UCdoMzxuKgHFFDFJVeYKCzww,Ali ERDEM,1,7503,12,2,0,15.01,0.0019,2026-07-25 11:35:17.479934
UCdofq4hHbT3ZDzgYUqsDd1A,biointeractive,1,1441,14,9,0,2.88,0.016,2026-07-25 11:35:17.479934
UCdoqO_y7t0sC6VNJkg7Q0mg,Car and Moto in Japan,1,5489471,23000,2600,0,10978.94,0.0047,2026-07-25 11:35:17.479934
UCdouf4Nk-opU7-J1VMrRHsw,Vietnam's Got Talent,9,22212718,32062,7157,0,44425.43,0.0017,2026-07-25 11:35:17.479934
UCdp4_l1vPmpN-gDbUwhaRUQ,Branch Education,2,1272068,37500,836,0,2544.14,0.0364,2026-07-25 11:35:17.479934
UCdpCaXSxButrEZUFU17kfWg,japan kodo,1,3784,16,12,0,7.57,0.0074,2026-07-25 11:35:17.479934
UCdpNcdUH9ObL4XpNx-eDQ2g,omid dana رودست,9,399522,6380,1546,0,799.04,0.0294,2026-07-25 11:35:17.479934
UCdphvlUd-luibAx9HvwgoOw,Emre Kahreman,1,852380,1200,26,0,1704.76,0.0014,2026-07-25 11:35:17.479934
UCdq6AQqLOYqSPlMQm5RLlVQ,YasDel,1,897484,4600,1000,0,1794.97,0.0062,2026-07-25 11:35:17.479934
UCdq8xQTMKiDWQDsTRMLOk6Q,Oğuz Aksaç,4,1298665,21100,364,0,2597.32,0.0213,2026-07-25 11:35:17.479934
UCdqE8fH_UJu0lH0PLEFogww,Yiğit Erdaş,1,7130,20,2,0,14.26,0.0031,2026-07-25 11:35:17.479934
UCdqW4ltMGCb3sMemVkuA94Q,Viajes Consentidos,1,10907,48,25,0,21.81,0.0067,2026-07-25 11:35:17.479934
UCdqbuy9zpfSJYsWjY7QT98A,selckbalci,2,5053825,13546,576,0,10107.65,0.0031,2026-07-25 11:35:17.479934
UCdqh-Rk-uCh2CgdaR64CnWg,YtCrash Facts,1,89237,2000,107,0,178.47,0.0236,2026-07-25 11:35:17.479934
UCdqltc85GzWqdKr3g_K-cyQ,My Channel,2,101565,728,40,0,203.13,0.0086,2026-07-25 11:35:17.479934
UCdqoDGf-SrHgIFeV2iEO5bQ,Sena Nur Işık,5,234536,7788,455,0,469.07,0.0444,2026-07-25 11:35:17.479934
UCdqrBkVdRavPmVgV3A7719A,Bilecik Olay Haber,1,6834,43,2,0,13.67,0.0066,2026-07-25 11:35:17.479934
UCdrUpnFJd0dqBclFrJ6iGUA,Eva Duka,2,919832,2504,224,0,1839.67,0.0048,2026-07-25 11:35:17.479934
UCdrUvEbUo00W8SkA7VkyDpw,Sarp Çelebi,1,283582,1800,66,0,567.16,0.0066,2026-07-25 11:35:17.479934
UCdrYtfEI3e4ZhmFs04DDWtA,Isiajno,1,2672533,38000,621,0,5345.07,0.0145,2026-07-25 11:35:17.479934
UCdrligfEbV5xxEV4R9uQTug,Mehmet Dikme,1,1674130,4300,596,0,3348.26,0.0029,2026-07-25 11:35:17.479934
UCdro66ItMm364ReV5luMm0w,Italia Armenia,1,2145,27,9,0,4.29,0.0168,2026-07-25 11:35:17.479934
UCdrpi9OiJRHhgPEvX0oqXHA,Uzun Adam,1,626726,6100,266,0,1253.45,0.0102,2026-07-25 11:35:17.479934
UCdrqLh2vzTPu6qBDmO0-cOA,Murat Binici,1,67133,132,9,0,134.27,0.0021,2026-07-25 11:35:17.479934
UCdrzU93CwK2LPjNJeizEC2Q,NA Productions,1,30392,0,0,0,60.78,0.0,2026-07-25 11:35:17.479934
UCdsLOBH3OCmtuZHMTT6staw,Bonn,1,387163,7900,496,0,774.33,0.0217,2026-07-25 11:35:17.479934
UCdsMzFa0lpf3_xlC6vBgS1w,tvmonitoring,1,39487,111,51,0,78.97,0.0041,2026-07-25 11:35:17.479934
UCdsW7TimHGTPwAEZUARQVsA,Channel Izmir,1,90075,421,167,0,180.15,0.0065,2026-07-25 11:35:17.479934
UCdsWEOTHG3Y9v9SOnQIeDPg,Ozan ŞAH SULTAN,1,32335,82,15,0,64.67,0.003,2026-07-25 11:35:17.479934
UCdsipRTBUAfmuR9QJJpZF1A,Sonu Makeup artist,2,26846,758,33,0,53.69,0.0425,2026-07-25 11:35:17.479934
UCdsm0t9vr6cO_Wp0_58vD6w,RTД на Русском,4,837416,5253,1565,0,1674.83,0.0231,2026-07-25 11:35:17.479934
UCdsnngJ1eNxT_Vq2cebYbYQ,Caroline Rector,1,316579,2900,233,0,633.16,0.0099,2026-07-25 11:35:17.479934
UCdsqO9mvAQmyAwl3Qzuutyg,Oleg Konstantinov,1,12703,139,10,0,25.41,0.0117,2026-07-25 11:35:17.479934
UCdt2rmaQUOJmajRaFdNCcnA,Korayplanet,1,262014,1600,42,0,524.03,0.0063,2026-07-25 11:35:17.479934
UCdtRI1LNu7RjIDqXWwUBlDA,Alex Gaboury,2,2434028,44319,1108,0,4868.06,0.0344,2026-07-25 11:35:17.479934
UCdtXPiqI2cLorKaPrfpKc4g,Entertainment Tonight,6,4627048,35787,2243,0,9254.1,0.0082,2026-07-25 11:35:17.479934
UCdtd0HcgVPoCUUdxjrx8IpQ,Hobby Lobby,2,7481710,4400,714,0,14963.42,0.0072,2026-07-25 11:35:17.479934
UCdtpC6cmNhVH1i5w6QCzOUw,JASON BILLAM TRAVEL,1,2812414,88000,2000,0,5624.83,0.032,2026-07-25 11:35:17.479934
UCdtpb8aIdWbD1xl9txrI9HQ,boranaxxl29,1,4570295,16000,922,0,9140.59,0.0037,2026-07-25 11:35:17.479934
UCdtrPHNuYZZ4dIv7oBhiGqA,Erol Mütercimler,2,164202,6300,209,0,328.4,0.0457,2026-07-25 11:35:17.479934
UCdtuIyrULINLatpytFGpBDQ,Atlas Ailesi,2,1179625,2900,1000,0,2359.25,0.0018,2026-07-25 11:35:17.479934
UCdu595aug2fO3dSMTzEgeMA,Meltem Görsus,2,47476,240,23,0,94.95,0.0057,2026-07-25 11:35:17.479934
UCduJv_7n29cPYCqNzvLst4Q,Nur Mektebi,29,3970359,66511,2082,2,7940.7,0.0206,2026-07-25 11:35:17.479934
UCduYGAw_YIunXZ7GIGMft-A,slowmotionist,1,5242,24,4,0,10.48,0.0053,2026-07-25 11:35:17.479934
UCdubelOloxR3wzwJG9x8YqQ,TV Rain,3,5312737,18700,6762,0,10625.48,0.0229,2026-07-25 11:35:17.479934
UCduc0LmI8Z5Gb_DX09B6yrg,Muzik Mekanimiz official,1,458,5,0,0,0.92,0.0109,2026-07-25 11:35:17.479934
UCducMMqGb48ilOWvxPzneAg,saim çotuk,1,1799316,6900,615,0,3598.63,0.0042,2026-07-25 11:35:17.479934
UCduqyRq2u_ky-awg--muHvg,LittleGirlHair,3,3266156,22100,2346,0,6532.31,0.0152,2026-07-25 11:35:17.479934
UCduttlFWRF_PN8k0sOKWb6Q,HelloCyrielle,3,19595,748,18,0,39.19,0.0545,2026-07-25 11:35:17.479934
UCdv6Bbkl2iQ5kiLkmIjfD4w,Rahman Aliyev,1,34104,133,6,0,68.21,0.0041,2026-07-25 11:35:17.479934
UCdvRMXYhhyi-HI-RFRchx2g,قطاع الطرق لن يحكموا العالم,1,400816,2100,224,0,801.63,0.0058,2026-07-25 11:35:17.479934
UCdvi8PuCiCDnDSFF9OUaLtQ,Criando e Empreendendo,1,4764,273,5,0,9.53,0.0584,2026-07-25 11:35:17.479934
UCdvv1HD0Bi6Vl3ps86hCoBw,Nurəddin Salayev,1,310,12,0,0,0.62,0.0387,2026-07-25 11:35:17.479934
UCdw27ELzDPo85wXnB6LTy3A,AirportHT,10,2675464,12310,1167,0,5350.95,0.007,2026-07-25 11:35:17.479934
UCdwFnSqn35OljNlJSRSDXoQ,UnsolicitedProject,1,655852,13000,315,0,1311.7,0.0203,2026-07-25 11:35:17.479934
UCdwNrDMZBtYpkJK-yv-1TIg,colluvium,1,4006087,8100,4800,0,8012.17,0.0032,2026-07-25 11:35:17.479934
UCdwWlQvOyxs4goENnBBdBRg,İlay Atik,1,63394,492,33,0,126.79,0.0083,2026-07-25 11:35:17.479934
UCdwqFmQd7HuGQ1iOe2WPOlg,Gazete Duvar,1,1608,29,0,0,3.22,0.018,2026-07-25 11:35:17.479934
UCdwyZHLjuuXFf9rNwxqFdcg,Musty Montow,1,12399,35,3,0,24.8,0.0031,2026-07-25 11:35:17.479934
UCdwznFpgb14-OOZwd9mZCcw,Abch11 111,1,372053,698,109,0,744.11,0.0022,2026-07-25 11:35:17.479934
UCdx9hbikjNfvIebmS1gE9fw,Camila Cléo,1,1296934,73000,1700,0,2593.87,0.0576,2026-07-25 11:35:17.479934
UCdxAlK94twHkif6CLvtV7Ag,Röya - Topic,1,130094,2800,32,0,260.19,0.0218,2026-07-25 11:35:17.479934
UCdxAsT21Ys4j6PH4oauWkPw,Nature Monkey,3,12218486,32100,8500,0,24436.98,0.0033,2026-07-25 11:35:17.479934
UCdxCFN-9lR5-H_DzmzNxjTw,Vietnamese News TV,1,7883477,63000,5000,0,15766.95,0.0086,2026-07-25 11:35:17.479934
UCdxH75H_KQrAlGYgFx5p4lQ,Sıla Özsoy,2,34646,597,10,0,69.29,0.0128,2026-07-25 11:35:17.479934
UCdxHOm-4ZhAw9hLFFvaPQ-A,alan wisdom,1,253536,671,405,0,507.07,0.0042,2026-07-25 11:35:17.479934
UCdxMNJ5g3JE910yPPPXZLJg,KayahTV,1,6452714,13000,1100,0,12905.43,0.0022,2026-07-25 11:35:17.479934
UCdxi8d8qRsRyUi2ERYjYb-w,TheRichest,21,87643827,528200,74228,0,175287.69,0.0119,2026-07-25 11:35:17.479934
UCdxmg5qPf4at35iizf5lcjA,CubbeliAhmetTv,2,31207,122,11,0,62.42,0.0056,2026-07-25 11:35:17.479934
UCdxn48cV4d9NmrpnrSS4cag,ابراهيم تاتلسسس ibrahim tatlises,4,3614318,24300,1190,0,7228.63,0.0078,2026-07-25 11:35:17.479934
UCdy4E9igBBGLe-RMA0f9UVQ,VideoLand,3,18211384,76600,12600,0,36422.76,0.0045,2026-07-25 11:35:17.479934
UCdyRXJXwSOcOEiHlfJYCV6A,Alaattin Barıtcı,1,13440,76,2,0,26.88,0.0058,2026-07-25 11:35:17.479934
UCdymqeGgNnlRA2hqys3XJbA,Serger Avesta,1,269108,1300,346,0,538.22,0.0061,2026-07-25 11:35:17.479934
UCdynuE01zTS3XOA4psw2XLg,Hatay'ın Sesi EST,2,1288,41,0,0,2.57,0.046,2026-07-25 11:35:17.479934
UCdz16x_67E4vTvYcbl0qgww,TİP - TBMM,4,51885,1073,33,0,103.77,0.032,2026-07-25 11:35:17.479934
UCdzRevZcNKRkr1j93Y5AQ6w,Aslan Tlebzu,1,99591,1100,78,0,199.18,0.0118,2026-07-25 11:35:17.479934
UCdzs2lAm0hEEooYIzlr7Fhg,sohini chanda,1,15746,255,16,0,31.49,0.0172,2026-07-25 11:35:17.479934
UCe-4xQosMQGkIA8mT4sR98Q,CNN Business,4,2166310,16467,1061,0,4332.62,0.01,2026-07-25 11:35:17.479934
UCe0KIUbHaFv5DnLazNS8NPA,Rohlat ibish,1,114979,534,53,0,229.96,0.0051,2026-07-25 11:35:17.479934
UCe0Rg8Py2ir1rYklcDinZkQ,Mustafa Kaya,6,7996,23,5,0,15.98,0.008,2026-07-25 11:35:17.479934
UCe0_dQOTf3wC8NFyjpXvLVA,şeref akkoyun,1,15250,38,2,0,30.5,0.0026,2026-07-25 11:35:17.479934
UCe0sgmyhx5SAyipAQ9zh5vg,Flyingbadgers2001,1,203839,819,84,0,407.68,0.0044,2026-07-25 11:35:17.479934
UCe11qBXQ5lzQ7fJV2tb6VQg,Serde Efelik var,1,24811,343,2,0,49.62,0.0139,2026-07-25 11:35:17.479934
UCe1HOCQacsE2-6rQVsI9msQ,Lady Tasha,1,3660,20,3,0,7.32,0.0063,2026-07-25 11:35:17.479934
UCe1ZsGtbRx2pgajGzwB9L0A,푸디보이 FoodieBoy,2,16435330,68200,15159,0,32870.66,0.0078,2026-07-25 11:35:17.479934
UCe1eqguS4xB-g4cOx7mKWYA,AZER ZAKIROGLU,5,1059748,5169,512,0,2119.5,0.007,2026-07-25 11:35:17.479934
UCe1m3ZH68Q8314yqulWHTcw,عشوائيات,1,2194769,35000,2200,0,4389.54,0.0169,2026-07-25 11:35:17.479934
UCe1pfYbQtx-q6cXhzxOrxJw,Hersey YILDIZ TİLBE icin,1,1835939,3600,216,0,3671.88,0.0021,2026-07-25 11:35:17.479934
UCe1rxEqz65ZWXwvWLrvq0Rw,Les archives de la RTS,1,259038,1800,57,0,518.08,0.0072,2026-07-25 11:35:17.479934
UCe2Znsw2I82DRn5r_qIO05A,Atiye Ersoy.S,1,12246,58,10,0,24.49,0.0056,2026-07-25 11:35:17.479934
UCe2hPFJXZ9aFgSmuzAc7_eQ,Duhova Muzika,1,176468,825,57,0,352.94,0.005,2026-07-25 11:35:17.479934
UCe3HEAynTsFn56p0DuWGNUw,HBWMGERMANY07,1,385596,871,46,0,771.19,0.0024,2026-07-25 11:35:17.479934
UCe3WBs8-tkD5BL6Sk-hTHiQ,Вечерний Квартал fan,15,45884616,291800,26303,0,91769.24,0.0073,2026-07-25 11:35:17.479934
UCe3hLZOaEmqG27PUqDZ8ZXA,TorontoJustForLaughs,1,1580613,10000,303,0,3161.23,0.0065,2026-07-25 11:35:17.479934
UCe3kNo0DVNzwIzXnNEWlrOA,В поисках фактов,6,4176239,22842,3704,0,8352.49,0.0094,2026-07-25 11:35:17.479934
UCe3l2ubHuvGIaNXmSjpWIZA,AliŞaN MüZiK,2,161073,827,118,0,322.15,0.0059,2026-07-25 11:35:17.479934
UCe3ot9WL89cZ9NOedcSAKKw,cezmi yurtsever,1,4330,29,2,0,8.66,0.0072,2026-07-25 11:35:17.479934
UCe3rwGovxZgYsjzOGnqGCYQ,ümit kara,1,3328419,8300,1100,0,6656.84,0.0028,2026-07-25 11:35:17.479934
UCe41cNZhyDSodQSMqrn3CKg,Aprendecon Edens,1,922,53,2,0,1.84,0.0597,2026-07-25 11:35:17.479934
UCe46079ZB0p5XrLn91YY6-A,Irina Nail,1,526014,3800,216,0,1052.03,0.0076,2026-07-25 11:35:17.479934
UCe4DOzE30h3vG_G_eSvhf4A,Top Power,2,12873204,26400,5065,0,25746.4,0.002,2026-07-25 11:35:17.479934
UCe4GyPEQRpMQBwZpwIMM1dA,bitmeyen lezzetler,2,1054824,4642,696,0,2109.64,0.0102,2026-07-25 11:35:17.479934
UCe4KE6kcnKSShE3OieJgXRg,Osmanlı Cihan İmparatorluğu,1,609179,1600,173,0,1218.36,0.0029,2026-07-25 11:35:17.479934
UCe4QLRoWIwiHTpbzwZAeaZg,yasinefe38,1,139183,456,43,0,278.37,0.0036,2026-07-25 11:35:17.479934
UCe4Qjn4os--cQpjnvzNy1GA,Jitu Barman,2,2648116,27000,1766,0,5296.24,0.0109,2026-07-25 11:35:17.479934
UCe4S_bZhtLuPhGf3e7ALIhQ,GHOST PRODUCTION,1,6510791,54000,1400,0,13021.58,0.0085,2026-07-25 11:35:17.479934
UCe4_thM33jfqs9Ol3p2wAVQ,Burak Eser,1,1712,10,0,0,3.42,0.0058,2026-07-25 11:35:17.479934
UCe4lQK5I57yOIq60dMEYv9A,Efrin Collections,1,2933680,8000,1200,0,5867.36,0.0031,2026-07-25 11:35:17.479934
UCe4liN92tij7_OCDK_dpUfA,PRD YAPIM,1,70077,563,42,0,140.15,0.0086,2026-07-25 11:35:17.479934
UCe4sIRAnGvjiD_zl79J1gCQ,LAPS TV,1,259320,1100,96,0,518.64,0.0046,2026-07-25 11:35:17.479934
UCe54DqT48ciGag8kQWSQBbA,ARB TV,36,7507660,61598,5821,0,15015.31,0.0092,2026-07-25 11:35:17.479934
UCe5Dnej8bnGdKOTx9eAzwBQ,hazelhasibe,2,52277,284,17,0,104.55,0.0074,2026-07-25 11:35:17.479934
UCe5Dq2HfS7IbF67qPnAuA5w,Kosmiczne Opowieści,1,309993,4700,228,0,619.99,0.0159,2026-07-25 11:35:17.479934
UCe5dVY_Uw5DmfItomcgC7Pg,Taner Olgun,5,286850,1211,113,0,573.69,0.0065,2026-07-25 11:35:17.479934
UCe5gX2qu9WQzZ9KwcXrlFCg,SERKAN DEMİREL,1,1147,36,2,0,2.29,0.0331,2026-07-25 11:35:17.479934
UCe5nZ9FtAbGaFsR-RGpEm0w,My Simple Remedies,3,5737550,175100,4293,0,11475.1,0.025,2026-07-25 11:35:17.479934
UCe6MS665rf5zcrR8ICyv8Vw,999.999 görültenme al,1,477903,1500,184,0,955.81,0.0035,2026-07-25 11:35:17.479934
UCe6tpNhYCiVyecgDBk_s2SA,Yasemin Sakallıoğlu,1,792661,20000,337,0,1585.32,0.0257,2026-07-25 11:35:17.479934
UCe7-RGT6bceyOy138il2JOw,Dilara Duman,1,479920,12000,917,0,959.84,0.0269,2026-07-25 11:35:17.479934
UCe79yTuEQ1tYUwsSthfTdyw,Vanilla be,1,4140290,18000,2700,0,8280.58,0.005,2026-07-25 11:35:17.479934
UCe7AyQajurHECksM96z_ybQ,Rashad Nazarli,1,257562,1400,84,0,515.12,0.0058,2026-07-25 11:35:17.479934
UCe7b_7BLqmo-jCH53HhC1RA,E M,1,116278,558,68,0,232.56,0.0054,2026-07-25 11:35:17.479934
UCe7xSKYPYvKG0rw7e08y9Ew,Mind Boggler,5,25723927,212300,12068,0,51447.85,0.0093,2026-07-25 11:35:17.479934
UCe8-OXpLO8kmu0SC6gFoUIw,ECE GÜNEŞ SAADETYAN,1,10142,39,4,0,20.28,0.0042,2026-07-25 11:35:17.479934
UCe80QG1VHqZvqZ51aOpVJWg,Ceyhan Başlangıç,19,1081949,15871,1187,0,2163.9,0.0253,2026-07-25 11:35:17.479934
UCe8Pqu5Fy1EmXGWR0_WMUiA,Deniz Feneri,4,12934,129,8,0,25.87,0.01,2026-07-25 11:35:17.479934
UCe8d7_vnky5dezmdrWxqp1w,Revelation Now,1,921481,0,0,0,1842.96,0.0,2026-07-25 11:35:17.479934
UCe8nqTVyhk41I2uqLNvl5-g,Готовьте дома с нами Let's cook at home together,1,467663,987,345,0,935.33,0.0028,2026-07-25 11:35:17.479934
UCe8ryJjjZEk76LWPG8zaHpw,Puppies/Videos/Compilation,1,4372553,35000,1500,0,8745.11,0.0083,2026-07-25 11:35:17.479934
UCe9-gVOhUfkV2IT7ZHePoDg,Hüseyin Şen,1,561,11,2,0,1.12,0.0232,2026-07-25 11:35:17.479934
UCe95Imc_IrVoyU7xWbFE2Mw,En Yeni HiT Kilpler Mahnilar HD,1,30848632,61000,7400,0,61697.26,0.0022,2026-07-25 11:35:17.479934
UCe9BhFmxdS1TWAhyU5xF0rw,Simon Leach,1,110514,380,20,0,221.03,0.0036,2026-07-25 11:35:17.479934
UCeA2mchUXstQLXEe-7MuUtQ,Şengül Bulut Arsever,4,21697,85,7,0,43.4,0.004,2026-07-25 11:35:17.479934
UCeAB1cXOrWoG-uAfLMXW2cQ,Twenty Magazine,1,9764,93,2,0,19.53,0.0097,2026-07-25 11:35:17.479934
UCeAIfbgIzLcxuNsRI5uNsrg,muratssea,1,205917,844,68,0,411.83,0.0044,2026-07-25 11:35:17.479934
UCeAJkgysmYwZs-X9FFxGeBg,Atilla Yılmaz,1,212591,1300,121,0,425.18,0.0067,2026-07-25 11:35:17.479934
UCeAJoNvqEg8o2FLYiupdl0g,WivoRN Productions,4,6759294,32400,1585,0,13518.59,0.0065,2026-07-25 11:35:17.479934
UCeAT-CLTLBDHGmAkkrjgBog,Teymur Emrah,1,411746,2600,82,0,823.49,0.0065,2026-07-25 11:35:17.479934
UCeAjRBnr0bFBrVFjzHby7rQ,Türk Action,1,11392,121,24,0,22.78,0.0127,2026-07-25 11:35:17.479934
UCeBIgV3C6a2l6I-hlPQ12CQ,Orhan Kel,1,164451,2400,52,0,328.9,0.0149,2026-07-25 11:35:17.479934
UCeBRr_uHttHBznNiZRmcpZw,Shay.baby,1,2279136,45000,1600,0,4558.27,0.0204,2026-07-25 11:35:17.479934
UCeBSVBCFyXSIFywrh3h3n5w,Alemdar Aymaçı,1,35501,114,14,0,71.0,0.0036,2026-07-25 11:35:17.479934
UCeBWh-0p7vgBeD6HOHBpfwQ,Top 10 Talent,19,347984868,2972738,159095,126,695969.71,0.0082,2026-07-25 11:35:17.479934
UCeBoFG76S36uI1rSUj98YzA,Koochehکوچه,2,81787,1744,104,0,163.58,0.0228,2026-07-25 11:35:17.479934
UCeBqWGHOvyM3nme6Sbtzdtg,Arman Ozdemir,1,189511,771,51,0,379.02,0.0043,2026-07-25 11:35:17.479934
UCeCRRixprpBjNmzRWgLBiUA,VOLE,51,3448085,43189,2610,0,6896.18,0.0145,2026-07-25 11:35:17.479934
UCeCWkedP6vEJdVs7XogGmAA,Yusuf Ahmet Can DEMİR,1,2413957,6000,523,0,4827.91,0.0027,2026-07-25 11:35:17.479934
UCeD4FXBmaqUi9yts0JChXIw,ZSFAN,1,4721456,14000,1000,96,9442.91,0.0032,2026-07-25 11:35:17.479934
UCeD8USxztgQDLPnUpMmTtkA,Les Éveilleurs,2,406584,3951,490,0,813.17,0.0112,2026-07-25 11:35:17.479934
UCeD8xSVZNmyuz7CNTfyGApg,Zahir Esedov,1,1688389,20000,816,0,3376.78,0.0123,2026-07-25 11:35:17.479934
UCeDAms8bL1k6LgUiaQ4J5Lg,ALİ BASIK,2,1038018,4700,541,0,2076.04,0.005,2026-07-25 11:35:17.479934
UCeDHgjtRhVy_U0H0IpwFivw,Ne İzliyorum,2,132357,592,82,0,264.71,0.0052,2026-07-25 11:35:17.479934
UCeDNVLP9jf9a2BDaLUQC7YA,"But First, Coffee",6,27130034,567100,17331,0,54260.07,0.0227,2026-07-25 11:35:17.479934
UCeDZhJknPao_Qgz1gBniZuQ,Müzik Ölmez,9,32152106,146661,6773,1,64304.22,0.0067,2026-07-25 11:35:17.479934
UCeDeyKsllu2nk9UA70ERWfw,ELISICOM,1,155099,520,63,0,310.2,0.0038,2026-07-25 11:35:17.479934
UCeDmC0GMfr-b7uFKldmnmYA,gugul tv,1,70663,971,40,0,141.33,0.0143,2026-07-25 11:35:17.479934
UCeDyljIvkOlCoUgp8QRIvmw,Google Kullanıcısı,1,129832,453,59,0,259.66,0.0039,2026-07-25 11:35:17.479934
UCeE3qgnEPlPziEtpRiXPMHg,Music213,1,2243,51,2,0,4.49,0.0236,2026-07-25 11:35:17.479934
UCeEAPJ6nDdFIg0FAEGY1dMg,laugh out loud flix,1,493071,4700,78,0,986.14,0.0097,2026-07-25 11:35:17.479934
UCeEjzibJG6myFaFJ0stfKUg,Mega Machines Channel,3,8769806,24000,4786,0,17539.61,0.0052,2026-07-25 11:35:17.479934
UCeFPXBQ1PTKaksrFGqCOYLA,AZI TEPESI,2,535517,661,148,0,1071.03,0.0016,2026-07-25 11:35:17.479934
UCeFZ2CTzqFU0kJIuec2JV5w,sadikadissu,1,1460999,3000,405,0,2922.0,0.0023,2026-07-25 11:35:17.479934
UCeFdRxCuTs-AVvqary69fpg,Simple Green Smoothies,1,57848,1700,25,0,115.7,0.0298,2026-07-25 11:35:17.479934
UCeFgZRIojYIKpzy62GWgdAg,Mahmut Akpinar,3,18461,1437,14,0,36.92,0.0873,2026-07-25 11:35:17.479934
UCeGEbIxdrWf_Gvu3dYlrN7g,VİZYON MEDYA,2,8889501,35187,3483,0,17779.0,0.0036,2026-07-25 11:35:17.479934
UCeGUVcfBgNdN1cNNVKZgUVw,Mehmet Yunus Aytekin,4,9239377,49000,1923,0,18478.76,0.006,2026-07-25 11:35:17.479934
UCeGe5mF6zkOA17X6X1VIjkA,Amy Macedo,1,139661,5600,143,0,279.32,0.0411,2026-07-25 11:35:17.479934
UCeH6qE4V7n5tVwP7NkdrtJg,The View,27,13429890,103078,12183,185,26859.79,0.0084,2026-07-25 11:35:17.479934
UCeHBZHK6UcTdMVCa5FlGCzg,Hayal Evi Medya,1,139870,595,48,0,279.74,0.0046,2026-07-25 11:35:17.479934
UCeHDXQNq3CThqfygTMvrUKg,اغاني شعبية,1,3733343,20000,1800,0,7466.69,0.0058,2026-07-25 11:35:17.479934
UCeHNKZK31sy_DFMbbyiY6lw,ProjectRuslan,1,3788,11,2,0,7.58,0.0034,2026-07-25 11:35:17.479934
UCeHWxn-9X-6HbE3Pkt875PA,Mountain Partners,3,106664,624,56,0,213.33,0.0044,2026-07-25 11:35:17.479934
UCeHpX_9YG1k6ZoKYJelpJBg,Africa Rw,1,333945,730,220,0,667.89,0.0028,2026-07-25 11:35:17.479934
UCeHqNM5IHZ_wOhiyZpPT5zw,jehanbarbur,3,7363229,44831,852,0,14726.46,0.0185,2026-07-25 11:35:17.479934
UCeI4u585vkIG_Ra_k224bYQ,TT_Bağlama,2,1719843,24800,569,0,3439.69,0.0164,2026-07-25 11:35:17.479934
UCeIL3p0hJGwADNG5r3Q4IHA,TechTUBE Creators,1,1939382,14000,2700,0,3878.76,0.0086,2026-07-25 11:35:17.479934
UCeIPVAqAkH-YZ3zgYWvq2zQ,soL Haber Portalı,1,45711,154,14,0,91.42,0.0037,2026-07-25 11:35:17.479934
UCeIUDBrc4AHM8W8NAPiWbZA,Ксения Куприкова,2,10295395,32800,7956,0,20590.79,0.011,2026-07-25 11:35:17.479934
UCeIXqlU6qV3cE8Y9DVqroUA,Mert Bayantemur,1,21151,788,22,0,42.3,0.0383,2026-07-25 11:35:17.479934
UCeIk6O3KnqJUKv2W4dEOSKQ,Swiftstyles II,2,3217115,98000,817,0,6434.23,0.042,2026-07-25 11:35:17.479934
UCeJICuSKNGMVQbAAzH6DcAw,Family Fizz,1,1606866,33000,798,0,3213.73,0.021,2026-07-25 11:35:17.479934
UCeJL61k196KcH4IHKb0vsXQ,Türk Müziği,2,578791,2099,187,0,1157.59,0.004,2026-07-25 11:35:17.479934
UCeJesXuEK5ERsyh-0DvM4PQ,The Kennedy Center,3,3286333,18300,1050,0,6572.66,0.0065,2026-07-25 11:35:17.479934
UCeJnEEULHqPm3_o-cK6PJwA,Etriel,1,360946,1200,91,0,721.89,0.0036,2026-07-25 11:35:17.479934
UCeK3y9hZ5Hw4t5Y7Y2as_dw,Kailee Elise,2,1065224,17086,1100,0,2130.45,0.0441,2026-07-25 11:35:17.479934
UCeK7zNGCs9Dsq987zSUc8Lg,Flat Sabbath,1,3014,28,26,0,6.03,0.0179,2026-07-25 11:35:17.479934
UCeKMYlXUpmiiE5HigZ7YEuw,ismail karaş,1,92217,122,34,0,184.43,0.0017,2026-07-25 11:35:17.479934
UCeKem7g09AKfD1KNR1ytjhA,Detroit Public TV,1,486,2,0,0,0.97,0.0041,2026-07-25 11:35:17.479934
UCeKvTFNJ0KGUKuhzKRi4e9w,EFE MALİ,1,22902,21,6,0,45.8,0.0012,2026-07-25 11:35:17.479934
UCeL4jIUvRBvWcNmKSpm5cUA,ARI IZAM,3,1501998,42000,928,0,3004.0,0.0304,2026-07-25 11:35:17.479934
UCeLBNGSG9w5qEbzQqZjqjuw,Eşkıya Dünyaya Hükümdar Olmaz,37,66781031,217728,26391,0,133562.04,0.0042,2026-07-25 11:35:17.479934
UCeLICYOqHfIrfSAQq1TT7PA,The Minimal Mom,1,352163,14000,195,0,704.33,0.0403,2026-07-25 11:35:17.479934
UCeLKSt_4jyL-pF3EyN8814Q,RED MEDIA TURKEY,1,597088,5000,303,55,1194.18,0.009,2026-07-25 11:35:17.479934
UCeLKplX4WLrZqw9GtXfgPBw,7eno .k,1,128630,2100,42,0,257.26,0.0167,2026-07-25 11:35:17.479934
UCeLjgXOEQzQ_IfG94rF1_vw,김흥미,2,2984708,9900,1434,30,5969.42,0.0038,2026-07-25 11:35:17.479934
UCeQ2hjsfJWbQgLpUBG4r9yw,Grill philosophy,1,19198,414,17,0,38.4,0.0225,2026-07-25 11:35:17.479934
UCeQMVhy1fsTW34ZQ-VT8MzQ,Dağ Kent Prodüksiyon,1,28857,92,17,0,57.71,0.0038,2026-07-25 11:35:17.479934
UCeQXcpL6tAhpiBIaOpIahRQ,Станислав Жемчужный,1,589831,2500,294,0,1179.66,0.0047,2026-07-25 11:35:17.479934
UCeQlISTowC-0q2rIkm5s_yg,0384kender,1,107481,342,31,0,214.96,0.0035,2026-07-25 11:35:17.479934
UCe_3PBWleRfZzigDUVCngnA,James Marcus,1,9092,21,2,0,18.18,0.0025,2026-07-25 11:35:17.479934
UCe_3sMjrWaIAMjQd7myEvNQ,NE Haberrr!!,1,1029235,2900,197,0,2058.47,0.003,2026-07-25 11:35:17.479934
UCe_41JaZs7qmJjT2J9FwUug,KivircikaliFan,1,49849,119,4,0,99.7,0.0025,2026-07-25 11:35:17.479934
UCe_4rgrnvNm_9DqECy43nQA,Ayaz AYDIN,1,4692510,44000,1600,0,9385.02,0.0097,2026-07-25 11:35:17.479934
UCe_D998IGIZ9nYnl7O4l8XQ,ahmet güçlü,1,106400,998,109,0,212.8,0.0104,2026-07-25 11:35:17.479934
UCe_Fx4EZAgKjDz0aQ_Y7hSA,Got Talent Global,41,561735936,5209300,229487,0,1123471.86,0.0094,2026-07-25 11:35:17.479934
UCe_QKPUwUAeLdXCHK93_gKQ,Mehmet Emin Bozkurt,1,1104384,3100,359,0,2208.77,0.0031,2026-07-25 11:35:17.479934
UCe_oHEDfUjsrPUeq6sHN2xQ,Sakallı Adam,4,267928,2984,662,0,535.86,0.0269,2026-07-25 11:35:17.479934
UCe_v9olsDgJcjOb7CqHWYAA,CT Savunma Uzmanı - Defence Expert,1,149736,2700,141,0,299.47,0.019,2026-07-25 11:35:17.479934
UCeaO6PrwEOx6JvTSEAyTJIQ,RadioPur.com,2,5272886,12029,1001,31,10545.77,0.0063,2026-07-25 11:35:17.479934
UCeaULlVC15bXXHqicRGtCzA,skokiaan,1,27803,110,16,0,55.61,0.0045,2026-07-25 11:35:17.479934
UCeakH6e0cHcr34oH_Nh3XVQ,Valen Miranda,1,1365288,36000,1200,0,2730.58,0.0272,2026-07-25 11:35:17.479934
UCeasbjVyx227l2ETO-xAssw,Free Salon Education,3,3702721,40386,2731,0,7405.44,0.0143,2026-07-25 11:35:17.479934
UCeawKLrTdpDB0wEtjsp2CyA,Ben Sunay Usta,3,8202172,23000,6600,0,16404.34,0.0038,2026-07-25 11:35:17.479934
UCebJHJJ_6tii1YuZNqaXgow,güreş Sever,2,221225,797,74,0,442.45,0.004,2026-07-25 11:35:17.479934
UCebiqP9J_7UUDKEKg-iVPwA,Bzd HD,1,92501,731,38,0,185.0,0.0083,2026-07-25 11:35:17.479934
UCecJzOwqDDS02Ib1VOWlcKQ,mikail gergin,1,190095,288,105,0,380.19,0.0021,2026-07-25 11:35:17.479934
UCecMoTDZc2jsTHHMT4gT4eA,Geary Lewis,1,6198874,12000,3100,0,12397.75,0.0024,2026-07-25 11:35:17.479934
UCecZe1tzc8qBhJ6mon6jKsg,Özgür Buzbaş &amp; Erman Özgür Trend Topic Show,4,118155,2817,55,0,236.31,0.0246,2026-07-25 11:35:17.479934
UCecoRQWlwE1WBYkcvFIuC1g,Supersport Azerbaijan,2,249703,6200,135,0,499.41,0.0334,2026-07-25 11:35:17.479934
UCecpXBooGmq5hpxNFL_Jaeg,EvropaturistOfficial,1,1352258,3700,307,0,2704.52,0.003,2026-07-25 11:35:17.479934
UCecyOxHZpL3yfNFaUz2W_Ow,From Head To Toe,2,1457853,15173,361,0,2915.71,0.0078,2026-07-25 11:35:17.479934
UCed4Q1_x6KTUfXSJvAj7XCg,İsmail Doğukan,2,4874968,14000,790,0,9749.93,0.003,2026-07-25 11:35:17.479934
UCedEwsfxiuJH60MA5r-_zYw,Greg Zorian,1,755683,2900,332,0,1511.37,0.0043,2026-07-25 11:35:17.479934
UCedWkt24iu42bc5CF4QZhow,BigBozz BaBa,2,2198894,7000,700,0,4397.79,0.0037,2026-07-25 11:35:17.479934
UCedYhyOY1nDoodIMyDgOwbA,sinan elmas,1,160029,524,42,0,320.06,0.0035,2026-07-25 11:35:17.479934
UCedbc56HwKVeDBijU-q3qOQ,Hey I'm Zicky,2,4019504,27000,2655,0,8039.01,0.0074,2026-07-25 11:35:17.479934
UCedj6kEkWXtL61opkb0Or2Q,Marie Claire,2,1685505,35165,238,0,3371.01,0.0137,2026-07-25 11:35:17.479934
UCedlcqckEReQz5uXkB_Wo2w,GUZ TV,1,149296,713,65,0,298.59,0.0052,2026-07-25 11:35:17.479934
UCedpeIwLVMty1kkgcUrnuOA,Əli Ədalətli,2,37303,1071,30,0,74.6,0.0296,2026-07-25 11:35:17.479934
UCedt24aVt9Ciml-HobgdvjA,"I did, you do too.",1,3206,76,7,0,6.41,0.0259,2026-07-25 11:35:17.479934
UCeeAy-N3TDZ_REfX_vqRY4w,Duble Anne,16,838630,9495,897,0,1677.25,0.0233,2026-07-25 11:35:17.479934
UCeeERHlDm78ERYHF8Jo0cLA,gm16v149,1,1039091,3100,178,0,2078.18,0.0032,2026-07-25 11:35:17.479934
UCeej5M6xSt0_PIDHUhaV7hg,Recep Özmen,1,60826,146,19,0,121.65,0.0027,2026-07-25 11:35:17.479934
UCeevFpe3OG0vGYf9rkeTkfA,livealive,1,79656,684,25,0,159.31,0.0089,2026-07-25 11:35:17.479934
UCef-j9u0IYllBZ955fCfa9A,Altın Elbiseli Adam,6,2900487,44900,1054,0,5800.97,0.0154,2026-07-25 11:35:17.479934
UCef2i4liPvsWUUlnyQrXt1g,stef stef,1,1478080,5400,544,0,2956.16,0.004,2026-07-25 11:35:17.479934
UCefBAE4mm5DuRQN1PUxMwYg,Ideal Production,2,122899,1682,35,0,245.8,0.0105,2026-07-25 11:35:17.479934
UCefS3f3pA1ZXc0WjY8nzq0A,Selim Türkdönmez,2,1005583,3500,209,0,2011.16,0.0038,2026-07-25 11:35:17.479934
UCefTD2UhWHxg2_gK6OghOsg,Cinsel Sağlık Enstitüsü Derneği,2,246808,1738,168,0,493.61,0.0121,2026-07-25 11:35:17.479934
UCefXlfTmOEdYY6R8TFGTSng,Family handmade,1,732924,20000,565,0,1465.85,0.0281,2026-07-25 11:35:17.479934
UCefl9W6DQ_NX92kkxYqdxxA,Shumis TV,1,21522,389,19,0,43.04,0.019,2026-07-25 11:35:17.479934
UCefpvWkC_Z8YXP3el4xD_0w,Christian Lamoulie,1,6497387,0,0,0,12994.77,0.0,2026-07-25 11:35:17.479934
UCefznbdV12mftDgwZzsdyHg,Fifth Quarter,1,22486266,46000,3500,0,44972.53,0.0022,2026-07-25 11:35:17.479934
UCegATSlh9HZmhqfiDJBV_aw,Emine Deligoz,6,61962,1515,107,0,123.91,0.0304,2026-07-25 11:35:17.479934
UCegCRxQH4RFtfjjn_vqLLkQ,RaDyO DeLiOrMaN,3,663389,1396,117,0,1326.78,0.0074,2026-07-25 11:35:17.479934
UCegEKyFQl9IVGvX7FZp5wxw,Touch Up,2,539085,3504,141,0,1078.17,0.0068,2026-07-25 11:35:17.479934
UCegcEZaD0zXLpHoRhfMYjHg,Reyhan Ediş,1,96571,705,44,0,193.14,0.0078,2026-07-25 11:35:17.479934
UCegjS_jQQCSb89BjCMWHnMg,Eda Kurt,13,481441,12068,564,0,962.87,0.0297,2026-07-25 11:35:17.479934
UCegnDJbvrOhvbLU3IzeIV8A,احداث الساعة - السودان,1,207943,1600,177,0,415.89,0.0085,2026-07-25 11:35:17.479934
UCehK2YkLmnkgIDvdR8EzenQ,Cem AKAN,1,35466,187,6,0,70.93,0.0054,2026-07-25 11:35:17.479934
UCehK3OZtW9dThjcGpjYmvFg,랭킹왕,1,86,3,0,0,0.17,0.0349,2026-07-25 11:35:17.479934
UCehil1YQiqAYeC8F_DtS4Eg,Ahmet KAYA Özlemi,3,757222,3340,206,0,1514.45,0.0048,2026-07-25 11:35:17.479934
UCehmpi_2nzH0tCosm-aGtCg,Bora Küçükyazıcı,1,2660,21,2,0,5.32,0.0086,2026-07-25 11:35:17.479934
UCehn4-nLXX6apeskvFYLhOA,Gezgin Müzisyen,2,47416,834,34,0,94.83,0.0182,2026-07-25 11:35:17.479934
UCehtgnCOY9CmACjLz-ZfpFQ,Havacı Mühendis,1,686493,1500,515,0,1372.99,0.0029,2026-07-25 11:35:17.479934
UCehw0BK8FTnAXM62nIl6PQA,Da Fit Barber,1,1734484,28000,1100,0,3468.97,0.0168,2026-07-25 11:35:17.479934
UCehywMJYXJW13Z5ccJKGZgg,Cem Doğan Official,4,1148178,5819,253,0,2296.36,0.0061,2026-07-25 11:35:17.479934
UCei1KtsVRYycqhL9wyYjuJQ,7Day Channel,2,2643054,4511,1333,0,5286.1,0.0025,2026-07-25 11:35:17.479934
UCei3PTcR6SPIRUT79c295UQ,Cinéma CANAL+,1,2623962,9300,779,0,5247.92,0.0038,2026-07-25 11:35:17.479934
UCei8pZj91_GGqRdx2tqq4jw,Sergul Kato,1,721814,2100,318,0,1443.63,0.0033,2026-07-25 11:35:17.479934
UCeiI4uNMw3IDHB4tcuBvVnA,Ничия земя,42,5252456,31811,3659,0,10504.9,0.0064,2026-07-25 11:35:17.479934
UCeiO0zyO929kVsMCmn4xNQg,EVA LORMAN BEAUTY ACADEMY,1,14395,14,3,0,28.79,0.0012,2026-07-25 11:35:17.479934
UCeiXFB7YyzIrWpDkt5qT5mA,Haticenin Dünyası,4,70176,946,131,0,140.35,0.0165,2026-07-25 11:35:17.479934
UCeiglRjkSeC0yR9qVW2LVLw,erdemergunVEVO,1,1243595,6700,124,0,2487.19,0.0055,2026-07-25 11:35:17.479934
UCeix8jbmQnS6FprsJIsjVyQ,Inessa S,1,509689,4800,147,0,1019.38,0.0097,2026-07-25 11:35:17.479934
UCeixD--4p2mA7qQw9pQiE8g,Rovshen Abasov,1,374537,1900,203,0,749.07,0.0056,2026-07-25 11:35:17.479934
UCej7P25Li_ZCPNShFaJKO_Q,essmass,1,143839,479,149,0,287.68,0.0044,2026-07-25 11:35:17.479934
UCejTWYquMXD_MFHRZiqo_Aw,C à vous,39,11788897,51455,11276,0,23577.81,0.0053,2026-07-25 11:35:17.479934
UCejZmwvT66xppqbanpGdAuw,Kait Nichole,2,300729,3840,119,0,601.46,0.0418,2026-07-25 11:35:17.479934
UCejhQYIzhrRRz_3tyuCgzpg,x18LFC92x,1,4057276,12000,1400,0,8114.55,0.0033,2026-07-25 11:35:17.479934
UCejt0WVG6-OFri-I7prjPHw,Sputnjik Srbija,2,146990,891,174,0,293.98,0.0071,2026-07-25 11:35:17.479934
UCek3UNSj6gq4FOPIOZkjc1g,Hakkı Alkan,9,3198463,66400,4124,0,6396.93,0.0278,2026-07-25 11:35:17.479934
UCek3dB8qK1t4wnVp4dpKSdg,Setr-i Nur,3,3686179,10693,1999,0,7372.36,0.0044,2026-07-25 11:35:17.479934
UCek57Is95suO63uuW3iOGQw,Russell Peters,2,5305391,42500,1920,0,10610.78,0.0107,2026-07-25 11:35:17.479934
UCekZEWO4UdFJedHukBl2hnA,Yoeun Pisey យឿន ពិសី channel Official,1,256110,8700,102,0,512.22,0.0344,2026-07-25 11:35:17.479934
UCekvQ3MAYu2aR8AyXmvbmng,Fecir Genç,16,399125,8355,200,0,798.26,0.0244,2026-07-25 11:35:17.479934
UCel863koLiTa5hwi7pvWXGQ,İbrahim Gedik,1,4754419,9100,729,0,9508.84,0.0021,2026-07-25 11:35:17.479934
UCelPywgNINLkWcOFD1uGPBg,Reza Nazemi,1,3641,212,2,0,7.28,0.0588,2026-07-25 11:35:17.479934
UCelk6aHijZq-GJBBB9YpReA,BBC News عربي,7,13737309,127900,9987,0,27474.62,0.0074,2026-07-25 11:35:17.479934
UCelnIzMA9PM7yoCoGBtNJzg,Bilge Kaya,5,242365,967,45,0,484.73,0.0042,2026-07-25 11:35:17.479934
UCelpGRk9JVs334Nb9PFZeuA,baglamaci87,1,12600,171,0,0,25.2,0.0136,2026-07-25 11:35:17.479934
UCeluEVRM5JFzUqcWyAtqFvA,Hamayon Afghan,32,1931377,35372,1065,0,3862.73,0.0195,2026-07-25 11:35:17.479934
UCelxoc1vYhrNgODd-LZpDtA,Mana creative corner,4,3802038,41200,5084,0,7604.07,0.0138,2026-07-25 11:35:17.479934
UCeq7mh7UQcFXj2jqp40_uog,TheKaRaBelA09,1,10527165,66000,1700,0,21054.33,0.0064,2026-07-25 11:35:17.479934
UCeqKIgPQfNInOswGRWt48kQ,ZDFheute Nachrichten,3,1924743,22600,4628,51,3849.49,0.0248,2026-07-25 11:35:17.479934
UCeqR7EepfgBHIP62UGWR18w,Baybars Altuntaş,1,123759,890,207,0,247.52,0.0089,2026-07-25 11:35:17.479934
UCeqXxR_jpuT_Tu1PdS5sfHA,Resul Şahin,1,1935617,8300,392,0,3871.23,0.0045,2026-07-25 11:35:17.479934
UCeqgJNACYCFBMVffkbQC-Rg,buyukblackknigt,1,79343,82,5,0,158.69,0.0011,2026-07-25 11:35:17.479934
UCeqoO0pmp4Wh_pRdTRwG4zw,Hüseyin Kemal Gürger,9,256788,2157,896,0,513.57,0.0182,2026-07-25 11:35:17.479934
UCeqqiheu1FHkWwyyRnT2sHg,Ayurvedic Masala,2,475862,8435,615,0,951.72,0.0355,2026-07-25 11:35:17.479934
UCeqvEp7JE1h5DRiadFOsRIA,Asırlar Prensi,1,393227,1600,233,0,786.45,0.0047,2026-07-25 11:35:17.479934
UCex0Hraz_9x2s6kN-J36x3w,Utku Uzun,4,5887040,116389,9460,0,11774.08,0.0497,2026-07-25 11:35:17.479934
UCex8F_n7yhSNCxE6lC3bahw,FOTO GÖZDE GEDİZ,2,13703,62,3,0,27.41,0.005,2026-07-25 11:35:17.479934
UCexDU75US1OP2xsNJfoB4qg,Bayram ERDOĞAN,1,146151,442,42,0,292.3,0.0033,2026-07-25 11:35:17.479934
UCexKibd3Ah5AFhN-nydi8sA,Rashadat Farzaliyev,1,57496,294,22,0,114.99,0.0055,2026-07-25 11:35:17.479934
UCexiBsSzH5fJ4nGphsDms3Q,Zeynep Yorulmaz,8,2392089,40200,3038,0,4784.17,0.017,2026-07-25 11:35:17.479934
UCexjfoQBPI65Z8M7WIqx_Mw,salih gül,1,17206,26,2,0,34.41,0.0016,2026-07-25 11:35:17.479934
UNKNOWN,Unknown Channel,10115,17064839771,121522859,8695464,6605,34129679.65,0.0143,2026-07-25 11:35:17.479934
