[2026-07-23T06:17:41.694+0000] {processor.py:186} INFO - Started process (PID=172) to work on /opt/airflow/dags/youtube_medallion_pipeline.py
[2026-07-23T06:17:41.702+0000] {processor.py:914} INFO - Processing file /opt/airflow/dags/youtube_medallion_pipeline.py for tasks to queue
[2026-07-23T06:17:41.722+0000] {logging_mixin.py:190} INFO - [2026-07-23T06:17:41.717+0000] {dagbag.py:588} INFO - Filling up the DagBag from /opt/airflow/dags/youtube_medallion_pipeline.py
[2026-07-23T06:17:41.857+0000] {processor.py:925} INFO - DAG(s) 'youtube_medallion_pipeline' retrieved from /opt/airflow/dags/youtube_medallion_pipeline.py
[2026-07-23T06:17:42.521+0000] {logging_mixin.py:190} INFO - [2026-07-23T06:17:42.517+0000] {override.py:1900} INFO - Created Permission View: can read on DAG:youtube_medallion_pipeline
[2026-07-23T06:17:42.553+0000] {logging_mixin.py:190} INFO - [2026-07-23T06:17:42.552+0000] {override.py:1900} INFO - Created Permission View: can edit on DAG:youtube_medallion_pipeline
[2026-07-23T06:17:42.566+0000] {logging_mixin.py:190} INFO - [2026-07-23T06:17:42.565+0000] {override.py:1900} INFO - Created Permission View: can delete on DAG:youtube_medallion_pipeline
[2026-07-23T06:17:42.581+0000] {logging_mixin.py:190} INFO - [2026-07-23T06:17:42.580+0000] {override.py:1900} INFO - Created Permission View: can read on DAG Run:youtube_medallion_pipeline
[2026-07-23T06:17:42.594+0000] {logging_mixin.py:190} INFO - [2026-07-23T06:17:42.594+0000] {override.py:1900} INFO - Created Permission View: menu access on DAG Run:youtube_medallion_pipeline
[2026-07-23T06:17:42.609+0000] {logging_mixin.py:190} INFO - [2026-07-23T06:17:42.608+0000] {override.py:1900} INFO - Created Permission View: can create on DAG Run:youtube_medallion_pipeline
[2026-07-23T06:17:42.623+0000] {logging_mixin.py:190} INFO - [2026-07-23T06:17:42.622+0000] {override.py:1900} INFO - Created Permission View: can delete on DAG Run:youtube_medallion_pipeline
[2026-07-23T06:17:42.625+0000] {logging_mixin.py:190} INFO - [2026-07-23T06:17:42.625+0000] {dag.py:3239} INFO - Sync 1 DAGs
[2026-07-23T06:17:42.660+0000] {logging_mixin.py:190} INFO - [2026-07-23T06:17:42.660+0000] {dag.py:3262} INFO - Creating ORM DAG for youtube_medallion_pipeline
[2026-07-23T06:17:42.662+0000] {logging_mixin.py:190} INFO - [2026-07-23T06:17:42.661+0000] {dag.py:4180} INFO - Setting next_dagrun for youtube_medallion_pipeline to None, run_after=None
[2026-07-23T06:17:42.717+0000] {processor.py:208} INFO - Processing /opt/airflow/dags/youtube_medallion_pipeline.py took 1.058 seconds
[2026-07-23T06:18:13.042+0000] {processor.py:186} INFO - Started process (PID=199) to work on /opt/airflow/dags/youtube_medallion_pipeline.py
[2026-07-23T06:18:13.058+0000] {processor.py:914} INFO - Processing file /opt/airflow/dags/youtube_medallion_pipeline.py for tasks to queue
[2026-07-23T06:18:13.063+0000] {logging_mixin.py:190} INFO - [2026-07-23T06:18:13.062+0000] {dagbag.py:588} INFO - Filling up the DagBag from /opt/airflow/dags/youtube_medallion_pipeline.py
[2026-07-23T06:18:13.105+0000] {processor.py:925} INFO - DAG(s) 'youtube_medallion_pipeline' retrieved from /opt/airflow/dags/youtube_medallion_pipeline.py
[2026-07-23T06:18:13.176+0000] {logging_mixin.py:190} INFO - [2026-07-23T06:18:13.175+0000] {dag.py:3239} INFO - Sync 1 DAGs
[2026-07-23T06:18:13.207+0000] {logging_mixin.py:190} INFO - [2026-07-23T06:18:13.207+0000] {dag.py:4180} INFO - Setting next_dagrun for youtube_medallion_pipeline to None, run_after=None
[2026-07-23T06:18:13.259+0000] {processor.py:208} INFO - Processing /opt/airflow/dags/youtube_medallion_pipeline.py took 0.225 seconds
[2026-07-23T06:18:43.420+0000] {processor.py:186} INFO - Started process (PID=204) to work on /opt/airflow/dags/youtube_medallion_pipeline.py
[2026-07-23T06:18:43.423+0000] {processor.py:914} INFO - Processing file /opt/airflow/dags/youtube_medallion_pipeline.py for tasks to queue
[2026-07-23T06:18:43.426+0000] {logging_mixin.py:190} INFO - [2026-07-23T06:18:43.426+0000] {dagbag.py:588} INFO - Filling up the DagBag from /opt/airflow/dags/youtube_medallion_pipeline.py
[2026-07-23T06:18:43.458+0000] {processor.py:925} INFO - DAG(s) 'youtube_medallion_pipeline' retrieved from /opt/airflow/dags/youtube_medallion_pipeline.py
[2026-07-23T06:18:43.516+0000] {logging_mixin.py:190} INFO - [2026-07-23T06:18:43.516+0000] {dag.py:3239} INFO - Sync 1 DAGs
[2026-07-23T06:18:43.540+0000] {logging_mixin.py:190} INFO - [2026-07-23T06:18:43.539+0000] {dag.py:4180} INFO - Setting next_dagrun for youtube_medallion_pipeline to None, run_after=None
[2026-07-23T06:18:43.571+0000] {processor.py:208} INFO - Processing /opt/airflow/dags/youtube_medallion_pipeline.py took 0.157 seconds
[2026-07-23T06:19:13.911+0000] {processor.py:186} INFO - Started process (PID=231) to work on /opt/airflow/dags/youtube_medallion_pipeline.py
[2026-07-23T06:19:13.944+0000] {processor.py:914} INFO - Processing file /opt/airflow/dags/youtube_medallion_pipeline.py for tasks to queue
[2026-07-23T06:19:13.951+0000] {logging_mixin.py:190} INFO - [2026-07-23T06:19:13.950+0000] {dagbag.py:588} INFO - Filling up the DagBag from /opt/airflow/dags/youtube_medallion_pipeline.py
[2026-07-23T06:19:13.997+0000] {processor.py:925} INFO - DAG(s) 'youtube_medallion_pipeline' retrieved from /opt/airflow/dags/youtube_medallion_pipeline.py
[2026-07-23T06:19:14.060+0000] {logging_mixin.py:190} INFO - [2026-07-23T06:19:14.059+0000] {dag.py:3239} INFO - Sync 1 DAGs
[2026-07-23T06:19:14.136+0000] {logging_mixin.py:190} INFO - [2026-07-23T06:19:14.136+0000] {dag.py:4180} INFO - Setting next_dagrun for youtube_medallion_pipeline to None, run_after=None
[2026-07-23T06:19:14.177+0000] {processor.py:208} INFO - Processing /opt/airflow/dags/youtube_medallion_pipeline.py took 0.273 seconds
[2026-07-23T06:19:44.580+0000] {processor.py:186} INFO - Started process (PID=258) to work on /opt/airflow/dags/youtube_medallion_pipeline.py
[2026-07-23T06:19:44.588+0000] {processor.py:914} INFO - Processing file /opt/airflow/dags/youtube_medallion_pipeline.py for tasks to queue
[2026-07-23T06:19:44.603+0000] {logging_mixin.py:190} INFO - [2026-07-23T06:19:44.601+0000] {dagbag.py:588} INFO - Filling up the DagBag from /opt/airflow/dags/youtube_medallion_pipeline.py
[2026-07-23T06:19:44.677+0000] {processor.py:925} INFO - DAG(s) 'youtube_medallion_pipeline' retrieved from /opt/airflow/dags/youtube_medallion_pipeline.py
[2026-07-23T06:19:44.776+0000] {logging_mixin.py:190} INFO - [2026-07-23T06:19:44.776+0000] {dag.py:3239} INFO - Sync 1 DAGs
[2026-07-23T06:19:44.823+0000] {logging_mixin.py:190} INFO - [2026-07-23T06:19:44.822+0000] {dag.py:4180} INFO - Setting next_dagrun for youtube_medallion_pipeline to None, run_after=None
[2026-07-23T06:19:44.861+0000] {processor.py:208} INFO - Processing /opt/airflow/dags/youtube_medallion_pipeline.py took 0.320 seconds
[2026-07-23T06:20:15.275+0000] {processor.py:186} INFO - Started process (PID=285) to work on /opt/airflow/dags/youtube_medallion_pipeline.py
[2026-07-23T06:20:15.277+0000] {processor.py:914} INFO - Processing file /opt/airflow/dags/youtube_medallion_pipeline.py for tasks to queue
[2026-07-23T06:20:15.281+0000] {logging_mixin.py:190} INFO - [2026-07-23T06:20:15.281+0000] {dagbag.py:588} INFO - Filling up the DagBag from /opt/airflow/dags/youtube_medallion_pipeline.py
[2026-07-23T06:20:15.319+0000] {processor.py:925} INFO - DAG(s) 'youtube_medallion_pipeline' retrieved from /opt/airflow/dags/youtube_medallion_pipeline.py
[2026-07-23T06:20:15.414+0000] {logging_mixin.py:190} INFO - [2026-07-23T06:20:15.413+0000] {dag.py:3239} INFO - Sync 1 DAGs
[2026-07-23T06:20:15.436+0000] {logging_mixin.py:190} INFO - [2026-07-23T06:20:15.436+0000] {dag.py:4180} INFO - Setting next_dagrun for youtube_medallion_pipeline to None, run_after=None
[2026-07-23T06:20:15.503+0000] {processor.py:208} INFO - Processing /opt/airflow/dags/youtube_medallion_pipeline.py took 0.237 seconds
[2026-07-23T06:20:46.033+0000] {processor.py:186} INFO - Started process (PID=290) to work on /opt/airflow/dags/youtube_medallion_pipeline.py
[2026-07-23T06:20:46.040+0000] {processor.py:914} INFO - Processing file /opt/airflow/dags/youtube_medallion_pipeline.py for tasks to queue
[2026-07-23T06:20:46.048+0000] {logging_mixin.py:190} INFO - [2026-07-23T06:20:46.047+0000] {dagbag.py:588} INFO - Filling up the DagBag from /opt/airflow/dags/youtube_medallion_pipeline.py
[2026-07-23T06:20:46.085+0000] {processor.py:925} INFO - DAG(s) 'youtube_medallion_pipeline' retrieved from /opt/airflow/dags/youtube_medallion_pipeline.py
[2026-07-23T06:20:46.158+0000] {logging_mixin.py:190} INFO - [2026-07-23T06:20:46.158+0000] {dag.py:3239} INFO - Sync 1 DAGs
[2026-07-23T06:20:46.186+0000] {logging_mixin.py:190} INFO - [2026-07-23T06:20:46.186+0000] {dag.py:4180} INFO - Setting next_dagrun for youtube_medallion_pipeline to None, run_after=None
[2026-07-23T06:20:46.237+0000] {processor.py:208} INFO - Processing /opt/airflow/dags/youtube_medallion_pipeline.py took 0.247 seconds
[2026-07-23T06:21:16.574+0000] {processor.py:186} INFO - Started process (PID=307) to work on /opt/airflow/dags/youtube_medallion_pipeline.py
[2026-07-23T06:21:16.577+0000] {processor.py:914} INFO - Processing file /opt/airflow/dags/youtube_medallion_pipeline.py for tasks to queue
[2026-07-23T06:21:16.582+0000] {logging_mixin.py:190} INFO - [2026-07-23T06:21:16.581+0000] {dagbag.py:588} INFO - Filling up the DagBag from /opt/airflow/dags/youtube_medallion_pipeline.py
[2026-07-23T06:21:16.613+0000] {processor.py:925} INFO - DAG(s) 'youtube_medallion_pipeline' retrieved from /opt/airflow/dags/youtube_medallion_pipeline.py
[2026-07-23T06:21:16.658+0000] {logging_mixin.py:190} INFO - [2026-07-23T06:21:16.658+0000] {dag.py:3239} INFO - Sync 1 DAGs
[2026-07-23T06:21:16.679+0000] {logging_mixin.py:190} INFO - [2026-07-23T06:21:16.679+0000] {dag.py:4180} INFO - Setting next_dagrun for youtube_medallion_pipeline to None, run_after=None
[2026-07-23T06:21:16.709+0000] {processor.py:208} INFO - Processing /opt/airflow/dags/youtube_medallion_pipeline.py took 0.142 seconds
[2026-07-23T06:21:46.874+0000] {processor.py:186} INFO - Started process (PID=312) to work on /opt/airflow/dags/youtube_medallion_pipeline.py
[2026-07-23T06:21:46.876+0000] {processor.py:914} INFO - Processing file /opt/airflow/dags/youtube_medallion_pipeline.py for tasks to queue
[2026-07-23T06:21:46.880+0000] {logging_mixin.py:190} INFO - [2026-07-23T06:21:46.880+0000] {dagbag.py:588} INFO - Filling up the DagBag from /opt/airflow/dags/youtube_medallion_pipeline.py
[2026-07-23T06:21:46.909+0000] {processor.py:925} INFO - DAG(s) 'youtube_medallion_pipeline' retrieved from /opt/airflow/dags/youtube_medallion_pipeline.py
[2026-07-23T06:21:46.955+0000] {logging_mixin.py:190} INFO - [2026-07-23T06:21:46.955+0000] {dag.py:3239} INFO - Sync 1 DAGs
[2026-07-23T06:21:46.983+0000] {logging_mixin.py:190} INFO - [2026-07-23T06:21:46.983+0000] {dag.py:4180} INFO - Setting next_dagrun for youtube_medallion_pipeline to None, run_after=None
[2026-07-23T06:21:47.017+0000] {processor.py:208} INFO - Processing /opt/airflow/dags/youtube_medallion_pipeline.py took 0.150 seconds
[2026-07-23T06:22:17.352+0000] {processor.py:186} INFO - Started process (PID=339) to work on /opt/airflow/dags/youtube_medallion_pipeline.py
[2026-07-23T06:22:17.356+0000] {processor.py:914} INFO - Processing file /opt/airflow/dags/youtube_medallion_pipeline.py for tasks to queue
[2026-07-23T06:22:17.361+0000] {logging_mixin.py:190} INFO - [2026-07-23T06:22:17.361+0000] {dagbag.py:588} INFO - Filling up the DagBag from /opt/airflow/dags/youtube_medallion_pipeline.py
[2026-07-23T06:22:17.408+0000] {processor.py:925} INFO - DAG(s) 'youtube_medallion_pipeline' retrieved from /opt/airflow/dags/youtube_medallion_pipeline.py
[2026-07-23T06:22:17.478+0000] {logging_mixin.py:190} INFO - [2026-07-23T06:22:17.477+0000] {dag.py:3239} INFO - Sync 1 DAGs
[2026-07-23T06:22:17.529+0000] {logging_mixin.py:190} INFO - [2026-07-23T06:22:17.528+0000] {dag.py:4180} INFO - Setting next_dagrun for youtube_medallion_pipeline to None, run_after=None
[2026-07-23T06:22:17.597+0000] {processor.py:208} INFO - Processing /opt/airflow/dags/youtube_medallion_pipeline.py took 0.252 seconds
[2026-07-23T06:22:47.745+0000] {processor.py:186} INFO - Started process (PID=366) to work on /opt/airflow/dags/youtube_medallion_pipeline.py
[2026-07-23T06:22:47.747+0000] {processor.py:914} INFO - Processing file /opt/airflow/dags/youtube_medallion_pipeline.py for tasks to queue
[2026-07-23T06:22:47.751+0000] {logging_mixin.py:190} INFO - [2026-07-23T06:22:47.750+0000] {dagbag.py:588} INFO - Filling up the DagBag from /opt/airflow/dags/youtube_medallion_pipeline.py
[2026-07-23T06:22:47.778+0000] {processor.py:925} INFO - DAG(s) 'youtube_medallion_pipeline' retrieved from /opt/airflow/dags/youtube_medallion_pipeline.py
[2026-07-23T06:22:47.839+0000] {logging_mixin.py:190} INFO - [2026-07-23T06:22:47.839+0000] {dag.py:3239} INFO - Sync 1 DAGs
[2026-07-23T06:22:47.867+0000] {logging_mixin.py:190} INFO - [2026-07-23T06:22:47.867+0000] {dag.py:4180} INFO - Setting next_dagrun for youtube_medallion_pipeline to None, run_after=None
[2026-07-23T06:22:47.905+0000] {processor.py:208} INFO - Processing /opt/airflow/dags/youtube_medallion_pipeline.py took 0.167 seconds
[2026-07-23T06:23:18.266+0000] {processor.py:186} INFO - Started process (PID=398) to work on /opt/airflow/dags/youtube_medallion_pipeline.py
[2026-07-23T06:23:18.268+0000] {processor.py:914} INFO - Processing file /opt/airflow/dags/youtube_medallion_pipeline.py for tasks to queue
[2026-07-23T06:23:18.272+0000] {logging_mixin.py:190} INFO - [2026-07-23T06:23:18.272+0000] {dagbag.py:588} INFO - Filling up the DagBag from /opt/airflow/dags/youtube_medallion_pipeline.py
[2026-07-23T06:23:18.307+0000] {processor.py:925} INFO - DAG(s) 'youtube_medallion_pipeline' retrieved from /opt/airflow/dags/youtube_medallion_pipeline.py
[2026-07-23T06:23:18.349+0000] {logging_mixin.py:190} INFO - [2026-07-23T06:23:18.348+0000] {dag.py:3239} INFO - Sync 1 DAGs
[2026-07-23T06:23:18.369+0000] {logging_mixin.py:190} INFO - [2026-07-23T06:23:18.369+0000] {dag.py:4180} INFO - Setting next_dagrun for youtube_medallion_pipeline to None, run_after=None
[2026-07-23T06:23:18.399+0000] {processor.py:208} INFO - Processing /opt/airflow/dags/youtube_medallion_pipeline.py took 0.140 seconds
[2026-07-23T06:23:48.588+0000] {processor.py:186} INFO - Started process (PID=415) to work on /opt/airflow/dags/youtube_medallion_pipeline.py
[2026-07-23T06:23:48.592+0000] {processor.py:914} INFO - Processing file /opt/airflow/dags/youtube_medallion_pipeline.py for tasks to queue
[2026-07-23T06:23:48.597+0000] {logging_mixin.py:190} INFO - [2026-07-23T06:23:48.596+0000] {dagbag.py:588} INFO - Filling up the DagBag from /opt/airflow/dags/youtube_medallion_pipeline.py
[2026-07-23T06:23:48.636+0000] {processor.py:925} INFO - DAG(s) 'youtube_medallion_pipeline' retrieved from /opt/airflow/dags/youtube_medallion_pipeline.py
[2026-07-23T06:23:48.686+0000] {logging_mixin.py:190} INFO - [2026-07-23T06:23:48.686+0000] {dag.py:3239} INFO - Sync 1 DAGs
[2026-07-23T06:23:48.711+0000] {logging_mixin.py:190} INFO - [2026-07-23T06:23:48.710+0000] {dag.py:4180} INFO - Setting next_dagrun for youtube_medallion_pipeline to None, run_after=None
[2026-07-23T06:23:48.743+0000] {processor.py:208} INFO - Processing /opt/airflow/dags/youtube_medallion_pipeline.py took 0.167 seconds
[2026-07-23T06:24:19.105+0000] {processor.py:186} INFO - Started process (PID=447) to work on /opt/airflow/dags/youtube_medallion_pipeline.py
[2026-07-23T06:24:19.202+0000] {processor.py:914} INFO - Processing file /opt/airflow/dags/youtube_medallion_pipeline.py for tasks to queue
[2026-07-23T06:24:19.219+0000] {logging_mixin.py:190} INFO - [2026-07-23T06:24:19.217+0000] {dagbag.py:588} INFO - Filling up the DagBag from /opt/airflow/dags/youtube_medallion_pipeline.py
[2026-07-23T06:24:19.358+0000] {processor.py:925} INFO - DAG(s) 'youtube_medallion_pipeline' retrieved from /opt/airflow/dags/youtube_medallion_pipeline.py
[2026-07-23T06:24:19.615+0000] {logging_mixin.py:190} INFO - [2026-07-23T06:24:19.614+0000] {dag.py:3239} INFO - Sync 1 DAGs
[2026-07-23T06:24:19.683+0000] {logging_mixin.py:190} INFO - [2026-07-23T06:24:19.683+0000] {dag.py:4180} INFO - Setting next_dagrun for youtube_medallion_pipeline to None, run_after=None
[2026-07-23T06:24:19.774+0000] {processor.py:208} INFO - Processing /opt/airflow/dags/youtube_medallion_pipeline.py took 0.686 seconds
[2026-07-23T06:24:50.225+0000] {processor.py:186} INFO - Started process (PID=489) to work on /opt/airflow/dags/youtube_medallion_pipeline.py
[2026-07-23T06:24:50.240+0000] {processor.py:914} INFO - Processing file /opt/airflow/dags/youtube_medallion_pipeline.py for tasks to queue
[2026-07-23T06:24:50.246+0000] {logging_mixin.py:190} INFO - [2026-07-23T06:24:50.245+0000] {dagbag.py:588} INFO - Filling up the DagBag from /opt/airflow/dags/youtube_medallion_pipeline.py
[2026-07-23T06:24:50.281+0000] {processor.py:925} INFO - DAG(s) 'youtube_medallion_pipeline' retrieved from /opt/airflow/dags/youtube_medallion_pipeline.py
[2026-07-23T06:24:50.347+0000] {logging_mixin.py:190} INFO - [2026-07-23T06:24:50.347+0000] {dag.py:3239} INFO - Sync 1 DAGs
[2026-07-23T06:24:50.377+0000] {logging_mixin.py:190} INFO - [2026-07-23T06:24:50.377+0000] {dag.py:4180} INFO - Setting next_dagrun for youtube_medallion_pipeline to None, run_after=None
[2026-07-23T06:24:50.415+0000] {processor.py:208} INFO - Processing /opt/airflow/dags/youtube_medallion_pipeline.py took 0.199 seconds
[2026-07-23T06:25:20.738+0000] {processor.py:186} INFO - Started process (PID=542) to work on /opt/airflow/dags/youtube_medallion_pipeline.py
[2026-07-23T06:25:20.786+0000] {processor.py:914} INFO - Processing file /opt/airflow/dags/youtube_medallion_pipeline.py for tasks to queue
[2026-07-23T06:25:20.791+0000] {logging_mixin.py:190} INFO - [2026-07-23T06:25:20.789+0000] {dagbag.py:588} INFO - Filling up the DagBag from /opt/airflow/dags/youtube_medallion_pipeline.py
[2026-07-23T06:25:20.827+0000] {processor.py:925} INFO - DAG(s) 'youtube_medallion_pipeline' retrieved from /opt/airflow/dags/youtube_medallion_pipeline.py
[2026-07-23T06:25:20.875+0000] {logging_mixin.py:190} INFO - [2026-07-23T06:25:20.875+0000] {dag.py:3239} INFO - Sync 1 DAGs
[2026-07-23T06:25:20.901+0000] {logging_mixin.py:190} INFO - [2026-07-23T06:25:20.901+0000] {dag.py:4180} INFO - Setting next_dagrun for youtube_medallion_pipeline to None, run_after=None
[2026-07-23T06:25:20.934+0000] {processor.py:208} INFO - Processing /opt/airflow/dags/youtube_medallion_pipeline.py took 0.202 seconds
[2026-07-23T06:25:51.057+0000] {processor.py:186} INFO - Started process (PID=547) to work on /opt/airflow/dags/youtube_medallion_pipeline.py
[2026-07-23T06:25:51.059+0000] {processor.py:914} INFO - Processing file /opt/airflow/dags/youtube_medallion_pipeline.py for tasks to queue
[2026-07-23T06:25:51.063+0000] {logging_mixin.py:190} INFO - [2026-07-23T06:25:51.063+0000] {dagbag.py:588} INFO - Filling up the DagBag from /opt/airflow/dags/youtube_medallion_pipeline.py
[2026-07-23T06:25:51.092+0000] {processor.py:925} INFO - DAG(s) 'youtube_medallion_pipeline' retrieved from /opt/airflow/dags/youtube_medallion_pipeline.py
[2026-07-23T06:25:51.134+0000] {logging_mixin.py:190} INFO - [2026-07-23T06:25:51.133+0000] {dag.py:3239} INFO - Sync 1 DAGs
[2026-07-23T06:25:51.153+0000] {logging_mixin.py:190} INFO - [2026-07-23T06:25:51.153+0000] {dag.py:4180} INFO - Setting next_dagrun for youtube_medallion_pipeline to None, run_after=None
[2026-07-23T06:25:51.182+0000] {processor.py:208} INFO - Processing /opt/airflow/dags/youtube_medallion_pipeline.py took 0.132 seconds
[2026-07-23T06:26:21.378+0000] {processor.py:186} INFO - Started process (PID=552) to work on /opt/airflow/dags/youtube_medallion_pipeline.py
[2026-07-23T06:26:21.380+0000] {processor.py:914} INFO - Processing file /opt/airflow/dags/youtube_medallion_pipeline.py for tasks to queue
[2026-07-23T06:26:21.386+0000] {logging_mixin.py:190} INFO - [2026-07-23T06:26:21.385+0000] {dagbag.py:588} INFO - Filling up the DagBag from /opt/airflow/dags/youtube_medallion_pipeline.py
[2026-07-23T06:26:21.419+0000] {processor.py:925} INFO - DAG(s) 'youtube_medallion_pipeline' retrieved from /opt/airflow/dags/youtube_medallion_pipeline.py
[2026-07-23T06:26:21.471+0000] {logging_mixin.py:190} INFO - [2026-07-23T06:26:21.470+0000] {dag.py:3239} INFO - Sync 1 DAGs
[2026-07-23T06:26:21.496+0000] {logging_mixin.py:190} INFO - [2026-07-23T06:26:21.495+0000] {dag.py:4180} INFO - Setting next_dagrun for youtube_medallion_pipeline to None, run_after=None
[2026-07-23T06:26:21.526+0000] {processor.py:208} INFO - Processing /opt/airflow/dags/youtube_medallion_pipeline.py took 0.157 seconds
[2026-07-23T06:26:52.041+0000] {processor.py:186} INFO - Started process (PID=557) to work on /opt/airflow/dags/youtube_medallion_pipeline.py
[2026-07-23T06:26:52.074+0000] {processor.py:914} INFO - Processing file /opt/airflow/dags/youtube_medallion_pipeline.py for tasks to queue
[2026-07-23T06:26:52.106+0000] {logging_mixin.py:190} INFO - [2026-07-23T06:26:52.102+0000] {dagbag.py:588} INFO - Filling up the DagBag from /opt/airflow/dags/youtube_medallion_pipeline.py
[2026-07-23T06:26:52.263+0000] {processor.py:925} INFO - DAG(s) 'youtube_medallion_pipeline' retrieved from /opt/airflow/dags/youtube_medallion_pipeline.py
[2026-07-23T06:26:52.458+0000] {logging_mixin.py:190} INFO - [2026-07-23T06:26:52.457+0000] {dag.py:3239} INFO - Sync 1 DAGs
[2026-07-23T06:26:52.557+0000] {logging_mixin.py:190} INFO - [2026-07-23T06:26:52.556+0000] {dag.py:4180} INFO - Setting next_dagrun for youtube_medallion_pipeline to None, run_after=None
[2026-07-23T06:26:52.634+0000] {processor.py:208} INFO - Processing /opt/airflow/dags/youtube_medallion_pipeline.py took 0.666 seconds
[2026-07-23T06:27:23.124+0000] {processor.py:186} INFO - Started process (PID=562) to work on /opt/airflow/dags/youtube_medallion_pipeline.py
[2026-07-23T06:27:23.131+0000] {processor.py:914} INFO - Processing file /opt/airflow/dags/youtube_medallion_pipeline.py for tasks to queue
[2026-07-23T06:27:23.146+0000] {logging_mixin.py:190} INFO - [2026-07-23T06:27:23.144+0000] {dagbag.py:588} INFO - Filling up the DagBag from /opt/airflow/dags/youtube_medallion_pipeline.py
[2026-07-23T06:27:23.214+0000] {processor.py:925} INFO - DAG(s) 'youtube_medallion_pipeline' retrieved from /opt/airflow/dags/youtube_medallion_pipeline.py
[2026-07-23T06:27:23.292+0000] {logging_mixin.py:190} INFO - [2026-07-23T06:27:23.292+0000] {dag.py:3239} INFO - Sync 1 DAGs
[2026-07-23T06:27:23.345+0000] {logging_mixin.py:190} INFO - [2026-07-23T06:27:23.345+0000] {dag.py:4180} INFO - Setting next_dagrun for youtube_medallion_pipeline to None, run_after=None
[2026-07-23T06:27:23.394+0000] {processor.py:208} INFO - Processing /opt/airflow/dags/youtube_medallion_pipeline.py took 0.311 seconds
[2026-07-23T06:27:53.692+0000] {processor.py:186} INFO - Started process (PID=567) to work on /opt/airflow/dags/youtube_medallion_pipeline.py
[2026-07-23T06:27:53.694+0000] {processor.py:914} INFO - Processing file /opt/airflow/dags/youtube_medallion_pipeline.py for tasks to queue
[2026-07-23T06:27:53.704+0000] {logging_mixin.py:190} INFO - [2026-07-23T06:27:53.702+0000] {dagbag.py:588} INFO - Filling up the DagBag from /opt/airflow/dags/youtube_medallion_pipeline.py
[2026-07-23T06:27:53.783+0000] {processor.py:925} INFO - DAG(s) 'youtube_medallion_pipeline' retrieved from /opt/airflow/dags/youtube_medallion_pipeline.py
[2026-07-23T06:27:53.839+0000] {logging_mixin.py:190} INFO - [2026-07-23T06:27:53.838+0000] {dag.py:3239} INFO - Sync 1 DAGs
[2026-07-23T06:27:53.865+0000] {logging_mixin.py:190} INFO - [2026-07-23T06:27:53.865+0000] {dag.py:4180} INFO - Setting next_dagrun for youtube_medallion_pipeline to None, run_after=None
[2026-07-23T06:27:53.901+0000] {processor.py:208} INFO - Processing /opt/airflow/dags/youtube_medallion_pipeline.py took 0.217 seconds
[2026-07-23T06:28:24.060+0000] {processor.py:186} INFO - Started process (PID=572) to work on /opt/airflow/dags/youtube_medallion_pipeline.py
[2026-07-23T06:28:24.063+0000] {processor.py:914} INFO - Processing file /opt/airflow/dags/youtube_medallion_pipeline.py for tasks to queue
[2026-07-23T06:28:24.069+0000] {logging_mixin.py:190} INFO - [2026-07-23T06:28:24.068+0000] {dagbag.py:588} INFO - Filling up the DagBag from /opt/airflow/dags/youtube_medallion_pipeline.py
[2026-07-23T06:28:24.100+0000] {processor.py:925} INFO - DAG(s) 'youtube_medallion_pipeline' retrieved from /opt/airflow/dags/youtube_medallion_pipeline.py
[2026-07-23T06:28:24.157+0000] {logging_mixin.py:190} INFO - [2026-07-23T06:28:24.157+0000] {dag.py:3239} INFO - Sync 1 DAGs
[2026-07-23T06:28:24.179+0000] {logging_mixin.py:190} INFO - [2026-07-23T06:28:24.179+0000] {dag.py:4180} INFO - Setting next_dagrun for youtube_medallion_pipeline to None, run_after=None
[2026-07-23T06:28:24.218+0000] {processor.py:208} INFO - Processing /opt/airflow/dags/youtube_medallion_pipeline.py took 0.166 seconds
[2026-07-23T06:28:54.521+0000] {processor.py:186} INFO - Started process (PID=577) to work on /opt/airflow/dags/youtube_medallion_pipeline.py
[2026-07-23T06:28:54.524+0000] {processor.py:914} INFO - Processing file /opt/airflow/dags/youtube_medallion_pipeline.py for tasks to queue
[2026-07-23T06:28:54.530+0000] {logging_mixin.py:190} INFO - [2026-07-23T06:28:54.528+0000] {dagbag.py:588} INFO - Filling up the DagBag from /opt/airflow/dags/youtube_medallion_pipeline.py
[2026-07-23T06:28:54.578+0000] {processor.py:925} INFO - DAG(s) 'youtube_medallion_pipeline' retrieved from /opt/airflow/dags/youtube_medallion_pipeline.py
[2026-07-23T06:28:54.644+0000] {logging_mixin.py:190} INFO - [2026-07-23T06:28:54.643+0000] {dag.py:3239} INFO - Sync 1 DAGs
[2026-07-23T06:28:54.679+0000] {logging_mixin.py:190} INFO - [2026-07-23T06:28:54.678+0000] {dag.py:4180} INFO - Setting next_dagrun for youtube_medallion_pipeline to None, run_after=None
[2026-07-23T06:28:54.719+0000] {processor.py:208} INFO - Processing /opt/airflow/dags/youtube_medallion_pipeline.py took 0.205 seconds
[2026-07-23T06:29:24.813+0000] {processor.py:186} INFO - Started process (PID=582) to work on /opt/airflow/dags/youtube_medallion_pipeline.py
[2026-07-23T06:29:24.817+0000] {processor.py:914} INFO - Processing file /opt/airflow/dags/youtube_medallion_pipeline.py for tasks to queue
[2026-07-23T06:29:24.824+0000] {logging_mixin.py:190} INFO - [2026-07-23T06:29:24.824+0000] {dagbag.py:588} INFO - Filling up the DagBag from /opt/airflow/dags/youtube_medallion_pipeline.py
[2026-07-23T06:29:24.867+0000] {processor.py:925} INFO - DAG(s) 'youtube_medallion_pipeline' retrieved from /opt/airflow/dags/youtube_medallion_pipeline.py
[2026-07-23T06:29:24.908+0000] {logging_mixin.py:190} INFO - [2026-07-23T06:29:24.908+0000] {dag.py:3239} INFO - Sync 1 DAGs
[2026-07-23T06:29:24.930+0000] {logging_mixin.py:190} INFO - [2026-07-23T06:29:24.929+0000] {dag.py:4180} INFO - Setting next_dagrun for youtube_medallion_pipeline to None, run_after=None
[2026-07-23T06:29:24.961+0000] {processor.py:208} INFO - Processing /opt/airflow/dags/youtube_medallion_pipeline.py took 0.172 seconds
[2026-07-23T06:29:55.313+0000] {processor.py:186} INFO - Started process (PID=587) to work on /opt/airflow/dags/youtube_medallion_pipeline.py
[2026-07-23T06:29:55.315+0000] {processor.py:914} INFO - Processing file /opt/airflow/dags/youtube_medallion_pipeline.py for tasks to queue
[2026-07-23T06:29:55.319+0000] {logging_mixin.py:190} INFO - [2026-07-23T06:29:55.318+0000] {dagbag.py:588} INFO - Filling up the DagBag from /opt/airflow/dags/youtube_medallion_pipeline.py
[2026-07-23T06:29:55.348+0000] {processor.py:925} INFO - DAG(s) 'youtube_medallion_pipeline' retrieved from /opt/airflow/dags/youtube_medallion_pipeline.py
[2026-07-23T06:29:55.390+0000] {logging_mixin.py:190} INFO - [2026-07-23T06:29:55.390+0000] {dag.py:3239} INFO - Sync 1 DAGs
[2026-07-23T06:29:55.413+0000] {logging_mixin.py:190} INFO - [2026-07-23T06:29:55.412+0000] {dag.py:4180} INFO - Setting next_dagrun for youtube_medallion_pipeline to None, run_after=None
[2026-07-23T06:29:55.446+0000] {processor.py:208} INFO - Processing /opt/airflow/dags/youtube_medallion_pipeline.py took 0.139 seconds
[2026-07-23T06:30:25.614+0000] {processor.py:186} INFO - Started process (PID=592) to work on /opt/airflow/dags/youtube_medallion_pipeline.py
[2026-07-23T06:30:25.616+0000] {processor.py:914} INFO - Processing file /opt/airflow/dags/youtube_medallion_pipeline.py for tasks to queue
[2026-07-23T06:30:25.620+0000] {logging_mixin.py:190} INFO - [2026-07-23T06:30:25.620+0000] {dagbag.py:588} INFO - Filling up the DagBag from /opt/airflow/dags/youtube_medallion_pipeline.py
[2026-07-23T06:30:25.651+0000] {processor.py:925} INFO - DAG(s) 'youtube_medallion_pipeline' retrieved from /opt/airflow/dags/youtube_medallion_pipeline.py
[2026-07-23T06:30:25.703+0000] {logging_mixin.py:190} INFO - [2026-07-23T06:30:25.702+0000] {dag.py:3239} INFO - Sync 1 DAGs
[2026-07-23T06:30:25.725+0000] {logging_mixin.py:190} INFO - [2026-07-23T06:30:25.725+0000] {dag.py:4180} INFO - Setting next_dagrun for youtube_medallion_pipeline to None, run_after=None
[2026-07-23T06:30:25.763+0000] {processor.py:208} INFO - Processing /opt/airflow/dags/youtube_medallion_pipeline.py took 0.157 seconds
[2026-07-23T06:30:56.016+0000] {processor.py:186} INFO - Started process (PID=597) to work on /opt/airflow/dags/youtube_medallion_pipeline.py
[2026-07-23T06:30:56.017+0000] {processor.py:914} INFO - Processing file /opt/airflow/dags/youtube_medallion_pipeline.py for tasks to queue
[2026-07-23T06:30:56.023+0000] {logging_mixin.py:190} INFO - [2026-07-23T06:30:56.022+0000] {dagbag.py:588} INFO - Filling up the DagBag from /opt/airflow/dags/youtube_medallion_pipeline.py
[2026-07-23T06:30:56.055+0000] {processor.py:925} INFO - DAG(s) 'youtube_medallion_pipeline' retrieved from /opt/airflow/dags/youtube_medallion_pipeline.py
[2026-07-23T06:30:56.134+0000] {logging_mixin.py:190} INFO - [2026-07-23T06:30:56.133+0000] {dag.py:3239} INFO - Sync 1 DAGs
[2026-07-23T06:30:56.190+0000] {logging_mixin.py:190} INFO - [2026-07-23T06:30:56.189+0000] {dag.py:4180} INFO - Setting next_dagrun for youtube_medallion_pipeline to None, run_after=None
[2026-07-23T06:30:56.274+0000] {processor.py:208} INFO - Processing /opt/airflow/dags/youtube_medallion_pipeline.py took 0.269 seconds
[2026-07-23T06:31:26.620+0000] {processor.py:186} INFO - Started process (PID=602) to work on /opt/airflow/dags/youtube_medallion_pipeline.py
[2026-07-23T06:31:26.623+0000] {processor.py:914} INFO - Processing file /opt/airflow/dags/youtube_medallion_pipeline.py for tasks to queue
[2026-07-23T06:31:26.628+0000] {logging_mixin.py:190} INFO - [2026-07-23T06:31:26.627+0000] {dagbag.py:588} INFO - Filling up the DagBag from /opt/airflow/dags/youtube_medallion_pipeline.py
[2026-07-23T06:31:26.660+0000] {processor.py:925} INFO - DAG(s) 'youtube_medallion_pipeline' retrieved from /opt/airflow/dags/youtube_medallion_pipeline.py
[2026-07-23T06:31:26.705+0000] {logging_mixin.py:190} INFO - [2026-07-23T06:31:26.705+0000] {dag.py:3239} INFO - Sync 1 DAGs
[2026-07-23T06:31:26.726+0000] {logging_mixin.py:190} INFO - [2026-07-23T06:31:26.726+0000] {dag.py:4180} INFO - Setting next_dagrun for youtube_medallion_pipeline to None, run_after=None
[2026-07-23T06:31:26.757+0000] {processor.py:208} INFO - Processing /opt/airflow/dags/youtube_medallion_pipeline.py took 0.145 seconds
[2026-07-23T06:31:56.900+0000] {processor.py:186} INFO - Started process (PID=607) to work on /opt/airflow/dags/youtube_medallion_pipeline.py
[2026-07-23T06:31:56.903+0000] {processor.py:914} INFO - Processing file /opt/airflow/dags/youtube_medallion_pipeline.py for tasks to queue
[2026-07-23T06:31:56.907+0000] {logging_mixin.py:190} INFO - [2026-07-23T06:31:56.907+0000] {dagbag.py:588} INFO - Filling up the DagBag from /opt/airflow/dags/youtube_medallion_pipeline.py
[2026-07-23T06:31:56.938+0000] {processor.py:925} INFO - DAG(s) 'youtube_medallion_pipeline' retrieved from /opt/airflow/dags/youtube_medallion_pipeline.py
[2026-07-23T06:31:56.981+0000] {logging_mixin.py:190} INFO - [2026-07-23T06:31:56.980+0000] {dag.py:3239} INFO - Sync 1 DAGs
[2026-07-23T06:31:57.003+0000] {logging_mixin.py:190} INFO - [2026-07-23T06:31:57.003+0000] {dag.py:4180} INFO - Setting next_dagrun for youtube_medallion_pipeline to None, run_after=None
[2026-07-23T06:31:57.036+0000] {processor.py:208} INFO - Processing /opt/airflow/dags/youtube_medallion_pipeline.py took 0.143 seconds
[2026-07-23T06:32:27.355+0000] {processor.py:186} INFO - Started process (PID=612) to work on /opt/airflow/dags/youtube_medallion_pipeline.py
[2026-07-23T06:32:27.357+0000] {processor.py:914} INFO - Processing file /opt/airflow/dags/youtube_medallion_pipeline.py for tasks to queue
[2026-07-23T06:32:27.362+0000] {logging_mixin.py:190} INFO - [2026-07-23T06:32:27.361+0000] {dagbag.py:588} INFO - Filling up the DagBag from /opt/airflow/dags/youtube_medallion_pipeline.py
[2026-07-23T06:32:27.393+0000] {processor.py:925} INFO - DAG(s) 'youtube_medallion_pipeline' retrieved from /opt/airflow/dags/youtube_medallion_pipeline.py
[2026-07-23T06:32:27.446+0000] {logging_mixin.py:190} INFO - [2026-07-23T06:32:27.446+0000] {dag.py:3239} INFO - Sync 1 DAGs
[2026-07-23T06:32:27.468+0000] {logging_mixin.py:190} INFO - [2026-07-23T06:32:27.467+0000] {dag.py:4180} INFO - Setting next_dagrun for youtube_medallion_pipeline to None, run_after=None
[2026-07-23T06:32:27.499+0000] {processor.py:208} INFO - Processing /opt/airflow/dags/youtube_medallion_pipeline.py took 0.151 seconds
[2026-07-23T06:32:57.700+0000] {processor.py:186} INFO - Started process (PID=617) to work on /opt/airflow/dags/youtube_medallion_pipeline.py
[2026-07-23T06:32:57.702+0000] {processor.py:914} INFO - Processing file /opt/airflow/dags/youtube_medallion_pipeline.py for tasks to queue
[2026-07-23T06:32:57.706+0000] {logging_mixin.py:190} INFO - [2026-07-23T06:32:57.706+0000] {dagbag.py:588} INFO - Filling up the DagBag from /opt/airflow/dags/youtube_medallion_pipeline.py
[2026-07-23T06:32:57.737+0000] {processor.py:925} INFO - DAG(s) 'youtube_medallion_pipeline' retrieved from /opt/airflow/dags/youtube_medallion_pipeline.py
[2026-07-23T06:32:57.821+0000] {logging_mixin.py:190} INFO - [2026-07-23T06:32:57.821+0000] {dag.py:3239} INFO - Sync 1 DAGs
[2026-07-23T06:32:57.865+0000] {logging_mixin.py:190} INFO - [2026-07-23T06:32:57.864+0000] {dag.py:4180} INFO - Setting next_dagrun for youtube_medallion_pipeline to None, run_after=None
[2026-07-23T06:32:57.917+0000] {processor.py:208} INFO - Processing /opt/airflow/dags/youtube_medallion_pipeline.py took 0.224 seconds
[2026-07-23T06:33:28.144+0000] {processor.py:186} INFO - Started process (PID=622) to work on /opt/airflow/dags/youtube_medallion_pipeline.py
[2026-07-23T06:33:28.146+0000] {processor.py:914} INFO - Processing file /opt/airflow/dags/youtube_medallion_pipeline.py for tasks to queue
[2026-07-23T06:33:28.150+0000] {logging_mixin.py:190} INFO - [2026-07-23T06:33:28.149+0000] {dagbag.py:588} INFO - Filling up the DagBag from /opt/airflow/dags/youtube_medallion_pipeline.py
[2026-07-23T06:33:28.180+0000] {processor.py:925} INFO - DAG(s) 'youtube_medallion_pipeline' retrieved from /opt/airflow/dags/youtube_medallion_pipeline.py
[2026-07-23T06:33:28.220+0000] {logging_mixin.py:190} INFO - [2026-07-23T06:33:28.220+0000] {dag.py:3239} INFO - Sync 1 DAGs
[2026-07-23T06:33:28.251+0000] {logging_mixin.py:190} INFO - [2026-07-23T06:33:28.250+0000] {dag.py:4180} INFO - Setting next_dagrun for youtube_medallion_pipeline to None, run_after=None
[2026-07-23T06:33:28.298+0000] {processor.py:208} INFO - Processing /opt/airflow/dags/youtube_medallion_pipeline.py took 0.160 seconds
[2026-07-23T06:33:58.556+0000] {processor.py:186} INFO - Started process (PID=649) to work on /opt/airflow/dags/youtube_medallion_pipeline.py
[2026-07-23T06:33:58.559+0000] {processor.py:914} INFO - Processing file /opt/airflow/dags/youtube_medallion_pipeline.py for tasks to queue
[2026-07-23T06:33:58.567+0000] {logging_mixin.py:190} INFO - [2026-07-23T06:33:58.564+0000] {dagbag.py:588} INFO - Filling up the DagBag from /opt/airflow/dags/youtube_medallion_pipeline.py
[2026-07-23T06:33:58.658+0000] {processor.py:925} INFO - DAG(s) 'youtube_medallion_pipeline' retrieved from /opt/airflow/dags/youtube_medallion_pipeline.py
[2026-07-23T06:33:58.712+0000] {logging_mixin.py:190} INFO - [2026-07-23T06:33:58.711+0000] {dag.py:3239} INFO - Sync 1 DAGs
[2026-07-23T06:33:58.741+0000] {logging_mixin.py:190} INFO - [2026-07-23T06:33:58.741+0000] {dag.py:4180} INFO - Setting next_dagrun for youtube_medallion_pipeline to None, run_after=None
[2026-07-23T06:33:58.786+0000] {processor.py:208} INFO - Processing /opt/airflow/dags/youtube_medallion_pipeline.py took 0.237 seconds
[2026-07-23T06:35:08.830+0000] {processor.py:186} INFO - Started process (PID=173) to work on /opt/airflow/dags/youtube_medallion_pipeline.py
[2026-07-23T06:35:08.861+0000] {processor.py:914} INFO - Processing file /opt/airflow/dags/youtube_medallion_pipeline.py for tasks to queue
[2026-07-23T06:35:08.881+0000] {logging_mixin.py:190} INFO - [2026-07-23T06:35:08.876+0000] {dagbag.py:588} INFO - Filling up the DagBag from /opt/airflow/dags/youtube_medallion_pipeline.py
[2026-07-23T06:35:09.125+0000] {processor.py:925} INFO - DAG(s) 'youtube_medallion_pipeline' retrieved from /opt/airflow/dags/youtube_medallion_pipeline.py
[2026-07-23T06:35:09.269+0000] {logging_mixin.py:190} INFO - [2026-07-23T06:35:09.268+0000] {dag.py:3239} INFO - Sync 1 DAGs
[2026-07-23T06:35:09.345+0000] {logging_mixin.py:190} INFO - [2026-07-23T06:35:09.344+0000] {dag.py:4180} INFO - Setting next_dagrun for youtube_medallion_pipeline to None, run_after=None
[2026-07-23T06:35:09.417+0000] {processor.py:208} INFO - Processing /opt/airflow/dags/youtube_medallion_pipeline.py took 0.703 seconds
[2026-07-23T06:35:39.954+0000] {processor.py:186} INFO - Started process (PID=206) to work on /opt/airflow/dags/youtube_medallion_pipeline.py
[2026-07-23T06:35:39.960+0000] {processor.py:914} INFO - Processing file /opt/airflow/dags/youtube_medallion_pipeline.py for tasks to queue
[2026-07-23T06:35:39.975+0000] {logging_mixin.py:190} INFO - [2026-07-23T06:35:39.973+0000] {dagbag.py:588} INFO - Filling up the DagBag from /opt/airflow/dags/youtube_medallion_pipeline.py
[2026-07-23T06:35:40.051+0000] {processor.py:925} INFO - DAG(s) 'youtube_medallion_pipeline' retrieved from /opt/airflow/dags/youtube_medallion_pipeline.py
[2026-07-23T06:35:40.375+0000] {logging_mixin.py:190} INFO - [2026-07-23T06:35:40.374+0000] {dag.py:3239} INFO - Sync 1 DAGs
[2026-07-23T06:35:40.489+0000] {logging_mixin.py:190} INFO - [2026-07-23T06:35:40.489+0000] {dag.py:4180} INFO - Setting next_dagrun for youtube_medallion_pipeline to None, run_after=None
[2026-07-23T06:35:40.556+0000] {processor.py:208} INFO - Processing /opt/airflow/dags/youtube_medallion_pipeline.py took 0.659 seconds
[2026-07-23T06:36:10.949+0000] {processor.py:186} INFO - Started process (PID=211) to work on /opt/airflow/dags/youtube_medallion_pipeline.py
[2026-07-23T06:36:11.044+0000] {processor.py:914} INFO - Processing file /opt/airflow/dags/youtube_medallion_pipeline.py for tasks to queue
[2026-07-23T06:36:11.052+0000] {logging_mixin.py:190} INFO - [2026-07-23T06:36:11.051+0000] {dagbag.py:588} INFO - Filling up the DagBag from /opt/airflow/dags/youtube_medallion_pipeline.py
[2026-07-23T06:36:11.089+0000] {processor.py:925} INFO - DAG(s) 'youtube_medallion_pipeline' retrieved from /opt/airflow/dags/youtube_medallion_pipeline.py
[2026-07-23T06:36:11.148+0000] {logging_mixin.py:190} INFO - [2026-07-23T06:36:11.147+0000] {dag.py:3239} INFO - Sync 1 DAGs
[2026-07-23T06:36:11.173+0000] {logging_mixin.py:190} INFO - [2026-07-23T06:36:11.173+0000] {dag.py:4180} INFO - Setting next_dagrun for youtube_medallion_pipeline to None, run_after=None
[2026-07-23T06:36:11.217+0000] {processor.py:208} INFO - Processing /opt/airflow/dags/youtube_medallion_pipeline.py took 0.279 seconds
[2026-07-23T06:36:41.620+0000] {processor.py:186} INFO - Started process (PID=238) to work on /opt/airflow/dags/youtube_medallion_pipeline.py
[2026-07-23T06:36:41.634+0000] {processor.py:914} INFO - Processing file /opt/airflow/dags/youtube_medallion_pipeline.py for tasks to queue
[2026-07-23T06:36:41.639+0000] {logging_mixin.py:190} INFO - [2026-07-23T06:36:41.638+0000] {dagbag.py:588} INFO - Filling up the DagBag from /opt/airflow/dags/youtube_medallion_pipeline.py
[2026-07-23T06:36:41.721+0000] {processor.py:925} INFO - DAG(s) 'youtube_medallion_pipeline' retrieved from /opt/airflow/dags/youtube_medallion_pipeline.py
[2026-07-23T06:36:41.786+0000] {logging_mixin.py:190} INFO - [2026-07-23T06:36:41.785+0000] {dag.py:3239} INFO - Sync 1 DAGs
[2026-07-23T06:36:41.828+0000] {logging_mixin.py:190} INFO - [2026-07-23T06:36:41.827+0000] {dag.py:4180} INFO - Setting next_dagrun for youtube_medallion_pipeline to None, run_after=None
[2026-07-23T06:36:41.890+0000] {processor.py:208} INFO - Processing /opt/airflow/dags/youtube_medallion_pipeline.py took 0.282 seconds
[2026-07-23T06:37:12.227+0000] {processor.py:186} INFO - Started process (PID=243) to work on /opt/airflow/dags/youtube_medallion_pipeline.py
[2026-07-23T06:37:12.229+0000] {processor.py:914} INFO - Processing file /opt/airflow/dags/youtube_medallion_pipeline.py for tasks to queue
[2026-07-23T06:37:12.232+0000] {logging_mixin.py:190} INFO - [2026-07-23T06:37:12.232+0000] {dagbag.py:588} INFO - Filling up the DagBag from /opt/airflow/dags/youtube_medallion_pipeline.py
[2026-07-23T06:37:12.281+0000] {processor.py:925} INFO - DAG(s) 'youtube_medallion_pipeline' retrieved from /opt/airflow/dags/youtube_medallion_pipeline.py
[2026-07-23T06:37:12.329+0000] {logging_mixin.py:190} INFO - [2026-07-23T06:37:12.328+0000] {dag.py:3239} INFO - Sync 1 DAGs
[2026-07-23T06:37:12.354+0000] {logging_mixin.py:190} INFO - [2026-07-23T06:37:12.354+0000] {dag.py:4180} INFO - Setting next_dagrun for youtube_medallion_pipeline to None, run_after=None
[2026-07-23T06:37:12.390+0000] {processor.py:208} INFO - Processing /opt/airflow/dags/youtube_medallion_pipeline.py took 0.172 seconds
[2026-07-23T06:37:42.644+0000] {processor.py:186} INFO - Started process (PID=289) to work on /opt/airflow/dags/youtube_medallion_pipeline.py
[2026-07-23T06:37:42.651+0000] {processor.py:914} INFO - Processing file /opt/airflow/dags/youtube_medallion_pipeline.py for tasks to queue
[2026-07-23T06:37:42.665+0000] {logging_mixin.py:190} INFO - [2026-07-23T06:37:42.664+0000] {dagbag.py:588} INFO - Filling up the DagBag from /opt/airflow/dags/youtube_medallion_pipeline.py
[2026-07-23T06:37:42.742+0000] {processor.py:925} INFO - DAG(s) 'youtube_medallion_pipeline' retrieved from /opt/airflow/dags/youtube_medallion_pipeline.py
[2026-07-23T06:37:42.843+0000] {logging_mixin.py:190} INFO - [2026-07-23T06:37:42.842+0000] {dag.py:3239} INFO - Sync 1 DAGs
[2026-07-23T06:37:42.928+0000] {logging_mixin.py:190} INFO - [2026-07-23T06:37:42.928+0000] {dag.py:4180} INFO - Setting next_dagrun for youtube_medallion_pipeline to None, run_after=None
[2026-07-23T06:37:43.014+0000] {processor.py:208} INFO - Processing /opt/airflow/dags/youtube_medallion_pipeline.py took 0.411 seconds
[2026-07-23T06:38:13.449+0000] {processor.py:186} INFO - Started process (PID=305) to work on /opt/airflow/dags/youtube_medallion_pipeline.py
[2026-07-23T06:38:13.462+0000] {processor.py:914} INFO - Processing file /opt/airflow/dags/youtube_medallion_pipeline.py for tasks to queue
[2026-07-23T06:38:13.468+0000] {logging_mixin.py:190} INFO - [2026-07-23T06:38:13.467+0000] {dagbag.py:588} INFO - Filling up the DagBag from /opt/airflow/dags/youtube_medallion_pipeline.py
[2026-07-23T06:38:13.503+0000] {processor.py:925} INFO - DAG(s) 'youtube_medallion_pipeline' retrieved from /opt/airflow/dags/youtube_medallion_pipeline.py
[2026-07-23T06:38:13.615+0000] {logging_mixin.py:190} INFO - [2026-07-23T06:38:13.615+0000] {dag.py:3239} INFO - Sync 1 DAGs
[2026-07-23T06:38:13.660+0000] {logging_mixin.py:190} INFO - [2026-07-23T06:38:13.660+0000] {dag.py:4180} INFO - Setting next_dagrun for youtube_medallion_pipeline to None, run_after=None
[2026-07-23T06:38:13.703+0000] {processor.py:208} INFO - Processing /opt/airflow/dags/youtube_medallion_pipeline.py took 0.263 seconds
[2026-07-23T06:38:44.084+0000] {processor.py:186} INFO - Started process (PID=378) to work on /opt/airflow/dags/youtube_medallion_pipeline.py
[2026-07-23T06:38:44.087+0000] {processor.py:914} INFO - Processing file /opt/airflow/dags/youtube_medallion_pipeline.py for tasks to queue
[2026-07-23T06:38:44.092+0000] {logging_mixin.py:190} INFO - [2026-07-23T06:38:44.091+0000] {dagbag.py:588} INFO - Filling up the DagBag from /opt/airflow/dags/youtube_medallion_pipeline.py
[2026-07-23T06:38:44.132+0000] {processor.py:925} INFO - DAG(s) 'youtube_medallion_pipeline' retrieved from /opt/airflow/dags/youtube_medallion_pipeline.py
[2026-07-23T06:38:44.210+0000] {logging_mixin.py:190} INFO - [2026-07-23T06:38:44.209+0000] {dag.py:3239} INFO - Sync 1 DAGs
[2026-07-23T06:38:44.241+0000] {logging_mixin.py:190} INFO - [2026-07-23T06:38:44.241+0000] {dag.py:4180} INFO - Setting next_dagrun for youtube_medallion_pipeline to None, run_after=None
[2026-07-23T06:38:44.277+0000] {processor.py:208} INFO - Processing /opt/airflow/dags/youtube_medallion_pipeline.py took 0.202 seconds
[2026-07-23T06:39:14.386+0000] {processor.py:186} INFO - Started process (PID=390) to work on /opt/airflow/dags/youtube_medallion_pipeline.py
[2026-07-23T06:39:14.391+0000] {processor.py:914} INFO - Processing file /opt/airflow/dags/youtube_medallion_pipeline.py for tasks to queue
[2026-07-23T06:39:14.398+0000] {logging_mixin.py:190} INFO - [2026-07-23T06:39:14.397+0000] {dagbag.py:588} INFO - Filling up the DagBag from /opt/airflow/dags/youtube_medallion_pipeline.py
[2026-07-23T06:39:14.433+0000] {processor.py:925} INFO - DAG(s) 'youtube_medallion_pipeline' retrieved from /opt/airflow/dags/youtube_medallion_pipeline.py
[2026-07-23T06:39:14.489+0000] {logging_mixin.py:190} INFO - [2026-07-23T06:39:14.489+0000] {dag.py:3239} INFO - Sync 1 DAGs
[2026-07-23T06:39:14.522+0000] {logging_mixin.py:190} INFO - [2026-07-23T06:39:14.522+0000] {dag.py:4180} INFO - Setting next_dagrun for youtube_medallion_pipeline to None, run_after=None
[2026-07-23T06:39:14.566+0000] {processor.py:208} INFO - Processing /opt/airflow/dags/youtube_medallion_pipeline.py took 0.192 seconds
[2026-07-23T06:39:44.882+0000] {processor.py:186} INFO - Started process (PID=395) to work on /opt/airflow/dags/youtube_medallion_pipeline.py
[2026-07-23T06:39:44.884+0000] {processor.py:914} INFO - Processing file /opt/airflow/dags/youtube_medallion_pipeline.py for tasks to queue
[2026-07-23T06:39:44.889+0000] {logging_mixin.py:190} INFO - [2026-07-23T06:39:44.889+0000] {dagbag.py:588} INFO - Filling up the DagBag from /opt/airflow/dags/youtube_medallion_pipeline.py
[2026-07-23T06:39:44.921+0000] {processor.py:925} INFO - DAG(s) 'youtube_medallion_pipeline' retrieved from /opt/airflow/dags/youtube_medallion_pipeline.py
[2026-07-23T06:39:44.965+0000] {logging_mixin.py:190} INFO - [2026-07-23T06:39:44.965+0000] {dag.py:3239} INFO - Sync 1 DAGs
[2026-07-23T06:39:44.994+0000] {logging_mixin.py:190} INFO - [2026-07-23T06:39:44.994+0000] {dag.py:4180} INFO - Setting next_dagrun for youtube_medallion_pipeline to None, run_after=None
[2026-07-23T06:39:45.025+0000] {processor.py:208} INFO - Processing /opt/airflow/dags/youtube_medallion_pipeline.py took 0.150 seconds
[2026-07-23T06:40:15.315+0000] {processor.py:186} INFO - Started process (PID=400) to work on /opt/airflow/dags/youtube_medallion_pipeline.py
[2026-07-23T06:40:15.318+0000] {processor.py:914} INFO - Processing file /opt/airflow/dags/youtube_medallion_pipeline.py for tasks to queue
[2026-07-23T06:40:15.322+0000] {logging_mixin.py:190} INFO - [2026-07-23T06:40:15.321+0000] {dagbag.py:588} INFO - Filling up the DagBag from /opt/airflow/dags/youtube_medallion_pipeline.py
[2026-07-23T06:40:15.349+0000] {processor.py:925} INFO - DAG(s) 'youtube_medallion_pipeline' retrieved from /opt/airflow/dags/youtube_medallion_pipeline.py
[2026-07-23T06:40:15.397+0000] {logging_mixin.py:190} INFO - [2026-07-23T06:40:15.397+0000] {dag.py:3239} INFO - Sync 1 DAGs
[2026-07-23T06:40:15.417+0000] {logging_mixin.py:190} INFO - [2026-07-23T06:40:15.417+0000] {dag.py:4180} INFO - Setting next_dagrun for youtube_medallion_pipeline to None, run_after=None
[2026-07-23T06:40:15.444+0000] {processor.py:208} INFO - Processing /opt/airflow/dags/youtube_medallion_pipeline.py took 0.135 seconds
[2026-07-23T06:40:45.720+0000] {processor.py:186} INFO - Started process (PID=405) to work on /opt/airflow/dags/youtube_medallion_pipeline.py
[2026-07-23T06:40:45.731+0000] {processor.py:914} INFO - Processing file /opt/airflow/dags/youtube_medallion_pipeline.py for tasks to queue
[2026-07-23T06:40:45.740+0000] {logging_mixin.py:190} INFO - [2026-07-23T06:40:45.739+0000] {dagbag.py:588} INFO - Filling up the DagBag from /opt/airflow/dags/youtube_medallion_pipeline.py
[2026-07-23T06:40:45.794+0000] {processor.py:925} INFO - DAG(s) 'youtube_medallion_pipeline' retrieved from /opt/airflow/dags/youtube_medallion_pipeline.py
[2026-07-23T06:40:45.857+0000] {logging_mixin.py:190} INFO - [2026-07-23T06:40:45.856+0000] {dag.py:3239} INFO - Sync 1 DAGs
[2026-07-23T06:40:45.889+0000] {logging_mixin.py:190} INFO - [2026-07-23T06:40:45.889+0000] {dag.py:4180} INFO - Setting next_dagrun for youtube_medallion_pipeline to None, run_after=None
[2026-07-23T06:40:45.923+0000] {processor.py:208} INFO - Processing /opt/airflow/dags/youtube_medallion_pipeline.py took 0.221 seconds
[2026-07-23T06:41:16.124+0000] {processor.py:186} INFO - Started process (PID=410) to work on /opt/airflow/dags/youtube_medallion_pipeline.py
[2026-07-23T06:41:16.136+0000] {processor.py:914} INFO - Processing file /opt/airflow/dags/youtube_medallion_pipeline.py for tasks to queue
[2026-07-23T06:41:16.142+0000] {logging_mixin.py:190} INFO - [2026-07-23T06:41:16.141+0000] {dagbag.py:588} INFO - Filling up the DagBag from /opt/airflow/dags/youtube_medallion_pipeline.py
[2026-07-23T06:41:16.211+0000] {processor.py:925} INFO - DAG(s) 'youtube_medallion_pipeline' retrieved from /opt/airflow/dags/youtube_medallion_pipeline.py
[2026-07-23T06:41:16.275+0000] {logging_mixin.py:190} INFO - [2026-07-23T06:41:16.274+0000] {dag.py:3239} INFO - Sync 1 DAGs
[2026-07-23T06:41:16.305+0000] {logging_mixin.py:190} INFO - [2026-07-23T06:41:16.304+0000] {dag.py:4180} INFO - Setting next_dagrun for youtube_medallion_pipeline to None, run_after=None
[2026-07-23T06:41:16.339+0000] {processor.py:208} INFO - Processing /opt/airflow/dags/youtube_medallion_pipeline.py took 0.226 seconds
[2026-07-23T06:41:46.530+0000] {processor.py:186} INFO - Started process (PID=415) to work on /opt/airflow/dags/youtube_medallion_pipeline.py
[2026-07-23T06:41:46.532+0000] {processor.py:914} INFO - Processing file /opt/airflow/dags/youtube_medallion_pipeline.py for tasks to queue
[2026-07-23T06:41:46.536+0000] {logging_mixin.py:190} INFO - [2026-07-23T06:41:46.536+0000] {dagbag.py:588} INFO - Filling up the DagBag from /opt/airflow/dags/youtube_medallion_pipeline.py
[2026-07-23T06:41:46.566+0000] {processor.py:925} INFO - DAG(s) 'youtube_medallion_pipeline' retrieved from /opt/airflow/dags/youtube_medallion_pipeline.py
[2026-07-23T06:41:46.615+0000] {logging_mixin.py:190} INFO - [2026-07-23T06:41:46.614+0000] {dag.py:3239} INFO - Sync 1 DAGs
[2026-07-23T06:41:46.641+0000] {logging_mixin.py:190} INFO - [2026-07-23T06:41:46.640+0000] {dag.py:4180} INFO - Setting next_dagrun for youtube_medallion_pipeline to None, run_after=None
[2026-07-23T06:41:46.690+0000] {processor.py:208} INFO - Processing /opt/airflow/dags/youtube_medallion_pipeline.py took 0.168 seconds
[2026-07-23T06:42:16.945+0000] {processor.py:186} INFO - Started process (PID=420) to work on /opt/airflow/dags/youtube_medallion_pipeline.py
[2026-07-23T06:42:16.947+0000] {processor.py:914} INFO - Processing file /opt/airflow/dags/youtube_medallion_pipeline.py for tasks to queue
[2026-07-23T06:42:16.951+0000] {logging_mixin.py:190} INFO - [2026-07-23T06:42:16.951+0000] {dagbag.py:588} INFO - Filling up the DagBag from /opt/airflow/dags/youtube_medallion_pipeline.py
[2026-07-23T06:42:16.982+0000] {processor.py:925} INFO - DAG(s) 'youtube_medallion_pipeline' retrieved from /opt/airflow/dags/youtube_medallion_pipeline.py
[2026-07-23T06:42:17.024+0000] {logging_mixin.py:190} INFO - [2026-07-23T06:42:17.024+0000] {dag.py:3239} INFO - Sync 1 DAGs
[2026-07-23T06:42:17.045+0000] {logging_mixin.py:190} INFO - [2026-07-23T06:42:17.044+0000] {dag.py:4180} INFO - Setting next_dagrun for youtube_medallion_pipeline to None, run_after=None
[2026-07-23T06:42:17.075+0000] {processor.py:208} INFO - Processing /opt/airflow/dags/youtube_medallion_pipeline.py took 0.136 seconds
[2026-07-23T06:42:47.308+0000] {processor.py:186} INFO - Started process (PID=425) to work on /opt/airflow/dags/youtube_medallion_pipeline.py
[2026-07-23T06:42:47.311+0000] {processor.py:914} INFO - Processing file /opt/airflow/dags/youtube_medallion_pipeline.py for tasks to queue
[2026-07-23T06:42:47.315+0000] {logging_mixin.py:190} INFO - [2026-07-23T06:42:47.314+0000] {dagbag.py:588} INFO - Filling up the DagBag from /opt/airflow/dags/youtube_medallion_pipeline.py
[2026-07-23T06:42:47.373+0000] {processor.py:925} INFO - DAG(s) 'youtube_medallion_pipeline' retrieved from /opt/airflow/dags/youtube_medallion_pipeline.py
[2026-07-23T06:42:47.424+0000] {logging_mixin.py:190} INFO - [2026-07-23T06:42:47.424+0000] {dag.py:3239} INFO - Sync 1 DAGs
[2026-07-23T06:42:47.445+0000] {logging_mixin.py:190} INFO - [2026-07-23T06:42:47.445+0000] {dag.py:4180} INFO - Setting next_dagrun for youtube_medallion_pipeline to None, run_after=None
[2026-07-23T06:42:47.475+0000] {processor.py:208} INFO - Processing /opt/airflow/dags/youtube_medallion_pipeline.py took 0.173 seconds
[2026-07-23T06:43:17.709+0000] {processor.py:186} INFO - Started process (PID=430) to work on /opt/airflow/dags/youtube_medallion_pipeline.py
[2026-07-23T06:43:17.711+0000] {processor.py:914} INFO - Processing file /opt/airflow/dags/youtube_medallion_pipeline.py for tasks to queue
[2026-07-23T06:43:17.715+0000] {logging_mixin.py:190} INFO - [2026-07-23T06:43:17.714+0000] {dagbag.py:588} INFO - Filling up the DagBag from /opt/airflow/dags/youtube_medallion_pipeline.py
[2026-07-23T06:43:17.745+0000] {processor.py:925} INFO - DAG(s) 'youtube_medallion_pipeline' retrieved from /opt/airflow/dags/youtube_medallion_pipeline.py
[2026-07-23T06:43:17.788+0000] {logging_mixin.py:190} INFO - [2026-07-23T06:43:17.788+0000] {dag.py:3239} INFO - Sync 1 DAGs
[2026-07-23T06:43:17.810+0000] {logging_mixin.py:190} INFO - [2026-07-23T06:43:17.809+0000] {dag.py:4180} INFO - Setting next_dagrun for youtube_medallion_pipeline to None, run_after=None
[2026-07-23T06:43:17.837+0000] {processor.py:208} INFO - Processing /opt/airflow/dags/youtube_medallion_pipeline.py took 0.134 seconds
[2026-07-23T06:43:48.088+0000] {processor.py:186} INFO - Started process (PID=435) to work on /opt/airflow/dags/youtube_medallion_pipeline.py
[2026-07-23T06:43:48.090+0000] {processor.py:914} INFO - Processing file /opt/airflow/dags/youtube_medallion_pipeline.py for tasks to queue
[2026-07-23T06:43:48.094+0000] {logging_mixin.py:190} INFO - [2026-07-23T06:43:48.093+0000] {dagbag.py:588} INFO - Filling up the DagBag from /opt/airflow/dags/youtube_medallion_pipeline.py
[2026-07-23T06:43:48.121+0000] {processor.py:925} INFO - DAG(s) 'youtube_medallion_pipeline' retrieved from /opt/airflow/dags/youtube_medallion_pipeline.py
[2026-07-23T06:43:48.162+0000] {logging_mixin.py:190} INFO - [2026-07-23T06:43:48.162+0000] {dag.py:3239} INFO - Sync 1 DAGs
[2026-07-23T06:43:48.184+0000] {logging_mixin.py:190} INFO - [2026-07-23T06:43:48.184+0000] {dag.py:4180} INFO - Setting next_dagrun for youtube_medallion_pipeline to None, run_after=None
[2026-07-23T06:43:48.213+0000] {processor.py:208} INFO - Processing /opt/airflow/dags/youtube_medallion_pipeline.py took 0.131 seconds
[2026-07-23T06:44:18.367+0000] {processor.py:186} INFO - Started process (PID=440) to work on /opt/airflow/dags/youtube_medallion_pipeline.py
[2026-07-23T06:44:18.369+0000] {processor.py:914} INFO - Processing file /opt/airflow/dags/youtube_medallion_pipeline.py for tasks to queue
[2026-07-23T06:44:18.373+0000] {logging_mixin.py:190} INFO - [2026-07-23T06:44:18.373+0000] {dagbag.py:588} INFO - Filling up the DagBag from /opt/airflow/dags/youtube_medallion_pipeline.py
[2026-07-23T06:44:18.404+0000] {processor.py:925} INFO - DAG(s) 'youtube_medallion_pipeline' retrieved from /opt/airflow/dags/youtube_medallion_pipeline.py
[2026-07-23T06:44:18.447+0000] {logging_mixin.py:190} INFO - [2026-07-23T06:44:18.447+0000] {dag.py:3239} INFO - Sync 1 DAGs
[2026-07-23T06:44:18.469+0000] {logging_mixin.py:190} INFO - [2026-07-23T06:44:18.469+0000] {dag.py:4180} INFO - Setting next_dagrun for youtube_medallion_pipeline to None, run_after=None
[2026-07-23T06:44:18.498+0000] {processor.py:208} INFO - Processing /opt/airflow/dags/youtube_medallion_pipeline.py took 0.138 seconds
[2026-07-23T06:44:48.745+0000] {processor.py:186} INFO - Started process (PID=445) to work on /opt/airflow/dags/youtube_medallion_pipeline.py
[2026-07-23T06:44:48.748+0000] {processor.py:914} INFO - Processing file /opt/airflow/dags/youtube_medallion_pipeline.py for tasks to queue
[2026-07-23T06:44:48.751+0000] {logging_mixin.py:190} INFO - [2026-07-23T06:44:48.750+0000] {dagbag.py:588} INFO - Filling up the DagBag from /opt/airflow/dags/youtube_medallion_pipeline.py
[2026-07-23T06:44:48.779+0000] {processor.py:925} INFO - DAG(s) 'youtube_medallion_pipeline' retrieved from /opt/airflow/dags/youtube_medallion_pipeline.py
[2026-07-23T06:44:48.819+0000] {logging_mixin.py:190} INFO - [2026-07-23T06:44:48.818+0000] {dag.py:3239} INFO - Sync 1 DAGs
[2026-07-23T06:44:48.839+0000] {logging_mixin.py:190} INFO - [2026-07-23T06:44:48.839+0000] {dag.py:4180} INFO - Setting next_dagrun for youtube_medallion_pipeline to None, run_after=None
[2026-07-23T06:44:48.865+0000] {processor.py:208} INFO - Processing /opt/airflow/dags/youtube_medallion_pipeline.py took 0.126 seconds
[2026-07-23T06:45:19.106+0000] {processor.py:186} INFO - Started process (PID=450) to work on /opt/airflow/dags/youtube_medallion_pipeline.py
[2026-07-23T06:45:19.108+0000] {processor.py:914} INFO - Processing file /opt/airflow/dags/youtube_medallion_pipeline.py for tasks to queue
[2026-07-23T06:45:19.115+0000] {logging_mixin.py:190} INFO - [2026-07-23T06:45:19.114+0000] {dagbag.py:588} INFO - Filling up the DagBag from /opt/airflow/dags/youtube_medallion_pipeline.py
[2026-07-23T06:45:19.179+0000] {processor.py:925} INFO - DAG(s) 'youtube_medallion_pipeline' retrieved from /opt/airflow/dags/youtube_medallion_pipeline.py
[2026-07-23T06:45:19.261+0000] {logging_mixin.py:190} INFO - [2026-07-23T06:45:19.260+0000] {dag.py:3239} INFO - Sync 1 DAGs
[2026-07-23T06:45:19.299+0000] {logging_mixin.py:190} INFO - [2026-07-23T06:45:19.298+0000] {dag.py:4180} INFO - Setting next_dagrun for youtube_medallion_pipeline to None, run_after=None
[2026-07-23T06:45:19.359+0000] {processor.py:208} INFO - Processing /opt/airflow/dags/youtube_medallion_pipeline.py took 0.261 seconds
[2026-07-23T06:45:49.641+0000] {processor.py:186} INFO - Started process (PID=455) to work on /opt/airflow/dags/youtube_medallion_pipeline.py
[2026-07-23T06:45:49.643+0000] {processor.py:914} INFO - Processing file /opt/airflow/dags/youtube_medallion_pipeline.py for tasks to queue
[2026-07-23T06:45:49.647+0000] {logging_mixin.py:190} INFO - [2026-07-23T06:45:49.646+0000] {dagbag.py:588} INFO - Filling up the DagBag from /opt/airflow/dags/youtube_medallion_pipeline.py
[2026-07-23T06:45:49.672+0000] {processor.py:925} INFO - DAG(s) 'youtube_medallion_pipeline' retrieved from /opt/airflow/dags/youtube_medallion_pipeline.py
[2026-07-23T06:45:49.713+0000] {logging_mixin.py:190} INFO - [2026-07-23T06:45:49.712+0000] {dag.py:3239} INFO - Sync 1 DAGs
[2026-07-23T06:45:49.734+0000] {logging_mixin.py:190} INFO - [2026-07-23T06:45:49.734+0000] {dag.py:4180} INFO - Setting next_dagrun for youtube_medallion_pipeline to None, run_after=None
[2026-07-23T06:45:49.764+0000] {processor.py:208} INFO - Processing /opt/airflow/dags/youtube_medallion_pipeline.py took 0.129 seconds
[2026-07-23T06:46:19.904+0000] {processor.py:186} INFO - Started process (PID=460) to work on /opt/airflow/dags/youtube_medallion_pipeline.py
[2026-07-23T06:46:19.905+0000] {processor.py:914} INFO - Processing file /opt/airflow/dags/youtube_medallion_pipeline.py for tasks to queue
[2026-07-23T06:46:19.910+0000] {logging_mixin.py:190} INFO - [2026-07-23T06:46:19.910+0000] {dagbag.py:588} INFO - Filling up the DagBag from /opt/airflow/dags/youtube_medallion_pipeline.py
[2026-07-23T06:46:19.939+0000] {processor.py:925} INFO - DAG(s) 'youtube_medallion_pipeline' retrieved from /opt/airflow/dags/youtube_medallion_pipeline.py
[2026-07-23T06:46:19.979+0000] {logging_mixin.py:190} INFO - [2026-07-23T06:46:19.979+0000] {dag.py:3239} INFO - Sync 1 DAGs
[2026-07-23T06:46:19.999+0000] {logging_mixin.py:190} INFO - [2026-07-23T06:46:19.999+0000] {dag.py:4180} INFO - Setting next_dagrun for youtube_medallion_pipeline to None, run_after=None
[2026-07-23T06:46:20.028+0000] {processor.py:208} INFO - Processing /opt/airflow/dags/youtube_medallion_pipeline.py took 0.130 seconds
[2026-07-23T06:46:50.317+0000] {processor.py:186} INFO - Started process (PID=465) to work on /opt/airflow/dags/youtube_medallion_pipeline.py
[2026-07-23T06:46:50.319+0000] {processor.py:914} INFO - Processing file /opt/airflow/dags/youtube_medallion_pipeline.py for tasks to queue
[2026-07-23T06:46:50.324+0000] {logging_mixin.py:190} INFO - [2026-07-23T06:46:50.323+0000] {dagbag.py:588} INFO - Filling up the DagBag from /opt/airflow/dags/youtube_medallion_pipeline.py
[2026-07-23T06:46:50.356+0000] {processor.py:925} INFO - DAG(s) 'youtube_medallion_pipeline' retrieved from /opt/airflow/dags/youtube_medallion_pipeline.py
[2026-07-23T06:46:50.397+0000] {logging_mixin.py:190} INFO - [2026-07-23T06:46:50.397+0000] {dag.py:3239} INFO - Sync 1 DAGs
[2026-07-23T06:46:50.417+0000] {logging_mixin.py:190} INFO - [2026-07-23T06:46:50.417+0000] {dag.py:4180} INFO - Setting next_dagrun for youtube_medallion_pipeline to None, run_after=None
[2026-07-23T06:46:50.446+0000] {processor.py:208} INFO - Processing /opt/airflow/dags/youtube_medallion_pipeline.py took 0.136 seconds
[2026-07-23T06:47:20.644+0000] {processor.py:186} INFO - Started process (PID=470) to work on /opt/airflow/dags/youtube_medallion_pipeline.py
[2026-07-23T06:47:20.646+0000] {processor.py:914} INFO - Processing file /opt/airflow/dags/youtube_medallion_pipeline.py for tasks to queue
[2026-07-23T06:47:20.651+0000] {logging_mixin.py:190} INFO - [2026-07-23T06:47:20.650+0000] {dagbag.py:588} INFO - Filling up the DagBag from /opt/airflow/dags/youtube_medallion_pipeline.py
[2026-07-23T06:47:20.682+0000] {processor.py:925} INFO - DAG(s) 'youtube_medallion_pipeline' retrieved from /opt/airflow/dags/youtube_medallion_pipeline.py
[2026-07-23T06:47:20.732+0000] {logging_mixin.py:190} INFO - [2026-07-23T06:47:20.732+0000] {dag.py:3239} INFO - Sync 1 DAGs
[2026-07-23T06:47:20.756+0000] {logging_mixin.py:190} INFO - [2026-07-23T06:47:20.756+0000] {dag.py:4180} INFO - Setting next_dagrun for youtube_medallion_pipeline to None, run_after=None
[2026-07-23T06:47:20.785+0000] {processor.py:208} INFO - Processing /opt/airflow/dags/youtube_medallion_pipeline.py took 0.149 seconds
[2026-07-23T06:47:51.051+0000] {processor.py:186} INFO - Started process (PID=475) to work on /opt/airflow/dags/youtube_medallion_pipeline.py
[2026-07-23T06:47:51.054+0000] {processor.py:914} INFO - Processing file /opt/airflow/dags/youtube_medallion_pipeline.py for tasks to queue
[2026-07-23T06:47:51.058+0000] {logging_mixin.py:190} INFO - [2026-07-23T06:47:51.058+0000] {dagbag.py:588} INFO - Filling up the DagBag from /opt/airflow/dags/youtube_medallion_pipeline.py
[2026-07-23T06:47:51.087+0000] {processor.py:925} INFO - DAG(s) 'youtube_medallion_pipeline' retrieved from /opt/airflow/dags/youtube_medallion_pipeline.py
[2026-07-23T06:47:51.131+0000] {logging_mixin.py:190} INFO - [2026-07-23T06:47:51.130+0000] {dag.py:3239} INFO - Sync 1 DAGs
[2026-07-23T06:47:51.151+0000] {logging_mixin.py:190} INFO - [2026-07-23T06:47:51.151+0000] {dag.py:4180} INFO - Setting next_dagrun for youtube_medallion_pipeline to None, run_after=None
[2026-07-23T06:47:51.182+0000] {processor.py:208} INFO - Processing /opt/airflow/dags/youtube_medallion_pipeline.py took 0.139 seconds
[2026-07-23T06:48:21.350+0000] {processor.py:186} INFO - Started process (PID=480) to work on /opt/airflow/dags/youtube_medallion_pipeline.py
[2026-07-23T06:48:21.352+0000] {processor.py:914} INFO - Processing file /opt/airflow/dags/youtube_medallion_pipeline.py for tasks to queue
[2026-07-23T06:48:21.355+0000] {logging_mixin.py:190} INFO - [2026-07-23T06:48:21.355+0000] {dagbag.py:588} INFO - Filling up the DagBag from /opt/airflow/dags/youtube_medallion_pipeline.py
[2026-07-23T06:48:21.385+0000] {processor.py:925} INFO - DAG(s) 'youtube_medallion_pipeline' retrieved from /opt/airflow/dags/youtube_medallion_pipeline.py
[2026-07-23T06:48:21.427+0000] {logging_mixin.py:190} INFO - [2026-07-23T06:48:21.427+0000] {dag.py:3239} INFO - Sync 1 DAGs
[2026-07-23T06:48:21.448+0000] {logging_mixin.py:190} INFO - [2026-07-23T06:48:21.448+0000] {dag.py:4180} INFO - Setting next_dagrun for youtube_medallion_pipeline to None, run_after=None
[2026-07-23T06:48:21.493+0000] {processor.py:208} INFO - Processing /opt/airflow/dags/youtube_medallion_pipeline.py took 0.150 seconds
[2026-07-23T06:48:51.777+0000] {processor.py:186} INFO - Started process (PID=485) to work on /opt/airflow/dags/youtube_medallion_pipeline.py
[2026-07-23T06:48:51.779+0000] {processor.py:914} INFO - Processing file /opt/airflow/dags/youtube_medallion_pipeline.py for tasks to queue
[2026-07-23T06:48:51.784+0000] {logging_mixin.py:190} INFO - [2026-07-23T06:48:51.783+0000] {dagbag.py:588} INFO - Filling up the DagBag from /opt/airflow/dags/youtube_medallion_pipeline.py
[2026-07-23T06:48:51.818+0000] {processor.py:925} INFO - DAG(s) 'youtube_medallion_pipeline' retrieved from /opt/airflow/dags/youtube_medallion_pipeline.py
[2026-07-23T06:48:51.865+0000] {logging_mixin.py:190} INFO - [2026-07-23T06:48:51.865+0000] {dag.py:3239} INFO - Sync 1 DAGs
[2026-07-23T06:48:51.889+0000] {logging_mixin.py:190} INFO - [2026-07-23T06:48:51.889+0000] {dag.py:4180} INFO - Setting next_dagrun for youtube_medallion_pipeline to None, run_after=None
[2026-07-23T06:48:51.921+0000] {processor.py:208} INFO - Processing /opt/airflow/dags/youtube_medallion_pipeline.py took 0.152 seconds
[2026-07-23T06:49:22.075+0000] {processor.py:186} INFO - Started process (PID=490) to work on /opt/airflow/dags/youtube_medallion_pipeline.py
[2026-07-23T06:49:22.077+0000] {processor.py:914} INFO - Processing file /opt/airflow/dags/youtube_medallion_pipeline.py for tasks to queue
[2026-07-23T06:49:22.080+0000] {logging_mixin.py:190} INFO - [2026-07-23T06:49:22.080+0000] {dagbag.py:588} INFO - Filling up the DagBag from /opt/airflow/dags/youtube_medallion_pipeline.py
[2026-07-23T06:49:22.108+0000] {processor.py:925} INFO - DAG(s) 'youtube_medallion_pipeline' retrieved from /opt/airflow/dags/youtube_medallion_pipeline.py
[2026-07-23T06:49:22.148+0000] {logging_mixin.py:190} INFO - [2026-07-23T06:49:22.147+0000] {dag.py:3239} INFO - Sync 1 DAGs
[2026-07-23T06:49:22.169+0000] {logging_mixin.py:190} INFO - [2026-07-23T06:49:22.168+0000] {dag.py:4180} INFO - Setting next_dagrun for youtube_medallion_pipeline to None, run_after=None
[2026-07-23T06:49:22.204+0000] {processor.py:208} INFO - Processing /opt/airflow/dags/youtube_medallion_pipeline.py took 0.136 seconds
[2026-07-23T06:49:52.515+0000] {processor.py:186} INFO - Started process (PID=495) to work on /opt/airflow/dags/youtube_medallion_pipeline.py
[2026-07-23T06:49:52.517+0000] {processor.py:914} INFO - Processing file /opt/airflow/dags/youtube_medallion_pipeline.py for tasks to queue
[2026-07-23T06:49:52.522+0000] {logging_mixin.py:190} INFO - [2026-07-23T06:49:52.521+0000] {dagbag.py:588} INFO - Filling up the DagBag from /opt/airflow/dags/youtube_medallion_pipeline.py
[2026-07-23T06:49:52.548+0000] {processor.py:925} INFO - DAG(s) 'youtube_medallion_pipeline' retrieved from /opt/airflow/dags/youtube_medallion_pipeline.py
[2026-07-23T06:49:52.586+0000] {logging_mixin.py:190} INFO - [2026-07-23T06:49:52.586+0000] {dag.py:3239} INFO - Sync 1 DAGs
[2026-07-23T06:49:52.607+0000] {logging_mixin.py:190} INFO - [2026-07-23T06:49:52.607+0000] {dag.py:4180} INFO - Setting next_dagrun for youtube_medallion_pipeline to None, run_after=None
[2026-07-23T06:49:52.634+0000] {processor.py:208} INFO - Processing /opt/airflow/dags/youtube_medallion_pipeline.py took 0.125 seconds
[2026-07-23T06:50:22.845+0000] {processor.py:186} INFO - Started process (PID=500) to work on /opt/airflow/dags/youtube_medallion_pipeline.py
[2026-07-23T06:50:22.847+0000] {processor.py:914} INFO - Processing file /opt/airflow/dags/youtube_medallion_pipeline.py for tasks to queue
[2026-07-23T06:50:22.852+0000] {logging_mixin.py:190} INFO - [2026-07-23T06:50:22.851+0000] {dagbag.py:588} INFO - Filling up the DagBag from /opt/airflow/dags/youtube_medallion_pipeline.py
[2026-07-23T06:50:22.881+0000] {processor.py:925} INFO - DAG(s) 'youtube_medallion_pipeline' retrieved from /opt/airflow/dags/youtube_medallion_pipeline.py
[2026-07-23T06:50:22.920+0000] {logging_mixin.py:190} INFO - [2026-07-23T06:50:22.920+0000] {dag.py:3239} INFO - Sync 1 DAGs
[2026-07-23T06:50:22.940+0000] {logging_mixin.py:190} INFO - [2026-07-23T06:50:22.940+0000] {dag.py:4180} INFO - Setting next_dagrun for youtube_medallion_pipeline to None, run_after=None
[2026-07-23T06:50:22.969+0000] {processor.py:208} INFO - Processing /opt/airflow/dags/youtube_medallion_pipeline.py took 0.130 seconds
[2026-07-23T06:50:53.190+0000] {processor.py:186} INFO - Started process (PID=505) to work on /opt/airflow/dags/youtube_medallion_pipeline.py
[2026-07-23T06:50:53.192+0000] {processor.py:914} INFO - Processing file /opt/airflow/dags/youtube_medallion_pipeline.py for tasks to queue
[2026-07-23T06:50:53.195+0000] {logging_mixin.py:190} INFO - [2026-07-23T06:50:53.195+0000] {dagbag.py:588} INFO - Filling up the DagBag from /opt/airflow/dags/youtube_medallion_pipeline.py
[2026-07-23T06:50:53.224+0000] {processor.py:925} INFO - DAG(s) 'youtube_medallion_pipeline' retrieved from /opt/airflow/dags/youtube_medallion_pipeline.py
[2026-07-23T06:50:53.264+0000] {logging_mixin.py:190} INFO - [2026-07-23T06:50:53.264+0000] {dag.py:3239} INFO - Sync 1 DAGs
[2026-07-23T06:50:53.285+0000] {logging_mixin.py:190} INFO - [2026-07-23T06:50:53.284+0000] {dag.py:4180} INFO - Setting next_dagrun for youtube_medallion_pipeline to None, run_after=None
[2026-07-23T06:50:53.311+0000] {processor.py:208} INFO - Processing /opt/airflow/dags/youtube_medallion_pipeline.py took 0.127 seconds
[2026-07-23T06:51:23.526+0000] {processor.py:186} INFO - Started process (PID=510) to work on /opt/airflow/dags/youtube_medallion_pipeline.py
[2026-07-23T06:51:23.528+0000] {processor.py:914} INFO - Processing file /opt/airflow/dags/youtube_medallion_pipeline.py for tasks to queue
[2026-07-23T06:51:23.531+0000] {logging_mixin.py:190} INFO - [2026-07-23T06:51:23.531+0000] {dagbag.py:588} INFO - Filling up the DagBag from /opt/airflow/dags/youtube_medallion_pipeline.py
[2026-07-23T06:51:23.560+0000] {processor.py:925} INFO - DAG(s) 'youtube_medallion_pipeline' retrieved from /opt/airflow/dags/youtube_medallion_pipeline.py
[2026-07-23T06:51:23.598+0000] {logging_mixin.py:190} INFO - [2026-07-23T06:51:23.598+0000] {dag.py:3239} INFO - Sync 1 DAGs
[2026-07-23T06:51:23.617+0000] {logging_mixin.py:190} INFO - [2026-07-23T06:51:23.617+0000] {dag.py:4180} INFO - Setting next_dagrun for youtube_medallion_pipeline to None, run_after=None
[2026-07-23T06:51:23.644+0000] {processor.py:208} INFO - Processing /opt/airflow/dags/youtube_medallion_pipeline.py took 0.125 seconds
[2026-07-23T06:51:53.897+0000] {processor.py:186} INFO - Started process (PID=515) to work on /opt/airflow/dags/youtube_medallion_pipeline.py
[2026-07-23T06:51:53.899+0000] {processor.py:914} INFO - Processing file /opt/airflow/dags/youtube_medallion_pipeline.py for tasks to queue
[2026-07-23T06:51:53.903+0000] {logging_mixin.py:190} INFO - [2026-07-23T06:51:53.903+0000] {dagbag.py:588} INFO - Filling up the DagBag from /opt/airflow/dags/youtube_medallion_pipeline.py
[2026-07-23T06:51:53.931+0000] {processor.py:925} INFO - DAG(s) 'youtube_medallion_pipeline' retrieved from /opt/airflow/dags/youtube_medallion_pipeline.py
[2026-07-23T06:51:53.972+0000] {logging_mixin.py:190} INFO - [2026-07-23T06:51:53.972+0000] {dag.py:3239} INFO - Sync 1 DAGs
[2026-07-23T06:51:53.992+0000] {logging_mixin.py:190} INFO - [2026-07-23T06:51:53.992+0000] {dag.py:4180} INFO - Setting next_dagrun for youtube_medallion_pipeline to None, run_after=None
[2026-07-23T06:51:54.024+0000] {processor.py:208} INFO - Processing /opt/airflow/dags/youtube_medallion_pipeline.py took 0.133 seconds
[2026-07-23T06:52:24.200+0000] {processor.py:186} INFO - Started process (PID=520) to work on /opt/airflow/dags/youtube_medallion_pipeline.py
[2026-07-23T06:52:24.203+0000] {processor.py:914} INFO - Processing file /opt/airflow/dags/youtube_medallion_pipeline.py for tasks to queue
[2026-07-23T06:52:24.207+0000] {logging_mixin.py:190} INFO - [2026-07-23T06:52:24.206+0000] {dagbag.py:588} INFO - Filling up the DagBag from /opt/airflow/dags/youtube_medallion_pipeline.py
[2026-07-23T06:52:24.234+0000] {processor.py:925} INFO - DAG(s) 'youtube_medallion_pipeline' retrieved from /opt/airflow/dags/youtube_medallion_pipeline.py
[2026-07-23T06:52:24.277+0000] {logging_mixin.py:190} INFO - [2026-07-23T06:52:24.276+0000] {dag.py:3239} INFO - Sync 1 DAGs
[2026-07-23T06:52:24.297+0000] {logging_mixin.py:190} INFO - [2026-07-23T06:52:24.297+0000] {dag.py:4180} INFO - Setting next_dagrun for youtube_medallion_pipeline to None, run_after=None
[2026-07-23T06:52:24.328+0000] {processor.py:208} INFO - Processing /opt/airflow/dags/youtube_medallion_pipeline.py took 0.134 seconds
[2026-07-23T06:52:54.588+0000] {processor.py:186} INFO - Started process (PID=525) to work on /opt/airflow/dags/youtube_medallion_pipeline.py
[2026-07-23T06:52:54.589+0000] {processor.py:914} INFO - Processing file /opt/airflow/dags/youtube_medallion_pipeline.py for tasks to queue
[2026-07-23T06:52:54.593+0000] {logging_mixin.py:190} INFO - [2026-07-23T06:52:54.593+0000] {dagbag.py:588} INFO - Filling up the DagBag from /opt/airflow/dags/youtube_medallion_pipeline.py
[2026-07-23T06:52:54.621+0000] {processor.py:925} INFO - DAG(s) 'youtube_medallion_pipeline' retrieved from /opt/airflow/dags/youtube_medallion_pipeline.py
[2026-07-23T06:52:54.664+0000] {logging_mixin.py:190} INFO - [2026-07-23T06:52:54.664+0000] {dag.py:3239} INFO - Sync 1 DAGs
[2026-07-23T06:52:54.689+0000] {logging_mixin.py:190} INFO - [2026-07-23T06:52:54.689+0000] {dag.py:4180} INFO - Setting next_dagrun for youtube_medallion_pipeline to None, run_after=None
[2026-07-23T06:52:54.736+0000] {processor.py:208} INFO - Processing /opt/airflow/dags/youtube_medallion_pipeline.py took 0.154 seconds
[2026-07-23T06:53:24.892+0000] {processor.py:186} INFO - Started process (PID=530) to work on /opt/airflow/dags/youtube_medallion_pipeline.py
[2026-07-23T06:53:24.894+0000] {processor.py:914} INFO - Processing file /opt/airflow/dags/youtube_medallion_pipeline.py for tasks to queue
[2026-07-23T06:53:24.898+0000] {logging_mixin.py:190} INFO - [2026-07-23T06:53:24.897+0000] {dagbag.py:588} INFO - Filling up the DagBag from /opt/airflow/dags/youtube_medallion_pipeline.py
[2026-07-23T06:53:24.926+0000] {processor.py:925} INFO - DAG(s) 'youtube_medallion_pipeline' retrieved from /opt/airflow/dags/youtube_medallion_pipeline.py
[2026-07-23T06:53:24.967+0000] {logging_mixin.py:190} INFO - [2026-07-23T06:53:24.966+0000] {dag.py:3239} INFO - Sync 1 DAGs
[2026-07-23T06:53:24.986+0000] {logging_mixin.py:190} INFO - [2026-07-23T06:53:24.986+0000] {dag.py:4180} INFO - Setting next_dagrun for youtube_medallion_pipeline to None, run_after=None
[2026-07-23T06:53:25.013+0000] {processor.py:208} INFO - Processing /opt/airflow/dags/youtube_medallion_pipeline.py took 0.128 seconds
[2026-07-23T06:53:55.259+0000] {processor.py:186} INFO - Started process (PID=535) to work on /opt/airflow/dags/youtube_medallion_pipeline.py
[2026-07-23T06:53:55.261+0000] {processor.py:914} INFO - Processing file /opt/airflow/dags/youtube_medallion_pipeline.py for tasks to queue
[2026-07-23T06:53:55.264+0000] {logging_mixin.py:190} INFO - [2026-07-23T06:53:55.264+0000] {dagbag.py:588} INFO - Filling up the DagBag from /opt/airflow/dags/youtube_medallion_pipeline.py
[2026-07-23T06:53:55.291+0000] {processor.py:925} INFO - DAG(s) 'youtube_medallion_pipeline' retrieved from /opt/airflow/dags/youtube_medallion_pipeline.py
[2026-07-23T06:53:55.330+0000] {logging_mixin.py:190} INFO - [2026-07-23T06:53:55.330+0000] {dag.py:3239} INFO - Sync 1 DAGs
[2026-07-23T06:53:55.349+0000] {logging_mixin.py:190} INFO - [2026-07-23T06:53:55.349+0000] {dag.py:4180} INFO - Setting next_dagrun for youtube_medallion_pipeline to None, run_after=None
[2026-07-23T06:53:55.376+0000] {processor.py:208} INFO - Processing /opt/airflow/dags/youtube_medallion_pipeline.py took 0.123 seconds
[2026-07-23T06:54:25.597+0000] {processor.py:186} INFO - Started process (PID=540) to work on /opt/airflow/dags/youtube_medallion_pipeline.py
[2026-07-23T06:54:25.599+0000] {processor.py:914} INFO - Processing file /opt/airflow/dags/youtube_medallion_pipeline.py for tasks to queue
[2026-07-23T06:54:25.604+0000] {logging_mixin.py:190} INFO - [2026-07-23T06:54:25.603+0000] {dagbag.py:588} INFO - Filling up the DagBag from /opt/airflow/dags/youtube_medallion_pipeline.py
[2026-07-23T06:54:25.656+0000] {processor.py:925} INFO - DAG(s) 'youtube_medallion_pipeline' retrieved from /opt/airflow/dags/youtube_medallion_pipeline.py
[2026-07-23T06:54:25.727+0000] {logging_mixin.py:190} INFO - [2026-07-23T06:54:25.727+0000] {dag.py:3239} INFO - Sync 1 DAGs
[2026-07-23T06:54:25.754+0000] {logging_mixin.py:190} INFO - [2026-07-23T06:54:25.754+0000] {dag.py:4180} INFO - Setting next_dagrun for youtube_medallion_pipeline to None, run_after=None
[2026-07-23T06:54:25.782+0000] {processor.py:208} INFO - Processing /opt/airflow/dags/youtube_medallion_pipeline.py took 0.193 seconds
[2026-07-23T06:54:55.948+0000] {processor.py:186} INFO - Started process (PID=545) to work on /opt/airflow/dags/youtube_medallion_pipeline.py
[2026-07-23T06:54:55.951+0000] {processor.py:914} INFO - Processing file /opt/airflow/dags/youtube_medallion_pipeline.py for tasks to queue
[2026-07-23T06:54:55.955+0000] {logging_mixin.py:190} INFO - [2026-07-23T06:54:55.955+0000] {dagbag.py:588} INFO - Filling up the DagBag from /opt/airflow/dags/youtube_medallion_pipeline.py
[2026-07-23T06:54:55.994+0000] {processor.py:925} INFO - DAG(s) 'youtube_medallion_pipeline' retrieved from /opt/airflow/dags/youtube_medallion_pipeline.py
[2026-07-23T06:54:56.037+0000] {logging_mixin.py:190} INFO - [2026-07-23T06:54:56.037+0000] {dag.py:3239} INFO - Sync 1 DAGs
[2026-07-23T06:54:56.056+0000] {logging_mixin.py:190} INFO - [2026-07-23T06:54:56.056+0000] {dag.py:4180} INFO - Setting next_dagrun for youtube_medallion_pipeline to None, run_after=None
[2026-07-23T06:54:56.088+0000] {processor.py:208} INFO - Processing /opt/airflow/dags/youtube_medallion_pipeline.py took 0.149 seconds
[2026-07-23T06:55:26.432+0000] {processor.py:186} INFO - Started process (PID=550) to work on /opt/airflow/dags/youtube_medallion_pipeline.py
[2026-07-23T06:55:26.435+0000] {processor.py:914} INFO - Processing file /opt/airflow/dags/youtube_medallion_pipeline.py for tasks to queue
[2026-07-23T06:55:26.440+0000] {logging_mixin.py:190} INFO - [2026-07-23T06:55:26.439+0000] {dagbag.py:588} INFO - Filling up the DagBag from /opt/airflow/dags/youtube_medallion_pipeline.py
[2026-07-23T06:55:26.482+0000] {processor.py:925} INFO - DAG(s) 'youtube_medallion_pipeline' retrieved from /opt/airflow/dags/youtube_medallion_pipeline.py
[2026-07-23T06:55:26.533+0000] {logging_mixin.py:190} INFO - [2026-07-23T06:55:26.533+0000] {dag.py:3239} INFO - Sync 1 DAGs
[2026-07-23T06:55:26.554+0000] {logging_mixin.py:190} INFO - [2026-07-23T06:55:26.554+0000] {dag.py:4180} INFO - Setting next_dagrun for youtube_medallion_pipeline to None, run_after=None
[2026-07-23T06:55:26.583+0000] {processor.py:208} INFO - Processing /opt/airflow/dags/youtube_medallion_pipeline.py took 0.160 seconds
[2026-07-23T06:55:56.703+0000] {processor.py:186} INFO - Started process (PID=555) to work on /opt/airflow/dags/youtube_medallion_pipeline.py
[2026-07-23T06:55:56.706+0000] {processor.py:914} INFO - Processing file /opt/airflow/dags/youtube_medallion_pipeline.py for tasks to queue
[2026-07-23T06:55:56.710+0000] {logging_mixin.py:190} INFO - [2026-07-23T06:55:56.709+0000] {dagbag.py:588} INFO - Filling up the DagBag from /opt/airflow/dags/youtube_medallion_pipeline.py
[2026-07-23T06:55:56.738+0000] {processor.py:925} INFO - DAG(s) 'youtube_medallion_pipeline' retrieved from /opt/airflow/dags/youtube_medallion_pipeline.py
[2026-07-23T06:55:56.816+0000] {logging_mixin.py:190} INFO - [2026-07-23T06:55:56.815+0000] {dag.py:3239} INFO - Sync 1 DAGs
[2026-07-23T06:55:56.851+0000] {logging_mixin.py:190} INFO - [2026-07-23T06:55:56.850+0000] {dag.py:4180} INFO - Setting next_dagrun for youtube_medallion_pipeline to None, run_after=None
[2026-07-23T06:55:56.881+0000] {processor.py:208} INFO - Processing /opt/airflow/dags/youtube_medallion_pipeline.py took 0.184 seconds
[2026-07-23T06:56:27.141+0000] {processor.py:186} INFO - Started process (PID=560) to work on /opt/airflow/dags/youtube_medallion_pipeline.py
[2026-07-23T06:56:27.143+0000] {processor.py:914} INFO - Processing file /opt/airflow/dags/youtube_medallion_pipeline.py for tasks to queue
[2026-07-23T06:56:27.147+0000] {logging_mixin.py:190} INFO - [2026-07-23T06:56:27.146+0000] {dagbag.py:588} INFO - Filling up the DagBag from /opt/airflow/dags/youtube_medallion_pipeline.py
[2026-07-23T06:56:27.174+0000] {processor.py:925} INFO - DAG(s) 'youtube_medallion_pipeline' retrieved from /opt/airflow/dags/youtube_medallion_pipeline.py
[2026-07-23T06:56:27.217+0000] {logging_mixin.py:190} INFO - [2026-07-23T06:56:27.216+0000] {dag.py:3239} INFO - Sync 1 DAGs
[2026-07-23T06:56:27.239+0000] {logging_mixin.py:190} INFO - [2026-07-23T06:56:27.239+0000] {dag.py:4180} INFO - Setting next_dagrun for youtube_medallion_pipeline to None, run_after=None
[2026-07-23T06:56:27.268+0000] {processor.py:208} INFO - Processing /opt/airflow/dags/youtube_medallion_pipeline.py took 0.133 seconds
[2026-07-23T06:56:57.477+0000] {processor.py:186} INFO - Started process (PID=565) to work on /opt/airflow/dags/youtube_medallion_pipeline.py
[2026-07-23T06:56:57.479+0000] {processor.py:914} INFO - Processing file /opt/airflow/dags/youtube_medallion_pipeline.py for tasks to queue
[2026-07-23T06:56:57.484+0000] {logging_mixin.py:190} INFO - [2026-07-23T06:56:57.484+0000] {dagbag.py:588} INFO - Filling up the DagBag from /opt/airflow/dags/youtube_medallion_pipeline.py
[2026-07-23T06:56:57.517+0000] {processor.py:925} INFO - DAG(s) 'youtube_medallion_pipeline' retrieved from /opt/airflow/dags/youtube_medallion_pipeline.py
[2026-07-23T06:56:57.564+0000] {logging_mixin.py:190} INFO - [2026-07-23T06:56:57.564+0000] {dag.py:3239} INFO - Sync 1 DAGs
[2026-07-23T06:56:57.587+0000] {logging_mixin.py:190} INFO - [2026-07-23T06:56:57.587+0000] {dag.py:4180} INFO - Setting next_dagrun for youtube_medallion_pipeline to None, run_after=None
[2026-07-23T06:56:57.617+0000] {processor.py:208} INFO - Processing /opt/airflow/dags/youtube_medallion_pipeline.py took 0.147 seconds
[2026-07-23T06:57:27.859+0000] {processor.py:186} INFO - Started process (PID=570) to work on /opt/airflow/dags/youtube_medallion_pipeline.py
[2026-07-23T06:57:27.861+0000] {processor.py:914} INFO - Processing file /opt/airflow/dags/youtube_medallion_pipeline.py for tasks to queue
[2026-07-23T06:57:27.867+0000] {logging_mixin.py:190} INFO - [2026-07-23T06:57:27.866+0000] {dagbag.py:588} INFO - Filling up the DagBag from /opt/airflow/dags/youtube_medallion_pipeline.py
[2026-07-23T06:57:27.919+0000] {processor.py:925} INFO - DAG(s) 'youtube_medallion_pipeline' retrieved from /opt/airflow/dags/youtube_medallion_pipeline.py
[2026-07-23T06:57:27.966+0000] {logging_mixin.py:190} INFO - [2026-07-23T06:57:27.966+0000] {dag.py:3239} INFO - Sync 1 DAGs
[2026-07-23T06:57:27.990+0000] {logging_mixin.py:190} INFO - [2026-07-23T06:57:27.989+0000] {dag.py:4180} INFO - Setting next_dagrun for youtube_medallion_pipeline to None, run_after=None
[2026-07-23T06:57:28.023+0000] {processor.py:208} INFO - Processing /opt/airflow/dags/youtube_medallion_pipeline.py took 0.173 seconds
[2026-07-23T06:57:58.230+0000] {processor.py:186} INFO - Started process (PID=575) to work on /opt/airflow/dags/youtube_medallion_pipeline.py
[2026-07-23T06:57:58.232+0000] {processor.py:914} INFO - Processing file /opt/airflow/dags/youtube_medallion_pipeline.py for tasks to queue
[2026-07-23T06:57:58.237+0000] {logging_mixin.py:190} INFO - [2026-07-23T06:57:58.236+0000] {dagbag.py:588} INFO - Filling up the DagBag from /opt/airflow/dags/youtube_medallion_pipeline.py
[2026-07-23T06:57:58.270+0000] {processor.py:925} INFO - DAG(s) 'youtube_medallion_pipeline' retrieved from /opt/airflow/dags/youtube_medallion_pipeline.py
[2026-07-23T06:57:58.320+0000] {logging_mixin.py:190} INFO - [2026-07-23T06:57:58.320+0000] {dag.py:3239} INFO - Sync 1 DAGs
[2026-07-23T06:57:58.343+0000] {logging_mixin.py:190} INFO - [2026-07-23T06:57:58.342+0000] {dag.py:4180} INFO - Setting next_dagrun for youtube_medallion_pipeline to None, run_after=None
[2026-07-23T06:57:58.377+0000] {processor.py:208} INFO - Processing /opt/airflow/dags/youtube_medallion_pipeline.py took 0.155 seconds
[2026-07-23T06:58:28.611+0000] {processor.py:186} INFO - Started process (PID=580) to work on /opt/airflow/dags/youtube_medallion_pipeline.py
[2026-07-23T06:58:28.614+0000] {processor.py:914} INFO - Processing file /opt/airflow/dags/youtube_medallion_pipeline.py for tasks to queue
[2026-07-23T06:58:28.619+0000] {logging_mixin.py:190} INFO - [2026-07-23T06:58:28.619+0000] {dagbag.py:588} INFO - Filling up the DagBag from /opt/airflow/dags/youtube_medallion_pipeline.py
[2026-07-23T06:58:28.651+0000] {processor.py:925} INFO - DAG(s) 'youtube_medallion_pipeline' retrieved from /opt/airflow/dags/youtube_medallion_pipeline.py
[2026-07-23T06:58:28.697+0000] {logging_mixin.py:190} INFO - [2026-07-23T06:58:28.697+0000] {dag.py:3239} INFO - Sync 1 DAGs
[2026-07-23T06:58:28.720+0000] {logging_mixin.py:190} INFO - [2026-07-23T06:58:28.720+0000] {dag.py:4180} INFO - Setting next_dagrun for youtube_medallion_pipeline to None, run_after=None
[2026-07-23T06:58:28.747+0000] {processor.py:208} INFO - Processing /opt/airflow/dags/youtube_medallion_pipeline.py took 0.144 seconds
[2026-07-23T06:58:58.918+0000] {processor.py:186} INFO - Started process (PID=585) to work on /opt/airflow/dags/youtube_medallion_pipeline.py
[2026-07-23T06:58:58.920+0000] {processor.py:914} INFO - Processing file /opt/airflow/dags/youtube_medallion_pipeline.py for tasks to queue
[2026-07-23T06:58:58.924+0000] {logging_mixin.py:190} INFO - [2026-07-23T06:58:58.924+0000] {dagbag.py:588} INFO - Filling up the DagBag from /opt/airflow/dags/youtube_medallion_pipeline.py
[2026-07-23T06:58:58.953+0000] {processor.py:925} INFO - DAG(s) 'youtube_medallion_pipeline' retrieved from /opt/airflow/dags/youtube_medallion_pipeline.py
[2026-07-23T06:58:58.997+0000] {logging_mixin.py:190} INFO - [2026-07-23T06:58:58.997+0000] {dag.py:3239} INFO - Sync 1 DAGs
[2026-07-23T06:58:59.018+0000] {logging_mixin.py:190} INFO - [2026-07-23T06:58:59.018+0000] {dag.py:4180} INFO - Setting next_dagrun for youtube_medallion_pipeline to None, run_after=None
[2026-07-23T06:58:59.050+0000] {processor.py:208} INFO - Processing /opt/airflow/dags/youtube_medallion_pipeline.py took 0.138 seconds
[2026-07-23T06:59:29.324+0000] {processor.py:186} INFO - Started process (PID=590) to work on /opt/airflow/dags/youtube_medallion_pipeline.py
[2026-07-23T06:59:29.327+0000] {processor.py:914} INFO - Processing file /opt/airflow/dags/youtube_medallion_pipeline.py for tasks to queue
[2026-07-23T06:59:29.331+0000] {logging_mixin.py:190} INFO - [2026-07-23T06:59:29.330+0000] {dagbag.py:588} INFO - Filling up the DagBag from /opt/airflow/dags/youtube_medallion_pipeline.py
[2026-07-23T06:59:29.358+0000] {processor.py:925} INFO - DAG(s) 'youtube_medallion_pipeline' retrieved from /opt/airflow/dags/youtube_medallion_pipeline.py
[2026-07-23T06:59:29.397+0000] {logging_mixin.py:190} INFO - [2026-07-23T06:59:29.397+0000] {dag.py:3239} INFO - Sync 1 DAGs
[2026-07-23T06:59:29.420+0000] {logging_mixin.py:190} INFO - [2026-07-23T06:59:29.420+0000] {dag.py:4180} INFO - Setting next_dagrun for youtube_medallion_pipeline to None, run_after=None
[2026-07-23T06:59:29.454+0000] {processor.py:208} INFO - Processing /opt/airflow/dags/youtube_medallion_pipeline.py took 0.137 seconds
[2026-07-23T06:59:59.587+0000] {processor.py:186} INFO - Started process (PID=595) to work on /opt/airflow/dags/youtube_medallion_pipeline.py
[2026-07-23T06:59:59.589+0000] {processor.py:914} INFO - Processing file /opt/airflow/dags/youtube_medallion_pipeline.py for tasks to queue
[2026-07-23T06:59:59.593+0000] {logging_mixin.py:190} INFO - [2026-07-23T06:59:59.592+0000] {dagbag.py:588} INFO - Filling up the DagBag from /opt/airflow/dags/youtube_medallion_pipeline.py
[2026-07-23T06:59:59.622+0000] {processor.py:925} INFO - DAG(s) 'youtube_medallion_pipeline' retrieved from /opt/airflow/dags/youtube_medallion_pipeline.py
[2026-07-23T06:59:59.665+0000] {logging_mixin.py:190} INFO - [2026-07-23T06:59:59.665+0000] {dag.py:3239} INFO - Sync 1 DAGs
[2026-07-23T06:59:59.687+0000] {logging_mixin.py:190} INFO - [2026-07-23T06:59:59.687+0000] {dag.py:4180} INFO - Setting next_dagrun for youtube_medallion_pipeline to None, run_after=None
[2026-07-23T06:59:59.715+0000] {processor.py:208} INFO - Processing /opt/airflow/dags/youtube_medallion_pipeline.py took 0.133 seconds
[2026-07-23T07:00:30.096+0000] {processor.py:186} INFO - Started process (PID=600) to work on /opt/airflow/dags/youtube_medallion_pipeline.py
[2026-07-23T07:00:30.102+0000] {processor.py:914} INFO - Processing file /opt/airflow/dags/youtube_medallion_pipeline.py for tasks to queue
[2026-07-23T07:00:30.131+0000] {logging_mixin.py:190} INFO - [2026-07-23T07:00:30.124+0000] {dagbag.py:588} INFO - Filling up the DagBag from /opt/airflow/dags/youtube_medallion_pipeline.py
[2026-07-23T07:00:30.177+0000] {processor.py:925} INFO - DAG(s) 'youtube_medallion_pipeline' retrieved from /opt/airflow/dags/youtube_medallion_pipeline.py
[2026-07-23T07:00:30.218+0000] {logging_mixin.py:190} INFO - [2026-07-23T07:00:30.218+0000] {dag.py:3239} INFO - Sync 1 DAGs
[2026-07-23T07:00:30.239+0000] {logging_mixin.py:190} INFO - [2026-07-23T07:00:30.239+0000] {dag.py:4180} INFO - Setting next_dagrun for youtube_medallion_pipeline to None, run_after=None
[2026-07-23T07:00:30.267+0000] {processor.py:208} INFO - Processing /opt/airflow/dags/youtube_medallion_pipeline.py took 0.189 seconds
[2026-07-23T07:01:00.349+0000] {processor.py:186} INFO - Started process (PID=605) to work on /opt/airflow/dags/youtube_medallion_pipeline.py
[2026-07-23T07:01:00.351+0000] {processor.py:914} INFO - Processing file /opt/airflow/dags/youtube_medallion_pipeline.py for tasks to queue
[2026-07-23T07:01:00.355+0000] {logging_mixin.py:190} INFO - [2026-07-23T07:01:00.354+0000] {dagbag.py:588} INFO - Filling up the DagBag from /opt/airflow/dags/youtube_medallion_pipeline.py
[2026-07-23T07:01:00.384+0000] {processor.py:925} INFO - DAG(s) 'youtube_medallion_pipeline' retrieved from /opt/airflow/dags/youtube_medallion_pipeline.py
[2026-07-23T07:01:00.425+0000] {logging_mixin.py:190} INFO - [2026-07-23T07:01:00.425+0000] {dag.py:3239} INFO - Sync 1 DAGs
[2026-07-23T07:01:00.447+0000] {logging_mixin.py:190} INFO - [2026-07-23T07:01:00.446+0000] {dag.py:4180} INFO - Setting next_dagrun for youtube_medallion_pipeline to None, run_after=None
[2026-07-23T07:01:00.477+0000] {processor.py:208} INFO - Processing /opt/airflow/dags/youtube_medallion_pipeline.py took 0.135 seconds
[2026-07-23T07:01:30.611+0000] {processor.py:186} INFO - Started process (PID=610) to work on /opt/airflow/dags/youtube_medallion_pipeline.py
[2026-07-23T07:01:30.613+0000] {processor.py:914} INFO - Processing file /opt/airflow/dags/youtube_medallion_pipeline.py for tasks to queue
[2026-07-23T07:01:30.618+0000] {logging_mixin.py:190} INFO - [2026-07-23T07:01:30.617+0000] {dagbag.py:588} INFO - Filling up the DagBag from /opt/airflow/dags/youtube_medallion_pipeline.py
[2026-07-23T07:01:30.647+0000] {processor.py:925} INFO - DAG(s) 'youtube_medallion_pipeline' retrieved from /opt/airflow/dags/youtube_medallion_pipeline.py
[2026-07-23T07:01:30.688+0000] {logging_mixin.py:190} INFO - [2026-07-23T07:01:30.687+0000] {dag.py:3239} INFO - Sync 1 DAGs
[2026-07-23T07:01:30.708+0000] {logging_mixin.py:190} INFO - [2026-07-23T07:01:30.708+0000] {dag.py:4180} INFO - Setting next_dagrun for youtube_medallion_pipeline to None, run_after=None
[2026-07-23T07:01:30.739+0000] {processor.py:208} INFO - Processing /opt/airflow/dags/youtube_medallion_pipeline.py took 0.135 seconds
[2026-07-23T07:02:01.024+0000] {processor.py:186} INFO - Started process (PID=615) to work on /opt/airflow/dags/youtube_medallion_pipeline.py
[2026-07-23T07:02:01.026+0000] {processor.py:914} INFO - Processing file /opt/airflow/dags/youtube_medallion_pipeline.py for tasks to queue
[2026-07-23T07:02:01.030+0000] {logging_mixin.py:190} INFO - [2026-07-23T07:02:01.029+0000] {dagbag.py:588} INFO - Filling up the DagBag from /opt/airflow/dags/youtube_medallion_pipeline.py
[2026-07-23T07:02:01.057+0000] {processor.py:925} INFO - DAG(s) 'youtube_medallion_pipeline' retrieved from /opt/airflow/dags/youtube_medallion_pipeline.py
[2026-07-23T07:02:01.098+0000] {logging_mixin.py:190} INFO - [2026-07-23T07:02:01.098+0000] {dag.py:3239} INFO - Sync 1 DAGs
[2026-07-23T07:02:01.118+0000] {logging_mixin.py:190} INFO - [2026-07-23T07:02:01.118+0000] {dag.py:4180} INFO - Setting next_dagrun for youtube_medallion_pipeline to None, run_after=None
[2026-07-23T07:02:01.144+0000] {processor.py:208} INFO - Processing /opt/airflow/dags/youtube_medallion_pipeline.py took 0.126 seconds
[2026-07-23T07:02:31.332+0000] {processor.py:186} INFO - Started process (PID=620) to work on /opt/airflow/dags/youtube_medallion_pipeline.py
[2026-07-23T07:02:31.334+0000] {processor.py:914} INFO - Processing file /opt/airflow/dags/youtube_medallion_pipeline.py for tasks to queue
[2026-07-23T07:02:31.339+0000] {logging_mixin.py:190} INFO - [2026-07-23T07:02:31.338+0000] {dagbag.py:588} INFO - Filling up the DagBag from /opt/airflow/dags/youtube_medallion_pipeline.py
[2026-07-23T07:02:31.369+0000] {processor.py:925} INFO - DAG(s) 'youtube_medallion_pipeline' retrieved from /opt/airflow/dags/youtube_medallion_pipeline.py
[2026-07-23T07:02:31.410+0000] {logging_mixin.py:190} INFO - [2026-07-23T07:02:31.410+0000] {dag.py:3239} INFO - Sync 1 DAGs
[2026-07-23T07:02:31.430+0000] {logging_mixin.py:190} INFO - [2026-07-23T07:02:31.430+0000] {dag.py:4180} INFO - Setting next_dagrun for youtube_medallion_pipeline to None, run_after=None
[2026-07-23T07:02:31.459+0000] {processor.py:208} INFO - Processing /opt/airflow/dags/youtube_medallion_pipeline.py took 0.133 seconds
[2026-07-23T07:03:01.712+0000] {processor.py:186} INFO - Started process (PID=625) to work on /opt/airflow/dags/youtube_medallion_pipeline.py
[2026-07-23T07:03:01.716+0000] {processor.py:914} INFO - Processing file /opt/airflow/dags/youtube_medallion_pipeline.py for tasks to queue
[2026-07-23T07:03:01.724+0000] {logging_mixin.py:190} INFO - [2026-07-23T07:03:01.723+0000] {dagbag.py:588} INFO - Filling up the DagBag from /opt/airflow/dags/youtube_medallion_pipeline.py
[2026-07-23T07:03:01.757+0000] {processor.py:925} INFO - DAG(s) 'youtube_medallion_pipeline' retrieved from /opt/airflow/dags/youtube_medallion_pipeline.py
[2026-07-23T07:03:01.804+0000] {logging_mixin.py:190} INFO - [2026-07-23T07:03:01.804+0000] {dag.py:3239} INFO - Sync 1 DAGs
[2026-07-23T07:03:01.831+0000] {logging_mixin.py:190} INFO - [2026-07-23T07:03:01.831+0000] {dag.py:4180} INFO - Setting next_dagrun for youtube_medallion_pipeline to None, run_after=None
[2026-07-23T07:03:01.874+0000] {processor.py:208} INFO - Processing /opt/airflow/dags/youtube_medallion_pipeline.py took 0.177 seconds
[2026-07-23T07:03:32.009+0000] {processor.py:186} INFO - Started process (PID=630) to work on /opt/airflow/dags/youtube_medallion_pipeline.py
[2026-07-23T07:03:32.011+0000] {processor.py:914} INFO - Processing file /opt/airflow/dags/youtube_medallion_pipeline.py for tasks to queue
[2026-07-23T07:03:32.016+0000] {logging_mixin.py:190} INFO - [2026-07-23T07:03:32.015+0000] {dagbag.py:588} INFO - Filling up the DagBag from /opt/airflow/dags/youtube_medallion_pipeline.py
[2026-07-23T07:03:32.048+0000] {processor.py:925} INFO - DAG(s) 'youtube_medallion_pipeline' retrieved from /opt/airflow/dags/youtube_medallion_pipeline.py
[2026-07-23T07:03:32.098+0000] {logging_mixin.py:190} INFO - [2026-07-23T07:03:32.098+0000] {dag.py:3239} INFO - Sync 1 DAGs
[2026-07-23T07:03:32.133+0000] {logging_mixin.py:190} INFO - [2026-07-23T07:03:32.133+0000] {dag.py:4180} INFO - Setting next_dagrun for youtube_medallion_pipeline to None, run_after=None
[2026-07-23T07:03:32.173+0000] {processor.py:208} INFO - Processing /opt/airflow/dags/youtube_medallion_pipeline.py took 0.172 seconds
[2026-07-23T07:04:02.485+0000] {processor.py:186} INFO - Started process (PID=635) to work on /opt/airflow/dags/youtube_medallion_pipeline.py
[2026-07-23T07:04:02.488+0000] {processor.py:914} INFO - Processing file /opt/airflow/dags/youtube_medallion_pipeline.py for tasks to queue
[2026-07-23T07:04:02.492+0000] {logging_mixin.py:190} INFO - [2026-07-23T07:04:02.492+0000] {dagbag.py:588} INFO - Filling up the DagBag from /opt/airflow/dags/youtube_medallion_pipeline.py
[2026-07-23T07:04:02.523+0000] {processor.py:925} INFO - DAG(s) 'youtube_medallion_pipeline' retrieved from /opt/airflow/dags/youtube_medallion_pipeline.py
[2026-07-23T07:04:02.572+0000] {logging_mixin.py:190} INFO - [2026-07-23T07:04:02.572+0000] {dag.py:3239} INFO - Sync 1 DAGs
[2026-07-23T07:04:02.601+0000] {logging_mixin.py:190} INFO - [2026-07-23T07:04:02.600+0000] {dag.py:4180} INFO - Setting next_dagrun for youtube_medallion_pipeline to None, run_after=None
[2026-07-23T07:04:02.632+0000] {processor.py:208} INFO - Processing /opt/airflow/dags/youtube_medallion_pipeline.py took 0.154 seconds
[2026-07-23T07:04:32.762+0000] {processor.py:186} INFO - Started process (PID=640) to work on /opt/airflow/dags/youtube_medallion_pipeline.py
[2026-07-23T07:04:32.765+0000] {processor.py:914} INFO - Processing file /opt/airflow/dags/youtube_medallion_pipeline.py for tasks to queue
[2026-07-23T07:04:32.769+0000] {logging_mixin.py:190} INFO - [2026-07-23T07:04:32.769+0000] {dagbag.py:588} INFO - Filling up the DagBag from /opt/airflow/dags/youtube_medallion_pipeline.py
[2026-07-23T07:04:32.803+0000] {processor.py:925} INFO - DAG(s) 'youtube_medallion_pipeline' retrieved from /opt/airflow/dags/youtube_medallion_pipeline.py
[2026-07-23T07:04:32.846+0000] {logging_mixin.py:190} INFO - [2026-07-23T07:04:32.845+0000] {dag.py:3239} INFO - Sync 1 DAGs
[2026-07-23T07:04:32.870+0000] {logging_mixin.py:190} INFO - [2026-07-23T07:04:32.870+0000] {dag.py:4180} INFO - Setting next_dagrun for youtube_medallion_pipeline to None, run_after=None
[2026-07-23T07:04:32.906+0000] {processor.py:208} INFO - Processing /opt/airflow/dags/youtube_medallion_pipeline.py took 0.151 seconds
[2026-07-23T07:05:03.169+0000] {processor.py:186} INFO - Started process (PID=645) to work on /opt/airflow/dags/youtube_medallion_pipeline.py
[2026-07-23T07:05:03.172+0000] {processor.py:914} INFO - Processing file /opt/airflow/dags/youtube_medallion_pipeline.py for tasks to queue
[2026-07-23T07:05:03.175+0000] {logging_mixin.py:190} INFO - [2026-07-23T07:05:03.175+0000] {dagbag.py:588} INFO - Filling up the DagBag from /opt/airflow/dags/youtube_medallion_pipeline.py
[2026-07-23T07:05:03.203+0000] {processor.py:925} INFO - DAG(s) 'youtube_medallion_pipeline' retrieved from /opt/airflow/dags/youtube_medallion_pipeline.py
[2026-07-23T07:05:03.244+0000] {logging_mixin.py:190} INFO - [2026-07-23T07:05:03.243+0000] {dag.py:3239} INFO - Sync 1 DAGs
[2026-07-23T07:05:03.265+0000] {logging_mixin.py:190} INFO - [2026-07-23T07:05:03.265+0000] {dag.py:4180} INFO - Setting next_dagrun for youtube_medallion_pipeline to None, run_after=None
[2026-07-23T07:05:03.296+0000] {processor.py:208} INFO - Processing /opt/airflow/dags/youtube_medallion_pipeline.py took 0.134 seconds
[2026-07-23T07:05:33.688+0000] {processor.py:186} INFO - Started process (PID=650) to work on /opt/airflow/dags/youtube_medallion_pipeline.py
[2026-07-23T07:05:33.691+0000] {processor.py:914} INFO - Processing file /opt/airflow/dags/youtube_medallion_pipeline.py for tasks to queue
[2026-07-23T07:05:33.694+0000] {logging_mixin.py:190} INFO - [2026-07-23T07:05:33.693+0000] {dagbag.py:588} INFO - Filling up the DagBag from /opt/airflow/dags/youtube_medallion_pipeline.py
[2026-07-23T07:05:33.735+0000] {processor.py:925} INFO - DAG(s) 'youtube_medallion_pipeline' retrieved from /opt/airflow/dags/youtube_medallion_pipeline.py
[2026-07-23T07:05:33.779+0000] {logging_mixin.py:190} INFO - [2026-07-23T07:05:33.779+0000] {dag.py:3239} INFO - Sync 1 DAGs
[2026-07-23T07:05:33.798+0000] {logging_mixin.py:190} INFO - [2026-07-23T07:05:33.798+0000] {dag.py:4180} INFO - Setting next_dagrun for youtube_medallion_pipeline to None, run_after=None
[2026-07-23T07:05:33.827+0000] {processor.py:208} INFO - Processing /opt/airflow/dags/youtube_medallion_pipeline.py took 0.143 seconds
[2026-07-23T07:06:04.134+0000] {processor.py:186} INFO - Started process (PID=655) to work on /opt/airflow/dags/youtube_medallion_pipeline.py
[2026-07-23T07:06:04.135+0000] {processor.py:914} INFO - Processing file /opt/airflow/dags/youtube_medallion_pipeline.py for tasks to queue
[2026-07-23T07:06:04.140+0000] {logging_mixin.py:190} INFO - [2026-07-23T07:06:04.139+0000] {dagbag.py:588} INFO - Filling up the DagBag from /opt/airflow/dags/youtube_medallion_pipeline.py
[2026-07-23T07:06:04.165+0000] {processor.py:925} INFO - DAG(s) 'youtube_medallion_pipeline' retrieved from /opt/airflow/dags/youtube_medallion_pipeline.py
[2026-07-23T07:06:04.204+0000] {logging_mixin.py:190} INFO - [2026-07-23T07:06:04.203+0000] {dag.py:3239} INFO - Sync 1 DAGs
[2026-07-23T07:06:04.224+0000] {logging_mixin.py:190} INFO - [2026-07-23T07:06:04.224+0000] {dag.py:4180} INFO - Setting next_dagrun for youtube_medallion_pipeline to None, run_after=None
[2026-07-23T07:06:04.251+0000] {processor.py:208} INFO - Processing /opt/airflow/dags/youtube_medallion_pipeline.py took 0.124 seconds
[2026-07-23T07:06:34.443+0000] {processor.py:186} INFO - Started process (PID=660) to work on /opt/airflow/dags/youtube_medallion_pipeline.py
[2026-07-23T07:06:34.445+0000] {processor.py:914} INFO - Processing file /opt/airflow/dags/youtube_medallion_pipeline.py for tasks to queue
[2026-07-23T07:06:34.450+0000] {logging_mixin.py:190} INFO - [2026-07-23T07:06:34.449+0000] {dagbag.py:588} INFO - Filling up the DagBag from /opt/airflow/dags/youtube_medallion_pipeline.py
[2026-07-23T07:06:34.479+0000] {processor.py:925} INFO - DAG(s) 'youtube_medallion_pipeline' retrieved from /opt/airflow/dags/youtube_medallion_pipeline.py
[2026-07-23T07:06:34.524+0000] {logging_mixin.py:190} INFO - [2026-07-23T07:06:34.524+0000] {dag.py:3239} INFO - Sync 1 DAGs
[2026-07-23T07:06:34.546+0000] {logging_mixin.py:190} INFO - [2026-07-23T07:06:34.545+0000] {dag.py:4180} INFO - Setting next_dagrun for youtube_medallion_pipeline to None, run_after=None
[2026-07-23T07:06:34.576+0000] {processor.py:208} INFO - Processing /opt/airflow/dags/youtube_medallion_pipeline.py took 0.139 seconds
[2026-07-23T07:07:04.843+0000] {processor.py:186} INFO - Started process (PID=665) to work on /opt/airflow/dags/youtube_medallion_pipeline.py
[2026-07-23T07:07:04.845+0000] {processor.py:914} INFO - Processing file /opt/airflow/dags/youtube_medallion_pipeline.py for tasks to queue
[2026-07-23T07:07:04.850+0000] {logging_mixin.py:190} INFO - [2026-07-23T07:07:04.849+0000] {dagbag.py:588} INFO - Filling up the DagBag from /opt/airflow/dags/youtube_medallion_pipeline.py
[2026-07-23T07:07:04.877+0000] {processor.py:925} INFO - DAG(s) 'youtube_medallion_pipeline' retrieved from /opt/airflow/dags/youtube_medallion_pipeline.py
[2026-07-23T07:07:04.914+0000] {logging_mixin.py:190} INFO - [2026-07-23T07:07:04.914+0000] {dag.py:3239} INFO - Sync 1 DAGs
[2026-07-23T07:07:04.934+0000] {logging_mixin.py:190} INFO - [2026-07-23T07:07:04.934+0000] {dag.py:4180} INFO - Setting next_dagrun for youtube_medallion_pipeline to None, run_after=None
[2026-07-23T07:07:04.959+0000] {processor.py:208} INFO - Processing /opt/airflow/dags/youtube_medallion_pipeline.py took 0.126 seconds
[2026-07-23T07:07:35.107+0000] {processor.py:186} INFO - Started process (PID=670) to work on /opt/airflow/dags/youtube_medallion_pipeline.py
[2026-07-23T07:07:35.110+0000] {processor.py:914} INFO - Processing file /opt/airflow/dags/youtube_medallion_pipeline.py for tasks to queue
[2026-07-23T07:07:35.114+0000] {logging_mixin.py:190} INFO - [2026-07-23T07:07:35.113+0000] {dagbag.py:588} INFO - Filling up the DagBag from /opt/airflow/dags/youtube_medallion_pipeline.py
[2026-07-23T07:07:35.141+0000] {processor.py:925} INFO - DAG(s) 'youtube_medallion_pipeline' retrieved from /opt/airflow/dags/youtube_medallion_pipeline.py
[2026-07-23T07:07:35.190+0000] {logging_mixin.py:190} INFO - [2026-07-23T07:07:35.189+0000] {dag.py:3239} INFO - Sync 1 DAGs
[2026-07-23T07:07:35.214+0000] {logging_mixin.py:190} INFO - [2026-07-23T07:07:35.214+0000] {dag.py:4180} INFO - Setting next_dagrun for youtube_medallion_pipeline to None, run_after=None
[2026-07-23T07:07:35.247+0000] {processor.py:208} INFO - Processing /opt/airflow/dags/youtube_medallion_pipeline.py took 0.146 seconds
[2026-07-23T07:08:05.700+0000] {processor.py:186} INFO - Started process (PID=681) to work on /opt/airflow/dags/youtube_medallion_pipeline.py
[2026-07-23T07:08:05.703+0000] {processor.py:914} INFO - Processing file /opt/airflow/dags/youtube_medallion_pipeline.py for tasks to queue
[2026-07-23T07:08:05.706+0000] {logging_mixin.py:190} INFO - [2026-07-23T07:08:05.705+0000] {dagbag.py:588} INFO - Filling up the DagBag from /opt/airflow/dags/youtube_medallion_pipeline.py
[2026-07-23T07:08:05.751+0000] {processor.py:925} INFO - DAG(s) 'youtube_medallion_pipeline' retrieved from /opt/airflow/dags/youtube_medallion_pipeline.py
[2026-07-23T07:08:05.791+0000] {logging_mixin.py:190} INFO - [2026-07-23T07:08:05.791+0000] {dag.py:3239} INFO - Sync 1 DAGs
[2026-07-23T07:08:05.811+0000] {logging_mixin.py:190} INFO - [2026-07-23T07:08:05.811+0000] {dag.py:4180} INFO - Setting next_dagrun for youtube_medallion_pipeline to None, run_after=None
[2026-07-23T07:08:05.839+0000] {processor.py:208} INFO - Processing /opt/airflow/dags/youtube_medallion_pipeline.py took 0.144 seconds
[2026-07-23T07:08:35.992+0000] {processor.py:186} INFO - Started process (PID=686) to work on /opt/airflow/dags/youtube_medallion_pipeline.py
[2026-07-23T07:08:35.997+0000] {processor.py:914} INFO - Processing file /opt/airflow/dags/youtube_medallion_pipeline.py for tasks to queue
[2026-07-23T07:08:36.007+0000] {logging_mixin.py:190} INFO - [2026-07-23T07:08:36.006+0000] {dagbag.py:588} INFO - Filling up the DagBag from /opt/airflow/dags/youtube_medallion_pipeline.py
[2026-07-23T07:08:36.038+0000] {processor.py:925} INFO - DAG(s) 'youtube_medallion_pipeline' retrieved from /opt/airflow/dags/youtube_medallion_pipeline.py
[2026-07-23T07:08:36.084+0000] {logging_mixin.py:190} INFO - [2026-07-23T07:08:36.084+0000] {dag.py:3239} INFO - Sync 1 DAGs
[2026-07-23T07:08:36.104+0000] {logging_mixin.py:190} INFO - [2026-07-23T07:08:36.104+0000] {dag.py:4180} INFO - Setting next_dagrun for youtube_medallion_pipeline to None, run_after=None
[2026-07-23T07:08:36.133+0000] {processor.py:208} INFO - Processing /opt/airflow/dags/youtube_medallion_pipeline.py took 0.156 seconds
[2026-07-23T07:09:06.401+0000] {processor.py:186} INFO - Started process (PID=691) to work on /opt/airflow/dags/youtube_medallion_pipeline.py
[2026-07-23T07:09:06.403+0000] {processor.py:914} INFO - Processing file /opt/airflow/dags/youtube_medallion_pipeline.py for tasks to queue
[2026-07-23T07:09:06.407+0000] {logging_mixin.py:190} INFO - [2026-07-23T07:09:06.407+0000] {dagbag.py:588} INFO - Filling up the DagBag from /opt/airflow/dags/youtube_medallion_pipeline.py
[2026-07-23T07:09:06.438+0000] {processor.py:925} INFO - DAG(s) 'youtube_medallion_pipeline' retrieved from /opt/airflow/dags/youtube_medallion_pipeline.py
[2026-07-23T07:09:06.479+0000] {logging_mixin.py:190} INFO - [2026-07-23T07:09:06.478+0000] {dag.py:3239} INFO - Sync 1 DAGs
[2026-07-23T07:09:06.499+0000] {logging_mixin.py:190} INFO - [2026-07-23T07:09:06.498+0000] {dag.py:4180} INFO - Setting next_dagrun for youtube_medallion_pipeline to None, run_after=None
[2026-07-23T07:09:06.527+0000] {processor.py:208} INFO - Processing /opt/airflow/dags/youtube_medallion_pipeline.py took 0.132 seconds
[2026-07-23T07:09:36.758+0000] {processor.py:186} INFO - Started process (PID=696) to work on /opt/airflow/dags/youtube_medallion_pipeline.py
[2026-07-23T07:09:36.761+0000] {processor.py:914} INFO - Processing file /opt/airflow/dags/youtube_medallion_pipeline.py for tasks to queue
[2026-07-23T07:09:36.764+0000] {logging_mixin.py:190} INFO - [2026-07-23T07:09:36.764+0000] {dagbag.py:588} INFO - Filling up the DagBag from /opt/airflow/dags/youtube_medallion_pipeline.py
[2026-07-23T07:09:36.796+0000] {processor.py:925} INFO - DAG(s) 'youtube_medallion_pipeline' retrieved from /opt/airflow/dags/youtube_medallion_pipeline.py
[2026-07-23T07:09:36.835+0000] {logging_mixin.py:190} INFO - [2026-07-23T07:09:36.835+0000] {dag.py:3239} INFO - Sync 1 DAGs
[2026-07-23T07:09:36.855+0000] {logging_mixin.py:190} INFO - [2026-07-23T07:09:36.855+0000] {dag.py:4180} INFO - Setting next_dagrun for youtube_medallion_pipeline to None, run_after=None
[2026-07-23T07:09:36.883+0000] {processor.py:208} INFO - Processing /opt/airflow/dags/youtube_medallion_pipeline.py took 0.133 seconds
[2026-07-23T07:10:07.094+0000] {processor.py:186} INFO - Started process (PID=701) to work on /opt/airflow/dags/youtube_medallion_pipeline.py
[2026-07-23T07:10:07.097+0000] {processor.py:914} INFO - Processing file /opt/airflow/dags/youtube_medallion_pipeline.py for tasks to queue
[2026-07-23T07:10:07.102+0000] {logging_mixin.py:190} INFO - [2026-07-23T07:10:07.101+0000] {dagbag.py:588} INFO - Filling up the DagBag from /opt/airflow/dags/youtube_medallion_pipeline.py
[2026-07-23T07:10:07.131+0000] {processor.py:925} INFO - DAG(s) 'youtube_medallion_pipeline' retrieved from /opt/airflow/dags/youtube_medallion_pipeline.py
[2026-07-23T07:10:07.171+0000] {logging_mixin.py:190} INFO - [2026-07-23T07:10:07.171+0000] {dag.py:3239} INFO - Sync 1 DAGs
[2026-07-23T07:10:07.191+0000] {logging_mixin.py:190} INFO - [2026-07-23T07:10:07.191+0000] {dag.py:4180} INFO - Setting next_dagrun for youtube_medallion_pipeline to None, run_after=None
[2026-07-23T07:10:07.218+0000] {processor.py:208} INFO - Processing /opt/airflow/dags/youtube_medallion_pipeline.py took 0.131 seconds
[2026-07-23T07:10:37.440+0000] {processor.py:186} INFO - Started process (PID=706) to work on /opt/airflow/dags/youtube_medallion_pipeline.py
[2026-07-23T07:10:37.442+0000] {processor.py:914} INFO - Processing file /opt/airflow/dags/youtube_medallion_pipeline.py for tasks to queue
[2026-07-23T07:10:37.446+0000] {logging_mixin.py:190} INFO - [2026-07-23T07:10:37.446+0000] {dagbag.py:588} INFO - Filling up the DagBag from /opt/airflow/dags/youtube_medallion_pipeline.py
[2026-07-23T07:10:37.473+0000] {processor.py:925} INFO - DAG(s) 'youtube_medallion_pipeline' retrieved from /opt/airflow/dags/youtube_medallion_pipeline.py
[2026-07-23T07:10:37.512+0000] {logging_mixin.py:190} INFO - [2026-07-23T07:10:37.511+0000] {dag.py:3239} INFO - Sync 1 DAGs
[2026-07-23T07:10:37.532+0000] {logging_mixin.py:190} INFO - [2026-07-23T07:10:37.531+0000] {dag.py:4180} INFO - Setting next_dagrun for youtube_medallion_pipeline to None, run_after=None
[2026-07-23T07:10:37.560+0000] {processor.py:208} INFO - Processing /opt/airflow/dags/youtube_medallion_pipeline.py took 0.127 seconds
[2026-07-23T07:11:07.839+0000] {processor.py:186} INFO - Started process (PID=711) to work on /opt/airflow/dags/youtube_medallion_pipeline.py
[2026-07-23T07:11:07.841+0000] {processor.py:914} INFO - Processing file /opt/airflow/dags/youtube_medallion_pipeline.py for tasks to queue
[2026-07-23T07:11:07.844+0000] {logging_mixin.py:190} INFO - [2026-07-23T07:11:07.844+0000] {dagbag.py:588} INFO - Filling up the DagBag from /opt/airflow/dags/youtube_medallion_pipeline.py
[2026-07-23T07:11:07.870+0000] {processor.py:925} INFO - DAG(s) 'youtube_medallion_pipeline' retrieved from /opt/airflow/dags/youtube_medallion_pipeline.py
[2026-07-23T07:11:07.940+0000] {logging_mixin.py:190} INFO - [2026-07-23T07:11:07.940+0000] {dag.py:3239} INFO - Sync 1 DAGs
[2026-07-23T07:11:07.963+0000] {logging_mixin.py:190} INFO - [2026-07-23T07:11:07.963+0000] {dag.py:4180} INFO - Setting next_dagrun for youtube_medallion_pipeline to None, run_after=None
[2026-07-23T07:11:07.993+0000] {processor.py:208} INFO - Processing /opt/airflow/dags/youtube_medallion_pipeline.py took 0.159 seconds
[2026-07-23T07:11:38.111+0000] {processor.py:186} INFO - Started process (PID=716) to work on /opt/airflow/dags/youtube_medallion_pipeline.py
[2026-07-23T07:11:38.113+0000] {processor.py:914} INFO - Processing file /opt/airflow/dags/youtube_medallion_pipeline.py for tasks to queue
[2026-07-23T07:11:38.117+0000] {logging_mixin.py:190} INFO - [2026-07-23T07:11:38.116+0000] {dagbag.py:588} INFO - Filling up the DagBag from /opt/airflow/dags/youtube_medallion_pipeline.py
[2026-07-23T07:11:38.143+0000] {processor.py:925} INFO - DAG(s) 'youtube_medallion_pipeline' retrieved from /opt/airflow/dags/youtube_medallion_pipeline.py
[2026-07-23T07:11:38.185+0000] {logging_mixin.py:190} INFO - [2026-07-23T07:11:38.185+0000] {dag.py:3239} INFO - Sync 1 DAGs
[2026-07-23T07:11:38.207+0000] {logging_mixin.py:190} INFO - [2026-07-23T07:11:38.207+0000] {dag.py:4180} INFO - Setting next_dagrun for youtube_medallion_pipeline to None, run_after=None
[2026-07-23T07:11:38.236+0000] {processor.py:208} INFO - Processing /opt/airflow/dags/youtube_medallion_pipeline.py took 0.132 seconds
[2026-07-23T07:12:08.538+0000] {processor.py:186} INFO - Started process (PID=721) to work on /opt/airflow/dags/youtube_medallion_pipeline.py
[2026-07-23T07:12:08.541+0000] {processor.py:914} INFO - Processing file /opt/airflow/dags/youtube_medallion_pipeline.py for tasks to queue
[2026-07-23T07:12:08.544+0000] {logging_mixin.py:190} INFO - [2026-07-23T07:12:08.544+0000] {dagbag.py:588} INFO - Filling up the DagBag from /opt/airflow/dags/youtube_medallion_pipeline.py
[2026-07-23T07:12:08.572+0000] {processor.py:925} INFO - DAG(s) 'youtube_medallion_pipeline' retrieved from /opt/airflow/dags/youtube_medallion_pipeline.py
[2026-07-23T07:12:08.612+0000] {logging_mixin.py:190} INFO - [2026-07-23T07:12:08.612+0000] {dag.py:3239} INFO - Sync 1 DAGs
[2026-07-23T07:12:08.631+0000] {logging_mixin.py:190} INFO - [2026-07-23T07:12:08.631+0000] {dag.py:4180} INFO - Setting next_dagrun for youtube_medallion_pipeline to None, run_after=None
[2026-07-23T07:12:08.658+0000] {processor.py:208} INFO - Processing /opt/airflow/dags/youtube_medallion_pipeline.py took 0.126 seconds
[2026-07-23T07:12:38.871+0000] {processor.py:186} INFO - Started process (PID=726) to work on /opt/airflow/dags/youtube_medallion_pipeline.py
[2026-07-23T07:12:38.873+0000] {processor.py:914} INFO - Processing file /opt/airflow/dags/youtube_medallion_pipeline.py for tasks to queue
[2026-07-23T07:12:38.877+0000] {logging_mixin.py:190} INFO - [2026-07-23T07:12:38.877+0000] {dagbag.py:588} INFO - Filling up the DagBag from /opt/airflow/dags/youtube_medallion_pipeline.py
[2026-07-23T07:12:38.908+0000] {processor.py:925} INFO - DAG(s) 'youtube_medallion_pipeline' retrieved from /opt/airflow/dags/youtube_medallion_pipeline.py
[2026-07-23T07:12:38.952+0000] {logging_mixin.py:190} INFO - [2026-07-23T07:12:38.952+0000] {dag.py:3239} INFO - Sync 1 DAGs
[2026-07-23T07:12:38.975+0000] {logging_mixin.py:190} INFO - [2026-07-23T07:12:38.975+0000] {dag.py:4180} INFO - Setting next_dagrun for youtube_medallion_pipeline to None, run_after=None
[2026-07-23T07:12:39.007+0000] {processor.py:208} INFO - Processing /opt/airflow/dags/youtube_medallion_pipeline.py took 0.144 seconds
[2026-07-23T07:13:09.305+0000] {processor.py:186} INFO - Started process (PID=731) to work on /opt/airflow/dags/youtube_medallion_pipeline.py
[2026-07-23T07:13:09.308+0000] {processor.py:914} INFO - Processing file /opt/airflow/dags/youtube_medallion_pipeline.py for tasks to queue
[2026-07-23T07:13:09.313+0000] {logging_mixin.py:190} INFO - [2026-07-23T07:13:09.312+0000] {dagbag.py:588} INFO - Filling up the DagBag from /opt/airflow/dags/youtube_medallion_pipeline.py
[2026-07-23T07:13:09.349+0000] {processor.py:925} INFO - DAG(s) 'youtube_medallion_pipeline' retrieved from /opt/airflow/dags/youtube_medallion_pipeline.py
[2026-07-23T07:13:09.399+0000] {logging_mixin.py:190} INFO - [2026-07-23T07:13:09.398+0000] {dag.py:3239} INFO - Sync 1 DAGs
[2026-07-23T07:13:09.461+0000] {logging_mixin.py:190} INFO - [2026-07-23T07:13:09.460+0000] {dag.py:4180} INFO - Setting next_dagrun for youtube_medallion_pipeline to None, run_after=None
[2026-07-23T07:13:09.526+0000] {processor.py:208} INFO - Processing /opt/airflow/dags/youtube_medallion_pipeline.py took 0.232 seconds
[2026-07-23T07:13:39.621+0000] {processor.py:186} INFO - Started process (PID=736) to work on /opt/airflow/dags/youtube_medallion_pipeline.py
[2026-07-23T07:13:39.623+0000] {processor.py:914} INFO - Processing file /opt/airflow/dags/youtube_medallion_pipeline.py for tasks to queue
[2026-07-23T07:13:39.629+0000] {logging_mixin.py:190} INFO - [2026-07-23T07:13:39.628+0000] {dagbag.py:588} INFO - Filling up the DagBag from /opt/airflow/dags/youtube_medallion_pipeline.py
[2026-07-23T07:13:39.657+0000] {processor.py:925} INFO - DAG(s) 'youtube_medallion_pipeline' retrieved from /opt/airflow/dags/youtube_medallion_pipeline.py
[2026-07-23T07:13:39.698+0000] {logging_mixin.py:190} INFO - [2026-07-23T07:13:39.698+0000] {dag.py:3239} INFO - Sync 1 DAGs
[2026-07-23T07:13:39.718+0000] {logging_mixin.py:190} INFO - [2026-07-23T07:13:39.718+0000] {dag.py:4180} INFO - Setting next_dagrun for youtube_medallion_pipeline to None, run_after=None
[2026-07-23T07:13:39.744+0000] {processor.py:208} INFO - Processing /opt/airflow/dags/youtube_medallion_pipeline.py took 0.130 seconds
[2026-07-23T07:14:09.882+0000] {processor.py:186} INFO - Started process (PID=741) to work on /opt/airflow/dags/youtube_medallion_pipeline.py
[2026-07-23T07:14:09.884+0000] {processor.py:914} INFO - Processing file /opt/airflow/dags/youtube_medallion_pipeline.py for tasks to queue
[2026-07-23T07:14:09.889+0000] {logging_mixin.py:190} INFO - [2026-07-23T07:14:09.889+0000] {dagbag.py:588} INFO - Filling up the DagBag from /opt/airflow/dags/youtube_medallion_pipeline.py
[2026-07-23T07:14:09.916+0000] {processor.py:925} INFO - DAG(s) 'youtube_medallion_pipeline' retrieved from /opt/airflow/dags/youtube_medallion_pipeline.py
[2026-07-23T07:14:09.958+0000] {logging_mixin.py:190} INFO - [2026-07-23T07:14:09.957+0000] {dag.py:3239} INFO - Sync 1 DAGs
[2026-07-23T07:14:09.978+0000] {logging_mixin.py:190} INFO - [2026-07-23T07:14:09.978+0000] {dag.py:4180} INFO - Setting next_dagrun for youtube_medallion_pipeline to None, run_after=None
[2026-07-23T07:14:10.011+0000] {processor.py:208} INFO - Processing /opt/airflow/dags/youtube_medallion_pipeline.py took 0.135 seconds
[2026-07-23T07:14:40.340+0000] {processor.py:186} INFO - Started process (PID=746) to work on /opt/airflow/dags/youtube_medallion_pipeline.py
[2026-07-23T07:14:40.342+0000] {processor.py:914} INFO - Processing file /opt/airflow/dags/youtube_medallion_pipeline.py for tasks to queue
[2026-07-23T07:14:40.347+0000] {logging_mixin.py:190} INFO - [2026-07-23T07:14:40.346+0000] {dagbag.py:588} INFO - Filling up the DagBag from /opt/airflow/dags/youtube_medallion_pipeline.py
[2026-07-23T07:14:40.375+0000] {processor.py:925} INFO - DAG(s) 'youtube_medallion_pipeline' retrieved from /opt/airflow/dags/youtube_medallion_pipeline.py
[2026-07-23T07:14:40.416+0000] {logging_mixin.py:190} INFO - [2026-07-23T07:14:40.416+0000] {dag.py:3239} INFO - Sync 1 DAGs
[2026-07-23T07:14:40.437+0000] {logging_mixin.py:190} INFO - [2026-07-23T07:14:40.437+0000] {dag.py:4180} INFO - Setting next_dagrun for youtube_medallion_pipeline to None, run_after=None
[2026-07-23T07:14:40.467+0000] {processor.py:208} INFO - Processing /opt/airflow/dags/youtube_medallion_pipeline.py took 0.134 seconds
[2026-07-23T07:15:10.667+0000] {processor.py:186} INFO - Started process (PID=757) to work on /opt/airflow/dags/youtube_medallion_pipeline.py
[2026-07-23T07:15:10.674+0000] {processor.py:914} INFO - Processing file /opt/airflow/dags/youtube_medallion_pipeline.py for tasks to queue
[2026-07-23T07:15:10.695+0000] {logging_mixin.py:190} INFO - [2026-07-23T07:15:10.693+0000] {dagbag.py:588} INFO - Filling up the DagBag from /opt/airflow/dags/youtube_medallion_pipeline.py
[2026-07-23T07:15:10.801+0000] {processor.py:925} INFO - DAG(s) 'youtube_medallion_pipeline' retrieved from /opt/airflow/dags/youtube_medallion_pipeline.py
[2026-07-23T07:15:10.948+0000] {logging_mixin.py:190} INFO - [2026-07-23T07:15:10.946+0000] {dag.py:3239} INFO - Sync 1 DAGs
[2026-07-23T07:15:11.049+0000] {logging_mixin.py:190} INFO - [2026-07-23T07:15:11.048+0000] {dag.py:4180} INFO - Setting next_dagrun for youtube_medallion_pipeline to None, run_after=None
[2026-07-23T07:15:11.161+0000] {processor.py:208} INFO - Processing /opt/airflow/dags/youtube_medallion_pipeline.py took 0.515 seconds
[2026-07-23T07:15:41.551+0000] {processor.py:186} INFO - Started process (PID=762) to work on /opt/airflow/dags/youtube_medallion_pipeline.py
[2026-07-23T07:15:41.555+0000] {processor.py:914} INFO - Processing file /opt/airflow/dags/youtube_medallion_pipeline.py for tasks to queue
[2026-07-23T07:15:41.561+0000] {logging_mixin.py:190} INFO - [2026-07-23T07:15:41.560+0000] {dagbag.py:588} INFO - Filling up the DagBag from /opt/airflow/dags/youtube_medallion_pipeline.py
[2026-07-23T07:15:41.597+0000] {processor.py:925} INFO - DAG(s) 'youtube_medallion_pipeline' retrieved from /opt/airflow/dags/youtube_medallion_pipeline.py
[2026-07-23T07:15:41.648+0000] {logging_mixin.py:190} INFO - [2026-07-23T07:15:41.648+0000] {dag.py:3239} INFO - Sync 1 DAGs
[2026-07-23T07:15:41.673+0000] {logging_mixin.py:190} INFO - [2026-07-23T07:15:41.673+0000] {dag.py:4180} INFO - Setting next_dagrun for youtube_medallion_pipeline to None, run_after=None
[2026-07-23T07:15:41.711+0000] {processor.py:208} INFO - Processing /opt/airflow/dags/youtube_medallion_pipeline.py took 0.170 seconds
[2026-07-23T07:16:11.860+0000] {processor.py:186} INFO - Started process (PID=790) to work on /opt/airflow/dags/youtube_medallion_pipeline.py
[2026-07-23T07:16:11.864+0000] {processor.py:914} INFO - Processing file /opt/airflow/dags/youtube_medallion_pipeline.py for tasks to queue
[2026-07-23T07:16:11.883+0000] {logging_mixin.py:190} INFO - [2026-07-23T07:16:11.883+0000] {dagbag.py:588} INFO - Filling up the DagBag from /opt/airflow/dags/youtube_medallion_pipeline.py
[2026-07-23T07:16:11.917+0000] {processor.py:925} INFO - DAG(s) 'youtube_medallion_pipeline' retrieved from /opt/airflow/dags/youtube_medallion_pipeline.py
[2026-07-23T07:16:11.994+0000] {logging_mixin.py:190} INFO - [2026-07-23T07:16:11.994+0000] {dag.py:3239} INFO - Sync 1 DAGs
[2026-07-23T07:16:12.037+0000] {logging_mixin.py:190} INFO - [2026-07-23T07:16:12.036+0000] {dag.py:4180} INFO - Setting next_dagrun for youtube_medallion_pipeline to None, run_after=None
[2026-07-23T07:16:12.108+0000] {processor.py:208} INFO - Processing /opt/airflow/dags/youtube_medallion_pipeline.py took 0.257 seconds
[2026-07-23T07:16:42.401+0000] {processor.py:186} INFO - Started process (PID=795) to work on /opt/airflow/dags/youtube_medallion_pipeline.py
[2026-07-23T07:16:42.405+0000] {processor.py:914} INFO - Processing file /opt/airflow/dags/youtube_medallion_pipeline.py for tasks to queue
[2026-07-23T07:16:42.410+0000] {logging_mixin.py:190} INFO - [2026-07-23T07:16:42.409+0000] {dagbag.py:588} INFO - Filling up the DagBag from /opt/airflow/dags/youtube_medallion_pipeline.py
[2026-07-23T07:16:42.468+0000] {processor.py:925} INFO - DAG(s) 'youtube_medallion_pipeline' retrieved from /opt/airflow/dags/youtube_medallion_pipeline.py
[2026-07-23T07:16:42.543+0000] {logging_mixin.py:190} INFO - [2026-07-23T07:16:42.543+0000] {dag.py:3239} INFO - Sync 1 DAGs
[2026-07-23T07:16:42.566+0000] {logging_mixin.py:190} INFO - [2026-07-23T07:16:42.566+0000] {dag.py:4180} INFO - Setting next_dagrun for youtube_medallion_pipeline to None, run_after=None
[2026-07-23T07:16:42.625+0000] {processor.py:208} INFO - Processing /opt/airflow/dags/youtube_medallion_pipeline.py took 0.229 seconds
[2026-07-23T07:17:12.737+0000] {processor.py:186} INFO - Started process (PID=800) to work on /opt/airflow/dags/youtube_medallion_pipeline.py
[2026-07-23T07:17:12.741+0000] {processor.py:914} INFO - Processing file /opt/airflow/dags/youtube_medallion_pipeline.py for tasks to queue
[2026-07-23T07:17:12.748+0000] {logging_mixin.py:190} INFO - [2026-07-23T07:17:12.746+0000] {dagbag.py:588} INFO - Filling up the DagBag from /opt/airflow/dags/youtube_medallion_pipeline.py
[2026-07-23T07:17:12.784+0000] {processor.py:925} INFO - DAG(s) 'youtube_medallion_pipeline' retrieved from /opt/airflow/dags/youtube_medallion_pipeline.py
[2026-07-23T07:17:12.840+0000] {logging_mixin.py:190} INFO - [2026-07-23T07:17:12.839+0000] {dag.py:3239} INFO - Sync 1 DAGs
[2026-07-23T07:17:12.872+0000] {logging_mixin.py:190} INFO - [2026-07-23T07:17:12.871+0000] {dag.py:4180} INFO - Setting next_dagrun for youtube_medallion_pipeline to None, run_after=None
[2026-07-23T07:17:12.916+0000] {processor.py:208} INFO - Processing /opt/airflow/dags/youtube_medallion_pipeline.py took 0.191 seconds
[2026-07-23T07:17:43.267+0000] {processor.py:186} INFO - Started process (PID=805) to work on /opt/airflow/dags/youtube_medallion_pipeline.py
[2026-07-23T07:17:43.270+0000] {processor.py:914} INFO - Processing file /opt/airflow/dags/youtube_medallion_pipeline.py for tasks to queue
[2026-07-23T07:17:43.275+0000] {logging_mixin.py:190} INFO - [2026-07-23T07:17:43.275+0000] {dagbag.py:588} INFO - Filling up the DagBag from /opt/airflow/dags/youtube_medallion_pipeline.py
[2026-07-23T07:17:43.318+0000] {processor.py:925} INFO - DAG(s) 'youtube_medallion_pipeline' retrieved from /opt/airflow/dags/youtube_medallion_pipeline.py
[2026-07-23T07:17:43.378+0000] {logging_mixin.py:190} INFO - [2026-07-23T07:17:43.378+0000] {dag.py:3239} INFO - Sync 1 DAGs
[2026-07-23T07:17:43.404+0000] {logging_mixin.py:190} INFO - [2026-07-23T07:17:43.403+0000] {dag.py:4180} INFO - Setting next_dagrun for youtube_medallion_pipeline to None, run_after=None
[2026-07-23T07:17:43.451+0000] {processor.py:208} INFO - Processing /opt/airflow/dags/youtube_medallion_pipeline.py took 0.195 seconds
[2026-07-23T07:18:14.021+0000] {processor.py:186} INFO - Started process (PID=810) to work on /opt/airflow/dags/youtube_medallion_pipeline.py
[2026-07-23T07:18:14.067+0000] {processor.py:914} INFO - Processing file /opt/airflow/dags/youtube_medallion_pipeline.py for tasks to queue
[2026-07-23T07:18:14.104+0000] {logging_mixin.py:190} INFO - [2026-07-23T07:18:14.101+0000] {dagbag.py:588} INFO - Filling up the DagBag from /opt/airflow/dags/youtube_medallion_pipeline.py
[2026-07-23T07:18:14.181+0000] {processor.py:925} INFO - DAG(s) 'youtube_medallion_pipeline' retrieved from /opt/airflow/dags/youtube_medallion_pipeline.py
[2026-07-23T07:18:14.276+0000] {logging_mixin.py:190} INFO - [2026-07-23T07:18:14.276+0000] {dag.py:3239} INFO - Sync 1 DAGs
[2026-07-23T07:18:14.333+0000] {logging_mixin.py:190} INFO - [2026-07-23T07:18:14.332+0000] {dag.py:4180} INFO - Setting next_dagrun for youtube_medallion_pipeline to None, run_after=None
[2026-07-23T07:18:14.394+0000] {processor.py:208} INFO - Processing /opt/airflow/dags/youtube_medallion_pipeline.py took 0.447 seconds
[2026-07-23T07:18:44.802+0000] {processor.py:186} INFO - Started process (PID=815) to work on /opt/airflow/dags/youtube_medallion_pipeline.py
[2026-07-23T07:18:44.846+0000] {processor.py:914} INFO - Processing file /opt/airflow/dags/youtube_medallion_pipeline.py for tasks to queue
[2026-07-23T07:18:44.853+0000] {logging_mixin.py:190} INFO - [2026-07-23T07:18:44.853+0000] {dagbag.py:588} INFO - Filling up the DagBag from /opt/airflow/dags/youtube_medallion_pipeline.py
[2026-07-23T07:18:44.900+0000] {processor.py:925} INFO - DAG(s) 'youtube_medallion_pipeline' retrieved from /opt/airflow/dags/youtube_medallion_pipeline.py
[2026-07-23T07:18:45.088+0000] {logging_mixin.py:190} INFO - [2026-07-23T07:18:45.087+0000] {dag.py:3239} INFO - Sync 1 DAGs
[2026-07-23T07:18:45.188+0000] {logging_mixin.py:190} INFO - [2026-07-23T07:18:45.187+0000] {dag.py:4180} INFO - Setting next_dagrun for youtube_medallion_pipeline to None, run_after=None
[2026-07-23T07:18:45.281+0000] {processor.py:208} INFO - Processing /opt/airflow/dags/youtube_medallion_pipeline.py took 0.490 seconds
[2026-07-23T07:19:16.039+0000] {processor.py:186} INFO - Started process (PID=839) to work on /opt/airflow/dags/youtube_medallion_pipeline.py
[2026-07-23T07:19:16.149+0000] {processor.py:914} INFO - Processing file /opt/airflow/dags/youtube_medallion_pipeline.py for tasks to queue
[2026-07-23T07:19:16.244+0000] {logging_mixin.py:190} INFO - [2026-07-23T07:19:16.235+0000] {dagbag.py:588} INFO - Filling up the DagBag from /opt/airflow/dags/youtube_medallion_pipeline.py
[2026-07-23T07:19:16.385+0000] {processor.py:925} INFO - DAG(s) 'youtube_medallion_pipeline' retrieved from /opt/airflow/dags/youtube_medallion_pipeline.py
[2026-07-23T07:19:16.825+0000] {logging_mixin.py:190} INFO - [2026-07-23T07:19:16.824+0000] {dag.py:3239} INFO - Sync 1 DAGs
[2026-07-23T07:19:16.954+0000] {logging_mixin.py:190} INFO - [2026-07-23T07:19:16.954+0000] {dag.py:4180} INFO - Setting next_dagrun for youtube_medallion_pipeline to None, run_after=None
[2026-07-23T07:19:17.038+0000] {processor.py:208} INFO - Processing /opt/airflow/dags/youtube_medallion_pipeline.py took 1.084 seconds
[2026-07-23T07:19:48.008+0000] {processor.py:186} INFO - Started process (PID=845) to work on /opt/airflow/dags/youtube_medallion_pipeline.py
[2026-07-23T07:19:48.017+0000] {processor.py:914} INFO - Processing file /opt/airflow/dags/youtube_medallion_pipeline.py for tasks to queue
[2026-07-23T07:19:48.048+0000] {logging_mixin.py:190} INFO - [2026-07-23T07:19:48.042+0000] {dagbag.py:588} INFO - Filling up the DagBag from /opt/airflow/dags/youtube_medallion_pipeline.py
[2026-07-23T07:19:48.318+0000] {processor.py:925} INFO - DAG(s) 'youtube_medallion_pipeline' retrieved from /opt/airflow/dags/youtube_medallion_pipeline.py
[2026-07-23T07:19:48.595+0000] {logging_mixin.py:190} INFO - [2026-07-23T07:19:48.594+0000] {dag.py:3239} INFO - Sync 1 DAGs
[2026-07-23T07:19:48.807+0000] {logging_mixin.py:190} INFO - [2026-07-23T07:19:48.806+0000] {dag.py:4180} INFO - Setting next_dagrun for youtube_medallion_pipeline to None, run_after=None
[2026-07-23T07:19:48.956+0000] {processor.py:208} INFO - Processing /opt/airflow/dags/youtube_medallion_pipeline.py took 1.127 seconds
[2026-07-23T07:20:19.506+0000] {processor.py:186} INFO - Started process (PID=850) to work on /opt/airflow/dags/youtube_medallion_pipeline.py
[2026-07-23T07:20:19.522+0000] {processor.py:914} INFO - Processing file /opt/airflow/dags/youtube_medallion_pipeline.py for tasks to queue
[2026-07-23T07:20:19.527+0000] {logging_mixin.py:190} INFO - [2026-07-23T07:20:19.526+0000] {dagbag.py:588} INFO - Filling up the DagBag from /opt/airflow/dags/youtube_medallion_pipeline.py
[2026-07-23T07:20:19.563+0000] {processor.py:925} INFO - DAG(s) 'youtube_medallion_pipeline' retrieved from /opt/airflow/dags/youtube_medallion_pipeline.py
[2026-07-23T07:20:19.748+0000] {logging_mixin.py:190} INFO - [2026-07-23T07:20:19.747+0000] {dag.py:3239} INFO - Sync 1 DAGs
[2026-07-23T07:20:19.820+0000] {logging_mixin.py:190} INFO - [2026-07-23T07:20:19.819+0000] {dag.py:4180} INFO - Setting next_dagrun for youtube_medallion_pipeline to None, run_after=None
[2026-07-23T07:20:19.900+0000] {processor.py:208} INFO - Processing /opt/airflow/dags/youtube_medallion_pipeline.py took 0.408 seconds
[2026-07-23T07:20:50.399+0000] {processor.py:186} INFO - Started process (PID=880) to work on /opt/airflow/dags/youtube_medallion_pipeline.py
[2026-07-23T07:20:50.414+0000] {processor.py:914} INFO - Processing file /opt/airflow/dags/youtube_medallion_pipeline.py for tasks to queue
[2026-07-23T07:20:50.420+0000] {logging_mixin.py:190} INFO - [2026-07-23T07:20:50.419+0000] {dagbag.py:588} INFO - Filling up the DagBag from /opt/airflow/dags/youtube_medallion_pipeline.py
[2026-07-23T07:20:50.472+0000] {processor.py:925} INFO - DAG(s) 'youtube_medallion_pipeline' retrieved from /opt/airflow/dags/youtube_medallion_pipeline.py
[2026-07-23T07:20:50.542+0000] {logging_mixin.py:190} INFO - [2026-07-23T07:20:50.541+0000] {dag.py:3239} INFO - Sync 1 DAGs
[2026-07-23T07:20:50.573+0000] {logging_mixin.py:190} INFO - [2026-07-23T07:20:50.572+0000] {dag.py:4180} INFO - Setting next_dagrun for youtube_medallion_pipeline to None, run_after=None
[2026-07-23T07:20:50.618+0000] {processor.py:208} INFO - Processing /opt/airflow/dags/youtube_medallion_pipeline.py took 0.235 seconds
[2026-07-23T07:21:20.768+0000] {processor.py:186} INFO - Started process (PID=921) to work on /opt/airflow/dags/youtube_medallion_pipeline.py
[2026-07-23T07:21:20.770+0000] {processor.py:914} INFO - Processing file /opt/airflow/dags/youtube_medallion_pipeline.py for tasks to queue
[2026-07-23T07:21:20.776+0000] {logging_mixin.py:190} INFO - [2026-07-23T07:21:20.775+0000] {dagbag.py:588} INFO - Filling up the DagBag from /opt/airflow/dags/youtube_medallion_pipeline.py
[2026-07-23T07:21:20.818+0000] {processor.py:925} INFO - DAG(s) 'youtube_medallion_pipeline' retrieved from /opt/airflow/dags/youtube_medallion_pipeline.py
[2026-07-23T07:21:20.868+0000] {logging_mixin.py:190} INFO - [2026-07-23T07:21:20.867+0000] {dag.py:3239} INFO - Sync 1 DAGs
[2026-07-23T07:21:20.893+0000] {logging_mixin.py:190} INFO - [2026-07-23T07:21:20.893+0000] {dag.py:4180} INFO - Setting next_dagrun for youtube_medallion_pipeline to None, run_after=None
[2026-07-23T07:21:20.947+0000] {processor.py:208} INFO - Processing /opt/airflow/dags/youtube_medallion_pipeline.py took 0.207 seconds
[2026-07-23T07:21:51.131+0000] {processor.py:186} INFO - Started process (PID=926) to work on /opt/airflow/dags/youtube_medallion_pipeline.py
[2026-07-23T07:21:51.136+0000] {processor.py:914} INFO - Processing file /opt/airflow/dags/youtube_medallion_pipeline.py for tasks to queue
[2026-07-23T07:21:51.147+0000] {logging_mixin.py:190} INFO - [2026-07-23T07:21:51.145+0000] {dagbag.py:588} INFO - Filling up the DagBag from /opt/airflow/dags/youtube_medallion_pipeline.py
[2026-07-23T07:21:51.236+0000] {processor.py:925} INFO - DAG(s) 'youtube_medallion_pipeline' retrieved from /opt/airflow/dags/youtube_medallion_pipeline.py
[2026-07-23T07:21:51.347+0000] {logging_mixin.py:190} INFO - [2026-07-23T07:21:51.347+0000] {dag.py:3239} INFO - Sync 1 DAGs
[2026-07-23T07:21:51.373+0000] {logging_mixin.py:190} INFO - [2026-07-23T07:21:51.372+0000] {dag.py:4180} INFO - Setting next_dagrun for youtube_medallion_pipeline to None, run_after=None
[2026-07-23T07:21:51.407+0000] {processor.py:208} INFO - Processing /opt/airflow/dags/youtube_medallion_pipeline.py took 0.303 seconds
[2026-07-23T07:22:21.622+0000] {processor.py:186} INFO - Started process (PID=931) to work on /opt/airflow/dags/youtube_medallion_pipeline.py
[2026-07-23T07:22:21.624+0000] {processor.py:914} INFO - Processing file /opt/airflow/dags/youtube_medallion_pipeline.py for tasks to queue
[2026-07-23T07:22:21.634+0000] {logging_mixin.py:190} INFO - [2026-07-23T07:22:21.632+0000] {dagbag.py:588} INFO - Filling up the DagBag from /opt/airflow/dags/youtube_medallion_pipeline.py
[2026-07-23T07:22:21.679+0000] {processor.py:925} INFO - DAG(s) 'youtube_medallion_pipeline' retrieved from /opt/airflow/dags/youtube_medallion_pipeline.py
[2026-07-23T07:22:21.734+0000] {logging_mixin.py:190} INFO - [2026-07-23T07:22:21.734+0000] {dag.py:3239} INFO - Sync 1 DAGs
[2026-07-23T07:22:21.766+0000] {logging_mixin.py:190} INFO - [2026-07-23T07:22:21.766+0000] {dag.py:4180} INFO - Setting next_dagrun for youtube_medallion_pipeline to None, run_after=None
[2026-07-23T07:22:21.805+0000] {processor.py:208} INFO - Processing /opt/airflow/dags/youtube_medallion_pipeline.py took 0.193 seconds
[2026-07-23T07:22:51.983+0000] {processor.py:186} INFO - Started process (PID=936) to work on /opt/airflow/dags/youtube_medallion_pipeline.py
[2026-07-23T07:22:51.986+0000] {processor.py:914} INFO - Processing file /opt/airflow/dags/youtube_medallion_pipeline.py for tasks to queue
[2026-07-23T07:22:51.993+0000] {logging_mixin.py:190} INFO - [2026-07-23T07:22:51.992+0000] {dagbag.py:588} INFO - Filling up the DagBag from /opt/airflow/dags/youtube_medallion_pipeline.py
[2026-07-23T07:22:52.028+0000] {processor.py:925} INFO - DAG(s) 'youtube_medallion_pipeline' retrieved from /opt/airflow/dags/youtube_medallion_pipeline.py
[2026-07-23T07:22:52.087+0000] {logging_mixin.py:190} INFO - [2026-07-23T07:22:52.087+0000] {dag.py:3239} INFO - Sync 1 DAGs
[2026-07-23T07:22:52.118+0000] {logging_mixin.py:190} INFO - [2026-07-23T07:22:52.117+0000] {dag.py:4180} INFO - Setting next_dagrun for youtube_medallion_pipeline to None, run_after=None
[2026-07-23T07:22:52.155+0000] {processor.py:208} INFO - Processing /opt/airflow/dags/youtube_medallion_pipeline.py took 0.187 seconds
[2026-07-23T07:23:22.422+0000] {processor.py:186} INFO - Started process (PID=941) to work on /opt/airflow/dags/youtube_medallion_pipeline.py
[2026-07-23T07:23:22.425+0000] {processor.py:914} INFO - Processing file /opt/airflow/dags/youtube_medallion_pipeline.py for tasks to queue
[2026-07-23T07:23:22.430+0000] {logging_mixin.py:190} INFO - [2026-07-23T07:23:22.429+0000] {dagbag.py:588} INFO - Filling up the DagBag from /opt/airflow/dags/youtube_medallion_pipeline.py
[2026-07-23T07:23:22.474+0000] {processor.py:925} INFO - DAG(s) 'youtube_medallion_pipeline' retrieved from /opt/airflow/dags/youtube_medallion_pipeline.py
[2026-07-23T07:23:22.534+0000] {logging_mixin.py:190} INFO - [2026-07-23T07:23:22.534+0000] {dag.py:3239} INFO - Sync 1 DAGs
[2026-07-23T07:23:22.556+0000] {logging_mixin.py:190} INFO - [2026-07-23T07:23:22.556+0000] {dag.py:4180} INFO - Setting next_dagrun for youtube_medallion_pipeline to None, run_after=None
[2026-07-23T07:23:22.588+0000] {processor.py:208} INFO - Processing /opt/airflow/dags/youtube_medallion_pipeline.py took 0.181 seconds
[2026-07-23T07:23:52.751+0000] {processor.py:186} INFO - Started process (PID=946) to work on /opt/airflow/dags/youtube_medallion_pipeline.py
[2026-07-23T07:23:52.753+0000] {processor.py:914} INFO - Processing file /opt/airflow/dags/youtube_medallion_pipeline.py for tasks to queue
[2026-07-23T07:23:52.757+0000] {logging_mixin.py:190} INFO - [2026-07-23T07:23:52.757+0000] {dagbag.py:588} INFO - Filling up the DagBag from /opt/airflow/dags/youtube_medallion_pipeline.py
[2026-07-23T07:23:52.789+0000] {processor.py:925} INFO - DAG(s) 'youtube_medallion_pipeline' retrieved from /opt/airflow/dags/youtube_medallion_pipeline.py
[2026-07-23T07:23:52.835+0000] {logging_mixin.py:190} INFO - [2026-07-23T07:23:52.835+0000] {dag.py:3239} INFO - Sync 1 DAGs
[2026-07-23T07:23:52.861+0000] {logging_mixin.py:190} INFO - [2026-07-23T07:23:52.860+0000] {dag.py:4180} INFO - Setting next_dagrun for youtube_medallion_pipeline to None, run_after=None
[2026-07-23T07:23:52.900+0000] {processor.py:208} INFO - Processing /opt/airflow/dags/youtube_medallion_pipeline.py took 0.157 seconds
[2026-07-23T07:24:23.166+0000] {processor.py:186} INFO - Started process (PID=951) to work on /opt/airflow/dags/youtube_medallion_pipeline.py
[2026-07-23T07:24:23.168+0000] {processor.py:914} INFO - Processing file /opt/airflow/dags/youtube_medallion_pipeline.py for tasks to queue
[2026-07-23T07:24:23.173+0000] {logging_mixin.py:190} INFO - [2026-07-23T07:24:23.172+0000] {dagbag.py:588} INFO - Filling up the DagBag from /opt/airflow/dags/youtube_medallion_pipeline.py
[2026-07-23T07:24:23.209+0000] {processor.py:925} INFO - DAG(s) 'youtube_medallion_pipeline' retrieved from /opt/airflow/dags/youtube_medallion_pipeline.py
[2026-07-23T07:24:23.276+0000] {logging_mixin.py:190} INFO - [2026-07-23T07:24:23.276+0000] {dag.py:3239} INFO - Sync 1 DAGs
[2026-07-23T07:24:23.306+0000] {logging_mixin.py:190} INFO - [2026-07-23T07:24:23.305+0000] {dag.py:4180} INFO - Setting next_dagrun for youtube_medallion_pipeline to None, run_after=None
[2026-07-23T07:24:23.338+0000] {processor.py:208} INFO - Processing /opt/airflow/dags/youtube_medallion_pipeline.py took 0.182 seconds
[2026-07-23T07:24:53.545+0000] {processor.py:186} INFO - Started process (PID=956) to work on /opt/airflow/dags/youtube_medallion_pipeline.py
[2026-07-23T07:24:53.547+0000] {processor.py:914} INFO - Processing file /opt/airflow/dags/youtube_medallion_pipeline.py for tasks to queue
[2026-07-23T07:24:53.553+0000] {logging_mixin.py:190} INFO - [2026-07-23T07:24:53.551+0000] {dagbag.py:588} INFO - Filling up the DagBag from /opt/airflow/dags/youtube_medallion_pipeline.py
[2026-07-23T07:24:53.595+0000] {processor.py:925} INFO - DAG(s) 'youtube_medallion_pipeline' retrieved from /opt/airflow/dags/youtube_medallion_pipeline.py
[2026-07-23T07:24:53.648+0000] {logging_mixin.py:190} INFO - [2026-07-23T07:24:53.648+0000] {dag.py:3239} INFO - Sync 1 DAGs
[2026-07-23T07:24:53.686+0000] {logging_mixin.py:190} INFO - [2026-07-23T07:24:53.686+0000] {dag.py:4180} INFO - Setting next_dagrun for youtube_medallion_pipeline to None, run_after=None
[2026-07-23T07:24:53.723+0000] {processor.py:208} INFO - Processing /opt/airflow/dags/youtube_medallion_pipeline.py took 0.188 seconds
[2026-07-23T07:25:24.062+0000] {processor.py:186} INFO - Started process (PID=961) to work on /opt/airflow/dags/youtube_medallion_pipeline.py
[2026-07-23T07:25:24.066+0000] {processor.py:914} INFO - Processing file /opt/airflow/dags/youtube_medallion_pipeline.py for tasks to queue
[2026-07-23T07:25:24.073+0000] {logging_mixin.py:190} INFO - [2026-07-23T07:25:24.072+0000] {dagbag.py:588} INFO - Filling up the DagBag from /opt/airflow/dags/youtube_medallion_pipeline.py
[2026-07-23T07:25:24.113+0000] {processor.py:925} INFO - DAG(s) 'youtube_medallion_pipeline' retrieved from /opt/airflow/dags/youtube_medallion_pipeline.py
[2026-07-23T07:25:24.167+0000] {logging_mixin.py:190} INFO - [2026-07-23T07:25:24.166+0000] {dag.py:3239} INFO - Sync 1 DAGs
[2026-07-23T07:25:24.191+0000] {logging_mixin.py:190} INFO - [2026-07-23T07:25:24.191+0000] {dag.py:4180} INFO - Setting next_dagrun for youtube_medallion_pipeline to None, run_after=None
[2026-07-23T07:25:24.225+0000] {processor.py:208} INFO - Processing /opt/airflow/dags/youtube_medallion_pipeline.py took 0.180 seconds
[2026-07-23T07:25:54.333+0000] {processor.py:186} INFO - Started process (PID=966) to work on /opt/airflow/dags/youtube_medallion_pipeline.py
[2026-07-23T07:25:54.335+0000] {processor.py:914} INFO - Processing file /opt/airflow/dags/youtube_medallion_pipeline.py for tasks to queue
[2026-07-23T07:25:54.341+0000] {logging_mixin.py:190} INFO - [2026-07-23T07:25:54.340+0000] {dagbag.py:588} INFO - Filling up the DagBag from /opt/airflow/dags/youtube_medallion_pipeline.py
[2026-07-23T07:25:54.371+0000] {processor.py:925} INFO - DAG(s) 'youtube_medallion_pipeline' retrieved from /opt/airflow/dags/youtube_medallion_pipeline.py
[2026-07-23T07:25:54.418+0000] {logging_mixin.py:190} INFO - [2026-07-23T07:25:54.418+0000] {dag.py:3239} INFO - Sync 1 DAGs
[2026-07-23T07:25:54.440+0000] {logging_mixin.py:190} INFO - [2026-07-23T07:25:54.440+0000] {dag.py:4180} INFO - Setting next_dagrun for youtube_medallion_pipeline to None, run_after=None
[2026-07-23T07:25:54.468+0000] {processor.py:208} INFO - Processing /opt/airflow/dags/youtube_medallion_pipeline.py took 0.144 seconds
[2026-07-23T07:26:24.642+0000] {processor.py:186} INFO - Started process (PID=971) to work on /opt/airflow/dags/youtube_medallion_pipeline.py
[2026-07-23T07:26:24.644+0000] {processor.py:914} INFO - Processing file /opt/airflow/dags/youtube_medallion_pipeline.py for tasks to queue
[2026-07-23T07:26:24.648+0000] {logging_mixin.py:190} INFO - [2026-07-23T07:26:24.647+0000] {dagbag.py:588} INFO - Filling up the DagBag from /opt/airflow/dags/youtube_medallion_pipeline.py
[2026-07-23T07:26:24.675+0000] {processor.py:925} INFO - DAG(s) 'youtube_medallion_pipeline' retrieved from /opt/airflow/dags/youtube_medallion_pipeline.py
[2026-07-23T07:26:24.721+0000] {logging_mixin.py:190} INFO - [2026-07-23T07:26:24.720+0000] {dag.py:3239} INFO - Sync 1 DAGs
[2026-07-23T07:26:24.743+0000] {logging_mixin.py:190} INFO - [2026-07-23T07:26:24.743+0000] {dag.py:4180} INFO - Setting next_dagrun for youtube_medallion_pipeline to None, run_after=None
[2026-07-23T07:26:24.775+0000] {processor.py:208} INFO - Processing /opt/airflow/dags/youtube_medallion_pipeline.py took 0.139 seconds
[2026-07-23T07:26:55.031+0000] {processor.py:186} INFO - Started process (PID=976) to work on /opt/airflow/dags/youtube_medallion_pipeline.py
[2026-07-23T07:26:55.032+0000] {processor.py:914} INFO - Processing file /opt/airflow/dags/youtube_medallion_pipeline.py for tasks to queue
[2026-07-23T07:26:55.036+0000] {logging_mixin.py:190} INFO - [2026-07-23T07:26:55.036+0000] {dagbag.py:588} INFO - Filling up the DagBag from /opt/airflow/dags/youtube_medallion_pipeline.py
[2026-07-23T07:26:55.063+0000] {processor.py:925} INFO - DAG(s) 'youtube_medallion_pipeline' retrieved from /opt/airflow/dags/youtube_medallion_pipeline.py
[2026-07-23T07:26:55.112+0000] {logging_mixin.py:190} INFO - [2026-07-23T07:26:55.112+0000] {dag.py:3239} INFO - Sync 1 DAGs
[2026-07-23T07:26:55.135+0000] {logging_mixin.py:190} INFO - [2026-07-23T07:26:55.135+0000] {dag.py:4180} INFO - Setting next_dagrun for youtube_medallion_pipeline to None, run_after=None
[2026-07-23T07:26:55.164+0000] {processor.py:208} INFO - Processing /opt/airflow/dags/youtube_medallion_pipeline.py took 0.141 seconds
[2026-07-23T09:08:34.503+0000] {processor.py:186} INFO - Started process (PID=160) to work on /opt/airflow/dags/youtube_medallion_pipeline.py
[2026-07-23T09:08:34.505+0000] {processor.py:914} INFO - Processing file /opt/airflow/dags/youtube_medallion_pipeline.py for tasks to queue
[2026-07-23T09:08:34.511+0000] {logging_mixin.py:190} INFO - [2026-07-23T09:08:34.510+0000] {dagbag.py:588} INFO - Filling up the DagBag from /opt/airflow/dags/youtube_medallion_pipeline.py
[2026-07-23T09:08:34.619+0000] {processor.py:925} INFO - DAG(s) 'youtube_medallion_pipeline' retrieved from /opt/airflow/dags/youtube_medallion_pipeline.py
[2026-07-23T09:08:35.278+0000] {logging_mixin.py:190} INFO - [2026-07-23T09:08:35.276+0000] {override.py:1900} INFO - Created Permission View: can delete on DAG:youtube_medallion_pipeline
[2026-07-23T09:08:35.304+0000] {logging_mixin.py:190} INFO - [2026-07-23T09:08:35.304+0000] {override.py:1900} INFO - Created Permission View: can read on DAG:youtube_medallion_pipeline
[2026-07-23T09:08:35.363+0000] {logging_mixin.py:190} INFO - [2026-07-23T09:08:35.362+0000] {override.py:1900} INFO - Created Permission View: can edit on DAG:youtube_medallion_pipeline
[2026-07-23T09:08:35.392+0000] {logging_mixin.py:190} INFO - [2026-07-23T09:08:35.391+0000] {override.py:1900} INFO - Created Permission View: can delete on DAG Run:youtube_medallion_pipeline
[2026-07-23T09:08:35.410+0000] {logging_mixin.py:190} INFO - [2026-07-23T09:08:35.410+0000] {override.py:1900} INFO - Created Permission View: can read on DAG Run:youtube_medallion_pipeline
[2026-07-23T09:08:35.430+0000] {logging_mixin.py:190} INFO - [2026-07-23T09:08:35.429+0000] {override.py:1900} INFO - Created Permission View: menu access on DAG Run:youtube_medallion_pipeline
[2026-07-23T09:08:35.449+0000] {logging_mixin.py:190} INFO - [2026-07-23T09:08:35.448+0000] {override.py:1900} INFO - Created Permission View: can create on DAG Run:youtube_medallion_pipeline
[2026-07-23T09:08:35.451+0000] {logging_mixin.py:190} INFO - [2026-07-23T09:08:35.451+0000] {dag.py:3239} INFO - Sync 1 DAGs
[2026-07-23T09:08:35.487+0000] {logging_mixin.py:190} INFO - [2026-07-23T09:08:35.487+0000] {dag.py:3262} INFO - Creating ORM DAG for youtube_medallion_pipeline
[2026-07-23T09:08:35.491+0000] {logging_mixin.py:190} INFO - [2026-07-23T09:08:35.490+0000] {dag.py:4180} INFO - Setting next_dagrun for youtube_medallion_pipeline to None, run_after=None
[2026-07-23T09:08:35.546+0000] {processor.py:208} INFO - Processing /opt/airflow/dags/youtube_medallion_pipeline.py took 1.061 seconds
[2026-07-23T09:09:05.894+0000] {processor.py:186} INFO - Started process (PID=165) to work on /opt/airflow/dags/youtube_medallion_pipeline.py
[2026-07-23T09:09:05.896+0000] {processor.py:914} INFO - Processing file /opt/airflow/dags/youtube_medallion_pipeline.py for tasks to queue
[2026-07-23T09:09:05.904+0000] {logging_mixin.py:190} INFO - [2026-07-23T09:09:05.903+0000] {dagbag.py:588} INFO - Filling up the DagBag from /opt/airflow/dags/youtube_medallion_pipeline.py
[2026-07-23T09:09:05.934+0000] {processor.py:925} INFO - DAG(s) 'youtube_medallion_pipeline' retrieved from /opt/airflow/dags/youtube_medallion_pipeline.py
[2026-07-23T09:09:05.981+0000] {logging_mixin.py:190} INFO - [2026-07-23T09:09:05.980+0000] {dag.py:3239} INFO - Sync 1 DAGs
[2026-07-23T09:09:06.008+0000] {logging_mixin.py:190} INFO - [2026-07-23T09:09:06.008+0000] {dag.py:4180} INFO - Setting next_dagrun for youtube_medallion_pipeline to None, run_after=None
[2026-07-23T09:09:06.040+0000] {processor.py:208} INFO - Processing /opt/airflow/dags/youtube_medallion_pipeline.py took 0.156 seconds
[2026-07-23T09:09:36.328+0000] {processor.py:186} INFO - Started process (PID=170) to work on /opt/airflow/dags/youtube_medallion_pipeline.py
[2026-07-23T09:09:36.331+0000] {processor.py:914} INFO - Processing file /opt/airflow/dags/youtube_medallion_pipeline.py for tasks to queue
[2026-07-23T09:09:36.335+0000] {logging_mixin.py:190} INFO - [2026-07-23T09:09:36.335+0000] {dagbag.py:588} INFO - Filling up the DagBag from /opt/airflow/dags/youtube_medallion_pipeline.py
[2026-07-23T09:09:36.364+0000] {processor.py:925} INFO - DAG(s) 'youtube_medallion_pipeline' retrieved from /opt/airflow/dags/youtube_medallion_pipeline.py
[2026-07-23T09:09:36.419+0000] {logging_mixin.py:190} INFO - [2026-07-23T09:09:36.419+0000] {dag.py:3239} INFO - Sync 1 DAGs
[2026-07-23T09:09:36.446+0000] {logging_mixin.py:190} INFO - [2026-07-23T09:09:36.446+0000] {dag.py:4180} INFO - Setting next_dagrun for youtube_medallion_pipeline to None, run_after=None
[2026-07-23T09:09:36.490+0000] {processor.py:208} INFO - Processing /opt/airflow/dags/youtube_medallion_pipeline.py took 0.171 seconds
[2026-07-23T09:10:06.619+0000] {processor.py:186} INFO - Started process (PID=175) to work on /opt/airflow/dags/youtube_medallion_pipeline.py
[2026-07-23T09:10:06.621+0000] {processor.py:914} INFO - Processing file /opt/airflow/dags/youtube_medallion_pipeline.py for tasks to queue
[2026-07-23T09:10:06.626+0000] {logging_mixin.py:190} INFO - [2026-07-23T09:10:06.625+0000] {dagbag.py:588} INFO - Filling up the DagBag from /opt/airflow/dags/youtube_medallion_pipeline.py
[2026-07-23T09:10:06.655+0000] {processor.py:925} INFO - DAG(s) 'youtube_medallion_pipeline' retrieved from /opt/airflow/dags/youtube_medallion_pipeline.py
[2026-07-23T09:10:06.714+0000] {logging_mixin.py:190} INFO - [2026-07-23T09:10:06.714+0000] {dag.py:3239} INFO - Sync 1 DAGs
[2026-07-23T09:10:06.744+0000] {logging_mixin.py:190} INFO - [2026-07-23T09:10:06.744+0000] {dag.py:4180} INFO - Setting next_dagrun for youtube_medallion_pipeline to None, run_after=None
[2026-07-23T09:10:06.775+0000] {processor.py:208} INFO - Processing /opt/airflow/dags/youtube_medallion_pipeline.py took 0.166 seconds
[2026-07-23T09:10:37.006+0000] {processor.py:186} INFO - Started process (PID=180) to work on /opt/airflow/dags/youtube_medallion_pipeline.py
[2026-07-23T09:10:37.009+0000] {processor.py:914} INFO - Processing file /opt/airflow/dags/youtube_medallion_pipeline.py for tasks to queue
[2026-07-23T09:10:37.013+0000] {logging_mixin.py:190} INFO - [2026-07-23T09:10:37.013+0000] {dagbag.py:588} INFO - Filling up the DagBag from /opt/airflow/dags/youtube_medallion_pipeline.py
[2026-07-23T09:10:37.039+0000] {processor.py:925} INFO - DAG(s) 'youtube_medallion_pipeline' retrieved from /opt/airflow/dags/youtube_medallion_pipeline.py
[2026-07-23T09:10:37.084+0000] {logging_mixin.py:190} INFO - [2026-07-23T09:10:37.084+0000] {dag.py:3239} INFO - Sync 1 DAGs
[2026-07-23T09:10:37.106+0000] {logging_mixin.py:190} INFO - [2026-07-23T09:10:37.106+0000] {dag.py:4180} INFO - Setting next_dagrun for youtube_medallion_pipeline to None, run_after=None
[2026-07-23T09:10:37.138+0000] {processor.py:208} INFO - Processing /opt/airflow/dags/youtube_medallion_pipeline.py took 0.141 seconds
[2026-07-23T09:11:07.272+0000] {processor.py:186} INFO - Started process (PID=185) to work on /opt/airflow/dags/youtube_medallion_pipeline.py
[2026-07-23T09:11:07.275+0000] {processor.py:914} INFO - Processing file /opt/airflow/dags/youtube_medallion_pipeline.py for tasks to queue
[2026-07-23T09:11:07.279+0000] {logging_mixin.py:190} INFO - [2026-07-23T09:11:07.278+0000] {dagbag.py:588} INFO - Filling up the DagBag from /opt/airflow/dags/youtube_medallion_pipeline.py
[2026-07-23T09:11:07.308+0000] {processor.py:925} INFO - DAG(s) 'youtube_medallion_pipeline' retrieved from /opt/airflow/dags/youtube_medallion_pipeline.py
[2026-07-23T09:11:07.362+0000] {logging_mixin.py:190} INFO - [2026-07-23T09:11:07.362+0000] {dag.py:3239} INFO - Sync 1 DAGs
[2026-07-23T09:11:07.389+0000] {logging_mixin.py:190} INFO - [2026-07-23T09:11:07.389+0000] {dag.py:4180} INFO - Setting next_dagrun for youtube_medallion_pipeline to None, run_after=None
[2026-07-23T09:11:07.421+0000] {processor.py:208} INFO - Processing /opt/airflow/dags/youtube_medallion_pipeline.py took 0.157 seconds
[2026-07-23T09:11:37.674+0000] {processor.py:186} INFO - Started process (PID=190) to work on /opt/airflow/dags/youtube_medallion_pipeline.py
[2026-07-23T09:11:37.676+0000] {processor.py:914} INFO - Processing file /opt/airflow/dags/youtube_medallion_pipeline.py for tasks to queue
[2026-07-23T09:11:37.681+0000] {logging_mixin.py:190} INFO - [2026-07-23T09:11:37.680+0000] {dagbag.py:588} INFO - Filling up the DagBag from /opt/airflow/dags/youtube_medallion_pipeline.py
[2026-07-23T09:11:37.711+0000] {processor.py:925} INFO - DAG(s) 'youtube_medallion_pipeline' retrieved from /opt/airflow/dags/youtube_medallion_pipeline.py
[2026-07-23T09:11:37.762+0000] {logging_mixin.py:190} INFO - [2026-07-23T09:11:37.762+0000] {dag.py:3239} INFO - Sync 1 DAGs
[2026-07-23T09:11:37.794+0000] {logging_mixin.py:190} INFO - [2026-07-23T09:11:37.794+0000] {dag.py:4180} INFO - Setting next_dagrun for youtube_medallion_pipeline to None, run_after=None
[2026-07-23T09:11:37.838+0000] {processor.py:208} INFO - Processing /opt/airflow/dags/youtube_medallion_pipeline.py took 0.175 seconds
[2026-07-23T09:12:07.997+0000] {processor.py:186} INFO - Started process (PID=195) to work on /opt/airflow/dags/youtube_medallion_pipeline.py
[2026-07-23T09:12:08.000+0000] {processor.py:914} INFO - Processing file /opt/airflow/dags/youtube_medallion_pipeline.py for tasks to queue
[2026-07-23T09:12:08.006+0000] {logging_mixin.py:190} INFO - [2026-07-23T09:12:08.004+0000] {dagbag.py:588} INFO - Filling up the DagBag from /opt/airflow/dags/youtube_medallion_pipeline.py
[2026-07-23T09:12:08.039+0000] {processor.py:925} INFO - DAG(s) 'youtube_medallion_pipeline' retrieved from /opt/airflow/dags/youtube_medallion_pipeline.py
[2026-07-23T09:12:08.118+0000] {logging_mixin.py:190} INFO - [2026-07-23T09:12:08.117+0000] {dag.py:3239} INFO - Sync 1 DAGs
[2026-07-23T09:12:08.153+0000] {logging_mixin.py:190} INFO - [2026-07-23T09:12:08.153+0000] {dag.py:4180} INFO - Setting next_dagrun for youtube_medallion_pipeline to None, run_after=None
[2026-07-23T09:12:08.240+0000] {processor.py:208} INFO - Processing /opt/airflow/dags/youtube_medallion_pipeline.py took 0.251 seconds
[2026-07-23T09:12:38.392+0000] {processor.py:186} INFO - Started process (PID=200) to work on /opt/airflow/dags/youtube_medallion_pipeline.py
[2026-07-23T09:12:38.396+0000] {processor.py:914} INFO - Processing file /opt/airflow/dags/youtube_medallion_pipeline.py for tasks to queue
[2026-07-23T09:12:38.402+0000] {logging_mixin.py:190} INFO - [2026-07-23T09:12:38.402+0000] {dagbag.py:588} INFO - Filling up the DagBag from /opt/airflow/dags/youtube_medallion_pipeline.py
[2026-07-23T09:12:38.435+0000] {processor.py:925} INFO - DAG(s) 'youtube_medallion_pipeline' retrieved from /opt/airflow/dags/youtube_medallion_pipeline.py
[2026-07-23T09:12:38.485+0000] {logging_mixin.py:190} INFO - [2026-07-23T09:12:38.485+0000] {dag.py:3239} INFO - Sync 1 DAGs
[2026-07-23T09:12:38.509+0000] {logging_mixin.py:190} INFO - [2026-07-23T09:12:38.509+0000] {dag.py:4180} INFO - Setting next_dagrun for youtube_medallion_pipeline to None, run_after=None
[2026-07-23T09:12:38.543+0000] {processor.py:208} INFO - Processing /opt/airflow/dags/youtube_medallion_pipeline.py took 0.161 seconds
[2026-07-23T09:13:08.616+0000] {processor.py:186} INFO - Started process (PID=205) to work on /opt/airflow/dags/youtube_medallion_pipeline.py
[2026-07-23T09:13:08.618+0000] {processor.py:914} INFO - Processing file /opt/airflow/dags/youtube_medallion_pipeline.py for tasks to queue
[2026-07-23T09:13:08.622+0000] {logging_mixin.py:190} INFO - [2026-07-23T09:13:08.622+0000] {dagbag.py:588} INFO - Filling up the DagBag from /opt/airflow/dags/youtube_medallion_pipeline.py
[2026-07-23T09:13:08.647+0000] {processor.py:925} INFO - DAG(s) 'youtube_medallion_pipeline' retrieved from /opt/airflow/dags/youtube_medallion_pipeline.py
[2026-07-23T09:13:08.695+0000] {logging_mixin.py:190} INFO - [2026-07-23T09:13:08.695+0000] {dag.py:3239} INFO - Sync 1 DAGs
[2026-07-23T09:13:08.721+0000] {logging_mixin.py:190} INFO - [2026-07-23T09:13:08.721+0000] {dag.py:4180} INFO - Setting next_dagrun for youtube_medallion_pipeline to None, run_after=None
[2026-07-23T09:13:08.754+0000] {processor.py:208} INFO - Processing /opt/airflow/dags/youtube_medallion_pipeline.py took 0.144 seconds
[2026-07-23T09:13:38.990+0000] {processor.py:186} INFO - Started process (PID=210) to work on /opt/airflow/dags/youtube_medallion_pipeline.py
[2026-07-23T09:13:38.992+0000] {processor.py:914} INFO - Processing file /opt/airflow/dags/youtube_medallion_pipeline.py for tasks to queue
[2026-07-23T09:13:38.996+0000] {logging_mixin.py:190} INFO - [2026-07-23T09:13:38.996+0000] {dagbag.py:588} INFO - Filling up the DagBag from /opt/airflow/dags/youtube_medallion_pipeline.py
[2026-07-23T09:13:39.024+0000] {processor.py:925} INFO - DAG(s) 'youtube_medallion_pipeline' retrieved from /opt/airflow/dags/youtube_medallion_pipeline.py
[2026-07-23T09:13:39.067+0000] {logging_mixin.py:190} INFO - [2026-07-23T09:13:39.067+0000] {dag.py:3239} INFO - Sync 1 DAGs
[2026-07-23T09:13:39.090+0000] {logging_mixin.py:190} INFO - [2026-07-23T09:13:39.090+0000] {dag.py:4180} INFO - Setting next_dagrun for youtube_medallion_pipeline to None, run_after=None
[2026-07-23T09:13:39.120+0000] {processor.py:208} INFO - Processing /opt/airflow/dags/youtube_medallion_pipeline.py took 0.137 seconds
[2026-07-23T09:14:09.267+0000] {processor.py:186} INFO - Started process (PID=215) to work on /opt/airflow/dags/youtube_medallion_pipeline.py
[2026-07-23T09:14:09.269+0000] {processor.py:914} INFO - Processing file /opt/airflow/dags/youtube_medallion_pipeline.py for tasks to queue
[2026-07-23T09:14:09.272+0000] {logging_mixin.py:190} INFO - [2026-07-23T09:14:09.272+0000] {dagbag.py:588} INFO - Filling up the DagBag from /opt/airflow/dags/youtube_medallion_pipeline.py
[2026-07-23T09:14:09.293+0000] {processor.py:925} INFO - DAG(s) 'youtube_medallion_pipeline' retrieved from /opt/airflow/dags/youtube_medallion_pipeline.py
[2026-07-23T09:14:09.335+0000] {logging_mixin.py:190} INFO - [2026-07-23T09:14:09.335+0000] {dag.py:3239} INFO - Sync 1 DAGs
[2026-07-23T09:14:09.355+0000] {logging_mixin.py:190} INFO - [2026-07-23T09:14:09.354+0000] {dag.py:4180} INFO - Setting next_dagrun for youtube_medallion_pipeline to None, run_after=None
[2026-07-23T09:14:09.383+0000] {processor.py:208} INFO - Processing /opt/airflow/dags/youtube_medallion_pipeline.py took 0.123 seconds
[2026-07-23T09:14:39.584+0000] {processor.py:186} INFO - Started process (PID=220) to work on /opt/airflow/dags/youtube_medallion_pipeline.py
[2026-07-23T09:14:39.586+0000] {processor.py:914} INFO - Processing file /opt/airflow/dags/youtube_medallion_pipeline.py for tasks to queue
[2026-07-23T09:14:39.590+0000] {logging_mixin.py:190} INFO - [2026-07-23T09:14:39.590+0000] {dagbag.py:588} INFO - Filling up the DagBag from /opt/airflow/dags/youtube_medallion_pipeline.py
[2026-07-23T09:14:39.612+0000] {processor.py:925} INFO - DAG(s) 'youtube_medallion_pipeline' retrieved from /opt/airflow/dags/youtube_medallion_pipeline.py
[2026-07-23T09:14:39.652+0000] {logging_mixin.py:190} INFO - [2026-07-23T09:14:39.652+0000] {dag.py:3239} INFO - Sync 1 DAGs
[2026-07-23T09:14:39.673+0000] {logging_mixin.py:190} INFO - [2026-07-23T09:14:39.673+0000] {dag.py:4180} INFO - Setting next_dagrun for youtube_medallion_pipeline to None, run_after=None
[2026-07-23T09:14:39.702+0000] {processor.py:208} INFO - Processing /opt/airflow/dags/youtube_medallion_pipeline.py took 0.125 seconds
[2026-07-23T09:15:09.880+0000] {processor.py:186} INFO - Started process (PID=225) to work on /opt/airflow/dags/youtube_medallion_pipeline.py
[2026-07-23T09:15:09.882+0000] {processor.py:914} INFO - Processing file /opt/airflow/dags/youtube_medallion_pipeline.py for tasks to queue
[2026-07-23T09:15:09.887+0000] {logging_mixin.py:190} INFO - [2026-07-23T09:15:09.886+0000] {dagbag.py:588} INFO - Filling up the DagBag from /opt/airflow/dags/youtube_medallion_pipeline.py
[2026-07-23T09:15:09.924+0000] {processor.py:925} INFO - DAG(s) 'youtube_medallion_pipeline' retrieved from /opt/airflow/dags/youtube_medallion_pipeline.py
[2026-07-23T09:15:09.976+0000] {logging_mixin.py:190} INFO - [2026-07-23T09:15:09.975+0000] {dag.py:3239} INFO - Sync 1 DAGs
[2026-07-23T09:15:10.000+0000] {logging_mixin.py:190} INFO - [2026-07-23T09:15:09.999+0000] {dag.py:4180} INFO - Setting next_dagrun for youtube_medallion_pipeline to None, run_after=None
[2026-07-23T09:15:10.031+0000] {processor.py:208} INFO - Processing /opt/airflow/dags/youtube_medallion_pipeline.py took 0.164 seconds
[2026-07-23T09:15:40.210+0000] {processor.py:186} INFO - Started process (PID=230) to work on /opt/airflow/dags/youtube_medallion_pipeline.py
[2026-07-23T09:15:40.212+0000] {processor.py:914} INFO - Processing file /opt/airflow/dags/youtube_medallion_pipeline.py for tasks to queue
[2026-07-23T09:15:40.216+0000] {logging_mixin.py:190} INFO - [2026-07-23T09:15:40.216+0000] {dagbag.py:588} INFO - Filling up the DagBag from /opt/airflow/dags/youtube_medallion_pipeline.py
[2026-07-23T09:15:40.241+0000] {processor.py:925} INFO - DAG(s) 'youtube_medallion_pipeline' retrieved from /opt/airflow/dags/youtube_medallion_pipeline.py
[2026-07-23T09:15:40.286+0000] {logging_mixin.py:190} INFO - [2026-07-23T09:15:40.286+0000] {dag.py:3239} INFO - Sync 1 DAGs
[2026-07-23T09:15:40.307+0000] {logging_mixin.py:190} INFO - [2026-07-23T09:15:40.307+0000] {dag.py:4180} INFO - Setting next_dagrun for youtube_medallion_pipeline to None, run_after=None
[2026-07-23T09:15:40.337+0000] {processor.py:208} INFO - Processing /opt/airflow/dags/youtube_medallion_pipeline.py took 0.135 seconds
[2026-07-23T09:16:10.535+0000] {processor.py:186} INFO - Started process (PID=235) to work on /opt/airflow/dags/youtube_medallion_pipeline.py
[2026-07-23T09:16:10.537+0000] {processor.py:914} INFO - Processing file /opt/airflow/dags/youtube_medallion_pipeline.py for tasks to queue
[2026-07-23T09:16:10.541+0000] {logging_mixin.py:190} INFO - [2026-07-23T09:16:10.541+0000] {dagbag.py:588} INFO - Filling up the DagBag from /opt/airflow/dags/youtube_medallion_pipeline.py
[2026-07-23T09:16:10.565+0000] {processor.py:925} INFO - DAG(s) 'youtube_medallion_pipeline' retrieved from /opt/airflow/dags/youtube_medallion_pipeline.py
[2026-07-23T09:16:10.605+0000] {logging_mixin.py:190} INFO - [2026-07-23T09:16:10.605+0000] {dag.py:3239} INFO - Sync 1 DAGs
[2026-07-23T09:16:10.626+0000] {logging_mixin.py:190} INFO - [2026-07-23T09:16:10.625+0000] {dag.py:4180} INFO - Setting next_dagrun for youtube_medallion_pipeline to None, run_after=None
[2026-07-23T09:16:10.655+0000] {processor.py:208} INFO - Processing /opt/airflow/dags/youtube_medallion_pipeline.py took 0.128 seconds
[2026-07-23T09:16:40.838+0000] {processor.py:186} INFO - Started process (PID=240) to work on /opt/airflow/dags/youtube_medallion_pipeline.py
[2026-07-23T09:16:40.840+0000] {processor.py:914} INFO - Processing file /opt/airflow/dags/youtube_medallion_pipeline.py for tasks to queue
[2026-07-23T09:16:40.843+0000] {logging_mixin.py:190} INFO - [2026-07-23T09:16:40.843+0000] {dagbag.py:588} INFO - Filling up the DagBag from /opt/airflow/dags/youtube_medallion_pipeline.py
[2026-07-23T09:16:40.866+0000] {processor.py:925} INFO - DAG(s) 'youtube_medallion_pipeline' retrieved from /opt/airflow/dags/youtube_medallion_pipeline.py
[2026-07-23T09:16:40.906+0000] {logging_mixin.py:190} INFO - [2026-07-23T09:16:40.906+0000] {dag.py:3239} INFO - Sync 1 DAGs
[2026-07-23T09:16:40.927+0000] {logging_mixin.py:190} INFO - [2026-07-23T09:16:40.926+0000] {dag.py:4180} INFO - Setting next_dagrun for youtube_medallion_pipeline to None, run_after=None
[2026-07-23T09:16:40.955+0000] {processor.py:208} INFO - Processing /opt/airflow/dags/youtube_medallion_pipeline.py took 0.123 seconds
[2026-07-23T09:17:11.186+0000] {processor.py:186} INFO - Started process (PID=245) to work on /opt/airflow/dags/youtube_medallion_pipeline.py
[2026-07-23T09:17:11.188+0000] {processor.py:914} INFO - Processing file /opt/airflow/dags/youtube_medallion_pipeline.py for tasks to queue
[2026-07-23T09:17:11.193+0000] {logging_mixin.py:190} INFO - [2026-07-23T09:17:11.192+0000] {dagbag.py:588} INFO - Filling up the DagBag from /opt/airflow/dags/youtube_medallion_pipeline.py
[2026-07-23T09:17:11.218+0000] {processor.py:925} INFO - DAG(s) 'youtube_medallion_pipeline' retrieved from /opt/airflow/dags/youtube_medallion_pipeline.py
[2026-07-23T09:17:11.262+0000] {logging_mixin.py:190} INFO - [2026-07-23T09:17:11.262+0000] {dag.py:3239} INFO - Sync 1 DAGs
[2026-07-23T09:17:11.283+0000] {logging_mixin.py:190} INFO - [2026-07-23T09:17:11.283+0000] {dag.py:4180} INFO - Setting next_dagrun for youtube_medallion_pipeline to None, run_after=None
[2026-07-23T09:17:11.311+0000] {processor.py:208} INFO - Processing /opt/airflow/dags/youtube_medallion_pipeline.py took 0.133 seconds
[2026-07-23T09:17:41.459+0000] {processor.py:186} INFO - Started process (PID=250) to work on /opt/airflow/dags/youtube_medallion_pipeline.py
[2026-07-23T09:17:41.461+0000] {processor.py:914} INFO - Processing file /opt/airflow/dags/youtube_medallion_pipeline.py for tasks to queue
[2026-07-23T09:17:41.465+0000] {logging_mixin.py:190} INFO - [2026-07-23T09:17:41.464+0000] {dagbag.py:588} INFO - Filling up the DagBag from /opt/airflow/dags/youtube_medallion_pipeline.py
[2026-07-23T09:17:41.489+0000] {processor.py:925} INFO - DAG(s) 'youtube_medallion_pipeline' retrieved from /opt/airflow/dags/youtube_medallion_pipeline.py
[2026-07-23T09:17:41.537+0000] {logging_mixin.py:190} INFO - [2026-07-23T09:17:41.536+0000] {dag.py:3239} INFO - Sync 1 DAGs
[2026-07-23T09:17:41.560+0000] {logging_mixin.py:190} INFO - [2026-07-23T09:17:41.560+0000] {dag.py:4180} INFO - Setting next_dagrun for youtube_medallion_pipeline to None, run_after=None
[2026-07-23T09:17:41.590+0000] {processor.py:208} INFO - Processing /opt/airflow/dags/youtube_medallion_pipeline.py took 0.141 seconds
[2026-07-23T09:18:11.804+0000] {processor.py:186} INFO - Started process (PID=255) to work on /opt/airflow/dags/youtube_medallion_pipeline.py
[2026-07-23T09:18:11.806+0000] {processor.py:914} INFO - Processing file /opt/airflow/dags/youtube_medallion_pipeline.py for tasks to queue
[2026-07-23T09:18:11.810+0000] {logging_mixin.py:190} INFO - [2026-07-23T09:18:11.810+0000] {dagbag.py:588} INFO - Filling up the DagBag from /opt/airflow/dags/youtube_medallion_pipeline.py
[2026-07-23T09:18:11.841+0000] {processor.py:925} INFO - DAG(s) 'youtube_medallion_pipeline' retrieved from /opt/airflow/dags/youtube_medallion_pipeline.py
[2026-07-23T09:18:11.895+0000] {logging_mixin.py:190} INFO - [2026-07-23T09:18:11.895+0000] {dag.py:3239} INFO - Sync 1 DAGs
[2026-07-23T09:18:11.919+0000] {logging_mixin.py:190} INFO - [2026-07-23T09:18:11.919+0000] {dag.py:4180} INFO - Setting next_dagrun for youtube_medallion_pipeline to None, run_after=None
[2026-07-23T09:18:11.951+0000] {processor.py:208} INFO - Processing /opt/airflow/dags/youtube_medallion_pipeline.py took 0.157 seconds
[2026-07-23T09:18:42.134+0000] {processor.py:186} INFO - Started process (PID=260) to work on /opt/airflow/dags/youtube_medallion_pipeline.py
[2026-07-23T09:18:42.136+0000] {processor.py:914} INFO - Processing file /opt/airflow/dags/youtube_medallion_pipeline.py for tasks to queue
[2026-07-23T09:18:42.140+0000] {logging_mixin.py:190} INFO - [2026-07-23T09:18:42.140+0000] {dagbag.py:588} INFO - Filling up the DagBag from /opt/airflow/dags/youtube_medallion_pipeline.py
[2026-07-23T09:18:42.164+0000] {processor.py:925} INFO - DAG(s) 'youtube_medallion_pipeline' retrieved from /opt/airflow/dags/youtube_medallion_pipeline.py
[2026-07-23T09:18:42.208+0000] {logging_mixin.py:190} INFO - [2026-07-23T09:18:42.207+0000] {dag.py:3239} INFO - Sync 1 DAGs
[2026-07-23T09:18:42.229+0000] {logging_mixin.py:190} INFO - [2026-07-23T09:18:42.229+0000] {dag.py:4180} INFO - Setting next_dagrun for youtube_medallion_pipeline to None, run_after=None
[2026-07-23T09:18:42.260+0000] {processor.py:208} INFO - Processing /opt/airflow/dags/youtube_medallion_pipeline.py took 0.133 seconds
[2026-07-23T09:19:12.457+0000] {processor.py:186} INFO - Started process (PID=265) to work on /opt/airflow/dags/youtube_medallion_pipeline.py
[2026-07-23T09:19:12.459+0000] {processor.py:914} INFO - Processing file /opt/airflow/dags/youtube_medallion_pipeline.py for tasks to queue
[2026-07-23T09:19:12.465+0000] {logging_mixin.py:190} INFO - [2026-07-23T09:19:12.464+0000] {dagbag.py:588} INFO - Filling up the DagBag from /opt/airflow/dags/youtube_medallion_pipeline.py
[2026-07-23T09:19:12.496+0000] {processor.py:925} INFO - DAG(s) 'youtube_medallion_pipeline' retrieved from /opt/airflow/dags/youtube_medallion_pipeline.py
[2026-07-23T09:19:12.548+0000] {logging_mixin.py:190} INFO - [2026-07-23T09:19:12.547+0000] {dag.py:3239} INFO - Sync 1 DAGs
[2026-07-23T09:19:12.577+0000] {logging_mixin.py:190} INFO - [2026-07-23T09:19:12.577+0000] {dag.py:4180} INFO - Setting next_dagrun for youtube_medallion_pipeline to None, run_after=None
[2026-07-23T09:19:12.604+0000] {processor.py:208} INFO - Processing /opt/airflow/dags/youtube_medallion_pipeline.py took 0.156 seconds
[2026-07-23T09:19:42.741+0000] {processor.py:186} INFO - Started process (PID=270) to work on /opt/airflow/dags/youtube_medallion_pipeline.py
[2026-07-23T09:19:42.743+0000] {processor.py:914} INFO - Processing file /opt/airflow/dags/youtube_medallion_pipeline.py for tasks to queue
[2026-07-23T09:19:42.748+0000] {logging_mixin.py:190} INFO - [2026-07-23T09:19:42.748+0000] {dagbag.py:588} INFO - Filling up the DagBag from /opt/airflow/dags/youtube_medallion_pipeline.py
[2026-07-23T09:19:42.774+0000] {processor.py:925} INFO - DAG(s) 'youtube_medallion_pipeline' retrieved from /opt/airflow/dags/youtube_medallion_pipeline.py
[2026-07-23T09:19:42.818+0000] {logging_mixin.py:190} INFO - [2026-07-23T09:19:42.818+0000] {dag.py:3239} INFO - Sync 1 DAGs
[2026-07-23T09:19:42.850+0000] {logging_mixin.py:190} INFO - [2026-07-23T09:19:42.849+0000] {dag.py:4180} INFO - Setting next_dagrun for youtube_medallion_pipeline to None, run_after=None
[2026-07-23T09:19:42.897+0000] {processor.py:208} INFO - Processing /opt/airflow/dags/youtube_medallion_pipeline.py took 0.163 seconds
[2026-07-23T09:20:13.089+0000] {processor.py:186} INFO - Started process (PID=275) to work on /opt/airflow/dags/youtube_medallion_pipeline.py
[2026-07-23T09:20:13.092+0000] {processor.py:914} INFO - Processing file /opt/airflow/dags/youtube_medallion_pipeline.py for tasks to queue
[2026-07-23T09:20:13.097+0000] {logging_mixin.py:190} INFO - [2026-07-23T09:20:13.096+0000] {dagbag.py:588} INFO - Filling up the DagBag from /opt/airflow/dags/youtube_medallion_pipeline.py
[2026-07-23T09:20:13.127+0000] {processor.py:925} INFO - DAG(s) 'youtube_medallion_pipeline' retrieved from /opt/airflow/dags/youtube_medallion_pipeline.py
[2026-07-23T09:20:13.170+0000] {logging_mixin.py:190} INFO - [2026-07-23T09:20:13.169+0000] {dag.py:3239} INFO - Sync 1 DAGs
[2026-07-23T09:20:13.192+0000] {logging_mixin.py:190} INFO - [2026-07-23T09:20:13.192+0000] {dag.py:4180} INFO - Setting next_dagrun for youtube_medallion_pipeline to None, run_after=None
[2026-07-23T09:20:13.225+0000] {processor.py:208} INFO - Processing /opt/airflow/dags/youtube_medallion_pipeline.py took 0.144 seconds
[2026-07-23T09:20:43.388+0000] {processor.py:186} INFO - Started process (PID=280) to work on /opt/airflow/dags/youtube_medallion_pipeline.py
[2026-07-23T09:20:43.390+0000] {processor.py:914} INFO - Processing file /opt/airflow/dags/youtube_medallion_pipeline.py for tasks to queue
[2026-07-23T09:20:43.394+0000] {logging_mixin.py:190} INFO - [2026-07-23T09:20:43.393+0000] {dagbag.py:588} INFO - Filling up the DagBag from /opt/airflow/dags/youtube_medallion_pipeline.py
[2026-07-23T09:20:43.418+0000] {processor.py:925} INFO - DAG(s) 'youtube_medallion_pipeline' retrieved from /opt/airflow/dags/youtube_medallion_pipeline.py
[2026-07-23T09:20:43.462+0000] {logging_mixin.py:190} INFO - [2026-07-23T09:20:43.462+0000] {dag.py:3239} INFO - Sync 1 DAGs
[2026-07-23T09:20:43.485+0000] {logging_mixin.py:190} INFO - [2026-07-23T09:20:43.485+0000] {dag.py:4180} INFO - Setting next_dagrun for youtube_medallion_pipeline to None, run_after=None
[2026-07-23T09:20:43.516+0000] {processor.py:208} INFO - Processing /opt/airflow/dags/youtube_medallion_pipeline.py took 0.136 seconds
[2026-07-23T09:21:13.712+0000] {processor.py:186} INFO - Started process (PID=285) to work on /opt/airflow/dags/youtube_medallion_pipeline.py
[2026-07-23T09:21:13.714+0000] {processor.py:914} INFO - Processing file /opt/airflow/dags/youtube_medallion_pipeline.py for tasks to queue
[2026-07-23T09:21:13.718+0000] {logging_mixin.py:190} INFO - [2026-07-23T09:21:13.717+0000] {dagbag.py:588} INFO - Filling up the DagBag from /opt/airflow/dags/youtube_medallion_pipeline.py
[2026-07-23T09:21:13.743+0000] {processor.py:925} INFO - DAG(s) 'youtube_medallion_pipeline' retrieved from /opt/airflow/dags/youtube_medallion_pipeline.py
[2026-07-23T09:21:13.784+0000] {logging_mixin.py:190} INFO - [2026-07-23T09:21:13.783+0000] {dag.py:3239} INFO - Sync 1 DAGs
[2026-07-23T09:21:13.804+0000] {logging_mixin.py:190} INFO - [2026-07-23T09:21:13.804+0000] {dag.py:4180} INFO - Setting next_dagrun for youtube_medallion_pipeline to None, run_after=None
[2026-07-23T09:21:13.833+0000] {processor.py:208} INFO - Processing /opt/airflow/dags/youtube_medallion_pipeline.py took 0.129 seconds
[2026-07-23T09:21:44.017+0000] {processor.py:186} INFO - Started process (PID=290) to work on /opt/airflow/dags/youtube_medallion_pipeline.py
[2026-07-23T09:21:44.019+0000] {processor.py:914} INFO - Processing file /opt/airflow/dags/youtube_medallion_pipeline.py for tasks to queue
[2026-07-23T09:21:44.023+0000] {logging_mixin.py:190} INFO - [2026-07-23T09:21:44.022+0000] {dagbag.py:588} INFO - Filling up the DagBag from /opt/airflow/dags/youtube_medallion_pipeline.py
[2026-07-23T09:21:44.046+0000] {processor.py:925} INFO - DAG(s) 'youtube_medallion_pipeline' retrieved from /opt/airflow/dags/youtube_medallion_pipeline.py
[2026-07-23T09:21:44.087+0000] {logging_mixin.py:190} INFO - [2026-07-23T09:21:44.087+0000] {dag.py:3239} INFO - Sync 1 DAGs
[2026-07-23T09:21:44.108+0000] {logging_mixin.py:190} INFO - [2026-07-23T09:21:44.108+0000] {dag.py:4180} INFO - Setting next_dagrun for youtube_medallion_pipeline to None, run_after=None
[2026-07-23T09:21:44.140+0000] {processor.py:208} INFO - Processing /opt/airflow/dags/youtube_medallion_pipeline.py took 0.129 seconds
[2026-07-23T09:22:14.328+0000] {processor.py:186} INFO - Started process (PID=295) to work on /opt/airflow/dags/youtube_medallion_pipeline.py
[2026-07-23T09:22:14.330+0000] {processor.py:914} INFO - Processing file /opt/airflow/dags/youtube_medallion_pipeline.py for tasks to queue
[2026-07-23T09:22:14.335+0000] {logging_mixin.py:190} INFO - [2026-07-23T09:22:14.334+0000] {dagbag.py:588} INFO - Filling up the DagBag from /opt/airflow/dags/youtube_medallion_pipeline.py
[2026-07-23T09:22:14.370+0000] {processor.py:925} INFO - DAG(s) 'youtube_medallion_pipeline' retrieved from /opt/airflow/dags/youtube_medallion_pipeline.py
[2026-07-23T09:22:14.418+0000] {logging_mixin.py:190} INFO - [2026-07-23T09:22:14.417+0000] {dag.py:3239} INFO - Sync 1 DAGs
[2026-07-23T09:22:14.442+0000] {logging_mixin.py:190} INFO - [2026-07-23T09:22:14.441+0000] {dag.py:4180} INFO - Setting next_dagrun for youtube_medallion_pipeline to None, run_after=None
[2026-07-23T09:22:14.477+0000] {processor.py:208} INFO - Processing /opt/airflow/dags/youtube_medallion_pipeline.py took 0.158 seconds
[2026-07-23T09:22:44.687+0000] {processor.py:186} INFO - Started process (PID=300) to work on /opt/airflow/dags/youtube_medallion_pipeline.py
[2026-07-23T09:22:44.689+0000] {processor.py:914} INFO - Processing file /opt/airflow/dags/youtube_medallion_pipeline.py for tasks to queue
[2026-07-23T09:22:44.693+0000] {logging_mixin.py:190} INFO - [2026-07-23T09:22:44.692+0000] {dagbag.py:588} INFO - Filling up the DagBag from /opt/airflow/dags/youtube_medallion_pipeline.py
[2026-07-23T09:22:44.720+0000] {processor.py:925} INFO - DAG(s) 'youtube_medallion_pipeline' retrieved from /opt/airflow/dags/youtube_medallion_pipeline.py
[2026-07-23T09:22:44.773+0000] {logging_mixin.py:190} INFO - [2026-07-23T09:22:44.773+0000] {dag.py:3239} INFO - Sync 1 DAGs
[2026-07-23T09:22:44.796+0000] {logging_mixin.py:190} INFO - [2026-07-23T09:22:44.795+0000] {dag.py:4180} INFO - Setting next_dagrun for youtube_medallion_pipeline to None, run_after=None
[2026-07-23T09:22:44.829+0000] {processor.py:208} INFO - Processing /opt/airflow/dags/youtube_medallion_pipeline.py took 0.149 seconds
[2026-07-23T09:23:15.037+0000] {processor.py:186} INFO - Started process (PID=305) to work on /opt/airflow/dags/youtube_medallion_pipeline.py
[2026-07-23T09:23:15.039+0000] {processor.py:914} INFO - Processing file /opt/airflow/dags/youtube_medallion_pipeline.py for tasks to queue
[2026-07-23T09:23:15.044+0000] {logging_mixin.py:190} INFO - [2026-07-23T09:23:15.043+0000] {dagbag.py:588} INFO - Filling up the DagBag from /opt/airflow/dags/youtube_medallion_pipeline.py
[2026-07-23T09:23:15.075+0000] {processor.py:925} INFO - DAG(s) 'youtube_medallion_pipeline' retrieved from /opt/airflow/dags/youtube_medallion_pipeline.py
[2026-07-23T09:23:15.121+0000] {logging_mixin.py:190} INFO - [2026-07-23T09:23:15.121+0000] {dag.py:3239} INFO - Sync 1 DAGs
[2026-07-23T09:23:15.144+0000] {logging_mixin.py:190} INFO - [2026-07-23T09:23:15.144+0000] {dag.py:4180} INFO - Setting next_dagrun for youtube_medallion_pipeline to None, run_after=None
[2026-07-23T09:23:15.176+0000] {processor.py:208} INFO - Processing /opt/airflow/dags/youtube_medallion_pipeline.py took 0.148 seconds
[2026-07-23T09:23:46.100+0000] {processor.py:186} INFO - Started process (PID=310) to work on /opt/airflow/dags/youtube_medallion_pipeline.py
[2026-07-23T09:23:46.102+0000] {processor.py:914} INFO - Processing file /opt/airflow/dags/youtube_medallion_pipeline.py for tasks to queue
[2026-07-23T09:23:46.109+0000] {logging_mixin.py:190} INFO - [2026-07-23T09:23:46.108+0000] {dagbag.py:588} INFO - Filling up the DagBag from /opt/airflow/dags/youtube_medallion_pipeline.py
[2026-07-23T09:23:46.166+0000] {processor.py:925} INFO - DAG(s) 'youtube_medallion_pipeline' retrieved from /opt/airflow/dags/youtube_medallion_pipeline.py
[2026-07-23T09:23:46.223+0000] {logging_mixin.py:190} INFO - [2026-07-23T09:23:46.223+0000] {dag.py:3239} INFO - Sync 1 DAGs
[2026-07-23T09:23:46.253+0000] {logging_mixin.py:190} INFO - [2026-07-23T09:23:46.253+0000] {dag.py:4180} INFO - Setting next_dagrun for youtube_medallion_pipeline to None, run_after=None
[2026-07-23T09:23:46.288+0000] {processor.py:208} INFO - Processing /opt/airflow/dags/youtube_medallion_pipeline.py took 0.199 seconds
[2026-07-23T09:24:16.358+0000] {processor.py:186} INFO - Started process (PID=315) to work on /opt/airflow/dags/youtube_medallion_pipeline.py
[2026-07-23T09:24:16.360+0000] {processor.py:914} INFO - Processing file /opt/airflow/dags/youtube_medallion_pipeline.py for tasks to queue
[2026-07-23T09:24:16.364+0000] {logging_mixin.py:190} INFO - [2026-07-23T09:24:16.363+0000] {dagbag.py:588} INFO - Filling up the DagBag from /opt/airflow/dags/youtube_medallion_pipeline.py
[2026-07-23T09:24:16.390+0000] {processor.py:925} INFO - DAG(s) 'youtube_medallion_pipeline' retrieved from /opt/airflow/dags/youtube_medallion_pipeline.py
[2026-07-23T09:24:16.446+0000] {logging_mixin.py:190} INFO - [2026-07-23T09:24:16.446+0000] {dag.py:3239} INFO - Sync 1 DAGs
[2026-07-23T09:24:16.467+0000] {logging_mixin.py:190} INFO - [2026-07-23T09:24:16.467+0000] {dag.py:4180} INFO - Setting next_dagrun for youtube_medallion_pipeline to None, run_after=None
[2026-07-23T09:24:16.501+0000] {processor.py:208} INFO - Processing /opt/airflow/dags/youtube_medallion_pipeline.py took 0.151 seconds
[2026-07-23T09:53:47.410+0000] {processor.py:186} INFO - Started process (PID=320) to work on /opt/airflow/dags/youtube_medallion_pipeline.py
[2026-07-23T09:53:47.419+0000] {processor.py:914} INFO - Processing file /opt/airflow/dags/youtube_medallion_pipeline.py for tasks to queue
[2026-07-23T09:53:47.445+0000] {logging_mixin.py:190} INFO - [2026-07-23T09:53:47.443+0000] {dagbag.py:588} INFO - Filling up the DagBag from /opt/airflow/dags/youtube_medallion_pipeline.py
[2026-07-23T09:53:47.521+0000] {processor.py:925} INFO - DAG(s) 'youtube_medallion_pipeline' retrieved from /opt/airflow/dags/youtube_medallion_pipeline.py
[2026-07-23T09:53:47.629+0000] {logging_mixin.py:190} INFO - [2026-07-23T09:53:47.629+0000] {dag.py:3239} INFO - Sync 1 DAGs
[2026-07-23T09:53:47.666+0000] {logging_mixin.py:190} INFO - [2026-07-23T09:53:47.665+0000] {dag.py:4180} INFO - Setting next_dagrun for youtube_medallion_pipeline to None, run_after=None
[2026-07-23T09:53:47.703+0000] {processor.py:208} INFO - Processing /opt/airflow/dags/youtube_medallion_pipeline.py took 0.314 seconds
[2026-07-23T09:54:18.070+0000] {processor.py:186} INFO - Started process (PID=326) to work on /opt/airflow/dags/youtube_medallion_pipeline.py
[2026-07-23T09:54:18.072+0000] {processor.py:914} INFO - Processing file /opt/airflow/dags/youtube_medallion_pipeline.py for tasks to queue
[2026-07-23T09:54:18.076+0000] {logging_mixin.py:190} INFO - [2026-07-23T09:54:18.076+0000] {dagbag.py:588} INFO - Filling up the DagBag from /opt/airflow/dags/youtube_medallion_pipeline.py
[2026-07-23T09:54:18.103+0000] {processor.py:925} INFO - DAG(s) 'youtube_medallion_pipeline' retrieved from /opt/airflow/dags/youtube_medallion_pipeline.py
[2026-07-23T09:54:18.158+0000] {logging_mixin.py:190} INFO - [2026-07-23T09:54:18.157+0000] {dag.py:3239} INFO - Sync 1 DAGs
[2026-07-23T09:54:18.183+0000] {logging_mixin.py:190} INFO - [2026-07-23T09:54:18.182+0000] {dag.py:4180} INFO - Setting next_dagrun for youtube_medallion_pipeline to None, run_after=None
[2026-07-23T09:54:18.218+0000] {processor.py:208} INFO - Processing /opt/airflow/dags/youtube_medallion_pipeline.py took 0.155 seconds
[2026-07-23T09:54:48.311+0000] {processor.py:186} INFO - Started process (PID=331) to work on /opt/airflow/dags/youtube_medallion_pipeline.py
[2026-07-23T09:54:48.313+0000] {processor.py:914} INFO - Processing file /opt/airflow/dags/youtube_medallion_pipeline.py for tasks to queue
[2026-07-23T09:54:48.319+0000] {logging_mixin.py:190} INFO - [2026-07-23T09:54:48.318+0000] {dagbag.py:588} INFO - Filling up the DagBag from /opt/airflow/dags/youtube_medallion_pipeline.py
[2026-07-23T09:54:48.351+0000] {processor.py:925} INFO - DAG(s) 'youtube_medallion_pipeline' retrieved from /opt/airflow/dags/youtube_medallion_pipeline.py
[2026-07-23T09:54:48.401+0000] {logging_mixin.py:190} INFO - [2026-07-23T09:54:48.401+0000] {dag.py:3239} INFO - Sync 1 DAGs
[2026-07-23T09:54:48.425+0000] {logging_mixin.py:190} INFO - [2026-07-23T09:54:48.424+0000] {dag.py:4180} INFO - Setting next_dagrun for youtube_medallion_pipeline to None, run_after=None
[2026-07-23T09:54:48.458+0000] {processor.py:208} INFO - Processing /opt/airflow/dags/youtube_medallion_pipeline.py took 0.157 seconds
[2026-07-23T09:55:18.546+0000] {processor.py:186} INFO - Started process (PID=336) to work on /opt/airflow/dags/youtube_medallion_pipeline.py
[2026-07-23T09:55:18.548+0000] {processor.py:914} INFO - Processing file /opt/airflow/dags/youtube_medallion_pipeline.py for tasks to queue
[2026-07-23T09:55:18.553+0000] {logging_mixin.py:190} INFO - [2026-07-23T09:55:18.552+0000] {dagbag.py:588} INFO - Filling up the DagBag from /opt/airflow/dags/youtube_medallion_pipeline.py
[2026-07-23T09:55:18.578+0000] {processor.py:925} INFO - DAG(s) 'youtube_medallion_pipeline' retrieved from /opt/airflow/dags/youtube_medallion_pipeline.py
[2026-07-23T09:55:18.623+0000] {logging_mixin.py:190} INFO - [2026-07-23T09:55:18.622+0000] {dag.py:3239} INFO - Sync 1 DAGs
[2026-07-23T09:55:18.646+0000] {logging_mixin.py:190} INFO - [2026-07-23T09:55:18.645+0000] {dag.py:4180} INFO - Setting next_dagrun for youtube_medallion_pipeline to None, run_after=None
[2026-07-23T09:55:18.681+0000] {processor.py:208} INFO - Processing /opt/airflow/dags/youtube_medallion_pipeline.py took 0.143 seconds
[2026-07-23T09:55:48.989+0000] {processor.py:186} INFO - Started process (PID=341) to work on /opt/airflow/dags/youtube_medallion_pipeline.py
[2026-07-23T09:55:48.991+0000] {processor.py:914} INFO - Processing file /opt/airflow/dags/youtube_medallion_pipeline.py for tasks to queue
[2026-07-23T09:55:48.995+0000] {logging_mixin.py:190} INFO - [2026-07-23T09:55:48.995+0000] {dagbag.py:588} INFO - Filling up the DagBag from /opt/airflow/dags/youtube_medallion_pipeline.py
[2026-07-23T09:55:49.028+0000] {processor.py:925} INFO - DAG(s) 'youtube_medallion_pipeline' retrieved from /opt/airflow/dags/youtube_medallion_pipeline.py
[2026-07-23T09:55:49.071+0000] {logging_mixin.py:190} INFO - [2026-07-23T09:55:49.071+0000] {dag.py:3239} INFO - Sync 1 DAGs
[2026-07-23T09:55:49.093+0000] {logging_mixin.py:190} INFO - [2026-07-23T09:55:49.092+0000] {dag.py:4180} INFO - Setting next_dagrun for youtube_medallion_pipeline to None, run_after=None
[2026-07-23T09:55:49.126+0000] {processor.py:208} INFO - Processing /opt/airflow/dags/youtube_medallion_pipeline.py took 0.143 seconds
[2026-07-23T09:56:19.226+0000] {processor.py:186} INFO - Started process (PID=346) to work on /opt/airflow/dags/youtube_medallion_pipeline.py
[2026-07-23T09:56:19.227+0000] {processor.py:914} INFO - Processing file /opt/airflow/dags/youtube_medallion_pipeline.py for tasks to queue
[2026-07-23T09:56:19.231+0000] {logging_mixin.py:190} INFO - [2026-07-23T09:56:19.231+0000] {dagbag.py:588} INFO - Filling up the DagBag from /opt/airflow/dags/youtube_medallion_pipeline.py
[2026-07-23T09:56:19.254+0000] {processor.py:925} INFO - DAG(s) 'youtube_medallion_pipeline' retrieved from /opt/airflow/dags/youtube_medallion_pipeline.py
[2026-07-23T09:56:19.316+0000] {logging_mixin.py:190} INFO - [2026-07-23T09:56:19.315+0000] {dag.py:3239} INFO - Sync 1 DAGs
[2026-07-23T09:56:19.341+0000] {logging_mixin.py:190} INFO - [2026-07-23T09:56:19.341+0000] {dag.py:4180} INFO - Setting next_dagrun for youtube_medallion_pipeline to None, run_after=None
[2026-07-23T09:56:19.373+0000] {processor.py:208} INFO - Processing /opt/airflow/dags/youtube_medallion_pipeline.py took 0.156 seconds
[2026-07-23T09:56:49.633+0000] {processor.py:186} INFO - Started process (PID=351) to work on /opt/airflow/dags/youtube_medallion_pipeline.py
[2026-07-23T09:56:49.634+0000] {processor.py:914} INFO - Processing file /opt/airflow/dags/youtube_medallion_pipeline.py for tasks to queue
[2026-07-23T09:56:49.638+0000] {logging_mixin.py:190} INFO - [2026-07-23T09:56:49.638+0000] {dagbag.py:588} INFO - Filling up the DagBag from /opt/airflow/dags/youtube_medallion_pipeline.py
[2026-07-23T09:56:49.674+0000] {processor.py:925} INFO - DAG(s) 'youtube_medallion_pipeline' retrieved from /opt/airflow/dags/youtube_medallion_pipeline.py
[2026-07-23T09:56:49.713+0000] {logging_mixin.py:190} INFO - [2026-07-23T09:56:49.712+0000] {dag.py:3239} INFO - Sync 1 DAGs
[2026-07-23T09:56:49.734+0000] {logging_mixin.py:190} INFO - [2026-07-23T09:56:49.733+0000] {dag.py:4180} INFO - Setting next_dagrun for youtube_medallion_pipeline to None, run_after=None
[2026-07-23T09:56:49.767+0000] {processor.py:208} INFO - Processing /opt/airflow/dags/youtube_medallion_pipeline.py took 0.142 seconds
[2026-07-23T10:15:54.886+0000] {processor.py:186} INFO - Started process (PID=361) to work on /opt/airflow/dags/youtube_medallion_pipeline.py
[2026-07-23T10:15:54.889+0000] {processor.py:914} INFO - Processing file /opt/airflow/dags/youtube_medallion_pipeline.py for tasks to queue
[2026-07-23T10:15:54.899+0000] {logging_mixin.py:190} INFO - [2026-07-23T10:15:54.898+0000] {dagbag.py:588} INFO - Filling up the DagBag from /opt/airflow/dags/youtube_medallion_pipeline.py
[2026-07-23T10:15:54.997+0000] {processor.py:925} INFO - DAG(s) 'youtube_medallion_pipeline' retrieved from /opt/airflow/dags/youtube_medallion_pipeline.py
[2026-07-23T10:15:55.167+0000] {logging_mixin.py:190} INFO - [2026-07-23T10:15:55.166+0000] {dag.py:3239} INFO - Sync 1 DAGs
[2026-07-23T10:15:55.235+0000] {logging_mixin.py:190} INFO - [2026-07-23T10:15:55.234+0000] {dag.py:4180} INFO - Setting next_dagrun for youtube_medallion_pipeline to None, run_after=None
[2026-07-23T10:15:55.371+0000] {processor.py:208} INFO - Processing /opt/airflow/dags/youtube_medallion_pipeline.py took 0.493 seconds
[2026-07-23T14:16:14.672+0000] {processor.py:186} INFO - Started process (PID=366) to work on /opt/airflow/dags/youtube_medallion_pipeline.py
[2026-07-23T14:16:14.679+0000] {processor.py:914} INFO - Processing file /opt/airflow/dags/youtube_medallion_pipeline.py for tasks to queue
[2026-07-23T14:16:14.704+0000] {logging_mixin.py:190} INFO - [2026-07-23T14:16:14.695+0000] {dagbag.py:588} INFO - Filling up the DagBag from /opt/airflow/dags/youtube_medallion_pipeline.py
[2026-07-23T14:16:14.814+0000] {processor.py:925} INFO - DAG(s) 'youtube_medallion_pipeline' retrieved from /opt/airflow/dags/youtube_medallion_pipeline.py
[2026-07-23T14:16:14.959+0000] {logging_mixin.py:190} INFO - [2026-07-23T14:16:14.958+0000] {dag.py:3239} INFO - Sync 1 DAGs
[2026-07-23T14:16:15.003+0000] {logging_mixin.py:190} INFO - [2026-07-23T14:16:15.002+0000] {dag.py:4180} INFO - Setting next_dagrun for youtube_medallion_pipeline to None, run_after=None
[2026-07-23T14:16:15.070+0000] {processor.py:208} INFO - Processing /opt/airflow/dags/youtube_medallion_pipeline.py took 0.488 seconds
[2026-07-23T14:22:17.189+0000] {processor.py:186} INFO - Started process (PID=371) to work on /opt/airflow/dags/youtube_medallion_pipeline.py
[2026-07-23T14:22:17.194+0000] {processor.py:914} INFO - Processing file /opt/airflow/dags/youtube_medallion_pipeline.py for tasks to queue
[2026-07-23T14:22:17.213+0000] {logging_mixin.py:190} INFO - [2026-07-23T14:22:17.212+0000] {dagbag.py:588} INFO - Filling up the DagBag from /opt/airflow/dags/youtube_medallion_pipeline.py
[2026-07-23T14:22:17.351+0000] {processor.py:925} INFO - DAG(s) 'youtube_medallion_pipeline' retrieved from /opt/airflow/dags/youtube_medallion_pipeline.py
[2026-07-23T14:22:17.543+0000] {logging_mixin.py:190} INFO - [2026-07-23T14:22:17.542+0000] {dag.py:3239} INFO - Sync 1 DAGs
[2026-07-23T14:22:17.651+0000] {logging_mixin.py:190} INFO - [2026-07-23T14:22:17.650+0000] {dag.py:4180} INFO - Setting next_dagrun for youtube_medallion_pipeline to None, run_after=None
[2026-07-23T14:22:17.761+0000] {processor.py:208} INFO - Processing /opt/airflow/dags/youtube_medallion_pipeline.py took 0.604 seconds
[2026-07-23T14:22:48.285+0000] {processor.py:186} INFO - Started process (PID=376) to work on /opt/airflow/dags/youtube_medallion_pipeline.py
[2026-07-23T14:22:48.288+0000] {processor.py:914} INFO - Processing file /opt/airflow/dags/youtube_medallion_pipeline.py for tasks to queue
[2026-07-23T14:22:48.296+0000] {logging_mixin.py:190} INFO - [2026-07-23T14:22:48.294+0000] {dagbag.py:588} INFO - Filling up the DagBag from /opt/airflow/dags/youtube_medallion_pipeline.py
[2026-07-23T14:22:48.330+0000] {processor.py:925} INFO - DAG(s) 'youtube_medallion_pipeline' retrieved from /opt/airflow/dags/youtube_medallion_pipeline.py
[2026-07-23T14:22:48.469+0000] {logging_mixin.py:190} INFO - [2026-07-23T14:22:48.468+0000] {dag.py:3239} INFO - Sync 1 DAGs
[2026-07-23T14:22:48.518+0000] {logging_mixin.py:190} INFO - [2026-07-23T14:22:48.517+0000] {dag.py:4180} INFO - Setting next_dagrun for youtube_medallion_pipeline to None, run_after=None
[2026-07-23T14:22:48.580+0000] {processor.py:208} INFO - Processing /opt/airflow/dags/youtube_medallion_pipeline.py took 0.311 seconds
[2026-07-23T14:23:18.976+0000] {processor.py:186} INFO - Started process (PID=381) to work on /opt/airflow/dags/youtube_medallion_pipeline.py
[2026-07-23T14:23:18.979+0000] {processor.py:914} INFO - Processing file /opt/airflow/dags/youtube_medallion_pipeline.py for tasks to queue
[2026-07-23T14:23:18.985+0000] {logging_mixin.py:190} INFO - [2026-07-23T14:23:18.984+0000] {dagbag.py:588} INFO - Filling up the DagBag from /opt/airflow/dags/youtube_medallion_pipeline.py
[2026-07-23T14:23:19.058+0000] {processor.py:925} INFO - DAG(s) 'youtube_medallion_pipeline' retrieved from /opt/airflow/dags/youtube_medallion_pipeline.py
[2026-07-23T14:23:19.124+0000] {logging_mixin.py:190} INFO - [2026-07-23T14:23:19.124+0000] {dag.py:3239} INFO - Sync 1 DAGs
[2026-07-23T14:23:19.158+0000] {logging_mixin.py:190} INFO - [2026-07-23T14:23:19.157+0000] {dag.py:4180} INFO - Setting next_dagrun for youtube_medallion_pipeline to None, run_after=None
[2026-07-23T14:23:19.211+0000] {processor.py:208} INFO - Processing /opt/airflow/dags/youtube_medallion_pipeline.py took 0.254 seconds
[2026-07-23T14:23:49.996+0000] {processor.py:186} INFO - Started process (PID=386) to work on /opt/airflow/dags/youtube_medallion_pipeline.py
[2026-07-23T14:23:50.028+0000] {processor.py:914} INFO - Processing file /opt/airflow/dags/youtube_medallion_pipeline.py for tasks to queue
[2026-07-23T14:23:50.074+0000] {logging_mixin.py:190} INFO - [2026-07-23T14:23:50.060+0000] {dagbag.py:588} INFO - Filling up the DagBag from /opt/airflow/dags/youtube_medallion_pipeline.py
[2026-07-23T14:23:50.429+0000] {processor.py:925} INFO - DAG(s) 'youtube_medallion_pipeline' retrieved from /opt/airflow/dags/youtube_medallion_pipeline.py
[2026-07-23T14:23:50.800+0000] {logging_mixin.py:190} INFO - [2026-07-23T14:23:50.798+0000] {dag.py:3239} INFO - Sync 1 DAGs
[2026-07-23T14:23:50.882+0000] {logging_mixin.py:190} INFO - [2026-07-23T14:23:50.881+0000] {dag.py:4180} INFO - Setting next_dagrun for youtube_medallion_pipeline to None, run_after=None
[2026-07-23T14:23:50.976+0000] {processor.py:208} INFO - Processing /opt/airflow/dags/youtube_medallion_pipeline.py took 1.116 seconds
[2026-07-23T14:24:21.160+0000] {processor.py:186} INFO - Started process (PID=391) to work on /opt/airflow/dags/youtube_medallion_pipeline.py
[2026-07-23T14:24:21.165+0000] {processor.py:914} INFO - Processing file /opt/airflow/dags/youtube_medallion_pipeline.py for tasks to queue
[2026-07-23T14:24:21.171+0000] {logging_mixin.py:190} INFO - [2026-07-23T14:24:21.170+0000] {dagbag.py:588} INFO - Filling up the DagBag from /opt/airflow/dags/youtube_medallion_pipeline.py
[2026-07-23T14:24:21.226+0000] {processor.py:925} INFO - DAG(s) 'youtube_medallion_pipeline' retrieved from /opt/airflow/dags/youtube_medallion_pipeline.py
[2026-07-23T14:24:21.524+0000] {logging_mixin.py:190} INFO - [2026-07-23T14:24:21.522+0000] {dag.py:3239} INFO - Sync 1 DAGs
[2026-07-23T14:24:21.648+0000] {logging_mixin.py:190} INFO - [2026-07-23T14:24:21.648+0000] {dag.py:4180} INFO - Setting next_dagrun for youtube_medallion_pipeline to None, run_after=None
[2026-07-23T14:24:21.787+0000] {processor.py:208} INFO - Processing /opt/airflow/dags/youtube_medallion_pipeline.py took 0.638 seconds
[2026-07-23T14:24:52.214+0000] {processor.py:186} INFO - Started process (PID=396) to work on /opt/airflow/dags/youtube_medallion_pipeline.py
[2026-07-23T14:24:52.216+0000] {processor.py:914} INFO - Processing file /opt/airflow/dags/youtube_medallion_pipeline.py for tasks to queue
[2026-07-23T14:24:52.222+0000] {logging_mixin.py:190} INFO - [2026-07-23T14:24:52.221+0000] {dagbag.py:588} INFO - Filling up the DagBag from /opt/airflow/dags/youtube_medallion_pipeline.py
[2026-07-23T14:24:52.304+0000] {processor.py:925} INFO - DAG(s) 'youtube_medallion_pipeline' retrieved from /opt/airflow/dags/youtube_medallion_pipeline.py
[2026-07-23T14:24:52.609+0000] {logging_mixin.py:190} INFO - [2026-07-23T14:24:52.608+0000] {dag.py:3239} INFO - Sync 1 DAGs
[2026-07-23T14:24:52.733+0000] {logging_mixin.py:190} INFO - [2026-07-23T14:24:52.732+0000] {dag.py:4180} INFO - Setting next_dagrun for youtube_medallion_pipeline to None, run_after=None
[2026-07-23T14:24:52.853+0000] {processor.py:208} INFO - Processing /opt/airflow/dags/youtube_medallion_pipeline.py took 0.648 seconds
[2026-07-23T14:25:23.016+0000] {processor.py:186} INFO - Started process (PID=401) to work on /opt/airflow/dags/youtube_medallion_pipeline.py
[2026-07-23T14:25:23.019+0000] {processor.py:914} INFO - Processing file /opt/airflow/dags/youtube_medallion_pipeline.py for tasks to queue
[2026-07-23T14:25:23.025+0000] {logging_mixin.py:190} INFO - [2026-07-23T14:25:23.024+0000] {dagbag.py:588} INFO - Filling up the DagBag from /opt/airflow/dags/youtube_medallion_pipeline.py
[2026-07-23T14:25:23.062+0000] {processor.py:925} INFO - DAG(s) 'youtube_medallion_pipeline' retrieved from /opt/airflow/dags/youtube_medallion_pipeline.py
[2026-07-23T14:25:23.109+0000] {logging_mixin.py:190} INFO - [2026-07-23T14:25:23.109+0000] {dag.py:3239} INFO - Sync 1 DAGs
[2026-07-23T14:25:23.132+0000] {logging_mixin.py:190} INFO - [2026-07-23T14:25:23.132+0000] {dag.py:4180} INFO - Setting next_dagrun for youtube_medallion_pipeline to None, run_after=None
[2026-07-23T14:25:23.164+0000] {processor.py:208} INFO - Processing /opt/airflow/dags/youtube_medallion_pipeline.py took 0.155 seconds
[2026-07-23T14:25:53.452+0000] {processor.py:186} INFO - Started process (PID=406) to work on /opt/airflow/dags/youtube_medallion_pipeline.py
[2026-07-23T14:25:53.455+0000] {processor.py:914} INFO - Processing file /opt/airflow/dags/youtube_medallion_pipeline.py for tasks to queue
[2026-07-23T14:25:53.462+0000] {logging_mixin.py:190} INFO - [2026-07-23T14:25:53.462+0000] {dagbag.py:588} INFO - Filling up the DagBag from /opt/airflow/dags/youtube_medallion_pipeline.py
[2026-07-23T14:25:53.493+0000] {processor.py:925} INFO - DAG(s) 'youtube_medallion_pipeline' retrieved from /opt/airflow/dags/youtube_medallion_pipeline.py
[2026-07-23T14:25:53.620+0000] {logging_mixin.py:190} INFO - [2026-07-23T14:25:53.619+0000] {dag.py:3239} INFO - Sync 1 DAGs
[2026-07-23T14:25:53.669+0000] {logging_mixin.py:190} INFO - [2026-07-23T14:25:53.669+0000] {dag.py:4180} INFO - Setting next_dagrun for youtube_medallion_pipeline to None, run_after=None
[2026-07-23T14:25:53.701+0000] {processor.py:208} INFO - Processing /opt/airflow/dags/youtube_medallion_pipeline.py took 0.255 seconds
[2026-07-23T14:26:24.092+0000] {processor.py:186} INFO - Started process (PID=411) to work on /opt/airflow/dags/youtube_medallion_pipeline.py
[2026-07-23T14:26:24.100+0000] {processor.py:914} INFO - Processing file /opt/airflow/dags/youtube_medallion_pipeline.py for tasks to queue
[2026-07-23T14:26:24.147+0000] {logging_mixin.py:190} INFO - [2026-07-23T14:26:24.142+0000] {dagbag.py:588} INFO - Filling up the DagBag from /opt/airflow/dags/youtube_medallion_pipeline.py
[2026-07-23T14:26:24.387+0000] {processor.py:925} INFO - DAG(s) 'youtube_medallion_pipeline' retrieved from /opt/airflow/dags/youtube_medallion_pipeline.py
[2026-07-23T14:26:24.445+0000] {logging_mixin.py:190} INFO - [2026-07-23T14:26:24.444+0000] {dag.py:3239} INFO - Sync 1 DAGs
[2026-07-23T14:26:24.471+0000] {logging_mixin.py:190} INFO - [2026-07-23T14:26:24.470+0000] {dag.py:4180} INFO - Setting next_dagrun for youtube_medallion_pipeline to None, run_after=None
[2026-07-23T14:26:24.511+0000] {processor.py:208} INFO - Processing /opt/airflow/dags/youtube_medallion_pipeline.py took 0.435 seconds
[2026-07-23T14:26:54.645+0000] {processor.py:186} INFO - Started process (PID=416) to work on /opt/airflow/dags/youtube_medallion_pipeline.py
[2026-07-23T14:26:54.652+0000] {processor.py:914} INFO - Processing file /opt/airflow/dags/youtube_medallion_pipeline.py for tasks to queue
[2026-07-23T14:26:54.658+0000] {logging_mixin.py:190} INFO - [2026-07-23T14:26:54.657+0000] {dagbag.py:588} INFO - Filling up the DagBag from /opt/airflow/dags/youtube_medallion_pipeline.py
[2026-07-23T14:26:54.709+0000] {processor.py:925} INFO - DAG(s) 'youtube_medallion_pipeline' retrieved from /opt/airflow/dags/youtube_medallion_pipeline.py
[2026-07-23T14:26:54.767+0000] {logging_mixin.py:190} INFO - [2026-07-23T14:26:54.767+0000] {dag.py:3239} INFO - Sync 1 DAGs
[2026-07-23T14:26:54.806+0000] {logging_mixin.py:190} INFO - [2026-07-23T14:26:54.806+0000] {dag.py:4180} INFO - Setting next_dagrun for youtube_medallion_pipeline to None, run_after=None
[2026-07-23T14:26:54.861+0000] {processor.py:208} INFO - Processing /opt/airflow/dags/youtube_medallion_pipeline.py took 0.243 seconds
[2026-07-23T14:27:25.028+0000] {processor.py:186} INFO - Started process (PID=421) to work on /opt/airflow/dags/youtube_medallion_pipeline.py
[2026-07-23T14:27:25.031+0000] {processor.py:914} INFO - Processing file /opt/airflow/dags/youtube_medallion_pipeline.py for tasks to queue
[2026-07-23T14:27:25.036+0000] {logging_mixin.py:190} INFO - [2026-07-23T14:27:25.035+0000] {dagbag.py:588} INFO - Filling up the DagBag from /opt/airflow/dags/youtube_medallion_pipeline.py
[2026-07-23T14:27:25.087+0000] {processor.py:925} INFO - DAG(s) 'youtube_medallion_pipeline' retrieved from /opt/airflow/dags/youtube_medallion_pipeline.py
[2026-07-23T14:27:25.178+0000] {logging_mixin.py:190} INFO - [2026-07-23T14:27:25.178+0000] {dag.py:3239} INFO - Sync 1 DAGs
[2026-07-23T14:27:25.233+0000] {logging_mixin.py:190} INFO - [2026-07-23T14:27:25.233+0000] {dag.py:4180} INFO - Setting next_dagrun for youtube_medallion_pipeline to None, run_after=None
[2026-07-23T14:27:25.289+0000] {processor.py:208} INFO - Processing /opt/airflow/dags/youtube_medallion_pipeline.py took 0.271 seconds
[2026-07-23T14:27:55.560+0000] {processor.py:186} INFO - Started process (PID=426) to work on /opt/airflow/dags/youtube_medallion_pipeline.py
[2026-07-23T14:27:55.563+0000] {processor.py:914} INFO - Processing file /opt/airflow/dags/youtube_medallion_pipeline.py for tasks to queue
[2026-07-23T14:27:55.570+0000] {logging_mixin.py:190} INFO - [2026-07-23T14:27:55.568+0000] {dagbag.py:588} INFO - Filling up the DagBag from /opt/airflow/dags/youtube_medallion_pipeline.py
[2026-07-23T14:27:55.620+0000] {processor.py:925} INFO - DAG(s) 'youtube_medallion_pipeline' retrieved from /opt/airflow/dags/youtube_medallion_pipeline.py
[2026-07-23T14:27:55.676+0000] {logging_mixin.py:190} INFO - [2026-07-23T14:27:55.675+0000] {dag.py:3239} INFO - Sync 1 DAGs
[2026-07-23T14:27:55.718+0000] {logging_mixin.py:190} INFO - [2026-07-23T14:27:55.718+0000] {dag.py:4180} INFO - Setting next_dagrun for youtube_medallion_pipeline to None, run_after=None
[2026-07-23T14:27:55.755+0000] {processor.py:208} INFO - Processing /opt/airflow/dags/youtube_medallion_pipeline.py took 0.205 seconds
[2026-07-23T14:28:25.970+0000] {processor.py:186} INFO - Started process (PID=431) to work on /opt/airflow/dags/youtube_medallion_pipeline.py
[2026-07-23T14:28:25.972+0000] {processor.py:914} INFO - Processing file /opt/airflow/dags/youtube_medallion_pipeline.py for tasks to queue
[2026-07-23T14:28:25.978+0000] {logging_mixin.py:190} INFO - [2026-07-23T14:28:25.977+0000] {dagbag.py:588} INFO - Filling up the DagBag from /opt/airflow/dags/youtube_medallion_pipeline.py
[2026-07-23T14:28:26.013+0000] {processor.py:925} INFO - DAG(s) 'youtube_medallion_pipeline' retrieved from /opt/airflow/dags/youtube_medallion_pipeline.py
[2026-07-23T14:28:26.068+0000] {logging_mixin.py:190} INFO - [2026-07-23T14:28:26.067+0000] {dag.py:3239} INFO - Sync 1 DAGs
[2026-07-23T14:28:26.104+0000] {logging_mixin.py:190} INFO - [2026-07-23T14:28:26.103+0000] {dag.py:4180} INFO - Setting next_dagrun for youtube_medallion_pipeline to None, run_after=None
[2026-07-23T14:28:26.180+0000] {processor.py:208} INFO - Processing /opt/airflow/dags/youtube_medallion_pipeline.py took 0.217 seconds
[2026-07-23T14:28:56.483+0000] {processor.py:186} INFO - Started process (PID=436) to work on /opt/airflow/dags/youtube_medallion_pipeline.py
[2026-07-23T14:28:56.486+0000] {processor.py:914} INFO - Processing file /opt/airflow/dags/youtube_medallion_pipeline.py for tasks to queue
[2026-07-23T14:28:56.499+0000] {logging_mixin.py:190} INFO - [2026-07-23T14:28:56.498+0000] {dagbag.py:588} INFO - Filling up the DagBag from /opt/airflow/dags/youtube_medallion_pipeline.py
[2026-07-23T14:28:56.558+0000] {processor.py:925} INFO - DAG(s) 'youtube_medallion_pipeline' retrieved from /opt/airflow/dags/youtube_medallion_pipeline.py
[2026-07-23T14:28:56.609+0000] {logging_mixin.py:190} INFO - [2026-07-23T14:28:56.609+0000] {dag.py:3239} INFO - Sync 1 DAGs
[2026-07-23T14:28:56.631+0000] {logging_mixin.py:190} INFO - [2026-07-23T14:28:56.630+0000] {dag.py:4180} INFO - Setting next_dagrun for youtube_medallion_pipeline to None, run_after=None
[2026-07-23T14:28:56.664+0000] {processor.py:208} INFO - Processing /opt/airflow/dags/youtube_medallion_pipeline.py took 0.198 seconds
[2026-07-23T14:29:26.917+0000] {processor.py:186} INFO - Started process (PID=441) to work on /opt/airflow/dags/youtube_medallion_pipeline.py
[2026-07-23T14:29:26.920+0000] {processor.py:914} INFO - Processing file /opt/airflow/dags/youtube_medallion_pipeline.py for tasks to queue
[2026-07-23T14:29:26.926+0000] {logging_mixin.py:190} INFO - [2026-07-23T14:29:26.926+0000] {dagbag.py:588} INFO - Filling up the DagBag from /opt/airflow/dags/youtube_medallion_pipeline.py
[2026-07-23T14:29:26.968+0000] {processor.py:925} INFO - DAG(s) 'youtube_medallion_pipeline' retrieved from /opt/airflow/dags/youtube_medallion_pipeline.py
[2026-07-23T14:29:27.030+0000] {logging_mixin.py:190} INFO - [2026-07-23T14:29:27.030+0000] {dag.py:3239} INFO - Sync 1 DAGs
[2026-07-23T14:29:27.066+0000] {logging_mixin.py:190} INFO - [2026-07-23T14:29:27.066+0000] {dag.py:4180} INFO - Setting next_dagrun for youtube_medallion_pipeline to None, run_after=None
[2026-07-23T14:29:27.115+0000] {processor.py:208} INFO - Processing /opt/airflow/dags/youtube_medallion_pipeline.py took 0.209 seconds
[2026-07-23T14:29:57.376+0000] {processor.py:186} INFO - Started process (PID=446) to work on /opt/airflow/dags/youtube_medallion_pipeline.py
[2026-07-23T14:29:57.379+0000] {processor.py:914} INFO - Processing file /opt/airflow/dags/youtube_medallion_pipeline.py for tasks to queue
[2026-07-23T14:29:57.383+0000] {logging_mixin.py:190} INFO - [2026-07-23T14:29:57.383+0000] {dagbag.py:588} INFO - Filling up the DagBag from /opt/airflow/dags/youtube_medallion_pipeline.py
[2026-07-23T14:29:57.413+0000] {processor.py:925} INFO - DAG(s) 'youtube_medallion_pipeline' retrieved from /opt/airflow/dags/youtube_medallion_pipeline.py
[2026-07-23T14:29:57.474+0000] {logging_mixin.py:190} INFO - [2026-07-23T14:29:57.474+0000] {dag.py:3239} INFO - Sync 1 DAGs
[2026-07-23T14:29:57.501+0000] {logging_mixin.py:190} INFO - [2026-07-23T14:29:57.501+0000] {dag.py:4180} INFO - Setting next_dagrun for youtube_medallion_pipeline to None, run_after=None
[2026-07-23T14:29:57.537+0000] {processor.py:208} INFO - Processing /opt/airflow/dags/youtube_medallion_pipeline.py took 0.169 seconds
[2026-07-23T14:30:28.104+0000] {processor.py:186} INFO - Started process (PID=451) to work on /opt/airflow/dags/youtube_medallion_pipeline.py
[2026-07-23T14:30:28.112+0000] {processor.py:914} INFO - Processing file /opt/airflow/dags/youtube_medallion_pipeline.py for tasks to queue
[2026-07-23T14:30:28.133+0000] {logging_mixin.py:190} INFO - [2026-07-23T14:30:28.131+0000] {dagbag.py:588} INFO - Filling up the DagBag from /opt/airflow/dags/youtube_medallion_pipeline.py
[2026-07-23T14:30:28.239+0000] {processor.py:925} INFO - DAG(s) 'youtube_medallion_pipeline' retrieved from /opt/airflow/dags/youtube_medallion_pipeline.py
[2026-07-23T14:30:28.526+0000] {logging_mixin.py:190} INFO - [2026-07-23T14:30:28.525+0000] {dag.py:3239} INFO - Sync 1 DAGs
[2026-07-23T14:30:28.639+0000] {logging_mixin.py:190} INFO - [2026-07-23T14:30:28.638+0000] {dag.py:4180} INFO - Setting next_dagrun for youtube_medallion_pipeline to None, run_after=None
[2026-07-23T14:30:28.738+0000] {processor.py:208} INFO - Processing /opt/airflow/dags/youtube_medallion_pipeline.py took 0.656 seconds
[2026-07-23T14:30:59.525+0000] {processor.py:186} INFO - Started process (PID=456) to work on /opt/airflow/dags/youtube_medallion_pipeline.py
[2026-07-23T14:30:59.531+0000] {processor.py:914} INFO - Processing file /opt/airflow/dags/youtube_medallion_pipeline.py for tasks to queue
[2026-07-23T14:30:59.544+0000] {logging_mixin.py:190} INFO - [2026-07-23T14:30:59.543+0000] {dagbag.py:588} INFO - Filling up the DagBag from /opt/airflow/dags/youtube_medallion_pipeline.py
[2026-07-23T14:30:59.633+0000] {processor.py:925} INFO - DAG(s) 'youtube_medallion_pipeline' retrieved from /opt/airflow/dags/youtube_medallion_pipeline.py
[2026-07-23T14:30:59.738+0000] {logging_mixin.py:190} INFO - [2026-07-23T14:30:59.738+0000] {dag.py:3239} INFO - Sync 1 DAGs
[2026-07-23T14:30:59.813+0000] {logging_mixin.py:190} INFO - [2026-07-23T14:30:59.812+0000] {dag.py:4180} INFO - Setting next_dagrun for youtube_medallion_pipeline to None, run_after=None
[2026-07-23T14:30:59.875+0000] {processor.py:208} INFO - Processing /opt/airflow/dags/youtube_medallion_pipeline.py took 0.382 seconds
[2026-07-23T14:31:30.372+0000] {processor.py:186} INFO - Started process (PID=461) to work on /opt/airflow/dags/youtube_medallion_pipeline.py
[2026-07-23T14:31:30.375+0000] {processor.py:914} INFO - Processing file /opt/airflow/dags/youtube_medallion_pipeline.py for tasks to queue
[2026-07-23T14:31:30.381+0000] {logging_mixin.py:190} INFO - [2026-07-23T14:31:30.380+0000] {dagbag.py:588} INFO - Filling up the DagBag from /opt/airflow/dags/youtube_medallion_pipeline.py
[2026-07-23T14:31:30.453+0000] {processor.py:925} INFO - DAG(s) 'youtube_medallion_pipeline' retrieved from /opt/airflow/dags/youtube_medallion_pipeline.py
[2026-07-23T14:31:30.631+0000] {logging_mixin.py:190} INFO - [2026-07-23T14:31:30.630+0000] {dag.py:3239} INFO - Sync 1 DAGs
[2026-07-23T14:31:30.712+0000] {logging_mixin.py:190} INFO - [2026-07-23T14:31:30.712+0000] {dag.py:4180} INFO - Setting next_dagrun for youtube_medallion_pipeline to None, run_after=None
[2026-07-23T14:31:30.869+0000] {processor.py:208} INFO - Processing /opt/airflow/dags/youtube_medallion_pipeline.py took 0.512 seconds
[2026-07-23T14:32:01.575+0000] {processor.py:186} INFO - Started process (PID=466) to work on /opt/airflow/dags/youtube_medallion_pipeline.py
[2026-07-23T14:32:01.580+0000] {processor.py:914} INFO - Processing file /opt/airflow/dags/youtube_medallion_pipeline.py for tasks to queue
[2026-07-23T14:32:01.587+0000] {logging_mixin.py:190} INFO - [2026-07-23T14:32:01.586+0000] {dagbag.py:588} INFO - Filling up the DagBag from /opt/airflow/dags/youtube_medallion_pipeline.py
[2026-07-23T14:32:01.641+0000] {processor.py:925} INFO - DAG(s) 'youtube_medallion_pipeline' retrieved from /opt/airflow/dags/youtube_medallion_pipeline.py
[2026-07-23T14:32:01.740+0000] {logging_mixin.py:190} INFO - [2026-07-23T14:32:01.737+0000] {dag.py:3239} INFO - Sync 1 DAGs
[2026-07-23T14:32:01.791+0000] {logging_mixin.py:190} INFO - [2026-07-23T14:32:01.790+0000] {dag.py:4180} INFO - Setting next_dagrun for youtube_medallion_pipeline to None, run_after=None
[2026-07-23T14:32:01.891+0000] {processor.py:208} INFO - Processing /opt/airflow/dags/youtube_medallion_pipeline.py took 0.331 seconds
[2026-07-23T14:32:32.202+0000] {processor.py:186} INFO - Started process (PID=471) to work on /opt/airflow/dags/youtube_medallion_pipeline.py
[2026-07-23T14:32:32.205+0000] {processor.py:914} INFO - Processing file /opt/airflow/dags/youtube_medallion_pipeline.py for tasks to queue
[2026-07-23T14:32:32.212+0000] {logging_mixin.py:190} INFO - [2026-07-23T14:32:32.211+0000] {dagbag.py:588} INFO - Filling up the DagBag from /opt/airflow/dags/youtube_medallion_pipeline.py
[2026-07-23T14:32:32.244+0000] {processor.py:925} INFO - DAG(s) 'youtube_medallion_pipeline' retrieved from /opt/airflow/dags/youtube_medallion_pipeline.py
[2026-07-23T14:32:32.299+0000] {logging_mixin.py:190} INFO - [2026-07-23T14:32:32.299+0000] {dag.py:3239} INFO - Sync 1 DAGs
[2026-07-23T14:32:32.326+0000] {logging_mixin.py:190} INFO - [2026-07-23T14:32:32.325+0000] {dag.py:4180} INFO - Setting next_dagrun for youtube_medallion_pipeline to None, run_after=None
[2026-07-23T14:32:32.379+0000] {processor.py:208} INFO - Processing /opt/airflow/dags/youtube_medallion_pipeline.py took 0.190 seconds
[2026-07-23T14:33:03.401+0000] {processor.py:186} INFO - Started process (PID=476) to work on /opt/airflow/dags/youtube_medallion_pipeline.py
[2026-07-23T14:33:03.419+0000] {processor.py:914} INFO - Processing file /opt/airflow/dags/youtube_medallion_pipeline.py for tasks to queue
[2026-07-23T14:33:03.454+0000] {logging_mixin.py:190} INFO - [2026-07-23T14:33:03.453+0000] {dagbag.py:588} INFO - Filling up the DagBag from /opt/airflow/dags/youtube_medallion_pipeline.py
[2026-07-23T14:33:03.567+0000] {processor.py:925} INFO - DAG(s) 'youtube_medallion_pipeline' retrieved from /opt/airflow/dags/youtube_medallion_pipeline.py
[2026-07-23T14:33:03.878+0000] {logging_mixin.py:190} INFO - [2026-07-23T14:33:03.873+0000] {dag.py:3239} INFO - Sync 1 DAGs
[2026-07-23T14:33:04.022+0000] {logging_mixin.py:190} INFO - [2026-07-23T14:33:04.019+0000] {dag.py:4180} INFO - Setting next_dagrun for youtube_medallion_pipeline to None, run_after=None
[2026-07-23T14:33:04.199+0000] {processor.py:208} INFO - Processing /opt/airflow/dags/youtube_medallion_pipeline.py took 0.839 seconds
[2026-07-23T14:33:34.552+0000] {processor.py:186} INFO - Started process (PID=481) to work on /opt/airflow/dags/youtube_medallion_pipeline.py
[2026-07-23T14:33:34.555+0000] {processor.py:914} INFO - Processing file /opt/airflow/dags/youtube_medallion_pipeline.py for tasks to queue
[2026-07-23T14:33:34.562+0000] {logging_mixin.py:190} INFO - [2026-07-23T14:33:34.561+0000] {dagbag.py:588} INFO - Filling up the DagBag from /opt/airflow/dags/youtube_medallion_pipeline.py
[2026-07-23T14:33:34.605+0000] {processor.py:925} INFO - DAG(s) 'youtube_medallion_pipeline' retrieved from /opt/airflow/dags/youtube_medallion_pipeline.py
[2026-07-23T14:33:34.709+0000] {logging_mixin.py:190} INFO - [2026-07-23T14:33:34.708+0000] {dag.py:3239} INFO - Sync 1 DAGs
[2026-07-23T14:33:34.754+0000] {logging_mixin.py:190} INFO - [2026-07-23T14:33:34.754+0000] {dag.py:4180} INFO - Setting next_dagrun for youtube_medallion_pipeline to None, run_after=None
[2026-07-23T14:33:34.839+0000] {processor.py:208} INFO - Processing /opt/airflow/dags/youtube_medallion_pipeline.py took 0.303 seconds
[2026-07-23T14:34:05.077+0000] {processor.py:186} INFO - Started process (PID=486) to work on /opt/airflow/dags/youtube_medallion_pipeline.py
[2026-07-23T14:34:05.080+0000] {processor.py:914} INFO - Processing file /opt/airflow/dags/youtube_medallion_pipeline.py for tasks to queue
[2026-07-23T14:34:05.090+0000] {logging_mixin.py:190} INFO - [2026-07-23T14:34:05.089+0000] {dagbag.py:588} INFO - Filling up the DagBag from /opt/airflow/dags/youtube_medallion_pipeline.py
[2026-07-23T14:34:05.185+0000] {processor.py:925} INFO - DAG(s) 'youtube_medallion_pipeline' retrieved from /opt/airflow/dags/youtube_medallion_pipeline.py
[2026-07-23T14:34:05.260+0000] {logging_mixin.py:190} INFO - [2026-07-23T14:34:05.260+0000] {dag.py:3239} INFO - Sync 1 DAGs
[2026-07-23T14:34:05.299+0000] {logging_mixin.py:190} INFO - [2026-07-23T14:34:05.299+0000] {dag.py:4180} INFO - Setting next_dagrun for youtube_medallion_pipeline to None, run_after=None
[2026-07-23T14:34:05.356+0000] {processor.py:208} INFO - Processing /opt/airflow/dags/youtube_medallion_pipeline.py took 0.295 seconds
[2026-07-23T14:34:35.680+0000] {processor.py:186} INFO - Started process (PID=491) to work on /opt/airflow/dags/youtube_medallion_pipeline.py
[2026-07-23T14:34:35.685+0000] {processor.py:914} INFO - Processing file /opt/airflow/dags/youtube_medallion_pipeline.py for tasks to queue
[2026-07-23T14:34:35.694+0000] {logging_mixin.py:190} INFO - [2026-07-23T14:34:35.693+0000] {dagbag.py:588} INFO - Filling up the DagBag from /opt/airflow/dags/youtube_medallion_pipeline.py
[2026-07-23T14:34:35.768+0000] {processor.py:925} INFO - DAG(s) 'youtube_medallion_pipeline' retrieved from /opt/airflow/dags/youtube_medallion_pipeline.py
[2026-07-23T14:34:35.867+0000] {logging_mixin.py:190} INFO - [2026-07-23T14:34:35.867+0000] {dag.py:3239} INFO - Sync 1 DAGs
[2026-07-23T14:34:35.903+0000] {logging_mixin.py:190} INFO - [2026-07-23T14:34:35.903+0000] {dag.py:4180} INFO - Setting next_dagrun for youtube_medallion_pipeline to None, run_after=None
[2026-07-23T14:34:35.948+0000] {processor.py:208} INFO - Processing /opt/airflow/dags/youtube_medallion_pipeline.py took 0.290 seconds
[2026-07-23T14:35:06.330+0000] {processor.py:186} INFO - Started process (PID=496) to work on /opt/airflow/dags/youtube_medallion_pipeline.py
[2026-07-23T14:35:06.333+0000] {processor.py:914} INFO - Processing file /opt/airflow/dags/youtube_medallion_pipeline.py for tasks to queue
[2026-07-23T14:35:06.339+0000] {logging_mixin.py:190} INFO - [2026-07-23T14:35:06.338+0000] {dagbag.py:588} INFO - Filling up the DagBag from /opt/airflow/dags/youtube_medallion_pipeline.py
[2026-07-23T14:35:06.385+0000] {processor.py:925} INFO - DAG(s) 'youtube_medallion_pipeline' retrieved from /opt/airflow/dags/youtube_medallion_pipeline.py
[2026-07-23T14:35:06.470+0000] {logging_mixin.py:190} INFO - [2026-07-23T14:35:06.469+0000] {dag.py:3239} INFO - Sync 1 DAGs
[2026-07-23T14:35:06.512+0000] {logging_mixin.py:190} INFO - [2026-07-23T14:35:06.511+0000] {dag.py:4180} INFO - Setting next_dagrun for youtube_medallion_pipeline to None, run_after=None
[2026-07-23T14:35:06.605+0000] {processor.py:208} INFO - Processing /opt/airflow/dags/youtube_medallion_pipeline.py took 0.290 seconds
[2026-07-23T14:35:36.905+0000] {processor.py:186} INFO - Started process (PID=501) to work on /opt/airflow/dags/youtube_medallion_pipeline.py
[2026-07-23T14:35:36.909+0000] {processor.py:914} INFO - Processing file /opt/airflow/dags/youtube_medallion_pipeline.py for tasks to queue
[2026-07-23T14:35:36.914+0000] {logging_mixin.py:190} INFO - [2026-07-23T14:35:36.914+0000] {dagbag.py:588} INFO - Filling up the DagBag from /opt/airflow/dags/youtube_medallion_pipeline.py
[2026-07-23T14:35:36.956+0000] {processor.py:925} INFO - DAG(s) 'youtube_medallion_pipeline' retrieved from /opt/airflow/dags/youtube_medallion_pipeline.py
[2026-07-23T14:35:37.027+0000] {logging_mixin.py:190} INFO - [2026-07-23T14:35:37.026+0000] {dag.py:3239} INFO - Sync 1 DAGs
[2026-07-23T14:35:37.055+0000] {logging_mixin.py:190} INFO - [2026-07-23T14:35:37.055+0000] {dag.py:4180} INFO - Setting next_dagrun for youtube_medallion_pipeline to None, run_after=None
[2026-07-23T14:35:37.105+0000] {processor.py:208} INFO - Processing /opt/airflow/dags/youtube_medallion_pipeline.py took 0.223 seconds
[2026-07-23T14:36:07.368+0000] {processor.py:186} INFO - Started process (PID=506) to work on /opt/airflow/dags/youtube_medallion_pipeline.py
[2026-07-23T14:36:07.371+0000] {processor.py:914} INFO - Processing file /opt/airflow/dags/youtube_medallion_pipeline.py for tasks to queue
[2026-07-23T14:36:07.377+0000] {logging_mixin.py:190} INFO - [2026-07-23T14:36:07.376+0000] {dagbag.py:588} INFO - Filling up the DagBag from /opt/airflow/dags/youtube_medallion_pipeline.py
[2026-07-23T14:36:07.411+0000] {processor.py:925} INFO - DAG(s) 'youtube_medallion_pipeline' retrieved from /opt/airflow/dags/youtube_medallion_pipeline.py
[2026-07-23T14:36:07.483+0000] {logging_mixin.py:190} INFO - [2026-07-23T14:36:07.483+0000] {dag.py:3239} INFO - Sync 1 DAGs
[2026-07-23T14:36:07.520+0000] {logging_mixin.py:190} INFO - [2026-07-23T14:36:07.520+0000] {dag.py:4180} INFO - Setting next_dagrun for youtube_medallion_pipeline to None, run_after=None
[2026-07-23T14:36:07.564+0000] {processor.py:208} INFO - Processing /opt/airflow/dags/youtube_medallion_pipeline.py took 0.209 seconds
[2026-07-23T14:36:37.835+0000] {processor.py:186} INFO - Started process (PID=511) to work on /opt/airflow/dags/youtube_medallion_pipeline.py
[2026-07-23T14:36:37.838+0000] {processor.py:914} INFO - Processing file /opt/airflow/dags/youtube_medallion_pipeline.py for tasks to queue
[2026-07-23T14:36:37.845+0000] {logging_mixin.py:190} INFO - [2026-07-23T14:36:37.844+0000] {dagbag.py:588} INFO - Filling up the DagBag from /opt/airflow/dags/youtube_medallion_pipeline.py
[2026-07-23T14:36:37.890+0000] {processor.py:925} INFO - DAG(s) 'youtube_medallion_pipeline' retrieved from /opt/airflow/dags/youtube_medallion_pipeline.py
[2026-07-23T14:36:37.986+0000] {logging_mixin.py:190} INFO - [2026-07-23T14:36:37.985+0000] {dag.py:3239} INFO - Sync 1 DAGs
[2026-07-23T14:36:38.030+0000] {logging_mixin.py:190} INFO - [2026-07-23T14:36:38.029+0000] {dag.py:4180} INFO - Setting next_dagrun for youtube_medallion_pipeline to None, run_after=None
[2026-07-23T14:36:38.085+0000] {processor.py:208} INFO - Processing /opt/airflow/dags/youtube_medallion_pipeline.py took 0.263 seconds
[2026-07-23T14:37:08.423+0000] {processor.py:186} INFO - Started process (PID=516) to work on /opt/airflow/dags/youtube_medallion_pipeline.py
[2026-07-23T14:37:08.426+0000] {processor.py:914} INFO - Processing file /opt/airflow/dags/youtube_medallion_pipeline.py for tasks to queue
[2026-07-23T14:37:08.432+0000] {logging_mixin.py:190} INFO - [2026-07-23T14:37:08.431+0000] {dagbag.py:588} INFO - Filling up the DagBag from /opt/airflow/dags/youtube_medallion_pipeline.py
[2026-07-23T14:37:08.513+0000] {processor.py:925} INFO - DAG(s) 'youtube_medallion_pipeline' retrieved from /opt/airflow/dags/youtube_medallion_pipeline.py
[2026-07-23T14:37:08.605+0000] {logging_mixin.py:190} INFO - [2026-07-23T14:37:08.604+0000] {dag.py:3239} INFO - Sync 1 DAGs
[2026-07-23T14:37:08.675+0000] {logging_mixin.py:190} INFO - [2026-07-23T14:37:08.674+0000] {dag.py:4180} INFO - Setting next_dagrun for youtube_medallion_pipeline to None, run_after=None
[2026-07-23T14:37:08.726+0000] {processor.py:208} INFO - Processing /opt/airflow/dags/youtube_medallion_pipeline.py took 0.317 seconds
[2026-07-23T14:37:39.244+0000] {processor.py:186} INFO - Started process (PID=521) to work on /opt/airflow/dags/youtube_medallion_pipeline.py
[2026-07-23T14:37:39.247+0000] {processor.py:914} INFO - Processing file /opt/airflow/dags/youtube_medallion_pipeline.py for tasks to queue
[2026-07-23T14:37:39.254+0000] {logging_mixin.py:190} INFO - [2026-07-23T14:37:39.253+0000] {dagbag.py:588} INFO - Filling up the DagBag from /opt/airflow/dags/youtube_medallion_pipeline.py
[2026-07-23T14:37:39.296+0000] {processor.py:925} INFO - DAG(s) 'youtube_medallion_pipeline' retrieved from /opt/airflow/dags/youtube_medallion_pipeline.py
[2026-07-23T14:37:39.354+0000] {logging_mixin.py:190} INFO - [2026-07-23T14:37:39.353+0000] {dag.py:3239} INFO - Sync 1 DAGs
[2026-07-23T14:37:39.381+0000] {logging_mixin.py:190} INFO - [2026-07-23T14:37:39.381+0000] {dag.py:4180} INFO - Setting next_dagrun for youtube_medallion_pipeline to None, run_after=None
[2026-07-23T14:37:39.421+0000] {processor.py:208} INFO - Processing /opt/airflow/dags/youtube_medallion_pipeline.py took 0.190 seconds
[2026-07-23T14:38:09.558+0000] {processor.py:186} INFO - Started process (PID=526) to work on /opt/airflow/dags/youtube_medallion_pipeline.py
[2026-07-23T14:38:09.561+0000] {processor.py:914} INFO - Processing file /opt/airflow/dags/youtube_medallion_pipeline.py for tasks to queue
[2026-07-23T14:38:09.567+0000] {logging_mixin.py:190} INFO - [2026-07-23T14:38:09.566+0000] {dagbag.py:588} INFO - Filling up the DagBag from /opt/airflow/dags/youtube_medallion_pipeline.py
[2026-07-23T14:38:09.597+0000] {processor.py:925} INFO - DAG(s) 'youtube_medallion_pipeline' retrieved from /opt/airflow/dags/youtube_medallion_pipeline.py
[2026-07-23T14:38:09.655+0000] {logging_mixin.py:190} INFO - [2026-07-23T14:38:09.654+0000] {dag.py:3239} INFO - Sync 1 DAGs
[2026-07-23T14:38:09.681+0000] {logging_mixin.py:190} INFO - [2026-07-23T14:38:09.681+0000] {dag.py:4180} INFO - Setting next_dagrun for youtube_medallion_pipeline to None, run_after=None
[2026-07-23T14:38:09.716+0000] {processor.py:208} INFO - Processing /opt/airflow/dags/youtube_medallion_pipeline.py took 0.173 seconds
[2026-07-23T14:38:40.128+0000] {processor.py:186} INFO - Started process (PID=531) to work on /opt/airflow/dags/youtube_medallion_pipeline.py
[2026-07-23T14:38:40.131+0000] {processor.py:914} INFO - Processing file /opt/airflow/dags/youtube_medallion_pipeline.py for tasks to queue
[2026-07-23T14:38:40.169+0000] {logging_mixin.py:190} INFO - [2026-07-23T14:38:40.169+0000] {dagbag.py:588} INFO - Filling up the DagBag from /opt/airflow/dags/youtube_medallion_pipeline.py
[2026-07-23T14:38:40.228+0000] {processor.py:925} INFO - DAG(s) 'youtube_medallion_pipeline' retrieved from /opt/airflow/dags/youtube_medallion_pipeline.py
[2026-07-23T14:38:40.342+0000] {logging_mixin.py:190} INFO - [2026-07-23T14:38:40.341+0000] {dag.py:3239} INFO - Sync 1 DAGs
[2026-07-23T14:38:40.367+0000] {logging_mixin.py:190} INFO - [2026-07-23T14:38:40.366+0000] {dag.py:4180} INFO - Setting next_dagrun for youtube_medallion_pipeline to None, run_after=None
[2026-07-23T14:38:40.417+0000] {processor.py:208} INFO - Processing /opt/airflow/dags/youtube_medallion_pipeline.py took 0.302 seconds
[2026-07-23T14:39:10.828+0000] {processor.py:186} INFO - Started process (PID=536) to work on /opt/airflow/dags/youtube_medallion_pipeline.py
[2026-07-23T14:39:10.831+0000] {processor.py:914} INFO - Processing file /opt/airflow/dags/youtube_medallion_pipeline.py for tasks to queue
[2026-07-23T14:39:10.840+0000] {logging_mixin.py:190} INFO - [2026-07-23T14:39:10.839+0000] {dagbag.py:588} INFO - Filling up the DagBag from /opt/airflow/dags/youtube_medallion_pipeline.py
[2026-07-23T14:39:10.879+0000] {processor.py:925} INFO - DAG(s) 'youtube_medallion_pipeline' retrieved from /opt/airflow/dags/youtube_medallion_pipeline.py
[2026-07-23T14:39:10.979+0000] {logging_mixin.py:190} INFO - [2026-07-23T14:39:10.979+0000] {dag.py:3239} INFO - Sync 1 DAGs
[2026-07-23T14:39:11.013+0000] {logging_mixin.py:190} INFO - [2026-07-23T14:39:11.012+0000] {dag.py:4180} INFO - Setting next_dagrun for youtube_medallion_pipeline to None, run_after=None
[2026-07-23T14:39:11.084+0000] {processor.py:208} INFO - Processing /opt/airflow/dags/youtube_medallion_pipeline.py took 0.267 seconds
[2026-07-23T14:39:41.440+0000] {processor.py:186} INFO - Started process (PID=541) to work on /opt/airflow/dags/youtube_medallion_pipeline.py
[2026-07-23T14:39:41.443+0000] {processor.py:914} INFO - Processing file /opt/airflow/dags/youtube_medallion_pipeline.py for tasks to queue
[2026-07-23T14:39:41.452+0000] {logging_mixin.py:190} INFO - [2026-07-23T14:39:41.451+0000] {dagbag.py:588} INFO - Filling up the DagBag from /opt/airflow/dags/youtube_medallion_pipeline.py
[2026-07-23T14:39:41.491+0000] {processor.py:925} INFO - DAG(s) 'youtube_medallion_pipeline' retrieved from /opt/airflow/dags/youtube_medallion_pipeline.py
[2026-07-23T14:39:41.572+0000] {logging_mixin.py:190} INFO - [2026-07-23T14:39:41.572+0000] {dag.py:3239} INFO - Sync 1 DAGs
[2026-07-23T14:39:41.609+0000] {logging_mixin.py:190} INFO - [2026-07-23T14:39:41.608+0000] {dag.py:4180} INFO - Setting next_dagrun for youtube_medallion_pipeline to None, run_after=None
[2026-07-23T14:39:41.637+0000] {processor.py:208} INFO - Processing /opt/airflow/dags/youtube_medallion_pipeline.py took 0.210 seconds
[2026-07-23T14:40:11.825+0000] {processor.py:186} INFO - Started process (PID=546) to work on /opt/airflow/dags/youtube_medallion_pipeline.py
[2026-07-23T14:40:11.828+0000] {processor.py:914} INFO - Processing file /opt/airflow/dags/youtube_medallion_pipeline.py for tasks to queue
[2026-07-23T14:40:11.834+0000] {logging_mixin.py:190} INFO - [2026-07-23T14:40:11.833+0000] {dagbag.py:588} INFO - Filling up the DagBag from /opt/airflow/dags/youtube_medallion_pipeline.py
[2026-07-23T14:40:11.864+0000] {processor.py:925} INFO - DAG(s) 'youtube_medallion_pipeline' retrieved from /opt/airflow/dags/youtube_medallion_pipeline.py
[2026-07-23T14:40:11.919+0000] {logging_mixin.py:190} INFO - [2026-07-23T14:40:11.919+0000] {dag.py:3239} INFO - Sync 1 DAGs
[2026-07-23T14:40:11.943+0000] {logging_mixin.py:190} INFO - [2026-07-23T14:40:11.942+0000] {dag.py:4180} INFO - Setting next_dagrun for youtube_medallion_pipeline to None, run_after=None
[2026-07-23T14:40:11.978+0000] {processor.py:208} INFO - Processing /opt/airflow/dags/youtube_medallion_pipeline.py took 0.163 seconds
[2026-07-23T14:40:42.178+0000] {processor.py:186} INFO - Started process (PID=551) to work on /opt/airflow/dags/youtube_medallion_pipeline.py
[2026-07-23T14:40:42.181+0000] {processor.py:914} INFO - Processing file /opt/airflow/dags/youtube_medallion_pipeline.py for tasks to queue
[2026-07-23T14:40:42.188+0000] {logging_mixin.py:190} INFO - [2026-07-23T14:40:42.187+0000] {dagbag.py:588} INFO - Filling up the DagBag from /opt/airflow/dags/youtube_medallion_pipeline.py
[2026-07-23T14:40:42.233+0000] {processor.py:925} INFO - DAG(s) 'youtube_medallion_pipeline' retrieved from /opt/airflow/dags/youtube_medallion_pipeline.py
[2026-07-23T14:40:42.314+0000] {logging_mixin.py:190} INFO - [2026-07-23T14:40:42.314+0000] {dag.py:3239} INFO - Sync 1 DAGs
[2026-07-23T14:40:42.349+0000] {logging_mixin.py:190} INFO - [2026-07-23T14:40:42.348+0000] {dag.py:4180} INFO - Setting next_dagrun for youtube_medallion_pipeline to None, run_after=None
[2026-07-23T14:40:42.394+0000] {processor.py:208} INFO - Processing /opt/airflow/dags/youtube_medallion_pipeline.py took 0.229 seconds
[2026-07-23T14:41:12.697+0000] {processor.py:186} INFO - Started process (PID=556) to work on /opt/airflow/dags/youtube_medallion_pipeline.py
[2026-07-23T14:41:12.701+0000] {processor.py:914} INFO - Processing file /opt/airflow/dags/youtube_medallion_pipeline.py for tasks to queue
[2026-07-23T14:41:12.711+0000] {logging_mixin.py:190} INFO - [2026-07-23T14:41:12.709+0000] {dagbag.py:588} INFO - Filling up the DagBag from /opt/airflow/dags/youtube_medallion_pipeline.py
[2026-07-23T14:41:12.745+0000] {processor.py:925} INFO - DAG(s) 'youtube_medallion_pipeline' retrieved from /opt/airflow/dags/youtube_medallion_pipeline.py
[2026-07-23T14:41:12.822+0000] {logging_mixin.py:190} INFO - [2026-07-23T14:41:12.822+0000] {dag.py:3239} INFO - Sync 1 DAGs
[2026-07-23T14:41:12.855+0000] {logging_mixin.py:190} INFO - [2026-07-23T14:41:12.855+0000] {dag.py:4180} INFO - Setting next_dagrun for youtube_medallion_pipeline to None, run_after=None
[2026-07-23T14:41:12.918+0000] {processor.py:208} INFO - Processing /opt/airflow/dags/youtube_medallion_pipeline.py took 0.234 seconds
[2026-07-23T14:41:43.227+0000] {processor.py:186} INFO - Started process (PID=561) to work on /opt/airflow/dags/youtube_medallion_pipeline.py
[2026-07-23T14:41:43.237+0000] {processor.py:914} INFO - Processing file /opt/airflow/dags/youtube_medallion_pipeline.py for tasks to queue
[2026-07-23T14:41:43.272+0000] {logging_mixin.py:190} INFO - [2026-07-23T14:41:43.268+0000] {dagbag.py:588} INFO - Filling up the DagBag from /opt/airflow/dags/youtube_medallion_pipeline.py
[2026-07-23T14:41:43.456+0000] {processor.py:925} INFO - DAG(s) 'youtube_medallion_pipeline' retrieved from /opt/airflow/dags/youtube_medallion_pipeline.py
[2026-07-23T14:41:43.562+0000] {logging_mixin.py:190} INFO - [2026-07-23T14:41:43.561+0000] {dag.py:3239} INFO - Sync 1 DAGs
[2026-07-23T14:41:43.608+0000] {logging_mixin.py:190} INFO - [2026-07-23T14:41:43.608+0000] {dag.py:4180} INFO - Setting next_dagrun for youtube_medallion_pipeline to None, run_after=None
[2026-07-23T14:41:43.675+0000] {processor.py:208} INFO - Processing /opt/airflow/dags/youtube_medallion_pipeline.py took 0.497 seconds
[2026-07-23T14:42:13.787+0000] {processor.py:186} INFO - Started process (PID=566) to work on /opt/airflow/dags/youtube_medallion_pipeline.py
[2026-07-23T14:42:13.790+0000] {processor.py:914} INFO - Processing file /opt/airflow/dags/youtube_medallion_pipeline.py for tasks to queue
[2026-07-23T14:42:13.798+0000] {logging_mixin.py:190} INFO - [2026-07-23T14:42:13.797+0000] {dagbag.py:588} INFO - Filling up the DagBag from /opt/airflow/dags/youtube_medallion_pipeline.py
[2026-07-23T14:42:13.843+0000] {processor.py:925} INFO - DAG(s) 'youtube_medallion_pipeline' retrieved from /opt/airflow/dags/youtube_medallion_pipeline.py
[2026-07-23T14:42:13.911+0000] {logging_mixin.py:190} INFO - [2026-07-23T14:42:13.911+0000] {dag.py:3239} INFO - Sync 1 DAGs
[2026-07-23T14:42:13.942+0000] {logging_mixin.py:190} INFO - [2026-07-23T14:42:13.942+0000] {dag.py:4180} INFO - Setting next_dagrun for youtube_medallion_pipeline to None, run_after=None
[2026-07-23T14:42:13.986+0000] {processor.py:208} INFO - Processing /opt/airflow/dags/youtube_medallion_pipeline.py took 0.215 seconds
[2026-07-23T14:42:44.112+0000] {processor.py:186} INFO - Started process (PID=571) to work on /opt/airflow/dags/youtube_medallion_pipeline.py
[2026-07-23T14:42:44.114+0000] {processor.py:914} INFO - Processing file /opt/airflow/dags/youtube_medallion_pipeline.py for tasks to queue
[2026-07-23T14:42:44.121+0000] {logging_mixin.py:190} INFO - [2026-07-23T14:42:44.121+0000] {dagbag.py:588} INFO - Filling up the DagBag from /opt/airflow/dags/youtube_medallion_pipeline.py
[2026-07-23T14:42:44.157+0000] {processor.py:925} INFO - DAG(s) 'youtube_medallion_pipeline' retrieved from /opt/airflow/dags/youtube_medallion_pipeline.py
[2026-07-23T14:42:44.212+0000] {logging_mixin.py:190} INFO - [2026-07-23T14:42:44.212+0000] {dag.py:3239} INFO - Sync 1 DAGs
[2026-07-23T14:42:44.241+0000] {logging_mixin.py:190} INFO - [2026-07-23T14:42:44.241+0000] {dag.py:4180} INFO - Setting next_dagrun for youtube_medallion_pipeline to None, run_after=None
[2026-07-23T14:42:44.284+0000] {processor.py:208} INFO - Processing /opt/airflow/dags/youtube_medallion_pipeline.py took 0.183 seconds
[2026-07-23T14:43:14.558+0000] {processor.py:186} INFO - Started process (PID=576) to work on /opt/airflow/dags/youtube_medallion_pipeline.py
[2026-07-23T14:43:14.561+0000] {processor.py:914} INFO - Processing file /opt/airflow/dags/youtube_medallion_pipeline.py for tasks to queue
[2026-07-23T14:43:14.569+0000] {logging_mixin.py:190} INFO - [2026-07-23T14:43:14.569+0000] {dagbag.py:588} INFO - Filling up the DagBag from /opt/airflow/dags/youtube_medallion_pipeline.py
[2026-07-23T14:43:14.638+0000] {processor.py:925} INFO - DAG(s) 'youtube_medallion_pipeline' retrieved from /opt/airflow/dags/youtube_medallion_pipeline.py
[2026-07-23T14:43:14.735+0000] {logging_mixin.py:190} INFO - [2026-07-23T14:43:14.734+0000] {dag.py:3239} INFO - Sync 1 DAGs
[2026-07-23T14:43:14.803+0000] {logging_mixin.py:190} INFO - [2026-07-23T14:43:14.802+0000] {dag.py:4180} INFO - Setting next_dagrun for youtube_medallion_pipeline to None, run_after=None
[2026-07-23T14:43:14.875+0000] {processor.py:208} INFO - Processing /opt/airflow/dags/youtube_medallion_pipeline.py took 0.339 seconds
[2026-07-23T14:43:45.236+0000] {processor.py:186} INFO - Started process (PID=581) to work on /opt/airflow/dags/youtube_medallion_pipeline.py
[2026-07-23T14:43:45.240+0000] {processor.py:914} INFO - Processing file /opt/airflow/dags/youtube_medallion_pipeline.py for tasks to queue
[2026-07-23T14:43:45.259+0000] {logging_mixin.py:190} INFO - [2026-07-23T14:43:45.257+0000] {dagbag.py:588} INFO - Filling up the DagBag from /opt/airflow/dags/youtube_medallion_pipeline.py
[2026-07-23T14:43:45.359+0000] {processor.py:925} INFO - DAG(s) 'youtube_medallion_pipeline' retrieved from /opt/airflow/dags/youtube_medallion_pipeline.py
[2026-07-23T14:43:45.483+0000] {logging_mixin.py:190} INFO - [2026-07-23T14:43:45.482+0000] {dag.py:3239} INFO - Sync 1 DAGs
[2026-07-23T14:43:45.560+0000] {logging_mixin.py:190} INFO - [2026-07-23T14:43:45.559+0000] {dag.py:4180} INFO - Setting next_dagrun for youtube_medallion_pipeline to None, run_after=None
[2026-07-23T14:43:45.645+0000] {processor.py:208} INFO - Processing /opt/airflow/dags/youtube_medallion_pipeline.py took 0.437 seconds
[2026-07-23T14:44:15.843+0000] {processor.py:186} INFO - Started process (PID=586) to work on /opt/airflow/dags/youtube_medallion_pipeline.py
[2026-07-23T14:44:15.847+0000] {processor.py:914} INFO - Processing file /opt/airflow/dags/youtube_medallion_pipeline.py for tasks to queue
[2026-07-23T14:44:15.855+0000] {logging_mixin.py:190} INFO - [2026-07-23T14:44:15.854+0000] {dagbag.py:588} INFO - Filling up the DagBag from /opt/airflow/dags/youtube_medallion_pipeline.py
[2026-07-23T14:44:15.924+0000] {processor.py:925} INFO - DAG(s) 'youtube_medallion_pipeline' retrieved from /opt/airflow/dags/youtube_medallion_pipeline.py
[2026-07-23T14:44:16.127+0000] {logging_mixin.py:190} INFO - [2026-07-23T14:44:16.126+0000] {dag.py:3239} INFO - Sync 1 DAGs
[2026-07-23T14:44:16.161+0000] {logging_mixin.py:190} INFO - [2026-07-23T14:44:16.161+0000] {dag.py:4180} INFO - Setting next_dagrun for youtube_medallion_pipeline to None, run_after=None
[2026-07-23T14:44:16.300+0000] {processor.py:208} INFO - Processing /opt/airflow/dags/youtube_medallion_pipeline.py took 0.485 seconds
[2026-07-23T14:44:46.516+0000] {processor.py:186} INFO - Started process (PID=591) to work on /opt/airflow/dags/youtube_medallion_pipeline.py
[2026-07-23T14:44:46.538+0000] {processor.py:914} INFO - Processing file /opt/airflow/dags/youtube_medallion_pipeline.py for tasks to queue
[2026-07-23T14:44:46.607+0000] {logging_mixin.py:190} INFO - [2026-07-23T14:44:46.601+0000] {dagbag.py:588} INFO - Filling up the DagBag from /opt/airflow/dags/youtube_medallion_pipeline.py
[2026-07-23T14:44:46.741+0000] {processor.py:925} INFO - DAG(s) 'youtube_medallion_pipeline' retrieved from /opt/airflow/dags/youtube_medallion_pipeline.py
[2026-07-23T14:44:46.859+0000] {logging_mixin.py:190} INFO - [2026-07-23T14:44:46.859+0000] {dag.py:3239} INFO - Sync 1 DAGs
[2026-07-23T14:44:46.920+0000] {logging_mixin.py:190} INFO - [2026-07-23T14:44:46.920+0000] {dag.py:4180} INFO - Setting next_dagrun for youtube_medallion_pipeline to None, run_after=None
[2026-07-23T14:44:46.984+0000] {processor.py:208} INFO - Processing /opt/airflow/dags/youtube_medallion_pipeline.py took 0.489 seconds
[2026-07-23T14:45:17.435+0000] {processor.py:186} INFO - Started process (PID=596) to work on /opt/airflow/dags/youtube_medallion_pipeline.py
[2026-07-23T14:45:17.438+0000] {processor.py:914} INFO - Processing file /opt/airflow/dags/youtube_medallion_pipeline.py for tasks to queue
[2026-07-23T14:45:17.446+0000] {logging_mixin.py:190} INFO - [2026-07-23T14:45:17.445+0000] {dagbag.py:588} INFO - Filling up the DagBag from /opt/airflow/dags/youtube_medallion_pipeline.py
[2026-07-23T14:45:17.498+0000] {processor.py:925} INFO - DAG(s) 'youtube_medallion_pipeline' retrieved from /opt/airflow/dags/youtube_medallion_pipeline.py
[2026-07-23T14:45:17.586+0000] {logging_mixin.py:190} INFO - [2026-07-23T14:45:17.585+0000] {dag.py:3239} INFO - Sync 1 DAGs
[2026-07-23T14:45:17.635+0000] {logging_mixin.py:190} INFO - [2026-07-23T14:45:17.634+0000] {dag.py:4180} INFO - Setting next_dagrun for youtube_medallion_pipeline to None, run_after=None
[2026-07-23T14:45:17.699+0000] {processor.py:208} INFO - Processing /opt/airflow/dags/youtube_medallion_pipeline.py took 0.282 seconds
[2026-07-23T14:45:48.072+0000] {processor.py:186} INFO - Started process (PID=601) to work on /opt/airflow/dags/youtube_medallion_pipeline.py
[2026-07-23T14:45:48.074+0000] {processor.py:914} INFO - Processing file /opt/airflow/dags/youtube_medallion_pipeline.py for tasks to queue
[2026-07-23T14:45:48.080+0000] {logging_mixin.py:190} INFO - [2026-07-23T14:45:48.080+0000] {dagbag.py:588} INFO - Filling up the DagBag from /opt/airflow/dags/youtube_medallion_pipeline.py
[2026-07-23T14:45:48.140+0000] {processor.py:925} INFO - DAG(s) 'youtube_medallion_pipeline' retrieved from /opt/airflow/dags/youtube_medallion_pipeline.py
[2026-07-23T14:45:48.266+0000] {logging_mixin.py:190} INFO - [2026-07-23T14:45:48.265+0000] {dag.py:3239} INFO - Sync 1 DAGs
[2026-07-23T14:45:48.353+0000] {logging_mixin.py:190} INFO - [2026-07-23T14:45:48.353+0000] {dag.py:4180} INFO - Setting next_dagrun for youtube_medallion_pipeline to None, run_after=None
[2026-07-23T14:45:48.461+0000] {processor.py:208} INFO - Processing /opt/airflow/dags/youtube_medallion_pipeline.py took 0.400 seconds
[2026-07-23T14:46:18.857+0000] {processor.py:186} INFO - Started process (PID=606) to work on /opt/airflow/dags/youtube_medallion_pipeline.py
[2026-07-23T14:46:18.859+0000] {processor.py:914} INFO - Processing file /opt/airflow/dags/youtube_medallion_pipeline.py for tasks to queue
[2026-07-23T14:46:18.865+0000] {logging_mixin.py:190} INFO - [2026-07-23T14:46:18.864+0000] {dagbag.py:588} INFO - Filling up the DagBag from /opt/airflow/dags/youtube_medallion_pipeline.py
[2026-07-23T14:46:18.900+0000] {processor.py:925} INFO - DAG(s) 'youtube_medallion_pipeline' retrieved from /opt/airflow/dags/youtube_medallion_pipeline.py
[2026-07-23T14:46:18.981+0000] {logging_mixin.py:190} INFO - [2026-07-23T14:46:18.981+0000] {dag.py:3239} INFO - Sync 1 DAGs
[2026-07-23T14:46:19.029+0000] {logging_mixin.py:190} INFO - [2026-07-23T14:46:19.029+0000] {dag.py:4180} INFO - Setting next_dagrun for youtube_medallion_pipeline to None, run_after=None
[2026-07-23T14:46:19.098+0000] {processor.py:208} INFO - Processing /opt/airflow/dags/youtube_medallion_pipeline.py took 0.251 seconds
[2026-07-23T14:46:49.193+0000] {processor.py:186} INFO - Started process (PID=611) to work on /opt/airflow/dags/youtube_medallion_pipeline.py
[2026-07-23T14:46:49.196+0000] {processor.py:914} INFO - Processing file /opt/airflow/dags/youtube_medallion_pipeline.py for tasks to queue
[2026-07-23T14:46:49.205+0000] {logging_mixin.py:190} INFO - [2026-07-23T14:46:49.203+0000] {dagbag.py:588} INFO - Filling up the DagBag from /opt/airflow/dags/youtube_medallion_pipeline.py
[2026-07-23T14:46:49.257+0000] {processor.py:925} INFO - DAG(s) 'youtube_medallion_pipeline' retrieved from /opt/airflow/dags/youtube_medallion_pipeline.py
[2026-07-23T14:46:49.324+0000] {logging_mixin.py:190} INFO - [2026-07-23T14:46:49.323+0000] {dag.py:3239} INFO - Sync 1 DAGs
[2026-07-23T14:46:49.354+0000] {logging_mixin.py:190} INFO - [2026-07-23T14:46:49.353+0000] {dag.py:4180} INFO - Setting next_dagrun for youtube_medallion_pipeline to None, run_after=None
[2026-07-23T14:46:49.393+0000] {processor.py:208} INFO - Processing /opt/airflow/dags/youtube_medallion_pipeline.py took 0.214 seconds
[2026-07-23T14:47:19.871+0000] {processor.py:186} INFO - Started process (PID=616) to work on /opt/airflow/dags/youtube_medallion_pipeline.py
[2026-07-23T14:47:19.873+0000] {processor.py:914} INFO - Processing file /opt/airflow/dags/youtube_medallion_pipeline.py for tasks to queue
[2026-07-23T14:47:19.879+0000] {logging_mixin.py:190} INFO - [2026-07-23T14:47:19.879+0000] {dagbag.py:588} INFO - Filling up the DagBag from /opt/airflow/dags/youtube_medallion_pipeline.py
[2026-07-23T14:47:19.908+0000] {processor.py:925} INFO - DAG(s) 'youtube_medallion_pipeline' retrieved from /opt/airflow/dags/youtube_medallion_pipeline.py
[2026-07-23T14:47:19.959+0000] {logging_mixin.py:190} INFO - [2026-07-23T14:47:19.959+0000] {dag.py:3239} INFO - Sync 1 DAGs
[2026-07-23T14:47:19.986+0000] {logging_mixin.py:190} INFO - [2026-07-23T14:47:19.986+0000] {dag.py:4180} INFO - Setting next_dagrun for youtube_medallion_pipeline to None, run_after=None
[2026-07-23T14:47:20.023+0000] {processor.py:208} INFO - Processing /opt/airflow/dags/youtube_medallion_pipeline.py took 0.160 seconds
[2026-07-23T14:47:50.291+0000] {processor.py:186} INFO - Started process (PID=621) to work on /opt/airflow/dags/youtube_medallion_pipeline.py
[2026-07-23T14:47:50.297+0000] {processor.py:914} INFO - Processing file /opt/airflow/dags/youtube_medallion_pipeline.py for tasks to queue
[2026-07-23T14:47:50.310+0000] {logging_mixin.py:190} INFO - [2026-07-23T14:47:50.309+0000] {dagbag.py:588} INFO - Filling up the DagBag from /opt/airflow/dags/youtube_medallion_pipeline.py
[2026-07-23T14:47:50.372+0000] {processor.py:925} INFO - DAG(s) 'youtube_medallion_pipeline' retrieved from /opt/airflow/dags/youtube_medallion_pipeline.py
[2026-07-23T14:47:50.467+0000] {logging_mixin.py:190} INFO - [2026-07-23T14:47:50.466+0000] {dag.py:3239} INFO - Sync 1 DAGs
[2026-07-23T14:47:50.514+0000] {logging_mixin.py:190} INFO - [2026-07-23T14:47:50.514+0000] {dag.py:4180} INFO - Setting next_dagrun for youtube_medallion_pipeline to None, run_after=None
[2026-07-23T14:47:50.591+0000] {processor.py:208} INFO - Processing /opt/airflow/dags/youtube_medallion_pipeline.py took 0.318 seconds
[2026-07-23T14:48:20.772+0000] {processor.py:186} INFO - Started process (PID=626) to work on /opt/airflow/dags/youtube_medallion_pipeline.py
[2026-07-23T14:48:20.774+0000] {processor.py:914} INFO - Processing file /opt/airflow/dags/youtube_medallion_pipeline.py for tasks to queue
[2026-07-23T14:48:20.779+0000] {logging_mixin.py:190} INFO - [2026-07-23T14:48:20.779+0000] {dagbag.py:588} INFO - Filling up the DagBag from /opt/airflow/dags/youtube_medallion_pipeline.py
[2026-07-23T14:48:20.814+0000] {processor.py:925} INFO - DAG(s) 'youtube_medallion_pipeline' retrieved from /opt/airflow/dags/youtube_medallion_pipeline.py
[2026-07-23T14:48:20.872+0000] {logging_mixin.py:190} INFO - [2026-07-23T14:48:20.871+0000] {dag.py:3239} INFO - Sync 1 DAGs
[2026-07-23T14:48:20.896+0000] {logging_mixin.py:190} INFO - [2026-07-23T14:48:20.895+0000] {dag.py:4180} INFO - Setting next_dagrun for youtube_medallion_pipeline to None, run_after=None
[2026-07-23T14:48:20.931+0000] {processor.py:208} INFO - Processing /opt/airflow/dags/youtube_medallion_pipeline.py took 0.169 seconds
[2026-07-23T14:48:51.273+0000] {processor.py:186} INFO - Started process (PID=631) to work on /opt/airflow/dags/youtube_medallion_pipeline.py
[2026-07-23T14:48:51.280+0000] {processor.py:914} INFO - Processing file /opt/airflow/dags/youtube_medallion_pipeline.py for tasks to queue
[2026-07-23T14:48:51.318+0000] {logging_mixin.py:190} INFO - [2026-07-23T14:48:51.313+0000] {dagbag.py:588} INFO - Filling up the DagBag from /opt/airflow/dags/youtube_medallion_pipeline.py
[2026-07-23T14:48:51.410+0000] {processor.py:925} INFO - DAG(s) 'youtube_medallion_pipeline' retrieved from /opt/airflow/dags/youtube_medallion_pipeline.py
[2026-07-23T14:48:51.509+0000] {logging_mixin.py:190} INFO - [2026-07-23T14:48:51.509+0000] {dag.py:3239} INFO - Sync 1 DAGs
[2026-07-23T14:48:51.558+0000] {logging_mixin.py:190} INFO - [2026-07-23T14:48:51.557+0000] {dag.py:4180} INFO - Setting next_dagrun for youtube_medallion_pipeline to None, run_after=None
[2026-07-23T14:48:51.607+0000] {processor.py:208} INFO - Processing /opt/airflow/dags/youtube_medallion_pipeline.py took 0.434 seconds
[2026-07-23T14:49:21.992+0000] {processor.py:186} INFO - Started process (PID=636) to work on /opt/airflow/dags/youtube_medallion_pipeline.py
[2026-07-23T14:49:21.996+0000] {processor.py:914} INFO - Processing file /opt/airflow/dags/youtube_medallion_pipeline.py for tasks to queue
[2026-07-23T14:49:22.003+0000] {logging_mixin.py:190} INFO - [2026-07-23T14:49:22.002+0000] {dagbag.py:588} INFO - Filling up the DagBag from /opt/airflow/dags/youtube_medallion_pipeline.py
[2026-07-23T14:49:22.034+0000] {processor.py:925} INFO - DAG(s) 'youtube_medallion_pipeline' retrieved from /opt/airflow/dags/youtube_medallion_pipeline.py
[2026-07-23T14:49:22.081+0000] {logging_mixin.py:190} INFO - [2026-07-23T14:49:22.081+0000] {dag.py:3239} INFO - Sync 1 DAGs
[2026-07-23T14:49:22.102+0000] {logging_mixin.py:190} INFO - [2026-07-23T14:49:22.102+0000] {dag.py:4180} INFO - Setting next_dagrun for youtube_medallion_pipeline to None, run_after=None
[2026-07-23T14:49:22.136+0000] {processor.py:208} INFO - Processing /opt/airflow/dags/youtube_medallion_pipeline.py took 0.162 seconds
[2026-07-23T14:49:52.456+0000] {processor.py:186} INFO - Started process (PID=641) to work on /opt/airflow/dags/youtube_medallion_pipeline.py
[2026-07-23T14:49:52.461+0000] {processor.py:914} INFO - Processing file /opt/airflow/dags/youtube_medallion_pipeline.py for tasks to queue
[2026-07-23T14:49:52.477+0000] {logging_mixin.py:190} INFO - [2026-07-23T14:49:52.475+0000] {dagbag.py:588} INFO - Filling up the DagBag from /opt/airflow/dags/youtube_medallion_pipeline.py
[2026-07-23T14:49:52.538+0000] {processor.py:925} INFO - DAG(s) 'youtube_medallion_pipeline' retrieved from /opt/airflow/dags/youtube_medallion_pipeline.py
[2026-07-23T14:49:52.642+0000] {logging_mixin.py:190} INFO - [2026-07-23T14:49:52.641+0000] {dag.py:3239} INFO - Sync 1 DAGs
[2026-07-23T14:49:52.684+0000] {logging_mixin.py:190} INFO - [2026-07-23T14:49:52.683+0000] {dag.py:4180} INFO - Setting next_dagrun for youtube_medallion_pipeline to None, run_after=None
[2026-07-23T14:49:52.731+0000] {processor.py:208} INFO - Processing /opt/airflow/dags/youtube_medallion_pipeline.py took 0.334 seconds
[2026-07-23T14:50:22.838+0000] {processor.py:186} INFO - Started process (PID=646) to work on /opt/airflow/dags/youtube_medallion_pipeline.py
[2026-07-23T14:50:22.840+0000] {processor.py:914} INFO - Processing file /opt/airflow/dags/youtube_medallion_pipeline.py for tasks to queue
[2026-07-23T14:50:22.845+0000] {logging_mixin.py:190} INFO - [2026-07-23T14:50:22.844+0000] {dagbag.py:588} INFO - Filling up the DagBag from /opt/airflow/dags/youtube_medallion_pipeline.py
[2026-07-23T14:50:22.875+0000] {processor.py:925} INFO - DAG(s) 'youtube_medallion_pipeline' retrieved from /opt/airflow/dags/youtube_medallion_pipeline.py
[2026-07-23T14:50:22.929+0000] {logging_mixin.py:190} INFO - [2026-07-23T14:50:22.928+0000] {dag.py:3239} INFO - Sync 1 DAGs
[2026-07-23T14:50:22.957+0000] {logging_mixin.py:190} INFO - [2026-07-23T14:50:22.956+0000] {dag.py:4180} INFO - Setting next_dagrun for youtube_medallion_pipeline to None, run_after=None
[2026-07-23T14:50:22.994+0000] {processor.py:208} INFO - Processing /opt/airflow/dags/youtube_medallion_pipeline.py took 0.164 seconds
[2026-07-23T14:50:53.223+0000] {processor.py:186} INFO - Started process (PID=651) to work on /opt/airflow/dags/youtube_medallion_pipeline.py
[2026-07-23T14:50:53.225+0000] {processor.py:914} INFO - Processing file /opt/airflow/dags/youtube_medallion_pipeline.py for tasks to queue
[2026-07-23T14:50:53.233+0000] {logging_mixin.py:190} INFO - [2026-07-23T14:50:53.232+0000] {dagbag.py:588} INFO - Filling up the DagBag from /opt/airflow/dags/youtube_medallion_pipeline.py
[2026-07-23T14:50:53.272+0000] {processor.py:925} INFO - DAG(s) 'youtube_medallion_pipeline' retrieved from /opt/airflow/dags/youtube_medallion_pipeline.py
[2026-07-23T14:50:53.351+0000] {logging_mixin.py:190} INFO - [2026-07-23T14:50:53.350+0000] {dag.py:3239} INFO - Sync 1 DAGs
[2026-07-23T14:50:53.382+0000] {logging_mixin.py:190} INFO - [2026-07-23T14:50:53.381+0000] {dag.py:4180} INFO - Setting next_dagrun for youtube_medallion_pipeline to None, run_after=None
[2026-07-23T14:50:53.433+0000] {processor.py:208} INFO - Processing /opt/airflow/dags/youtube_medallion_pipeline.py took 0.224 seconds
[2026-07-23T14:51:23.713+0000] {processor.py:186} INFO - Started process (PID=656) to work on /opt/airflow/dags/youtube_medallion_pipeline.py
[2026-07-23T14:51:23.715+0000] {processor.py:914} INFO - Processing file /opt/airflow/dags/youtube_medallion_pipeline.py for tasks to queue
[2026-07-23T14:51:23.721+0000] {logging_mixin.py:190} INFO - [2026-07-23T14:51:23.720+0000] {dagbag.py:588} INFO - Filling up the DagBag from /opt/airflow/dags/youtube_medallion_pipeline.py
[2026-07-23T14:51:23.753+0000] {processor.py:925} INFO - DAG(s) 'youtube_medallion_pipeline' retrieved from /opt/airflow/dags/youtube_medallion_pipeline.py
[2026-07-23T14:51:23.806+0000] {logging_mixin.py:190} INFO - [2026-07-23T14:51:23.806+0000] {dag.py:3239} INFO - Sync 1 DAGs
[2026-07-23T14:51:23.832+0000] {logging_mixin.py:190} INFO - [2026-07-23T14:51:23.832+0000] {dag.py:4180} INFO - Setting next_dagrun for youtube_medallion_pipeline to None, run_after=None
[2026-07-23T14:51:23.867+0000] {processor.py:208} INFO - Processing /opt/airflow/dags/youtube_medallion_pipeline.py took 0.162 seconds
[2026-07-23T14:51:54.093+0000] {processor.py:186} INFO - Started process (PID=661) to work on /opt/airflow/dags/youtube_medallion_pipeline.py
[2026-07-23T14:51:54.095+0000] {processor.py:914} INFO - Processing file /opt/airflow/dags/youtube_medallion_pipeline.py for tasks to queue
[2026-07-23T14:51:54.100+0000] {logging_mixin.py:190} INFO - [2026-07-23T14:51:54.100+0000] {dagbag.py:588} INFO - Filling up the DagBag from /opt/airflow/dags/youtube_medallion_pipeline.py
[2026-07-23T14:51:54.131+0000] {processor.py:925} INFO - DAG(s) 'youtube_medallion_pipeline' retrieved from /opt/airflow/dags/youtube_medallion_pipeline.py
[2026-07-23T14:51:54.181+0000] {logging_mixin.py:190} INFO - [2026-07-23T14:51:54.180+0000] {dag.py:3239} INFO - Sync 1 DAGs
[2026-07-23T14:51:54.208+0000] {logging_mixin.py:190} INFO - [2026-07-23T14:51:54.207+0000] {dag.py:4180} INFO - Setting next_dagrun for youtube_medallion_pipeline to None, run_after=None
[2026-07-23T14:51:54.249+0000] {processor.py:208} INFO - Processing /opt/airflow/dags/youtube_medallion_pipeline.py took 0.165 seconds
[2026-07-23T14:52:24.624+0000] {processor.py:186} INFO - Started process (PID=666) to work on /opt/airflow/dags/youtube_medallion_pipeline.py
[2026-07-23T14:52:24.626+0000] {processor.py:914} INFO - Processing file /opt/airflow/dags/youtube_medallion_pipeline.py for tasks to queue
[2026-07-23T14:52:24.631+0000] {logging_mixin.py:190} INFO - [2026-07-23T14:52:24.631+0000] {dagbag.py:588} INFO - Filling up the DagBag from /opt/airflow/dags/youtube_medallion_pipeline.py
[2026-07-23T14:52:24.666+0000] {processor.py:925} INFO - DAG(s) 'youtube_medallion_pipeline' retrieved from /opt/airflow/dags/youtube_medallion_pipeline.py
[2026-07-23T14:52:24.723+0000] {logging_mixin.py:190} INFO - [2026-07-23T14:52:24.723+0000] {dag.py:3239} INFO - Sync 1 DAGs
[2026-07-23T14:52:24.748+0000] {logging_mixin.py:190} INFO - [2026-07-23T14:52:24.748+0000] {dag.py:4180} INFO - Setting next_dagrun for youtube_medallion_pipeline to None, run_after=None
[2026-07-23T14:52:24.782+0000] {processor.py:208} INFO - Processing /opt/airflow/dags/youtube_medallion_pipeline.py took 0.168 seconds
[2026-07-23T14:52:55.017+0000] {processor.py:186} INFO - Started process (PID=671) to work on /opt/airflow/dags/youtube_medallion_pipeline.py
[2026-07-23T14:52:55.019+0000] {processor.py:914} INFO - Processing file /opt/airflow/dags/youtube_medallion_pipeline.py for tasks to queue
[2026-07-23T14:52:55.025+0000] {logging_mixin.py:190} INFO - [2026-07-23T14:52:55.024+0000] {dagbag.py:588} INFO - Filling up the DagBag from /opt/airflow/dags/youtube_medallion_pipeline.py
[2026-07-23T14:52:55.058+0000] {processor.py:925} INFO - DAG(s) 'youtube_medallion_pipeline' retrieved from /opt/airflow/dags/youtube_medallion_pipeline.py
[2026-07-23T14:52:55.125+0000] {logging_mixin.py:190} INFO - [2026-07-23T14:52:55.125+0000] {dag.py:3239} INFO - Sync 1 DAGs
[2026-07-23T14:52:55.163+0000] {logging_mixin.py:190} INFO - [2026-07-23T14:52:55.162+0000] {dag.py:4180} INFO - Setting next_dagrun for youtube_medallion_pipeline to None, run_after=None
[2026-07-23T14:52:55.217+0000] {processor.py:208} INFO - Processing /opt/airflow/dags/youtube_medallion_pipeline.py took 0.209 seconds
[2026-07-23T14:53:25.550+0000] {processor.py:186} INFO - Started process (PID=676) to work on /opt/airflow/dags/youtube_medallion_pipeline.py
[2026-07-23T14:53:25.553+0000] {processor.py:914} INFO - Processing file /opt/airflow/dags/youtube_medallion_pipeline.py for tasks to queue
[2026-07-23T14:53:25.561+0000] {logging_mixin.py:190} INFO - [2026-07-23T14:53:25.560+0000] {dagbag.py:588} INFO - Filling up the DagBag from /opt/airflow/dags/youtube_medallion_pipeline.py
[2026-07-23T14:53:25.641+0000] {processor.py:925} INFO - DAG(s) 'youtube_medallion_pipeline' retrieved from /opt/airflow/dags/youtube_medallion_pipeline.py
[2026-07-23T14:53:25.790+0000] {logging_mixin.py:190} INFO - [2026-07-23T14:53:25.789+0000] {dag.py:3239} INFO - Sync 1 DAGs
[2026-07-23T14:53:25.872+0000] {logging_mixin.py:190} INFO - [2026-07-23T14:53:25.871+0000] {dag.py:4180} INFO - Setting next_dagrun for youtube_medallion_pipeline to None, run_after=None
[2026-07-23T14:53:25.952+0000] {processor.py:208} INFO - Processing /opt/airflow/dags/youtube_medallion_pipeline.py took 0.420 seconds
[2026-07-23T14:53:56.405+0000] {processor.py:186} INFO - Started process (PID=681) to work on /opt/airflow/dags/youtube_medallion_pipeline.py
[2026-07-23T14:53:56.409+0000] {processor.py:914} INFO - Processing file /opt/airflow/dags/youtube_medallion_pipeline.py for tasks to queue
[2026-07-23T14:53:56.418+0000] {logging_mixin.py:190} INFO - [2026-07-23T14:53:56.417+0000] {dagbag.py:588} INFO - Filling up the DagBag from /opt/airflow/dags/youtube_medallion_pipeline.py
[2026-07-23T14:53:56.469+0000] {processor.py:925} INFO - DAG(s) 'youtube_medallion_pipeline' retrieved from /opt/airflow/dags/youtube_medallion_pipeline.py
[2026-07-23T14:53:56.547+0000] {logging_mixin.py:190} INFO - [2026-07-23T14:53:56.547+0000] {dag.py:3239} INFO - Sync 1 DAGs
[2026-07-23T14:53:56.585+0000] {logging_mixin.py:190} INFO - [2026-07-23T14:53:56.584+0000] {dag.py:4180} INFO - Setting next_dagrun for youtube_medallion_pipeline to None, run_after=None
[2026-07-23T14:53:56.630+0000] {processor.py:208} INFO - Processing /opt/airflow/dags/youtube_medallion_pipeline.py took 0.239 seconds
[2026-07-23T14:54:27.030+0000] {processor.py:186} INFO - Started process (PID=686) to work on /opt/airflow/dags/youtube_medallion_pipeline.py
[2026-07-23T14:54:27.033+0000] {processor.py:914} INFO - Processing file /opt/airflow/dags/youtube_medallion_pipeline.py for tasks to queue
[2026-07-23T14:54:27.041+0000] {logging_mixin.py:190} INFO - [2026-07-23T14:54:27.040+0000] {dagbag.py:588} INFO - Filling up the DagBag from /opt/airflow/dags/youtube_medallion_pipeline.py
[2026-07-23T14:54:27.070+0000] {processor.py:925} INFO - DAG(s) 'youtube_medallion_pipeline' retrieved from /opt/airflow/dags/youtube_medallion_pipeline.py
[2026-07-23T14:54:27.127+0000] {logging_mixin.py:190} INFO - [2026-07-23T14:54:27.126+0000] {dag.py:3239} INFO - Sync 1 DAGs
[2026-07-23T14:54:27.153+0000] {logging_mixin.py:190} INFO - [2026-07-23T14:54:27.153+0000] {dag.py:4180} INFO - Setting next_dagrun for youtube_medallion_pipeline to None, run_after=None
[2026-07-23T14:54:27.192+0000] {processor.py:208} INFO - Processing /opt/airflow/dags/youtube_medallion_pipeline.py took 0.174 seconds
[2026-07-23T14:54:57.350+0000] {processor.py:186} INFO - Started process (PID=691) to work on /opt/airflow/dags/youtube_medallion_pipeline.py
[2026-07-23T14:54:57.353+0000] {processor.py:914} INFO - Processing file /opt/airflow/dags/youtube_medallion_pipeline.py for tasks to queue
[2026-07-23T14:54:57.360+0000] {logging_mixin.py:190} INFO - [2026-07-23T14:54:57.360+0000] {dagbag.py:588} INFO - Filling up the DagBag from /opt/airflow/dags/youtube_medallion_pipeline.py
[2026-07-23T14:54:57.393+0000] {processor.py:925} INFO - DAG(s) 'youtube_medallion_pipeline' retrieved from /opt/airflow/dags/youtube_medallion_pipeline.py
[2026-07-23T14:54:57.455+0000] {logging_mixin.py:190} INFO - [2026-07-23T14:54:57.454+0000] {dag.py:3239} INFO - Sync 1 DAGs
[2026-07-23T14:54:57.480+0000] {logging_mixin.py:190} INFO - [2026-07-23T14:54:57.479+0000] {dag.py:4180} INFO - Setting next_dagrun for youtube_medallion_pipeline to None, run_after=None
[2026-07-23T14:54:57.516+0000] {processor.py:208} INFO - Processing /opt/airflow/dags/youtube_medallion_pipeline.py took 0.174 seconds
[2026-07-23T14:55:27.975+0000] {processor.py:186} INFO - Started process (PID=696) to work on /opt/airflow/dags/youtube_medallion_pipeline.py
[2026-07-23T14:55:27.982+0000] {processor.py:914} INFO - Processing file /opt/airflow/dags/youtube_medallion_pipeline.py for tasks to queue
[2026-07-23T14:55:27.994+0000] {logging_mixin.py:190} INFO - [2026-07-23T14:55:27.993+0000] {dagbag.py:588} INFO - Filling up the DagBag from /opt/airflow/dags/youtube_medallion_pipeline.py
[2026-07-23T14:55:28.052+0000] {processor.py:925} INFO - DAG(s) 'youtube_medallion_pipeline' retrieved from /opt/airflow/dags/youtube_medallion_pipeline.py
[2026-07-23T14:55:28.152+0000] {logging_mixin.py:190} INFO - [2026-07-23T14:55:28.151+0000] {dag.py:3239} INFO - Sync 1 DAGs
[2026-07-23T14:55:28.220+0000] {logging_mixin.py:190} INFO - [2026-07-23T14:55:28.218+0000] {dag.py:4180} INFO - Setting next_dagrun for youtube_medallion_pipeline to None, run_after=None
[2026-07-23T14:55:28.279+0000] {processor.py:208} INFO - Processing /opt/airflow/dags/youtube_medallion_pipeline.py took 0.324 seconds
[2026-07-23T14:55:58.719+0000] {processor.py:186} INFO - Started process (PID=701) to work on /opt/airflow/dags/youtube_medallion_pipeline.py
[2026-07-23T14:55:58.722+0000] {processor.py:914} INFO - Processing file /opt/airflow/dags/youtube_medallion_pipeline.py for tasks to queue
[2026-07-23T14:55:58.729+0000] {logging_mixin.py:190} INFO - [2026-07-23T14:55:58.728+0000] {dagbag.py:588} INFO - Filling up the DagBag from /opt/airflow/dags/youtube_medallion_pipeline.py
[2026-07-23T14:55:58.771+0000] {processor.py:925} INFO - DAG(s) 'youtube_medallion_pipeline' retrieved from /opt/airflow/dags/youtube_medallion_pipeline.py
[2026-07-23T14:55:58.839+0000] {logging_mixin.py:190} INFO - [2026-07-23T14:55:58.838+0000] {dag.py:3239} INFO - Sync 1 DAGs
[2026-07-23T14:55:58.868+0000] {logging_mixin.py:190} INFO - [2026-07-23T14:55:58.867+0000] {dag.py:4180} INFO - Setting next_dagrun for youtube_medallion_pipeline to None, run_after=None
[2026-07-23T14:55:58.902+0000] {processor.py:208} INFO - Processing /opt/airflow/dags/youtube_medallion_pipeline.py took 0.195 seconds
[2026-07-23T14:56:29.092+0000] {processor.py:186} INFO - Started process (PID=706) to work on /opt/airflow/dags/youtube_medallion_pipeline.py
[2026-07-23T14:56:29.095+0000] {processor.py:914} INFO - Processing file /opt/airflow/dags/youtube_medallion_pipeline.py for tasks to queue
[2026-07-23T14:56:29.103+0000] {logging_mixin.py:190} INFO - [2026-07-23T14:56:29.102+0000] {dagbag.py:588} INFO - Filling up the DagBag from /opt/airflow/dags/youtube_medallion_pipeline.py
[2026-07-23T14:56:29.144+0000] {processor.py:925} INFO - DAG(s) 'youtube_medallion_pipeline' retrieved from /opt/airflow/dags/youtube_medallion_pipeline.py
[2026-07-23T14:56:29.212+0000] {logging_mixin.py:190} INFO - [2026-07-23T14:56:29.211+0000] {dag.py:3239} INFO - Sync 1 DAGs
[2026-07-23T14:56:29.242+0000] {logging_mixin.py:190} INFO - [2026-07-23T14:56:29.242+0000] {dag.py:4180} INFO - Setting next_dagrun for youtube_medallion_pipeline to None, run_after=None
[2026-07-23T14:56:29.280+0000] {processor.py:208} INFO - Processing /opt/airflow/dags/youtube_medallion_pipeline.py took 0.206 seconds
[2026-07-23T14:56:59.604+0000] {processor.py:186} INFO - Started process (PID=711) to work on /opt/airflow/dags/youtube_medallion_pipeline.py
[2026-07-23T14:56:59.606+0000] {processor.py:914} INFO - Processing file /opt/airflow/dags/youtube_medallion_pipeline.py for tasks to queue
[2026-07-23T14:56:59.613+0000] {logging_mixin.py:190} INFO - [2026-07-23T14:56:59.612+0000] {dagbag.py:588} INFO - Filling up the DagBag from /opt/airflow/dags/youtube_medallion_pipeline.py
[2026-07-23T14:56:59.670+0000] {processor.py:925} INFO - DAG(s) 'youtube_medallion_pipeline' retrieved from /opt/airflow/dags/youtube_medallion_pipeline.py
[2026-07-23T14:56:59.736+0000] {logging_mixin.py:190} INFO - [2026-07-23T14:56:59.735+0000] {dag.py:3239} INFO - Sync 1 DAGs
[2026-07-23T14:56:59.763+0000] {logging_mixin.py:190} INFO - [2026-07-23T14:56:59.762+0000] {dag.py:4180} INFO - Setting next_dagrun for youtube_medallion_pipeline to None, run_after=None
[2026-07-23T14:56:59.797+0000] {processor.py:208} INFO - Processing /opt/airflow/dags/youtube_medallion_pipeline.py took 0.210 seconds
[2026-07-23T14:57:30.107+0000] {processor.py:186} INFO - Started process (PID=716) to work on /opt/airflow/dags/youtube_medallion_pipeline.py
[2026-07-23T14:57:30.112+0000] {processor.py:914} INFO - Processing file /opt/airflow/dags/youtube_medallion_pipeline.py for tasks to queue
[2026-07-23T14:57:30.122+0000] {logging_mixin.py:190} INFO - [2026-07-23T14:57:30.119+0000] {dagbag.py:588} INFO - Filling up the DagBag from /opt/airflow/dags/youtube_medallion_pipeline.py
[2026-07-23T14:57:30.173+0000] {processor.py:925} INFO - DAG(s) 'youtube_medallion_pipeline' retrieved from /opt/airflow/dags/youtube_medallion_pipeline.py
[2026-07-23T14:57:30.270+0000] {logging_mixin.py:190} INFO - [2026-07-23T14:57:30.267+0000] {dag.py:3239} INFO - Sync 1 DAGs
[2026-07-23T14:57:30.330+0000] {logging_mixin.py:190} INFO - [2026-07-23T14:57:30.330+0000] {dag.py:4180} INFO - Setting next_dagrun for youtube_medallion_pipeline to None, run_after=None
[2026-07-23T14:57:30.386+0000] {processor.py:208} INFO - Processing /opt/airflow/dags/youtube_medallion_pipeline.py took 0.293 seconds
[2026-07-23T14:58:00.549+0000] {processor.py:186} INFO - Started process (PID=721) to work on /opt/airflow/dags/youtube_medallion_pipeline.py
[2026-07-23T14:58:00.561+0000] {processor.py:914} INFO - Processing file /opt/airflow/dags/youtube_medallion_pipeline.py for tasks to queue
[2026-07-23T14:58:00.575+0000] {logging_mixin.py:190} INFO - [2026-07-23T14:58:00.573+0000] {dagbag.py:588} INFO - Filling up the DagBag from /opt/airflow/dags/youtube_medallion_pipeline.py
[2026-07-23T14:58:00.632+0000] {processor.py:925} INFO - DAG(s) 'youtube_medallion_pipeline' retrieved from /opt/airflow/dags/youtube_medallion_pipeline.py
[2026-07-23T14:58:00.729+0000] {logging_mixin.py:190} INFO - [2026-07-23T14:58:00.728+0000] {dag.py:3239} INFO - Sync 1 DAGs
[2026-07-23T14:58:00.778+0000] {logging_mixin.py:190} INFO - [2026-07-23T14:58:00.777+0000] {dag.py:4180} INFO - Setting next_dagrun for youtube_medallion_pipeline to None, run_after=None
[2026-07-23T14:58:00.839+0000] {processor.py:208} INFO - Processing /opt/airflow/dags/youtube_medallion_pipeline.py took 0.325 seconds
[2026-07-23T14:58:31.093+0000] {processor.py:186} INFO - Started process (PID=726) to work on /opt/airflow/dags/youtube_medallion_pipeline.py
[2026-07-23T14:58:31.096+0000] {processor.py:914} INFO - Processing file /opt/airflow/dags/youtube_medallion_pipeline.py for tasks to queue
[2026-07-23T14:58:31.103+0000] {logging_mixin.py:190} INFO - [2026-07-23T14:58:31.103+0000] {dagbag.py:588} INFO - Filling up the DagBag from /opt/airflow/dags/youtube_medallion_pipeline.py
[2026-07-23T14:58:31.149+0000] {processor.py:925} INFO - DAG(s) 'youtube_medallion_pipeline' retrieved from /opt/airflow/dags/youtube_medallion_pipeline.py
[2026-07-23T14:58:31.216+0000] {logging_mixin.py:190} INFO - [2026-07-23T14:58:31.215+0000] {dag.py:3239} INFO - Sync 1 DAGs
[2026-07-23T14:58:31.307+0000] {logging_mixin.py:190} INFO - [2026-07-23T14:58:31.306+0000] {dag.py:4180} INFO - Setting next_dagrun for youtube_medallion_pipeline to None, run_after=None
[2026-07-23T14:58:31.395+0000] {processor.py:208} INFO - Processing /opt/airflow/dags/youtube_medallion_pipeline.py took 0.313 seconds
[2026-07-23T14:59:01.543+0000] {processor.py:186} INFO - Started process (PID=731) to work on /opt/airflow/dags/youtube_medallion_pipeline.py
[2026-07-23T14:59:01.546+0000] {processor.py:914} INFO - Processing file /opt/airflow/dags/youtube_medallion_pipeline.py for tasks to queue
[2026-07-23T14:59:01.550+0000] {logging_mixin.py:190} INFO - [2026-07-23T14:59:01.549+0000] {dagbag.py:588} INFO - Filling up the DagBag from /opt/airflow/dags/youtube_medallion_pipeline.py
[2026-07-23T14:59:01.580+0000] {processor.py:925} INFO - DAG(s) 'youtube_medallion_pipeline' retrieved from /opt/airflow/dags/youtube_medallion_pipeline.py
[2026-07-23T14:59:01.631+0000] {logging_mixin.py:190} INFO - [2026-07-23T14:59:01.630+0000] {dag.py:3239} INFO - Sync 1 DAGs
[2026-07-23T14:59:01.654+0000] {logging_mixin.py:190} INFO - [2026-07-23T14:59:01.653+0000] {dag.py:4180} INFO - Setting next_dagrun for youtube_medallion_pipeline to None, run_after=None
[2026-07-23T14:59:01.687+0000] {processor.py:208} INFO - Processing /opt/airflow/dags/youtube_medallion_pipeline.py took 0.153 seconds
[2026-07-23T14:59:31.941+0000] {processor.py:186} INFO - Started process (PID=736) to work on /opt/airflow/dags/youtube_medallion_pipeline.py
[2026-07-23T14:59:31.944+0000] {processor.py:914} INFO - Processing file /opt/airflow/dags/youtube_medallion_pipeline.py for tasks to queue
[2026-07-23T14:59:31.950+0000] {logging_mixin.py:190} INFO - [2026-07-23T14:59:31.949+0000] {dagbag.py:588} INFO - Filling up the DagBag from /opt/airflow/dags/youtube_medallion_pipeline.py
[2026-07-23T14:59:31.982+0000] {processor.py:925} INFO - DAG(s) 'youtube_medallion_pipeline' retrieved from /opt/airflow/dags/youtube_medallion_pipeline.py
[2026-07-23T14:59:32.048+0000] {logging_mixin.py:190} INFO - [2026-07-23T14:59:32.048+0000] {dag.py:3239} INFO - Sync 1 DAGs
[2026-07-23T14:59:32.090+0000] {logging_mixin.py:190} INFO - [2026-07-23T14:59:32.089+0000] {dag.py:4180} INFO - Setting next_dagrun for youtube_medallion_pipeline to None, run_after=None
[2026-07-23T14:59:32.172+0000] {processor.py:208} INFO - Processing /opt/airflow/dags/youtube_medallion_pipeline.py took 0.241 seconds
[2026-07-23T15:00:02.436+0000] {processor.py:186} INFO - Started process (PID=741) to work on /opt/airflow/dags/youtube_medallion_pipeline.py
[2026-07-23T15:00:02.439+0000] {processor.py:914} INFO - Processing file /opt/airflow/dags/youtube_medallion_pipeline.py for tasks to queue
[2026-07-23T15:00:02.446+0000] {logging_mixin.py:190} INFO - [2026-07-23T15:00:02.445+0000] {dagbag.py:588} INFO - Filling up the DagBag from /opt/airflow/dags/youtube_medallion_pipeline.py
[2026-07-23T15:00:02.518+0000] {processor.py:925} INFO - DAG(s) 'youtube_medallion_pipeline' retrieved from /opt/airflow/dags/youtube_medallion_pipeline.py
[2026-07-23T15:00:02.615+0000] {logging_mixin.py:190} INFO - [2026-07-23T15:00:02.614+0000] {dag.py:3239} INFO - Sync 1 DAGs
[2026-07-23T15:00:02.662+0000] {logging_mixin.py:190} INFO - [2026-07-23T15:00:02.661+0000] {dag.py:4180} INFO - Setting next_dagrun for youtube_medallion_pipeline to None, run_after=None
[2026-07-23T15:00:02.714+0000] {processor.py:208} INFO - Processing /opt/airflow/dags/youtube_medallion_pipeline.py took 0.288 seconds
[2026-07-23T15:00:32.922+0000] {processor.py:186} INFO - Started process (PID=746) to work on /opt/airflow/dags/youtube_medallion_pipeline.py
[2026-07-23T15:00:32.927+0000] {processor.py:914} INFO - Processing file /opt/airflow/dags/youtube_medallion_pipeline.py for tasks to queue
[2026-07-23T15:00:32.933+0000] {logging_mixin.py:190} INFO - [2026-07-23T15:00:32.932+0000] {dagbag.py:588} INFO - Filling up the DagBag from /opt/airflow/dags/youtube_medallion_pipeline.py
[2026-07-23T15:00:32.969+0000] {processor.py:925} INFO - DAG(s) 'youtube_medallion_pipeline' retrieved from /opt/airflow/dags/youtube_medallion_pipeline.py
[2026-07-23T15:00:33.025+0000] {logging_mixin.py:190} INFO - [2026-07-23T15:00:33.025+0000] {dag.py:3239} INFO - Sync 1 DAGs
[2026-07-23T15:00:33.047+0000] {logging_mixin.py:190} INFO - [2026-07-23T15:00:33.047+0000] {dag.py:4180} INFO - Setting next_dagrun for youtube_medallion_pipeline to None, run_after=None
[2026-07-23T15:00:33.082+0000] {processor.py:208} INFO - Processing /opt/airflow/dags/youtube_medallion_pipeline.py took 0.170 seconds
[2026-07-23T15:01:03.384+0000] {processor.py:186} INFO - Started process (PID=751) to work on /opt/airflow/dags/youtube_medallion_pipeline.py
[2026-07-23T15:01:03.387+0000] {processor.py:914} INFO - Processing file /opt/airflow/dags/youtube_medallion_pipeline.py for tasks to queue
[2026-07-23T15:01:03.394+0000] {logging_mixin.py:190} INFO - [2026-07-23T15:01:03.393+0000] {dagbag.py:588} INFO - Filling up the DagBag from /opt/airflow/dags/youtube_medallion_pipeline.py
[2026-07-23T15:01:03.426+0000] {processor.py:925} INFO - DAG(s) 'youtube_medallion_pipeline' retrieved from /opt/airflow/dags/youtube_medallion_pipeline.py
[2026-07-23T15:01:03.504+0000] {logging_mixin.py:190} INFO - [2026-07-23T15:01:03.504+0000] {dag.py:3239} INFO - Sync 1 DAGs
[2026-07-23T15:01:03.529+0000] {logging_mixin.py:190} INFO - [2026-07-23T15:01:03.528+0000] {dag.py:4180} INFO - Setting next_dagrun for youtube_medallion_pipeline to None, run_after=None
[2026-07-23T15:01:03.561+0000] {processor.py:208} INFO - Processing /opt/airflow/dags/youtube_medallion_pipeline.py took 0.188 seconds
[2026-07-23T15:01:33.759+0000] {processor.py:186} INFO - Started process (PID=756) to work on /opt/airflow/dags/youtube_medallion_pipeline.py
[2026-07-23T15:01:33.761+0000] {processor.py:914} INFO - Processing file /opt/airflow/dags/youtube_medallion_pipeline.py for tasks to queue
[2026-07-23T15:01:33.767+0000] {logging_mixin.py:190} INFO - [2026-07-23T15:01:33.766+0000] {dagbag.py:588} INFO - Filling up the DagBag from /opt/airflow/dags/youtube_medallion_pipeline.py
[2026-07-23T15:01:33.799+0000] {processor.py:925} INFO - DAG(s) 'youtube_medallion_pipeline' retrieved from /opt/airflow/dags/youtube_medallion_pipeline.py
[2026-07-23T15:01:33.857+0000] {logging_mixin.py:190} INFO - [2026-07-23T15:01:33.856+0000] {dag.py:3239} INFO - Sync 1 DAGs
[2026-07-23T15:01:33.880+0000] {logging_mixin.py:190} INFO - [2026-07-23T15:01:33.880+0000] {dag.py:4180} INFO - Setting next_dagrun for youtube_medallion_pipeline to None, run_after=None
[2026-07-23T15:01:33.917+0000] {processor.py:208} INFO - Processing /opt/airflow/dags/youtube_medallion_pipeline.py took 0.166 seconds
[2026-07-23T15:02:04.266+0000] {processor.py:186} INFO - Started process (PID=761) to work on /opt/airflow/dags/youtube_medallion_pipeline.py
[2026-07-23T15:02:04.269+0000] {processor.py:914} INFO - Processing file /opt/airflow/dags/youtube_medallion_pipeline.py for tasks to queue
[2026-07-23T15:02:04.277+0000] {logging_mixin.py:190} INFO - [2026-07-23T15:02:04.275+0000] {dagbag.py:588} INFO - Filling up the DagBag from /opt/airflow/dags/youtube_medallion_pipeline.py
[2026-07-23T15:02:04.332+0000] {processor.py:925} INFO - DAG(s) 'youtube_medallion_pipeline' retrieved from /opt/airflow/dags/youtube_medallion_pipeline.py
[2026-07-23T15:02:04.390+0000] {logging_mixin.py:190} INFO - [2026-07-23T15:02:04.390+0000] {dag.py:3239} INFO - Sync 1 DAGs
[2026-07-23T15:02:04.413+0000] {logging_mixin.py:190} INFO - [2026-07-23T15:02:04.412+0000] {dag.py:4180} INFO - Setting next_dagrun for youtube_medallion_pipeline to None, run_after=None
[2026-07-23T15:02:04.459+0000] {processor.py:208} INFO - Processing /opt/airflow/dags/youtube_medallion_pipeline.py took 0.209 seconds
[2026-07-23T15:02:34.710+0000] {processor.py:186} INFO - Started process (PID=766) to work on /opt/airflow/dags/youtube_medallion_pipeline.py
[2026-07-23T15:02:34.713+0000] {processor.py:914} INFO - Processing file /opt/airflow/dags/youtube_medallion_pipeline.py for tasks to queue
[2026-07-23T15:02:34.718+0000] {logging_mixin.py:190} INFO - [2026-07-23T15:02:34.717+0000] {dagbag.py:588} INFO - Filling up the DagBag from /opt/airflow/dags/youtube_medallion_pipeline.py
[2026-07-23T15:02:34.767+0000] {processor.py:925} INFO - DAG(s) 'youtube_medallion_pipeline' retrieved from /opt/airflow/dags/youtube_medallion_pipeline.py
[2026-07-23T15:02:34.835+0000] {logging_mixin.py:190} INFO - [2026-07-23T15:02:34.834+0000] {dag.py:3239} INFO - Sync 1 DAGs
[2026-07-23T15:02:34.866+0000] {logging_mixin.py:190} INFO - [2026-07-23T15:02:34.866+0000] {dag.py:4180} INFO - Setting next_dagrun for youtube_medallion_pipeline to None, run_after=None
[2026-07-23T15:02:34.912+0000] {processor.py:208} INFO - Processing /opt/airflow/dags/youtube_medallion_pipeline.py took 0.213 seconds
[2026-07-23T15:03:05.183+0000] {processor.py:186} INFO - Started process (PID=771) to work on /opt/airflow/dags/youtube_medallion_pipeline.py
[2026-07-23T15:03:05.186+0000] {processor.py:914} INFO - Processing file /opt/airflow/dags/youtube_medallion_pipeline.py for tasks to queue
[2026-07-23T15:03:05.194+0000] {logging_mixin.py:190} INFO - [2026-07-23T15:03:05.194+0000] {dagbag.py:588} INFO - Filling up the DagBag from /opt/airflow/dags/youtube_medallion_pipeline.py
[2026-07-23T15:03:05.228+0000] {processor.py:925} INFO - DAG(s) 'youtube_medallion_pipeline' retrieved from /opt/airflow/dags/youtube_medallion_pipeline.py
[2026-07-23T15:03:05.293+0000] {logging_mixin.py:190} INFO - [2026-07-23T15:03:05.293+0000] {dag.py:3239} INFO - Sync 1 DAGs
[2026-07-23T15:03:05.335+0000] {logging_mixin.py:190} INFO - [2026-07-23T15:03:05.334+0000] {dag.py:4180} INFO - Setting next_dagrun for youtube_medallion_pipeline to None, run_after=None
[2026-07-23T15:03:05.395+0000] {processor.py:208} INFO - Processing /opt/airflow/dags/youtube_medallion_pipeline.py took 0.223 seconds
[2026-07-23T15:03:35.650+0000] {processor.py:186} INFO - Started process (PID=776) to work on /opt/airflow/dags/youtube_medallion_pipeline.py
[2026-07-23T15:03:35.653+0000] {processor.py:914} INFO - Processing file /opt/airflow/dags/youtube_medallion_pipeline.py for tasks to queue
[2026-07-23T15:03:35.665+0000] {logging_mixin.py:190} INFO - [2026-07-23T15:03:35.664+0000] {dagbag.py:588} INFO - Filling up the DagBag from /opt/airflow/dags/youtube_medallion_pipeline.py
[2026-07-23T15:03:35.724+0000] {processor.py:925} INFO - DAG(s) 'youtube_medallion_pipeline' retrieved from /opt/airflow/dags/youtube_medallion_pipeline.py
[2026-07-23T15:03:35.808+0000] {logging_mixin.py:190} INFO - [2026-07-23T15:03:35.807+0000] {dag.py:3239} INFO - Sync 1 DAGs
[2026-07-23T15:03:35.836+0000] {logging_mixin.py:190} INFO - [2026-07-23T15:03:35.836+0000] {dag.py:4180} INFO - Setting next_dagrun for youtube_medallion_pipeline to None, run_after=None
[2026-07-23T15:03:35.872+0000] {processor.py:208} INFO - Processing /opt/airflow/dags/youtube_medallion_pipeline.py took 0.234 seconds
[2026-07-23T15:04:06.207+0000] {processor.py:186} INFO - Started process (PID=781) to work on /opt/airflow/dags/youtube_medallion_pipeline.py
[2026-07-23T15:04:06.222+0000] {processor.py:914} INFO - Processing file /opt/airflow/dags/youtube_medallion_pipeline.py for tasks to queue
[2026-07-23T15:04:06.232+0000] {logging_mixin.py:190} INFO - [2026-07-23T15:04:06.231+0000] {dagbag.py:588} INFO - Filling up the DagBag from /opt/airflow/dags/youtube_medallion_pipeline.py
[2026-07-23T15:04:06.331+0000] {processor.py:925} INFO - DAG(s) 'youtube_medallion_pipeline' retrieved from /opt/airflow/dags/youtube_medallion_pipeline.py
[2026-07-23T15:04:06.490+0000] {logging_mixin.py:190} INFO - [2026-07-23T15:04:06.489+0000] {dag.py:3239} INFO - Sync 1 DAGs
[2026-07-23T15:04:06.597+0000] {logging_mixin.py:190} INFO - [2026-07-23T15:04:06.597+0000] {dag.py:4180} INFO - Setting next_dagrun for youtube_medallion_pipeline to None, run_after=None
[2026-07-23T15:04:06.654+0000] {processor.py:208} INFO - Processing /opt/airflow/dags/youtube_medallion_pipeline.py took 0.478 seconds
[2026-07-23T15:04:37.050+0000] {processor.py:186} INFO - Started process (PID=786) to work on /opt/airflow/dags/youtube_medallion_pipeline.py
[2026-07-23T15:04:37.052+0000] {processor.py:914} INFO - Processing file /opt/airflow/dags/youtube_medallion_pipeline.py for tasks to queue
[2026-07-23T15:04:37.058+0000] {logging_mixin.py:190} INFO - [2026-07-23T15:04:37.057+0000] {dagbag.py:588} INFO - Filling up the DagBag from /opt/airflow/dags/youtube_medallion_pipeline.py
[2026-07-23T15:04:37.093+0000] {processor.py:925} INFO - DAG(s) 'youtube_medallion_pipeline' retrieved from /opt/airflow/dags/youtube_medallion_pipeline.py
[2026-07-23T15:04:37.153+0000] {logging_mixin.py:190} INFO - [2026-07-23T15:04:37.152+0000] {dag.py:3239} INFO - Sync 1 DAGs
[2026-07-23T15:04:37.189+0000] {logging_mixin.py:190} INFO - [2026-07-23T15:04:37.188+0000] {dag.py:4180} INFO - Setting next_dagrun for youtube_medallion_pipeline to None, run_after=None
[2026-07-23T15:04:37.252+0000] {processor.py:208} INFO - Processing /opt/airflow/dags/youtube_medallion_pipeline.py took 0.212 seconds
[2026-07-23T15:05:07.430+0000] {processor.py:186} INFO - Started process (PID=791) to work on /opt/airflow/dags/youtube_medallion_pipeline.py
[2026-07-23T15:05:07.433+0000] {processor.py:914} INFO - Processing file /opt/airflow/dags/youtube_medallion_pipeline.py for tasks to queue
[2026-07-23T15:05:07.440+0000] {logging_mixin.py:190} INFO - [2026-07-23T15:05:07.438+0000] {dagbag.py:588} INFO - Filling up the DagBag from /opt/airflow/dags/youtube_medallion_pipeline.py
[2026-07-23T15:05:07.474+0000] {processor.py:925} INFO - DAG(s) 'youtube_medallion_pipeline' retrieved from /opt/airflow/dags/youtube_medallion_pipeline.py
[2026-07-23T15:05:07.536+0000] {logging_mixin.py:190} INFO - [2026-07-23T15:05:07.536+0000] {dag.py:3239} INFO - Sync 1 DAGs
[2026-07-23T15:05:07.570+0000] {logging_mixin.py:190} INFO - [2026-07-23T15:05:07.570+0000] {dag.py:4180} INFO - Setting next_dagrun for youtube_medallion_pipeline to None, run_after=None
[2026-07-23T15:05:07.621+0000] {processor.py:208} INFO - Processing /opt/airflow/dags/youtube_medallion_pipeline.py took 0.202 seconds
[2026-07-23T15:05:37.997+0000] {processor.py:186} INFO - Started process (PID=796) to work on /opt/airflow/dags/youtube_medallion_pipeline.py
[2026-07-23T15:05:38.000+0000] {processor.py:914} INFO - Processing file /opt/airflow/dags/youtube_medallion_pipeline.py for tasks to queue
[2026-07-23T15:05:38.006+0000] {logging_mixin.py:190} INFO - [2026-07-23T15:05:38.005+0000] {dagbag.py:588} INFO - Filling up the DagBag from /opt/airflow/dags/youtube_medallion_pipeline.py
[2026-07-23T15:05:38.043+0000] {processor.py:925} INFO - DAG(s) 'youtube_medallion_pipeline' retrieved from /opt/airflow/dags/youtube_medallion_pipeline.py
[2026-07-23T15:05:38.094+0000] {logging_mixin.py:190} INFO - [2026-07-23T15:05:38.094+0000] {dag.py:3239} INFO - Sync 1 DAGs
[2026-07-23T15:05:38.118+0000] {logging_mixin.py:190} INFO - [2026-07-23T15:05:38.117+0000] {dag.py:4180} INFO - Setting next_dagrun for youtube_medallion_pipeline to None, run_after=None
[2026-07-23T15:05:38.156+0000] {processor.py:208} INFO - Processing /opt/airflow/dags/youtube_medallion_pipeline.py took 0.168 seconds
[2026-07-23T15:06:08.420+0000] {processor.py:186} INFO - Started process (PID=801) to work on /opt/airflow/dags/youtube_medallion_pipeline.py
[2026-07-23T15:06:08.430+0000] {processor.py:914} INFO - Processing file /opt/airflow/dags/youtube_medallion_pipeline.py for tasks to queue
[2026-07-23T15:06:08.446+0000] {logging_mixin.py:190} INFO - [2026-07-23T15:06:08.444+0000] {dagbag.py:588} INFO - Filling up the DagBag from /opt/airflow/dags/youtube_medallion_pipeline.py
[2026-07-23T15:06:08.524+0000] {processor.py:925} INFO - DAG(s) 'youtube_medallion_pipeline' retrieved from /opt/airflow/dags/youtube_medallion_pipeline.py
[2026-07-23T15:06:08.631+0000] {logging_mixin.py:190} INFO - [2026-07-23T15:06:08.630+0000] {dag.py:3239} INFO - Sync 1 DAGs
[2026-07-23T15:06:08.724+0000] {logging_mixin.py:190} INFO - [2026-07-23T15:06:08.723+0000] {dag.py:4180} INFO - Setting next_dagrun for youtube_medallion_pipeline to None, run_after=None
[2026-07-23T15:06:08.790+0000] {processor.py:208} INFO - Processing /opt/airflow/dags/youtube_medallion_pipeline.py took 0.407 seconds
[2026-07-23T15:06:38.951+0000] {processor.py:186} INFO - Started process (PID=806) to work on /opt/airflow/dags/youtube_medallion_pipeline.py
[2026-07-23T15:06:38.954+0000] {processor.py:914} INFO - Processing file /opt/airflow/dags/youtube_medallion_pipeline.py for tasks to queue
[2026-07-23T15:06:38.959+0000] {logging_mixin.py:190} INFO - [2026-07-23T15:06:38.959+0000] {dagbag.py:588} INFO - Filling up the DagBag from /opt/airflow/dags/youtube_medallion_pipeline.py
[2026-07-23T15:06:38.989+0000] {processor.py:925} INFO - DAG(s) 'youtube_medallion_pipeline' retrieved from /opt/airflow/dags/youtube_medallion_pipeline.py
[2026-07-23T15:06:39.039+0000] {logging_mixin.py:190} INFO - [2026-07-23T15:06:39.039+0000] {dag.py:3239} INFO - Sync 1 DAGs
[2026-07-23T15:06:39.063+0000] {logging_mixin.py:190} INFO - [2026-07-23T15:06:39.062+0000] {dag.py:4180} INFO - Setting next_dagrun for youtube_medallion_pipeline to None, run_after=None
[2026-07-23T15:06:39.098+0000] {processor.py:208} INFO - Processing /opt/airflow/dags/youtube_medallion_pipeline.py took 0.157 seconds
[2026-07-23T15:07:09.564+0000] {processor.py:186} INFO - Started process (PID=811) to work on /opt/airflow/dags/youtube_medallion_pipeline.py
[2026-07-23T15:07:09.568+0000] {processor.py:914} INFO - Processing file /opt/airflow/dags/youtube_medallion_pipeline.py for tasks to queue
[2026-07-23T15:07:09.577+0000] {logging_mixin.py:190} INFO - [2026-07-23T15:07:09.576+0000] {dagbag.py:588} INFO - Filling up the DagBag from /opt/airflow/dags/youtube_medallion_pipeline.py
[2026-07-23T15:07:09.628+0000] {processor.py:925} INFO - DAG(s) 'youtube_medallion_pipeline' retrieved from /opt/airflow/dags/youtube_medallion_pipeline.py
[2026-07-23T15:07:09.690+0000] {logging_mixin.py:190} INFO - [2026-07-23T15:07:09.690+0000] {dag.py:3239} INFO - Sync 1 DAGs
[2026-07-23T15:07:09.741+0000] {logging_mixin.py:190} INFO - [2026-07-23T15:07:09.740+0000] {dag.py:4180} INFO - Setting next_dagrun for youtube_medallion_pipeline to None, run_after=None
[2026-07-23T15:07:09.843+0000] {processor.py:208} INFO - Processing /opt/airflow/dags/youtube_medallion_pipeline.py took 0.300 seconds
[2026-07-23T15:07:40.263+0000] {processor.py:186} INFO - Started process (PID=816) to work on /opt/airflow/dags/youtube_medallion_pipeline.py
[2026-07-23T15:07:40.266+0000] {processor.py:914} INFO - Processing file /opt/airflow/dags/youtube_medallion_pipeline.py for tasks to queue
[2026-07-23T15:07:40.271+0000] {logging_mixin.py:190} INFO - [2026-07-23T15:07:40.270+0000] {dagbag.py:588} INFO - Filling up the DagBag from /opt/airflow/dags/youtube_medallion_pipeline.py
[2026-07-23T15:07:40.318+0000] {processor.py:925} INFO - DAG(s) 'youtube_medallion_pipeline' retrieved from /opt/airflow/dags/youtube_medallion_pipeline.py
[2026-07-23T15:07:40.395+0000] {logging_mixin.py:190} INFO - [2026-07-23T15:07:40.395+0000] {dag.py:3239} INFO - Sync 1 DAGs
[2026-07-23T15:07:40.422+0000] {logging_mixin.py:190} INFO - [2026-07-23T15:07:40.421+0000] {dag.py:4180} INFO - Setting next_dagrun for youtube_medallion_pipeline to None, run_after=None
[2026-07-23T15:07:40.484+0000] {processor.py:208} INFO - Processing /opt/airflow/dags/youtube_medallion_pipeline.py took 0.236 seconds
[2026-07-23T15:08:10.614+0000] {processor.py:186} INFO - Started process (PID=821) to work on /opt/airflow/dags/youtube_medallion_pipeline.py
[2026-07-23T15:08:10.616+0000] {processor.py:914} INFO - Processing file /opt/airflow/dags/youtube_medallion_pipeline.py for tasks to queue
[2026-07-23T15:08:10.623+0000] {logging_mixin.py:190} INFO - [2026-07-23T15:08:10.622+0000] {dagbag.py:588} INFO - Filling up the DagBag from /opt/airflow/dags/youtube_medallion_pipeline.py
[2026-07-23T15:08:10.655+0000] {processor.py:925} INFO - DAG(s) 'youtube_medallion_pipeline' retrieved from /opt/airflow/dags/youtube_medallion_pipeline.py
[2026-07-23T15:08:10.701+0000] {logging_mixin.py:190} INFO - [2026-07-23T15:08:10.700+0000] {dag.py:3239} INFO - Sync 1 DAGs
[2026-07-23T15:08:10.722+0000] {logging_mixin.py:190} INFO - [2026-07-23T15:08:10.722+0000] {dag.py:4180} INFO - Setting next_dagrun for youtube_medallion_pipeline to None, run_after=None
[2026-07-23T15:08:10.754+0000] {processor.py:208} INFO - Processing /opt/airflow/dags/youtube_medallion_pipeline.py took 0.151 seconds
[2026-07-23T15:08:40.961+0000] {processor.py:186} INFO - Started process (PID=826) to work on /opt/airflow/dags/youtube_medallion_pipeline.py
[2026-07-23T15:08:40.966+0000] {processor.py:914} INFO - Processing file /opt/airflow/dags/youtube_medallion_pipeline.py for tasks to queue
[2026-07-23T15:08:40.974+0000] {logging_mixin.py:190} INFO - [2026-07-23T15:08:40.972+0000] {dagbag.py:588} INFO - Filling up the DagBag from /opt/airflow/dags/youtube_medallion_pipeline.py
[2026-07-23T15:08:41.028+0000] {processor.py:925} INFO - DAG(s) 'youtube_medallion_pipeline' retrieved from /opt/airflow/dags/youtube_medallion_pipeline.py
[2026-07-23T15:08:41.104+0000] {logging_mixin.py:190} INFO - [2026-07-23T15:08:41.104+0000] {dag.py:3239} INFO - Sync 1 DAGs
[2026-07-23T15:08:41.132+0000] {logging_mixin.py:190} INFO - [2026-07-23T15:08:41.132+0000] {dag.py:4180} INFO - Setting next_dagrun for youtube_medallion_pipeline to None, run_after=None
[2026-07-23T15:08:41.179+0000] {processor.py:208} INFO - Processing /opt/airflow/dags/youtube_medallion_pipeline.py took 0.236 seconds
[2026-07-23T15:09:11.490+0000] {processor.py:186} INFO - Started process (PID=831) to work on /opt/airflow/dags/youtube_medallion_pipeline.py
[2026-07-23T15:09:11.493+0000] {processor.py:914} INFO - Processing file /opt/airflow/dags/youtube_medallion_pipeline.py for tasks to queue
[2026-07-23T15:09:11.500+0000] {logging_mixin.py:190} INFO - [2026-07-23T15:09:11.499+0000] {dagbag.py:588} INFO - Filling up the DagBag from /opt/airflow/dags/youtube_medallion_pipeline.py
[2026-07-23T15:09:11.540+0000] {processor.py:925} INFO - DAG(s) 'youtube_medallion_pipeline' retrieved from /opt/airflow/dags/youtube_medallion_pipeline.py
[2026-07-23T15:09:11.600+0000] {logging_mixin.py:190} INFO - [2026-07-23T15:09:11.600+0000] {dag.py:3239} INFO - Sync 1 DAGs
[2026-07-23T15:09:11.625+0000] {logging_mixin.py:190} INFO - [2026-07-23T15:09:11.624+0000] {dag.py:4180} INFO - Setting next_dagrun for youtube_medallion_pipeline to None, run_after=None
[2026-07-23T15:09:11.666+0000] {processor.py:208} INFO - Processing /opt/airflow/dags/youtube_medallion_pipeline.py took 0.187 seconds
[2026-07-23T15:09:41.925+0000] {processor.py:186} INFO - Started process (PID=836) to work on /opt/airflow/dags/youtube_medallion_pipeline.py
[2026-07-23T15:09:41.928+0000] {processor.py:914} INFO - Processing file /opt/airflow/dags/youtube_medallion_pipeline.py for tasks to queue
[2026-07-23T15:09:41.934+0000] {logging_mixin.py:190} INFO - [2026-07-23T15:09:41.933+0000] {dagbag.py:588} INFO - Filling up the DagBag from /opt/airflow/dags/youtube_medallion_pipeline.py
[2026-07-23T15:09:41.962+0000] {processor.py:925} INFO - DAG(s) 'youtube_medallion_pipeline' retrieved from /opt/airflow/dags/youtube_medallion_pipeline.py
[2026-07-23T15:09:42.014+0000] {logging_mixin.py:190} INFO - [2026-07-23T15:09:42.014+0000] {dag.py:3239} INFO - Sync 1 DAGs
[2026-07-23T15:09:42.042+0000] {logging_mixin.py:190} INFO - [2026-07-23T15:09:42.042+0000] {dag.py:4180} INFO - Setting next_dagrun for youtube_medallion_pipeline to None, run_after=None
[2026-07-23T15:09:42.083+0000] {processor.py:208} INFO - Processing /opt/airflow/dags/youtube_medallion_pipeline.py took 0.167 seconds
[2026-07-23T15:10:12.467+0000] {processor.py:186} INFO - Started process (PID=841) to work on /opt/airflow/dags/youtube_medallion_pipeline.py
[2026-07-23T15:10:12.471+0000] {processor.py:914} INFO - Processing file /opt/airflow/dags/youtube_medallion_pipeline.py for tasks to queue
[2026-07-23T15:10:12.478+0000] {logging_mixin.py:190} INFO - [2026-07-23T15:10:12.477+0000] {dagbag.py:588} INFO - Filling up the DagBag from /opt/airflow/dags/youtube_medallion_pipeline.py
[2026-07-23T15:10:12.512+0000] {processor.py:925} INFO - DAG(s) 'youtube_medallion_pipeline' retrieved from /opt/airflow/dags/youtube_medallion_pipeline.py
[2026-07-23T15:10:12.609+0000] {logging_mixin.py:190} INFO - [2026-07-23T15:10:12.609+0000] {dag.py:3239} INFO - Sync 1 DAGs
[2026-07-23T15:10:12.638+0000] {logging_mixin.py:190} INFO - [2026-07-23T15:10:12.638+0000] {dag.py:4180} INFO - Setting next_dagrun for youtube_medallion_pipeline to None, run_after=None
[2026-07-23T15:10:12.684+0000] {processor.py:208} INFO - Processing /opt/airflow/dags/youtube_medallion_pipeline.py took 0.232 seconds
[2026-07-23T15:10:42.870+0000] {processor.py:186} INFO - Started process (PID=846) to work on /opt/airflow/dags/youtube_medallion_pipeline.py
[2026-07-23T15:10:42.873+0000] {processor.py:914} INFO - Processing file /opt/airflow/dags/youtube_medallion_pipeline.py for tasks to queue
[2026-07-23T15:10:42.878+0000] {logging_mixin.py:190} INFO - [2026-07-23T15:10:42.877+0000] {dagbag.py:588} INFO - Filling up the DagBag from /opt/airflow/dags/youtube_medallion_pipeline.py
[2026-07-23T15:10:42.913+0000] {processor.py:925} INFO - DAG(s) 'youtube_medallion_pipeline' retrieved from /opt/airflow/dags/youtube_medallion_pipeline.py
[2026-07-23T15:10:42.975+0000] {logging_mixin.py:190} INFO - [2026-07-23T15:10:42.975+0000] {dag.py:3239} INFO - Sync 1 DAGs
[2026-07-23T15:10:43.005+0000] {logging_mixin.py:190} INFO - [2026-07-23T15:10:43.005+0000] {dag.py:4180} INFO - Setting next_dagrun for youtube_medallion_pipeline to None, run_after=None
[2026-07-23T15:10:43.049+0000] {processor.py:208} INFO - Processing /opt/airflow/dags/youtube_medallion_pipeline.py took 0.188 seconds
[2026-07-23T15:11:13.427+0000] {processor.py:186} INFO - Started process (PID=851) to work on /opt/airflow/dags/youtube_medallion_pipeline.py
[2026-07-23T15:11:13.429+0000] {processor.py:914} INFO - Processing file /opt/airflow/dags/youtube_medallion_pipeline.py for tasks to queue
[2026-07-23T15:11:13.434+0000] {logging_mixin.py:190} INFO - [2026-07-23T15:11:13.433+0000] {dagbag.py:588} INFO - Filling up the DagBag from /opt/airflow/dags/youtube_medallion_pipeline.py
[2026-07-23T15:11:13.468+0000] {processor.py:925} INFO - DAG(s) 'youtube_medallion_pipeline' retrieved from /opt/airflow/dags/youtube_medallion_pipeline.py
[2026-07-23T15:11:13.525+0000] {logging_mixin.py:190} INFO - [2026-07-23T15:11:13.524+0000] {dag.py:3239} INFO - Sync 1 DAGs
[2026-07-23T15:11:13.547+0000] {logging_mixin.py:190} INFO - [2026-07-23T15:11:13.547+0000] {dag.py:4180} INFO - Setting next_dagrun for youtube_medallion_pipeline to None, run_after=None
[2026-07-23T15:11:13.596+0000] {processor.py:208} INFO - Processing /opt/airflow/dags/youtube_medallion_pipeline.py took 0.176 seconds
[2026-07-23T15:11:43.821+0000] {processor.py:186} INFO - Started process (PID=856) to work on /opt/airflow/dags/youtube_medallion_pipeline.py
[2026-07-23T15:11:43.824+0000] {processor.py:914} INFO - Processing file /opt/airflow/dags/youtube_medallion_pipeline.py for tasks to queue
[2026-07-23T15:11:43.831+0000] {logging_mixin.py:190} INFO - [2026-07-23T15:11:43.831+0000] {dagbag.py:588} INFO - Filling up the DagBag from /opt/airflow/dags/youtube_medallion_pipeline.py
[2026-07-23T15:11:43.868+0000] {processor.py:925} INFO - DAG(s) 'youtube_medallion_pipeline' retrieved from /opt/airflow/dags/youtube_medallion_pipeline.py
[2026-07-23T15:11:43.949+0000] {logging_mixin.py:190} INFO - [2026-07-23T15:11:43.948+0000] {dag.py:3239} INFO - Sync 1 DAGs
[2026-07-23T15:11:43.975+0000] {logging_mixin.py:190} INFO - [2026-07-23T15:11:43.975+0000] {dag.py:4180} INFO - Setting next_dagrun for youtube_medallion_pipeline to None, run_after=None
[2026-07-23T15:11:44.019+0000] {processor.py:208} INFO - Processing /opt/airflow/dags/youtube_medallion_pipeline.py took 0.210 seconds
[2026-07-23T15:12:14.385+0000] {processor.py:186} INFO - Started process (PID=861) to work on /opt/airflow/dags/youtube_medallion_pipeline.py
[2026-07-23T15:12:14.388+0000] {processor.py:914} INFO - Processing file /opt/airflow/dags/youtube_medallion_pipeline.py for tasks to queue
[2026-07-23T15:12:14.394+0000] {logging_mixin.py:190} INFO - [2026-07-23T15:12:14.393+0000] {dagbag.py:588} INFO - Filling up the DagBag from /opt/airflow/dags/youtube_medallion_pipeline.py
[2026-07-23T15:12:14.440+0000] {processor.py:925} INFO - DAG(s) 'youtube_medallion_pipeline' retrieved from /opt/airflow/dags/youtube_medallion_pipeline.py
[2026-07-23T15:12:14.501+0000] {logging_mixin.py:190} INFO - [2026-07-23T15:12:14.501+0000] {dag.py:3239} INFO - Sync 1 DAGs
[2026-07-23T15:12:14.530+0000] {logging_mixin.py:190} INFO - [2026-07-23T15:12:14.528+0000] {dag.py:4180} INFO - Setting next_dagrun for youtube_medallion_pipeline to None, run_after=None
[2026-07-23T15:12:14.586+0000] {processor.py:208} INFO - Processing /opt/airflow/dags/youtube_medallion_pipeline.py took 0.212 seconds
[2026-07-23T15:12:44.804+0000] {processor.py:186} INFO - Started process (PID=866) to work on /opt/airflow/dags/youtube_medallion_pipeline.py
[2026-07-23T15:12:44.808+0000] {processor.py:914} INFO - Processing file /opt/airflow/dags/youtube_medallion_pipeline.py for tasks to queue
[2026-07-23T15:12:44.818+0000] {logging_mixin.py:190} INFO - [2026-07-23T15:12:44.816+0000] {dagbag.py:588} INFO - Filling up the DagBag from /opt/airflow/dags/youtube_medallion_pipeline.py
[2026-07-23T15:12:44.852+0000] {processor.py:925} INFO - DAG(s) 'youtube_medallion_pipeline' retrieved from /opt/airflow/dags/youtube_medallion_pipeline.py
[2026-07-23T15:12:44.908+0000] {logging_mixin.py:190} INFO - [2026-07-23T15:12:44.908+0000] {dag.py:3239} INFO - Sync 1 DAGs
[2026-07-23T15:12:44.934+0000] {logging_mixin.py:190} INFO - [2026-07-23T15:12:44.933+0000] {dag.py:4180} INFO - Setting next_dagrun for youtube_medallion_pipeline to None, run_after=None
[2026-07-23T15:12:44.990+0000] {processor.py:208} INFO - Processing /opt/airflow/dags/youtube_medallion_pipeline.py took 0.206 seconds
[2026-07-23T15:13:15.113+0000] {processor.py:186} INFO - Started process (PID=871) to work on /opt/airflow/dags/youtube_medallion_pipeline.py
[2026-07-23T15:13:15.116+0000] {processor.py:914} INFO - Processing file /opt/airflow/dags/youtube_medallion_pipeline.py for tasks to queue
[2026-07-23T15:13:15.124+0000] {logging_mixin.py:190} INFO - [2026-07-23T15:13:15.123+0000] {dagbag.py:588} INFO - Filling up the DagBag from /opt/airflow/dags/youtube_medallion_pipeline.py
[2026-07-23T15:13:15.171+0000] {processor.py:925} INFO - DAG(s) 'youtube_medallion_pipeline' retrieved from /opt/airflow/dags/youtube_medallion_pipeline.py
[2026-07-23T15:13:15.245+0000] {logging_mixin.py:190} INFO - [2026-07-23T15:13:15.245+0000] {dag.py:3239} INFO - Sync 1 DAGs
[2026-07-23T15:13:15.288+0000] {logging_mixin.py:190} INFO - [2026-07-23T15:13:15.287+0000] {dag.py:4180} INFO - Setting next_dagrun for youtube_medallion_pipeline to None, run_after=None
[2026-07-23T15:13:15.363+0000] {processor.py:208} INFO - Processing /opt/airflow/dags/youtube_medallion_pipeline.py took 0.261 seconds
[2026-07-23T15:13:45.835+0000] {processor.py:186} INFO - Started process (PID=876) to work on /opt/airflow/dags/youtube_medallion_pipeline.py
[2026-07-23T15:13:45.838+0000] {processor.py:914} INFO - Processing file /opt/airflow/dags/youtube_medallion_pipeline.py for tasks to queue
[2026-07-23T15:13:45.845+0000] {logging_mixin.py:190} INFO - [2026-07-23T15:13:45.844+0000] {dagbag.py:588} INFO - Filling up the DagBag from /opt/airflow/dags/youtube_medallion_pipeline.py
[2026-07-23T15:13:45.882+0000] {processor.py:925} INFO - DAG(s) 'youtube_medallion_pipeline' retrieved from /opt/airflow/dags/youtube_medallion_pipeline.py
[2026-07-23T15:13:45.938+0000] {logging_mixin.py:190} INFO - [2026-07-23T15:13:45.938+0000] {dag.py:3239} INFO - Sync 1 DAGs
[2026-07-23T15:13:45.960+0000] {logging_mixin.py:190} INFO - [2026-07-23T15:13:45.960+0000] {dag.py:4180} INFO - Setting next_dagrun for youtube_medallion_pipeline to None, run_after=None
[2026-07-23T15:13:45.998+0000] {processor.py:208} INFO - Processing /opt/airflow/dags/youtube_medallion_pipeline.py took 0.172 seconds
[2026-07-23T15:14:16.226+0000] {processor.py:186} INFO - Started process (PID=881) to work on /opt/airflow/dags/youtube_medallion_pipeline.py
[2026-07-23T15:14:16.230+0000] {processor.py:914} INFO - Processing file /opt/airflow/dags/youtube_medallion_pipeline.py for tasks to queue
[2026-07-23T15:14:16.239+0000] {logging_mixin.py:190} INFO - [2026-07-23T15:14:16.238+0000] {dagbag.py:588} INFO - Filling up the DagBag from /opt/airflow/dags/youtube_medallion_pipeline.py
[2026-07-23T15:14:16.286+0000] {processor.py:925} INFO - DAG(s) 'youtube_medallion_pipeline' retrieved from /opt/airflow/dags/youtube_medallion_pipeline.py
[2026-07-23T15:14:16.347+0000] {logging_mixin.py:190} INFO - [2026-07-23T15:14:16.347+0000] {dag.py:3239} INFO - Sync 1 DAGs
[2026-07-23T15:14:16.376+0000] {logging_mixin.py:190} INFO - [2026-07-23T15:14:16.375+0000] {dag.py:4180} INFO - Setting next_dagrun for youtube_medallion_pipeline to None, run_after=None
[2026-07-23T15:14:16.414+0000] {processor.py:208} INFO - Processing /opt/airflow/dags/youtube_medallion_pipeline.py took 0.203 seconds
[2026-07-23T15:14:46.786+0000] {processor.py:186} INFO - Started process (PID=886) to work on /opt/airflow/dags/youtube_medallion_pipeline.py
[2026-07-23T15:14:46.789+0000] {processor.py:914} INFO - Processing file /opt/airflow/dags/youtube_medallion_pipeline.py for tasks to queue
[2026-07-23T15:14:46.797+0000] {logging_mixin.py:190} INFO - [2026-07-23T15:14:46.795+0000] {dagbag.py:588} INFO - Filling up the DagBag from /opt/airflow/dags/youtube_medallion_pipeline.py
[2026-07-23T15:14:46.850+0000] {processor.py:925} INFO - DAG(s) 'youtube_medallion_pipeline' retrieved from /opt/airflow/dags/youtube_medallion_pipeline.py
[2026-07-23T15:14:46.943+0000] {logging_mixin.py:190} INFO - [2026-07-23T15:14:46.942+0000] {dag.py:3239} INFO - Sync 1 DAGs
[2026-07-23T15:14:46.972+0000] {logging_mixin.py:190} INFO - [2026-07-23T15:14:46.972+0000] {dag.py:4180} INFO - Setting next_dagrun for youtube_medallion_pipeline to None, run_after=None
[2026-07-23T15:14:47.036+0000] {processor.py:208} INFO - Processing /opt/airflow/dags/youtube_medallion_pipeline.py took 0.269 seconds
[2026-07-23T15:15:17.212+0000] {processor.py:186} INFO - Started process (PID=891) to work on /opt/airflow/dags/youtube_medallion_pipeline.py
[2026-07-23T15:15:17.217+0000] {processor.py:914} INFO - Processing file /opt/airflow/dags/youtube_medallion_pipeline.py for tasks to queue
[2026-07-23T15:15:17.227+0000] {logging_mixin.py:190} INFO - [2026-07-23T15:15:17.225+0000] {dagbag.py:588} INFO - Filling up the DagBag from /opt/airflow/dags/youtube_medallion_pipeline.py
[2026-07-23T15:15:17.285+0000] {processor.py:925} INFO - DAG(s) 'youtube_medallion_pipeline' retrieved from /opt/airflow/dags/youtube_medallion_pipeline.py
[2026-07-23T15:15:17.372+0000] {logging_mixin.py:190} INFO - [2026-07-23T15:15:17.371+0000] {dag.py:3239} INFO - Sync 1 DAGs
[2026-07-23T15:15:17.400+0000] {logging_mixin.py:190} INFO - [2026-07-23T15:15:17.399+0000] {dag.py:4180} INFO - Setting next_dagrun for youtube_medallion_pipeline to None, run_after=None
[2026-07-23T15:15:17.440+0000] {processor.py:208} INFO - Processing /opt/airflow/dags/youtube_medallion_pipeline.py took 0.242 seconds
[2026-07-23T15:15:47.818+0000] {processor.py:186} INFO - Started process (PID=896) to work on /opt/airflow/dags/youtube_medallion_pipeline.py
[2026-07-23T15:15:47.820+0000] {processor.py:914} INFO - Processing file /opt/airflow/dags/youtube_medallion_pipeline.py for tasks to queue
[2026-07-23T15:15:47.825+0000] {logging_mixin.py:190} INFO - [2026-07-23T15:15:47.824+0000] {dagbag.py:588} INFO - Filling up the DagBag from /opt/airflow/dags/youtube_medallion_pipeline.py
[2026-07-23T15:15:47.853+0000] {processor.py:925} INFO - DAG(s) 'youtube_medallion_pipeline' retrieved from /opt/airflow/dags/youtube_medallion_pipeline.py
[2026-07-23T15:15:47.901+0000] {logging_mixin.py:190} INFO - [2026-07-23T15:15:47.901+0000] {dag.py:3239} INFO - Sync 1 DAGs
[2026-07-23T15:15:47.924+0000] {logging_mixin.py:190} INFO - [2026-07-23T15:15:47.924+0000] {dag.py:4180} INFO - Setting next_dagrun for youtube_medallion_pipeline to None, run_after=None
[2026-07-23T15:15:47.962+0000] {processor.py:208} INFO - Processing /opt/airflow/dags/youtube_medallion_pipeline.py took 0.153 seconds
[2026-07-23T15:16:18.162+0000] {processor.py:186} INFO - Started process (PID=901) to work on /opt/airflow/dags/youtube_medallion_pipeline.py
[2026-07-23T15:16:18.164+0000] {processor.py:914} INFO - Processing file /opt/airflow/dags/youtube_medallion_pipeline.py for tasks to queue
[2026-07-23T15:16:18.170+0000] {logging_mixin.py:190} INFO - [2026-07-23T15:16:18.169+0000] {dagbag.py:588} INFO - Filling up the DagBag from /opt/airflow/dags/youtube_medallion_pipeline.py
[2026-07-23T15:16:18.205+0000] {processor.py:925} INFO - DAG(s) 'youtube_medallion_pipeline' retrieved from /opt/airflow/dags/youtube_medallion_pipeline.py
[2026-07-23T15:16:18.272+0000] {logging_mixin.py:190} INFO - [2026-07-23T15:16:18.272+0000] {dag.py:3239} INFO - Sync 1 DAGs
[2026-07-23T15:16:18.304+0000] {logging_mixin.py:190} INFO - [2026-07-23T15:16:18.303+0000] {dag.py:4180} INFO - Setting next_dagrun for youtube_medallion_pipeline to None, run_after=None
[2026-07-23T15:16:18.340+0000] {processor.py:208} INFO - Processing /opt/airflow/dags/youtube_medallion_pipeline.py took 0.187 seconds
[2026-07-23T15:16:48.741+0000] {processor.py:186} INFO - Started process (PID=906) to work on /opt/airflow/dags/youtube_medallion_pipeline.py
[2026-07-23T15:16:48.744+0000] {processor.py:914} INFO - Processing file /opt/airflow/dags/youtube_medallion_pipeline.py for tasks to queue
[2026-07-23T15:16:48.751+0000] {logging_mixin.py:190} INFO - [2026-07-23T15:16:48.749+0000] {dagbag.py:588} INFO - Filling up the DagBag from /opt/airflow/dags/youtube_medallion_pipeline.py
[2026-07-23T15:16:48.791+0000] {processor.py:925} INFO - DAG(s) 'youtube_medallion_pipeline' retrieved from /opt/airflow/dags/youtube_medallion_pipeline.py
[2026-07-23T15:16:48.889+0000] {logging_mixin.py:190} INFO - [2026-07-23T15:16:48.888+0000] {dag.py:3239} INFO - Sync 1 DAGs
[2026-07-23T15:16:48.954+0000] {logging_mixin.py:190} INFO - [2026-07-23T15:16:48.953+0000] {dag.py:4180} INFO - Setting next_dagrun for youtube_medallion_pipeline to None, run_after=None
[2026-07-23T15:16:49.014+0000] {processor.py:208} INFO - Processing /opt/airflow/dags/youtube_medallion_pipeline.py took 0.285 seconds
[2026-07-23T15:17:19.145+0000] {processor.py:186} INFO - Started process (PID=911) to work on /opt/airflow/dags/youtube_medallion_pipeline.py
[2026-07-23T15:17:19.147+0000] {processor.py:914} INFO - Processing file /opt/airflow/dags/youtube_medallion_pipeline.py for tasks to queue
[2026-07-23T15:17:19.153+0000] {logging_mixin.py:190} INFO - [2026-07-23T15:17:19.152+0000] {dagbag.py:588} INFO - Filling up the DagBag from /opt/airflow/dags/youtube_medallion_pipeline.py
[2026-07-23T15:17:19.183+0000] {processor.py:925} INFO - DAG(s) 'youtube_medallion_pipeline' retrieved from /opt/airflow/dags/youtube_medallion_pipeline.py
[2026-07-23T15:17:19.268+0000] {logging_mixin.py:190} INFO - [2026-07-23T15:17:19.268+0000] {dag.py:3239} INFO - Sync 1 DAGs
[2026-07-23T15:17:19.336+0000] {logging_mixin.py:190} INFO - [2026-07-23T15:17:19.335+0000] {dag.py:4180} INFO - Setting next_dagrun for youtube_medallion_pipeline to None, run_after=None
[2026-07-23T15:17:19.392+0000] {processor.py:208} INFO - Processing /opt/airflow/dags/youtube_medallion_pipeline.py took 0.256 seconds
[2026-07-23T15:17:49.874+0000] {processor.py:186} INFO - Started process (PID=916) to work on /opt/airflow/dags/youtube_medallion_pipeline.py
[2026-07-23T15:17:49.878+0000] {processor.py:914} INFO - Processing file /opt/airflow/dags/youtube_medallion_pipeline.py for tasks to queue
[2026-07-23T15:17:49.887+0000] {logging_mixin.py:190} INFO - [2026-07-23T15:17:49.886+0000] {dagbag.py:588} INFO - Filling up the DagBag from /opt/airflow/dags/youtube_medallion_pipeline.py
[2026-07-23T15:17:49.975+0000] {processor.py:925} INFO - DAG(s) 'youtube_medallion_pipeline' retrieved from /opt/airflow/dags/youtube_medallion_pipeline.py
[2026-07-23T15:17:50.167+0000] {logging_mixin.py:190} INFO - [2026-07-23T15:17:50.166+0000] {dag.py:3239} INFO - Sync 1 DAGs
[2026-07-23T15:17:50.226+0000] {logging_mixin.py:190} INFO - [2026-07-23T15:17:50.225+0000] {dag.py:4180} INFO - Setting next_dagrun for youtube_medallion_pipeline to None, run_after=None
[2026-07-23T15:17:50.286+0000] {processor.py:208} INFO - Processing /opt/airflow/dags/youtube_medallion_pipeline.py took 0.426 seconds
[2026-07-23T15:18:20.655+0000] {processor.py:186} INFO - Started process (PID=921) to work on /opt/airflow/dags/youtube_medallion_pipeline.py
[2026-07-23T15:18:20.657+0000] {processor.py:914} INFO - Processing file /opt/airflow/dags/youtube_medallion_pipeline.py for tasks to queue
[2026-07-23T15:18:20.663+0000] {logging_mixin.py:190} INFO - [2026-07-23T15:18:20.662+0000] {dagbag.py:588} INFO - Filling up the DagBag from /opt/airflow/dags/youtube_medallion_pipeline.py
[2026-07-23T15:18:20.702+0000] {processor.py:925} INFO - DAG(s) 'youtube_medallion_pipeline' retrieved from /opt/airflow/dags/youtube_medallion_pipeline.py
[2026-07-23T15:18:20.752+0000] {logging_mixin.py:190} INFO - [2026-07-23T15:18:20.752+0000] {dag.py:3239} INFO - Sync 1 DAGs
[2026-07-23T15:18:20.780+0000] {logging_mixin.py:190} INFO - [2026-07-23T15:18:20.779+0000] {dag.py:4180} INFO - Setting next_dagrun for youtube_medallion_pipeline to None, run_after=None
[2026-07-23T15:18:20.820+0000] {processor.py:208} INFO - Processing /opt/airflow/dags/youtube_medallion_pipeline.py took 0.173 seconds
[2026-07-23T15:18:50.983+0000] {processor.py:186} INFO - Started process (PID=926) to work on /opt/airflow/dags/youtube_medallion_pipeline.py
[2026-07-23T15:18:50.987+0000] {processor.py:914} INFO - Processing file /opt/airflow/dags/youtube_medallion_pipeline.py for tasks to queue
[2026-07-23T15:18:50.996+0000] {logging_mixin.py:190} INFO - [2026-07-23T15:18:50.995+0000] {dagbag.py:588} INFO - Filling up the DagBag from /opt/airflow/dags/youtube_medallion_pipeline.py
[2026-07-23T15:18:51.040+0000] {processor.py:925} INFO - DAG(s) 'youtube_medallion_pipeline' retrieved from /opt/airflow/dags/youtube_medallion_pipeline.py
[2026-07-23T15:18:51.136+0000] {logging_mixin.py:190} INFO - [2026-07-23T15:18:51.135+0000] {dag.py:3239} INFO - Sync 1 DAGs
[2026-07-23T15:18:51.169+0000] {logging_mixin.py:190} INFO - [2026-07-23T15:18:51.168+0000] {dag.py:4180} INFO - Setting next_dagrun for youtube_medallion_pipeline to None, run_after=None
[2026-07-23T15:18:51.225+0000] {processor.py:208} INFO - Processing /opt/airflow/dags/youtube_medallion_pipeline.py took 0.256 seconds
[2026-07-23T15:19:21.448+0000] {processor.py:186} INFO - Started process (PID=931) to work on /opt/airflow/dags/youtube_medallion_pipeline.py
[2026-07-23T15:19:21.450+0000] {processor.py:914} INFO - Processing file /opt/airflow/dags/youtube_medallion_pipeline.py for tasks to queue
[2026-07-23T15:19:21.456+0000] {logging_mixin.py:190} INFO - [2026-07-23T15:19:21.455+0000] {dagbag.py:588} INFO - Filling up the DagBag from /opt/airflow/dags/youtube_medallion_pipeline.py
[2026-07-23T15:19:21.488+0000] {processor.py:925} INFO - DAG(s) 'youtube_medallion_pipeline' retrieved from /opt/airflow/dags/youtube_medallion_pipeline.py
[2026-07-23T15:19:21.535+0000] {logging_mixin.py:190} INFO - [2026-07-23T15:19:21.534+0000] {dag.py:3239} INFO - Sync 1 DAGs
[2026-07-23T15:19:21.556+0000] {logging_mixin.py:190} INFO - [2026-07-23T15:19:21.555+0000] {dag.py:4180} INFO - Setting next_dagrun for youtube_medallion_pipeline to None, run_after=None
[2026-07-23T15:19:21.591+0000] {processor.py:208} INFO - Processing /opt/airflow/dags/youtube_medallion_pipeline.py took 0.152 seconds
[2026-07-23T15:19:51.892+0000] {processor.py:186} INFO - Started process (PID=936) to work on /opt/airflow/dags/youtube_medallion_pipeline.py
[2026-07-23T15:19:51.894+0000] {processor.py:914} INFO - Processing file /opt/airflow/dags/youtube_medallion_pipeline.py for tasks to queue
[2026-07-23T15:19:51.901+0000] {logging_mixin.py:190} INFO - [2026-07-23T15:19:51.900+0000] {dagbag.py:588} INFO - Filling up the DagBag from /opt/airflow/dags/youtube_medallion_pipeline.py
[2026-07-23T15:19:51.934+0000] {processor.py:925} INFO - DAG(s) 'youtube_medallion_pipeline' retrieved from /opt/airflow/dags/youtube_medallion_pipeline.py
[2026-07-23T15:19:51.989+0000] {logging_mixin.py:190} INFO - [2026-07-23T15:19:51.988+0000] {dag.py:3239} INFO - Sync 1 DAGs
[2026-07-23T15:19:52.031+0000] {logging_mixin.py:190} INFO - [2026-07-23T15:19:52.030+0000] {dag.py:4180} INFO - Setting next_dagrun for youtube_medallion_pipeline to None, run_after=None
[2026-07-23T15:19:52.073+0000] {processor.py:208} INFO - Processing /opt/airflow/dags/youtube_medallion_pipeline.py took 0.193 seconds
[2026-07-23T15:20:22.278+0000] {processor.py:186} INFO - Started process (PID=941) to work on /opt/airflow/dags/youtube_medallion_pipeline.py
[2026-07-23T15:20:22.281+0000] {processor.py:914} INFO - Processing file /opt/airflow/dags/youtube_medallion_pipeline.py for tasks to queue
[2026-07-23T15:20:22.288+0000] {logging_mixin.py:190} INFO - [2026-07-23T15:20:22.286+0000] {dagbag.py:588} INFO - Filling up the DagBag from /opt/airflow/dags/youtube_medallion_pipeline.py
[2026-07-23T15:20:22.320+0000] {processor.py:925} INFO - DAG(s) 'youtube_medallion_pipeline' retrieved from /opt/airflow/dags/youtube_medallion_pipeline.py
[2026-07-23T15:20:22.383+0000] {logging_mixin.py:190} INFO - [2026-07-23T15:20:22.383+0000] {dag.py:3239} INFO - Sync 1 DAGs
[2026-07-23T15:20:22.414+0000] {logging_mixin.py:190} INFO - [2026-07-23T15:20:22.414+0000] {dag.py:4180} INFO - Setting next_dagrun for youtube_medallion_pipeline to None, run_after=None
[2026-07-23T15:20:22.460+0000] {processor.py:208} INFO - Processing /opt/airflow/dags/youtube_medallion_pipeline.py took 0.191 seconds
[2026-07-23T15:20:52.802+0000] {processor.py:186} INFO - Started process (PID=946) to work on /opt/airflow/dags/youtube_medallion_pipeline.py
[2026-07-23T15:20:52.805+0000] {processor.py:914} INFO - Processing file /opt/airflow/dags/youtube_medallion_pipeline.py for tasks to queue
[2026-07-23T15:20:52.813+0000] {logging_mixin.py:190} INFO - [2026-07-23T15:20:52.812+0000] {dagbag.py:588} INFO - Filling up the DagBag from /opt/airflow/dags/youtube_medallion_pipeline.py
[2026-07-23T15:20:52.853+0000] {processor.py:925} INFO - DAG(s) 'youtube_medallion_pipeline' retrieved from /opt/airflow/dags/youtube_medallion_pipeline.py
[2026-07-23T15:20:52.916+0000] {logging_mixin.py:190} INFO - [2026-07-23T15:20:52.915+0000] {dag.py:3239} INFO - Sync 1 DAGs
[2026-07-23T15:20:52.949+0000] {logging_mixin.py:190} INFO - [2026-07-23T15:20:52.949+0000] {dag.py:4180} INFO - Setting next_dagrun for youtube_medallion_pipeline to None, run_after=None
[2026-07-23T15:20:52.997+0000] {processor.py:208} INFO - Processing /opt/airflow/dags/youtube_medallion_pipeline.py took 0.205 seconds
[2026-07-23T15:21:23.260+0000] {processor.py:186} INFO - Started process (PID=951) to work on /opt/airflow/dags/youtube_medallion_pipeline.py
[2026-07-23T15:21:23.265+0000] {processor.py:914} INFO - Processing file /opt/airflow/dags/youtube_medallion_pipeline.py for tasks to queue
[2026-07-23T15:21:23.273+0000] {logging_mixin.py:190} INFO - [2026-07-23T15:21:23.272+0000] {dagbag.py:588} INFO - Filling up the DagBag from /opt/airflow/dags/youtube_medallion_pipeline.py
[2026-07-23T15:21:23.307+0000] {processor.py:925} INFO - DAG(s) 'youtube_medallion_pipeline' retrieved from /opt/airflow/dags/youtube_medallion_pipeline.py
[2026-07-23T15:21:23.377+0000] {logging_mixin.py:190} INFO - [2026-07-23T15:21:23.376+0000] {dag.py:3239} INFO - Sync 1 DAGs
[2026-07-23T15:21:23.413+0000] {logging_mixin.py:190} INFO - [2026-07-23T15:21:23.412+0000] {dag.py:4180} INFO - Setting next_dagrun for youtube_medallion_pipeline to None, run_after=None
[2026-07-23T15:21:23.453+0000] {processor.py:208} INFO - Processing /opt/airflow/dags/youtube_medallion_pipeline.py took 0.205 seconds
[2026-07-23T15:21:53.774+0000] {processor.py:186} INFO - Started process (PID=956) to work on /opt/airflow/dags/youtube_medallion_pipeline.py
[2026-07-23T15:21:53.777+0000] {processor.py:914} INFO - Processing file /opt/airflow/dags/youtube_medallion_pipeline.py for tasks to queue
[2026-07-23T15:21:53.786+0000] {logging_mixin.py:190} INFO - [2026-07-23T15:21:53.785+0000] {dagbag.py:588} INFO - Filling up the DagBag from /opt/airflow/dags/youtube_medallion_pipeline.py
[2026-07-23T15:21:53.827+0000] {processor.py:925} INFO - DAG(s) 'youtube_medallion_pipeline' retrieved from /opt/airflow/dags/youtube_medallion_pipeline.py
[2026-07-23T15:21:53.906+0000] {logging_mixin.py:190} INFO - [2026-07-23T15:21:53.906+0000] {dag.py:3239} INFO - Sync 1 DAGs
[2026-07-23T15:21:53.943+0000] {logging_mixin.py:190} INFO - [2026-07-23T15:21:53.942+0000] {dag.py:4180} INFO - Setting next_dagrun for youtube_medallion_pipeline to None, run_after=None
[2026-07-23T15:21:53.992+0000] {processor.py:208} INFO - Processing /opt/airflow/dags/youtube_medallion_pipeline.py took 0.235 seconds
[2026-07-23T15:22:24.301+0000] {processor.py:186} INFO - Started process (PID=961) to work on /opt/airflow/dags/youtube_medallion_pipeline.py
[2026-07-23T15:22:24.303+0000] {processor.py:914} INFO - Processing file /opt/airflow/dags/youtube_medallion_pipeline.py for tasks to queue
[2026-07-23T15:22:24.308+0000] {logging_mixin.py:190} INFO - [2026-07-23T15:22:24.308+0000] {dagbag.py:588} INFO - Filling up the DagBag from /opt/airflow/dags/youtube_medallion_pipeline.py
[2026-07-23T15:22:24.345+0000] {processor.py:925} INFO - DAG(s) 'youtube_medallion_pipeline' retrieved from /opt/airflow/dags/youtube_medallion_pipeline.py
[2026-07-23T15:22:24.403+0000] {logging_mixin.py:190} INFO - [2026-07-23T15:22:24.403+0000] {dag.py:3239} INFO - Sync 1 DAGs
[2026-07-23T15:22:24.436+0000] {logging_mixin.py:190} INFO - [2026-07-23T15:22:24.436+0000] {dag.py:4180} INFO - Setting next_dagrun for youtube_medallion_pipeline to None, run_after=None
[2026-07-23T15:22:24.483+0000] {processor.py:208} INFO - Processing /opt/airflow/dags/youtube_medallion_pipeline.py took 0.192 seconds
[2026-07-23T15:32:44.952+0000] {processor.py:186} INFO - Started process (PID=966) to work on /opt/airflow/dags/youtube_medallion_pipeline.py
[2026-07-23T15:32:44.964+0000] {processor.py:914} INFO - Processing file /opt/airflow/dags/youtube_medallion_pipeline.py for tasks to queue
[2026-07-23T15:32:44.990+0000] {logging_mixin.py:190} INFO - [2026-07-23T15:32:44.989+0000] {dagbag.py:588} INFO - Filling up the DagBag from /opt/airflow/dags/youtube_medallion_pipeline.py
[2026-07-23T15:32:45.231+0000] {processor.py:925} INFO - DAG(s) 'youtube_medallion_pipeline' retrieved from /opt/airflow/dags/youtube_medallion_pipeline.py
[2026-07-23T15:32:45.825+0000] {logging_mixin.py:190} INFO - [2026-07-23T15:32:45.824+0000] {dag.py:3239} INFO - Sync 1 DAGs
[2026-07-23T15:32:45.921+0000] {logging_mixin.py:190} INFO - [2026-07-23T15:32:45.919+0000] {dag.py:4180} INFO - Setting next_dagrun for youtube_medallion_pipeline to None, run_after=None
[2026-07-23T15:32:46.047+0000] {processor.py:208} INFO - Processing /opt/airflow/dags/youtube_medallion_pipeline.py took 1.149 seconds
[2026-07-23T15:33:16.939+0000] {processor.py:186} INFO - Started process (PID=972) to work on /opt/airflow/dags/youtube_medallion_pipeline.py
[2026-07-23T15:33:16.958+0000] {processor.py:914} INFO - Processing file /opt/airflow/dags/youtube_medallion_pipeline.py for tasks to queue
[2026-07-23T15:33:17.009+0000] {logging_mixin.py:190} INFO - [2026-07-23T15:33:16.999+0000] {dagbag.py:588} INFO - Filling up the DagBag from /opt/airflow/dags/youtube_medallion_pipeline.py
[2026-07-23T15:33:17.209+0000] {processor.py:925} INFO - DAG(s) 'youtube_medallion_pipeline' retrieved from /opt/airflow/dags/youtube_medallion_pipeline.py
[2026-07-23T15:33:17.471+0000] {logging_mixin.py:190} INFO - [2026-07-23T15:33:17.470+0000] {dag.py:3239} INFO - Sync 1 DAGs
[2026-07-23T15:33:17.583+0000] {logging_mixin.py:190} INFO - [2026-07-23T15:33:17.583+0000] {dag.py:4180} INFO - Setting next_dagrun for youtube_medallion_pipeline to None, run_after=None
[2026-07-23T15:33:17.673+0000] {processor.py:208} INFO - Processing /opt/airflow/dags/youtube_medallion_pipeline.py took 0.833 seconds
[2026-07-23T15:33:48.017+0000] {processor.py:186} INFO - Started process (PID=977) to work on /opt/airflow/dags/youtube_medallion_pipeline.py
[2026-07-23T15:33:48.020+0000] {processor.py:914} INFO - Processing file /opt/airflow/dags/youtube_medallion_pipeline.py for tasks to queue
[2026-07-23T15:33:48.030+0000] {logging_mixin.py:190} INFO - [2026-07-23T15:33:48.029+0000] {dagbag.py:588} INFO - Filling up the DagBag from /opt/airflow/dags/youtube_medallion_pipeline.py
[2026-07-23T15:33:48.069+0000] {processor.py:925} INFO - DAG(s) 'youtube_medallion_pipeline' retrieved from /opt/airflow/dags/youtube_medallion_pipeline.py
[2026-07-23T15:33:48.148+0000] {logging_mixin.py:190} INFO - [2026-07-23T15:33:48.148+0000] {dag.py:3239} INFO - Sync 1 DAGs
[2026-07-23T15:33:48.178+0000] {logging_mixin.py:190} INFO - [2026-07-23T15:33:48.177+0000] {dag.py:4180} INFO - Setting next_dagrun for youtube_medallion_pipeline to None, run_after=None
[2026-07-23T15:33:48.237+0000] {processor.py:208} INFO - Processing /opt/airflow/dags/youtube_medallion_pipeline.py took 0.233 seconds
[2026-07-23T15:34:18.399+0000] {processor.py:186} INFO - Started process (PID=982) to work on /opt/airflow/dags/youtube_medallion_pipeline.py
[2026-07-23T15:34:18.402+0000] {processor.py:914} INFO - Processing file /opt/airflow/dags/youtube_medallion_pipeline.py for tasks to queue
[2026-07-23T15:34:18.407+0000] {logging_mixin.py:190} INFO - [2026-07-23T15:34:18.406+0000] {dagbag.py:588} INFO - Filling up the DagBag from /opt/airflow/dags/youtube_medallion_pipeline.py
[2026-07-23T15:34:18.450+0000] {processor.py:925} INFO - DAG(s) 'youtube_medallion_pipeline' retrieved from /opt/airflow/dags/youtube_medallion_pipeline.py
[2026-07-23T15:34:18.523+0000] {logging_mixin.py:190} INFO - [2026-07-23T15:34:18.522+0000] {dag.py:3239} INFO - Sync 1 DAGs
[2026-07-23T15:34:18.555+0000] {logging_mixin.py:190} INFO - [2026-07-23T15:34:18.554+0000] {dag.py:4180} INFO - Setting next_dagrun for youtube_medallion_pipeline to None, run_after=None
[2026-07-23T15:34:18.601+0000] {processor.py:208} INFO - Processing /opt/airflow/dags/youtube_medallion_pipeline.py took 0.215 seconds
[2026-07-23T15:34:48.963+0000] {processor.py:186} INFO - Started process (PID=987) to work on /opt/airflow/dags/youtube_medallion_pipeline.py
[2026-07-23T15:34:48.966+0000] {processor.py:914} INFO - Processing file /opt/airflow/dags/youtube_medallion_pipeline.py for tasks to queue
[2026-07-23T15:34:48.975+0000] {logging_mixin.py:190} INFO - [2026-07-23T15:34:48.974+0000] {dagbag.py:588} INFO - Filling up the DagBag from /opt/airflow/dags/youtube_medallion_pipeline.py
[2026-07-23T15:34:49.029+0000] {processor.py:925} INFO - DAG(s) 'youtube_medallion_pipeline' retrieved from /opt/airflow/dags/youtube_medallion_pipeline.py
[2026-07-23T15:34:49.103+0000] {logging_mixin.py:190} INFO - [2026-07-23T15:34:49.103+0000] {dag.py:3239} INFO - Sync 1 DAGs
[2026-07-23T15:34:49.146+0000] {logging_mixin.py:190} INFO - [2026-07-23T15:34:49.146+0000] {dag.py:4180} INFO - Setting next_dagrun for youtube_medallion_pipeline to None, run_after=None
[2026-07-23T15:34:49.190+0000] {processor.py:208} INFO - Processing /opt/airflow/dags/youtube_medallion_pipeline.py took 0.243 seconds
[2026-07-23T15:35:19.339+0000] {processor.py:186} INFO - Started process (PID=992) to work on /opt/airflow/dags/youtube_medallion_pipeline.py
[2026-07-23T15:35:19.341+0000] {processor.py:914} INFO - Processing file /opt/airflow/dags/youtube_medallion_pipeline.py for tasks to queue
[2026-07-23T15:35:19.346+0000] {logging_mixin.py:190} INFO - [2026-07-23T15:35:19.345+0000] {dagbag.py:588} INFO - Filling up the DagBag from /opt/airflow/dags/youtube_medallion_pipeline.py
[2026-07-23T15:35:19.383+0000] {processor.py:925} INFO - DAG(s) 'youtube_medallion_pipeline' retrieved from /opt/airflow/dags/youtube_medallion_pipeline.py
[2026-07-23T15:35:19.449+0000] {logging_mixin.py:190} INFO - [2026-07-23T15:35:19.449+0000] {dag.py:3239} INFO - Sync 1 DAGs
[2026-07-23T15:35:19.482+0000] {logging_mixin.py:190} INFO - [2026-07-23T15:35:19.481+0000] {dag.py:4180} INFO - Setting next_dagrun for youtube_medallion_pipeline to None, run_after=None
[2026-07-23T15:35:19.523+0000] {processor.py:208} INFO - Processing /opt/airflow/dags/youtube_medallion_pipeline.py took 0.196 seconds
[2026-07-23T15:35:49.958+0000] {processor.py:186} INFO - Started process (PID=997) to work on /opt/airflow/dags/youtube_medallion_pipeline.py
[2026-07-23T15:35:49.963+0000] {processor.py:914} INFO - Processing file /opt/airflow/dags/youtube_medallion_pipeline.py for tasks to queue
[2026-07-23T15:35:49.982+0000] {logging_mixin.py:190} INFO - [2026-07-23T15:35:49.980+0000] {dagbag.py:588} INFO - Filling up the DagBag from /opt/airflow/dags/youtube_medallion_pipeline.py
[2026-07-23T15:35:50.057+0000] {processor.py:925} INFO - DAG(s) 'youtube_medallion_pipeline' retrieved from /opt/airflow/dags/youtube_medallion_pipeline.py
[2026-07-23T15:35:50.202+0000] {logging_mixin.py:190} INFO - [2026-07-23T15:35:50.201+0000] {dag.py:3239} INFO - Sync 1 DAGs
[2026-07-23T15:35:50.245+0000] {logging_mixin.py:190} INFO - [2026-07-23T15:35:50.244+0000] {dag.py:4180} INFO - Setting next_dagrun for youtube_medallion_pipeline to None, run_after=None
[2026-07-23T15:35:50.295+0000] {processor.py:208} INFO - Processing /opt/airflow/dags/youtube_medallion_pipeline.py took 0.361 seconds
[2026-07-23T15:36:20.467+0000] {processor.py:186} INFO - Started process (PID=1002) to work on /opt/airflow/dags/youtube_medallion_pipeline.py
[2026-07-23T15:36:20.469+0000] {processor.py:914} INFO - Processing file /opt/airflow/dags/youtube_medallion_pipeline.py for tasks to queue
[2026-07-23T15:36:20.476+0000] {logging_mixin.py:190} INFO - [2026-07-23T15:36:20.475+0000] {dagbag.py:588} INFO - Filling up the DagBag from /opt/airflow/dags/youtube_medallion_pipeline.py
[2026-07-23T15:36:20.509+0000] {processor.py:925} INFO - DAG(s) 'youtube_medallion_pipeline' retrieved from /opt/airflow/dags/youtube_medallion_pipeline.py
[2026-07-23T15:36:20.576+0000] {logging_mixin.py:190} INFO - [2026-07-23T15:36:20.576+0000] {dag.py:3239} INFO - Sync 1 DAGs
[2026-07-23T15:36:20.604+0000] {logging_mixin.py:190} INFO - [2026-07-23T15:36:20.604+0000] {dag.py:4180} INFO - Setting next_dagrun for youtube_medallion_pipeline to None, run_after=None
[2026-07-23T15:36:20.647+0000] {processor.py:208} INFO - Processing /opt/airflow/dags/youtube_medallion_pipeline.py took 0.189 seconds
[2026-07-23T15:36:50.981+0000] {processor.py:186} INFO - Started process (PID=1007) to work on /opt/airflow/dags/youtube_medallion_pipeline.py
[2026-07-23T15:36:50.984+0000] {processor.py:914} INFO - Processing file /opt/airflow/dags/youtube_medallion_pipeline.py for tasks to queue
[2026-07-23T15:36:50.992+0000] {logging_mixin.py:190} INFO - [2026-07-23T15:36:50.991+0000] {dagbag.py:588} INFO - Filling up the DagBag from /opt/airflow/dags/youtube_medallion_pipeline.py
[2026-07-23T15:36:51.039+0000] {processor.py:925} INFO - DAG(s) 'youtube_medallion_pipeline' retrieved from /opt/airflow/dags/youtube_medallion_pipeline.py
[2026-07-23T15:36:51.098+0000] {logging_mixin.py:190} INFO - [2026-07-23T15:36:51.098+0000] {dag.py:3239} INFO - Sync 1 DAGs
[2026-07-23T15:36:51.127+0000] {logging_mixin.py:190} INFO - [2026-07-23T15:36:51.126+0000] {dag.py:4180} INFO - Setting next_dagrun for youtube_medallion_pipeline to None, run_after=None
[2026-07-23T15:36:51.169+0000] {processor.py:208} INFO - Processing /opt/airflow/dags/youtube_medallion_pipeline.py took 0.199 seconds
[2026-07-23T15:37:21.311+0000] {processor.py:186} INFO - Started process (PID=1012) to work on /opt/airflow/dags/youtube_medallion_pipeline.py
[2026-07-23T15:37:21.316+0000] {processor.py:914} INFO - Processing file /opt/airflow/dags/youtube_medallion_pipeline.py for tasks to queue
[2026-07-23T15:37:21.324+0000] {logging_mixin.py:190} INFO - [2026-07-23T15:37:21.322+0000] {dagbag.py:588} INFO - Filling up the DagBag from /opt/airflow/dags/youtube_medallion_pipeline.py
[2026-07-23T15:37:21.363+0000] {processor.py:925} INFO - DAG(s) 'youtube_medallion_pipeline' retrieved from /opt/airflow/dags/youtube_medallion_pipeline.py
[2026-07-23T15:37:21.442+0000] {logging_mixin.py:190} INFO - [2026-07-23T15:37:21.441+0000] {dag.py:3239} INFO - Sync 1 DAGs
[2026-07-23T15:37:21.476+0000] {logging_mixin.py:190} INFO - [2026-07-23T15:37:21.476+0000] {dag.py:4180} INFO - Setting next_dagrun for youtube_medallion_pipeline to None, run_after=None
[2026-07-23T15:37:21.519+0000] {processor.py:208} INFO - Processing /opt/airflow/dags/youtube_medallion_pipeline.py took 0.226 seconds
[2026-07-23T15:37:51.911+0000] {processor.py:186} INFO - Started process (PID=1017) to work on /opt/airflow/dags/youtube_medallion_pipeline.py
[2026-07-23T15:37:51.913+0000] {processor.py:914} INFO - Processing file /opt/airflow/dags/youtube_medallion_pipeline.py for tasks to queue
[2026-07-23T15:37:51.918+0000] {logging_mixin.py:190} INFO - [2026-07-23T15:37:51.917+0000] {dagbag.py:588} INFO - Filling up the DagBag from /opt/airflow/dags/youtube_medallion_pipeline.py
[2026-07-23T15:37:51.948+0000] {processor.py:925} INFO - DAG(s) 'youtube_medallion_pipeline' retrieved from /opt/airflow/dags/youtube_medallion_pipeline.py
[2026-07-23T15:37:52.004+0000] {logging_mixin.py:190} INFO - [2026-07-23T15:37:52.003+0000] {dag.py:3239} INFO - Sync 1 DAGs
[2026-07-23T15:37:52.029+0000] {logging_mixin.py:190} INFO - [2026-07-23T15:37:52.028+0000] {dag.py:4180} INFO - Setting next_dagrun for youtube_medallion_pipeline to None, run_after=None
[2026-07-23T15:37:52.063+0000] {processor.py:208} INFO - Processing /opt/airflow/dags/youtube_medallion_pipeline.py took 0.161 seconds
[2026-07-23T15:38:22.269+0000] {processor.py:186} INFO - Started process (PID=1022) to work on /opt/airflow/dags/youtube_medallion_pipeline.py
[2026-07-23T15:38:22.274+0000] {processor.py:914} INFO - Processing file /opt/airflow/dags/youtube_medallion_pipeline.py for tasks to queue
[2026-07-23T15:38:22.284+0000] {logging_mixin.py:190} INFO - [2026-07-23T15:38:22.282+0000] {dagbag.py:588} INFO - Filling up the DagBag from /opt/airflow/dags/youtube_medallion_pipeline.py
[2026-07-23T15:38:22.341+0000] {processor.py:925} INFO - DAG(s) 'youtube_medallion_pipeline' retrieved from /opt/airflow/dags/youtube_medallion_pipeline.py
[2026-07-23T15:38:22.449+0000] {logging_mixin.py:190} INFO - [2026-07-23T15:38:22.447+0000] {dag.py:3239} INFO - Sync 1 DAGs
[2026-07-23T15:38:22.511+0000] {logging_mixin.py:190} INFO - [2026-07-23T15:38:22.511+0000] {dag.py:4180} INFO - Setting next_dagrun for youtube_medallion_pipeline to None, run_after=None
[2026-07-23T15:38:22.614+0000] {processor.py:208} INFO - Processing /opt/airflow/dags/youtube_medallion_pipeline.py took 0.362 seconds
[2026-07-23T15:38:52.769+0000] {processor.py:186} INFO - Started process (PID=1027) to work on /opt/airflow/dags/youtube_medallion_pipeline.py
[2026-07-23T15:38:52.773+0000] {processor.py:914} INFO - Processing file /opt/airflow/dags/youtube_medallion_pipeline.py for tasks to queue
[2026-07-23T15:38:52.781+0000] {logging_mixin.py:190} INFO - [2026-07-23T15:38:52.780+0000] {dagbag.py:588} INFO - Filling up the DagBag from /opt/airflow/dags/youtube_medallion_pipeline.py
[2026-07-23T15:38:52.827+0000] {processor.py:925} INFO - DAG(s) 'youtube_medallion_pipeline' retrieved from /opt/airflow/dags/youtube_medallion_pipeline.py
[2026-07-23T15:38:52.891+0000] {logging_mixin.py:190} INFO - [2026-07-23T15:38:52.891+0000] {dag.py:3239} INFO - Sync 1 DAGs
[2026-07-23T15:38:52.919+0000] {logging_mixin.py:190} INFO - [2026-07-23T15:38:52.918+0000] {dag.py:4180} INFO - Setting next_dagrun for youtube_medallion_pipeline to None, run_after=None
[2026-07-23T15:38:52.960+0000] {processor.py:208} INFO - Processing /opt/airflow/dags/youtube_medallion_pipeline.py took 0.200 seconds
[2026-07-23T15:39:23.308+0000] {processor.py:186} INFO - Started process (PID=1032) to work on /opt/airflow/dags/youtube_medallion_pipeline.py
[2026-07-23T15:39:23.311+0000] {processor.py:914} INFO - Processing file /opt/airflow/dags/youtube_medallion_pipeline.py for tasks to queue
[2026-07-23T15:39:23.320+0000] {logging_mixin.py:190} INFO - [2026-07-23T15:39:23.319+0000] {dagbag.py:588} INFO - Filling up the DagBag from /opt/airflow/dags/youtube_medallion_pipeline.py
[2026-07-23T15:39:23.369+0000] {processor.py:925} INFO - DAG(s) 'youtube_medallion_pipeline' retrieved from /opt/airflow/dags/youtube_medallion_pipeline.py
[2026-07-23T15:39:23.477+0000] {logging_mixin.py:190} INFO - [2026-07-23T15:39:23.476+0000] {dag.py:3239} INFO - Sync 1 DAGs
[2026-07-23T15:39:23.541+0000] {logging_mixin.py:190} INFO - [2026-07-23T15:39:23.541+0000] {dag.py:4180} INFO - Setting next_dagrun for youtube_medallion_pipeline to None, run_after=None
[2026-07-23T15:39:23.633+0000] {processor.py:208} INFO - Processing /opt/airflow/dags/youtube_medallion_pipeline.py took 0.339 seconds
[2026-07-23T15:39:54.096+0000] {processor.py:186} INFO - Started process (PID=1037) to work on /opt/airflow/dags/youtube_medallion_pipeline.py
[2026-07-23T15:39:54.101+0000] {processor.py:914} INFO - Processing file /opt/airflow/dags/youtube_medallion_pipeline.py for tasks to queue
[2026-07-23T15:39:54.116+0000] {logging_mixin.py:190} INFO - [2026-07-23T15:39:54.115+0000] {dagbag.py:588} INFO - Filling up the DagBag from /opt/airflow/dags/youtube_medallion_pipeline.py
[2026-07-23T15:39:54.181+0000] {processor.py:925} INFO - DAG(s) 'youtube_medallion_pipeline' retrieved from /opt/airflow/dags/youtube_medallion_pipeline.py
[2026-07-23T15:39:54.293+0000] {logging_mixin.py:190} INFO - [2026-07-23T15:39:54.292+0000] {dag.py:3239} INFO - Sync 1 DAGs
[2026-07-23T15:39:54.334+0000] {logging_mixin.py:190} INFO - [2026-07-23T15:39:54.333+0000] {dag.py:4180} INFO - Setting next_dagrun for youtube_medallion_pipeline to None, run_after=None
[2026-07-23T15:39:54.373+0000] {processor.py:208} INFO - Processing /opt/airflow/dags/youtube_medallion_pipeline.py took 0.321 seconds
[2026-07-23T15:40:24.807+0000] {processor.py:186} INFO - Started process (PID=1042) to work on /opt/airflow/dags/youtube_medallion_pipeline.py
[2026-07-23T15:40:24.811+0000] {processor.py:914} INFO - Processing file /opt/airflow/dags/youtube_medallion_pipeline.py for tasks to queue
[2026-07-23T15:40:24.817+0000] {logging_mixin.py:190} INFO - [2026-07-23T15:40:24.816+0000] {dagbag.py:588} INFO - Filling up the DagBag from /opt/airflow/dags/youtube_medallion_pipeline.py
[2026-07-23T15:40:24.866+0000] {processor.py:925} INFO - DAG(s) 'youtube_medallion_pipeline' retrieved from /opt/airflow/dags/youtube_medallion_pipeline.py
[2026-07-23T15:40:24.933+0000] {logging_mixin.py:190} INFO - [2026-07-23T15:40:24.932+0000] {dag.py:3239} INFO - Sync 1 DAGs
[2026-07-23T15:40:24.970+0000] {logging_mixin.py:190} INFO - [2026-07-23T15:40:24.969+0000] {dag.py:4180} INFO - Setting next_dagrun for youtube_medallion_pipeline to None, run_after=None
[2026-07-23T15:40:25.006+0000] {processor.py:208} INFO - Processing /opt/airflow/dags/youtube_medallion_pipeline.py took 0.210 seconds
[2026-07-23T15:40:55.180+0000] {processor.py:186} INFO - Started process (PID=1047) to work on /opt/airflow/dags/youtube_medallion_pipeline.py
[2026-07-23T15:40:55.184+0000] {processor.py:914} INFO - Processing file /opt/airflow/dags/youtube_medallion_pipeline.py for tasks to queue
[2026-07-23T15:40:55.191+0000] {logging_mixin.py:190} INFO - [2026-07-23T15:40:55.189+0000] {dagbag.py:588} INFO - Filling up the DagBag from /opt/airflow/dags/youtube_medallion_pipeline.py
[2026-07-23T15:40:55.241+0000] {processor.py:925} INFO - DAG(s) 'youtube_medallion_pipeline' retrieved from /opt/airflow/dags/youtube_medallion_pipeline.py
[2026-07-23T15:40:55.301+0000] {logging_mixin.py:190} INFO - [2026-07-23T15:40:55.301+0000] {dag.py:3239} INFO - Sync 1 DAGs
[2026-07-23T15:40:55.329+0000] {logging_mixin.py:190} INFO - [2026-07-23T15:40:55.329+0000] {dag.py:4180} INFO - Setting next_dagrun for youtube_medallion_pipeline to None, run_after=None
[2026-07-23T15:40:55.366+0000] {processor.py:208} INFO - Processing /opt/airflow/dags/youtube_medallion_pipeline.py took 0.204 seconds
[2026-07-23T15:41:25.713+0000] {processor.py:186} INFO - Started process (PID=1052) to work on /opt/airflow/dags/youtube_medallion_pipeline.py
[2026-07-23T15:41:25.715+0000] {processor.py:914} INFO - Processing file /opt/airflow/dags/youtube_medallion_pipeline.py for tasks to queue
[2026-07-23T15:41:25.720+0000] {logging_mixin.py:190} INFO - [2026-07-23T15:41:25.719+0000] {dagbag.py:588} INFO - Filling up the DagBag from /opt/airflow/dags/youtube_medallion_pipeline.py
[2026-07-23T15:41:25.751+0000] {processor.py:925} INFO - DAG(s) 'youtube_medallion_pipeline' retrieved from /opt/airflow/dags/youtube_medallion_pipeline.py
[2026-07-23T15:41:25.801+0000] {logging_mixin.py:190} INFO - [2026-07-23T15:41:25.801+0000] {dag.py:3239} INFO - Sync 1 DAGs
[2026-07-23T15:41:25.826+0000] {logging_mixin.py:190} INFO - [2026-07-23T15:41:25.826+0000] {dag.py:4180} INFO - Setting next_dagrun for youtube_medallion_pipeline to None, run_after=None
[2026-07-23T15:41:25.866+0000] {processor.py:208} INFO - Processing /opt/airflow/dags/youtube_medallion_pipeline.py took 0.165 seconds
[2026-07-23T15:41:56.080+0000] {processor.py:186} INFO - Started process (PID=1057) to work on /opt/airflow/dags/youtube_medallion_pipeline.py
[2026-07-23T15:41:56.082+0000] {processor.py:914} INFO - Processing file /opt/airflow/dags/youtube_medallion_pipeline.py for tasks to queue
[2026-07-23T15:41:56.088+0000] {logging_mixin.py:190} INFO - [2026-07-23T15:41:56.087+0000] {dagbag.py:588} INFO - Filling up the DagBag from /opt/airflow/dags/youtube_medallion_pipeline.py
[2026-07-23T15:41:56.126+0000] {processor.py:925} INFO - DAG(s) 'youtube_medallion_pipeline' retrieved from /opt/airflow/dags/youtube_medallion_pipeline.py
[2026-07-23T15:41:56.190+0000] {logging_mixin.py:190} INFO - [2026-07-23T15:41:56.190+0000] {dag.py:3239} INFO - Sync 1 DAGs
[2026-07-23T15:41:56.220+0000] {logging_mixin.py:190} INFO - [2026-07-23T15:41:56.220+0000] {dag.py:4180} INFO - Setting next_dagrun for youtube_medallion_pipeline to None, run_after=None
[2026-07-23T15:41:56.265+0000] {processor.py:208} INFO - Processing /opt/airflow/dags/youtube_medallion_pipeline.py took 0.196 seconds
[2026-07-23T15:42:26.614+0000] {processor.py:186} INFO - Started process (PID=1062) to work on /opt/airflow/dags/youtube_medallion_pipeline.py
[2026-07-23T15:42:26.619+0000] {processor.py:914} INFO - Processing file /opt/airflow/dags/youtube_medallion_pipeline.py for tasks to queue
[2026-07-23T15:42:26.626+0000] {logging_mixin.py:190} INFO - [2026-07-23T15:42:26.625+0000] {dagbag.py:588} INFO - Filling up the DagBag from /opt/airflow/dags/youtube_medallion_pipeline.py
[2026-07-23T15:42:26.663+0000] {processor.py:925} INFO - DAG(s) 'youtube_medallion_pipeline' retrieved from /opt/airflow/dags/youtube_medallion_pipeline.py
[2026-07-23T15:42:26.720+0000] {logging_mixin.py:190} INFO - [2026-07-23T15:42:26.719+0000] {dag.py:3239} INFO - Sync 1 DAGs
[2026-07-23T15:42:26.750+0000] {logging_mixin.py:190} INFO - [2026-07-23T15:42:26.749+0000] {dag.py:4180} INFO - Setting next_dagrun for youtube_medallion_pipeline to None, run_after=None
[2026-07-23T15:42:26.799+0000] {processor.py:208} INFO - Processing /opt/airflow/dags/youtube_medallion_pipeline.py took 0.202 seconds
[2026-07-23T15:42:57.122+0000] {processor.py:186} INFO - Started process (PID=1067) to work on /opt/airflow/dags/youtube_medallion_pipeline.py
[2026-07-23T15:42:57.125+0000] {processor.py:914} INFO - Processing file /opt/airflow/dags/youtube_medallion_pipeline.py for tasks to queue
[2026-07-23T15:42:57.135+0000] {logging_mixin.py:190} INFO - [2026-07-23T15:42:57.134+0000] {dagbag.py:588} INFO - Filling up the DagBag from /opt/airflow/dags/youtube_medallion_pipeline.py
[2026-07-23T15:42:57.178+0000] {processor.py:925} INFO - DAG(s) 'youtube_medallion_pipeline' retrieved from /opt/airflow/dags/youtube_medallion_pipeline.py
[2026-07-23T15:42:57.255+0000] {logging_mixin.py:190} INFO - [2026-07-23T15:42:57.253+0000] {dag.py:3239} INFO - Sync 1 DAGs
[2026-07-23T15:42:57.300+0000] {logging_mixin.py:190} INFO - [2026-07-23T15:42:57.300+0000] {dag.py:4180} INFO - Setting next_dagrun for youtube_medallion_pipeline to None, run_after=None
[2026-07-23T15:42:57.357+0000] {processor.py:208} INFO - Processing /opt/airflow/dags/youtube_medallion_pipeline.py took 0.255 seconds
[2026-07-23T15:43:27.564+0000] {processor.py:186} INFO - Started process (PID=1072) to work on /opt/airflow/dags/youtube_medallion_pipeline.py
[2026-07-23T15:43:27.566+0000] {processor.py:914} INFO - Processing file /opt/airflow/dags/youtube_medallion_pipeline.py for tasks to queue
[2026-07-23T15:43:27.571+0000] {logging_mixin.py:190} INFO - [2026-07-23T15:43:27.570+0000] {dagbag.py:588} INFO - Filling up the DagBag from /opt/airflow/dags/youtube_medallion_pipeline.py
[2026-07-23T15:43:27.602+0000] {processor.py:925} INFO - DAG(s) 'youtube_medallion_pipeline' retrieved from /opt/airflow/dags/youtube_medallion_pipeline.py
[2026-07-23T15:43:27.656+0000] {logging_mixin.py:190} INFO - [2026-07-23T15:43:27.656+0000] {dag.py:3239} INFO - Sync 1 DAGs
[2026-07-23T15:43:27.685+0000] {logging_mixin.py:190} INFO - [2026-07-23T15:43:27.684+0000] {dag.py:4180} INFO - Setting next_dagrun for youtube_medallion_pipeline to None, run_after=None
[2026-07-23T15:43:27.731+0000] {processor.py:208} INFO - Processing /opt/airflow/dags/youtube_medallion_pipeline.py took 0.176 seconds
[2026-07-23T15:43:58.059+0000] {processor.py:186} INFO - Started process (PID=1077) to work on /opt/airflow/dags/youtube_medallion_pipeline.py
[2026-07-23T15:43:58.061+0000] {processor.py:914} INFO - Processing file /opt/airflow/dags/youtube_medallion_pipeline.py for tasks to queue
[2026-07-23T15:43:58.066+0000] {logging_mixin.py:190} INFO - [2026-07-23T15:43:58.065+0000] {dagbag.py:588} INFO - Filling up the DagBag from /opt/airflow/dags/youtube_medallion_pipeline.py
[2026-07-23T15:43:58.116+0000] {processor.py:925} INFO - DAG(s) 'youtube_medallion_pipeline' retrieved from /opt/airflow/dags/youtube_medallion_pipeline.py
[2026-07-23T15:43:58.228+0000] {logging_mixin.py:190} INFO - [2026-07-23T15:43:58.227+0000] {dag.py:3239} INFO - Sync 1 DAGs
[2026-07-23T15:43:58.293+0000] {logging_mixin.py:190} INFO - [2026-07-23T15:43:58.292+0000] {dag.py:4180} INFO - Setting next_dagrun for youtube_medallion_pipeline to None, run_after=None
[2026-07-23T15:43:58.355+0000] {processor.py:208} INFO - Processing /opt/airflow/dags/youtube_medallion_pipeline.py took 0.307 seconds
[2026-07-23T15:44:28.529+0000] {processor.py:186} INFO - Started process (PID=1082) to work on /opt/airflow/dags/youtube_medallion_pipeline.py
[2026-07-23T15:44:28.532+0000] {processor.py:914} INFO - Processing file /opt/airflow/dags/youtube_medallion_pipeline.py for tasks to queue
[2026-07-23T15:44:28.538+0000] {logging_mixin.py:190} INFO - [2026-07-23T15:44:28.537+0000] {dagbag.py:588} INFO - Filling up the DagBag from /opt/airflow/dags/youtube_medallion_pipeline.py
[2026-07-23T15:44:28.576+0000] {processor.py:925} INFO - DAG(s) 'youtube_medallion_pipeline' retrieved from /opt/airflow/dags/youtube_medallion_pipeline.py
[2026-07-23T15:44:28.676+0000] {logging_mixin.py:190} INFO - [2026-07-23T15:44:28.676+0000] {dag.py:3239} INFO - Sync 1 DAGs
[2026-07-23T15:44:28.759+0000] {logging_mixin.py:190} INFO - [2026-07-23T15:44:28.758+0000] {dag.py:4180} INFO - Setting next_dagrun for youtube_medallion_pipeline to None, run_after=None
[2026-07-23T15:44:28.836+0000] {processor.py:208} INFO - Processing /opt/airflow/dags/youtube_medallion_pipeline.py took 0.319 seconds
[2026-07-23T15:44:59.101+0000] {processor.py:186} INFO - Started process (PID=1087) to work on /opt/airflow/dags/youtube_medallion_pipeline.py
[2026-07-23T15:44:59.104+0000] {processor.py:914} INFO - Processing file /opt/airflow/dags/youtube_medallion_pipeline.py for tasks to queue
[2026-07-23T15:44:59.109+0000] {logging_mixin.py:190} INFO - [2026-07-23T15:44:59.108+0000] {dagbag.py:588} INFO - Filling up the DagBag from /opt/airflow/dags/youtube_medallion_pipeline.py
[2026-07-23T15:44:59.141+0000] {processor.py:925} INFO - DAG(s) 'youtube_medallion_pipeline' retrieved from /opt/airflow/dags/youtube_medallion_pipeline.py
[2026-07-23T15:44:59.217+0000] {logging_mixin.py:190} INFO - [2026-07-23T15:44:59.217+0000] {dag.py:3239} INFO - Sync 1 DAGs
[2026-07-23T15:44:59.245+0000] {logging_mixin.py:190} INFO - [2026-07-23T15:44:59.245+0000] {dag.py:4180} INFO - Setting next_dagrun for youtube_medallion_pipeline to None, run_after=None
[2026-07-23T15:44:59.284+0000] {processor.py:208} INFO - Processing /opt/airflow/dags/youtube_medallion_pipeline.py took 0.197 seconds
[2026-07-23T15:45:29.464+0000] {processor.py:186} INFO - Started process (PID=1092) to work on /opt/airflow/dags/youtube_medallion_pipeline.py
[2026-07-23T15:45:29.467+0000] {processor.py:914} INFO - Processing file /opt/airflow/dags/youtube_medallion_pipeline.py for tasks to queue
[2026-07-23T15:45:29.473+0000] {logging_mixin.py:190} INFO - [2026-07-23T15:45:29.472+0000] {dagbag.py:588} INFO - Filling up the DagBag from /opt/airflow/dags/youtube_medallion_pipeline.py
[2026-07-23T15:45:29.503+0000] {processor.py:925} INFO - DAG(s) 'youtube_medallion_pipeline' retrieved from /opt/airflow/dags/youtube_medallion_pipeline.py
[2026-07-23T15:45:29.559+0000] {logging_mixin.py:190} INFO - [2026-07-23T15:45:29.559+0000] {dag.py:3239} INFO - Sync 1 DAGs
[2026-07-23T15:45:29.586+0000] {logging_mixin.py:190} INFO - [2026-07-23T15:45:29.586+0000] {dag.py:4180} INFO - Setting next_dagrun for youtube_medallion_pipeline to None, run_after=None
[2026-07-23T15:45:29.622+0000] {processor.py:208} INFO - Processing /opt/airflow/dags/youtube_medallion_pipeline.py took 0.167 seconds
[2026-07-23T15:45:59.953+0000] {processor.py:186} INFO - Started process (PID=1097) to work on /opt/airflow/dags/youtube_medallion_pipeline.py
[2026-07-23T15:45:59.956+0000] {processor.py:914} INFO - Processing file /opt/airflow/dags/youtube_medallion_pipeline.py for tasks to queue
[2026-07-23T15:45:59.961+0000] {logging_mixin.py:190} INFO - [2026-07-23T15:45:59.960+0000] {dagbag.py:588} INFO - Filling up the DagBag from /opt/airflow/dags/youtube_medallion_pipeline.py
[2026-07-23T15:45:59.994+0000] {processor.py:925} INFO - DAG(s) 'youtube_medallion_pipeline' retrieved from /opt/airflow/dags/youtube_medallion_pipeline.py
[2026-07-23T15:46:00.054+0000] {logging_mixin.py:190} INFO - [2026-07-23T15:46:00.053+0000] {dag.py:3239} INFO - Sync 1 DAGs
[2026-07-23T15:46:00.075+0000] {logging_mixin.py:190} INFO - [2026-07-23T15:46:00.075+0000] {dag.py:4180} INFO - Setting next_dagrun for youtube_medallion_pipeline to None, run_after=None
[2026-07-23T15:46:00.108+0000] {processor.py:208} INFO - Processing /opt/airflow/dags/youtube_medallion_pipeline.py took 0.162 seconds
[2026-07-23T15:47:17.352+0000] {processor.py:186} INFO - Started process (PID=1102) to work on /opt/airflow/dags/youtube_medallion_pipeline.py
[2026-07-23T15:47:17.378+0000] {processor.py:914} INFO - Processing file /opt/airflow/dags/youtube_medallion_pipeline.py for tasks to queue
[2026-07-23T15:47:17.398+0000] {logging_mixin.py:190} INFO - [2026-07-23T15:47:17.397+0000] {dagbag.py:588} INFO - Filling up the DagBag from /opt/airflow/dags/youtube_medallion_pipeline.py
[2026-07-23T15:47:17.589+0000] {processor.py:925} INFO - DAG(s) 'youtube_medallion_pipeline' retrieved from /opt/airflow/dags/youtube_medallion_pipeline.py
[2026-07-23T15:47:17.783+0000] {logging_mixin.py:190} INFO - [2026-07-23T15:47:17.782+0000] {dag.py:3239} INFO - Sync 1 DAGs
[2026-07-23T15:47:17.886+0000] {logging_mixin.py:190} INFO - [2026-07-23T15:47:17.882+0000] {dag.py:4180} INFO - Setting next_dagrun for youtube_medallion_pipeline to None, run_after=None
[2026-07-23T15:47:17.999+0000] {processor.py:208} INFO - Processing /opt/airflow/dags/youtube_medallion_pipeline.py took 0.798 seconds
[2026-07-23T15:47:48.595+0000] {processor.py:186} INFO - Started process (PID=1107) to work on /opt/airflow/dags/youtube_medallion_pipeline.py
[2026-07-23T15:47:48.602+0000] {processor.py:914} INFO - Processing file /opt/airflow/dags/youtube_medallion_pipeline.py for tasks to queue
[2026-07-23T15:47:48.618+0000] {logging_mixin.py:190} INFO - [2026-07-23T15:47:48.615+0000] {dagbag.py:588} INFO - Filling up the DagBag from /opt/airflow/dags/youtube_medallion_pipeline.py
[2026-07-23T15:47:48.702+0000] {processor.py:925} INFO - DAG(s) 'youtube_medallion_pipeline' retrieved from /opt/airflow/dags/youtube_medallion_pipeline.py
[2026-07-23T15:47:48.793+0000] {logging_mixin.py:190} INFO - [2026-07-23T15:47:48.792+0000] {dag.py:3239} INFO - Sync 1 DAGs
[2026-07-23T15:47:48.842+0000] {logging_mixin.py:190} INFO - [2026-07-23T15:47:48.842+0000] {dag.py:4180} INFO - Setting next_dagrun for youtube_medallion_pipeline to None, run_after=None
[2026-07-23T15:47:48.907+0000] {processor.py:208} INFO - Processing /opt/airflow/dags/youtube_medallion_pipeline.py took 0.363 seconds
[2026-07-23T15:48:19.370+0000] {processor.py:186} INFO - Started process (PID=1112) to work on /opt/airflow/dags/youtube_medallion_pipeline.py
[2026-07-23T15:48:19.373+0000] {processor.py:914} INFO - Processing file /opt/airflow/dags/youtube_medallion_pipeline.py for tasks to queue
[2026-07-23T15:48:19.379+0000] {logging_mixin.py:190} INFO - [2026-07-23T15:48:19.378+0000] {dagbag.py:588} INFO - Filling up the DagBag from /opt/airflow/dags/youtube_medallion_pipeline.py
[2026-07-23T15:48:19.536+0000] {processor.py:925} INFO - DAG(s) 'youtube_medallion_pipeline' retrieved from /opt/airflow/dags/youtube_medallion_pipeline.py
[2026-07-23T15:48:19.714+0000] {logging_mixin.py:190} INFO - [2026-07-23T15:48:19.713+0000] {dag.py:3239} INFO - Sync 1 DAGs
[2026-07-23T15:48:19.772+0000] {logging_mixin.py:190} INFO - [2026-07-23T15:48:19.772+0000] {dag.py:4180} INFO - Setting next_dagrun for youtube_medallion_pipeline to None, run_after=None
[2026-07-23T15:48:19.854+0000] {processor.py:208} INFO - Processing /opt/airflow/dags/youtube_medallion_pipeline.py took 0.496 seconds
[2026-07-23T15:48:50.267+0000] {processor.py:186} INFO - Started process (PID=1117) to work on /opt/airflow/dags/youtube_medallion_pipeline.py
[2026-07-23T15:48:50.269+0000] {processor.py:914} INFO - Processing file /opt/airflow/dags/youtube_medallion_pipeline.py for tasks to queue
[2026-07-23T15:48:50.277+0000] {logging_mixin.py:190} INFO - [2026-07-23T15:48:50.277+0000] {dagbag.py:588} INFO - Filling up the DagBag from /opt/airflow/dags/youtube_medallion_pipeline.py
[2026-07-23T15:48:50.327+0000] {processor.py:925} INFO - DAG(s) 'youtube_medallion_pipeline' retrieved from /opt/airflow/dags/youtube_medallion_pipeline.py
[2026-07-23T15:48:50.390+0000] {logging_mixin.py:190} INFO - [2026-07-23T15:48:50.389+0000] {dag.py:3239} INFO - Sync 1 DAGs
[2026-07-23T15:48:50.421+0000] {logging_mixin.py:190} INFO - [2026-07-23T15:48:50.420+0000] {dag.py:4180} INFO - Setting next_dagrun for youtube_medallion_pipeline to None, run_after=None
[2026-07-23T15:48:50.468+0000] {processor.py:208} INFO - Processing /opt/airflow/dags/youtube_medallion_pipeline.py took 0.212 seconds
[2026-07-23T15:49:20.628+0000] {processor.py:186} INFO - Started process (PID=1122) to work on /opt/airflow/dags/youtube_medallion_pipeline.py
[2026-07-23T15:49:20.631+0000] {processor.py:914} INFO - Processing file /opt/airflow/dags/youtube_medallion_pipeline.py for tasks to queue
[2026-07-23T15:49:20.638+0000] {logging_mixin.py:190} INFO - [2026-07-23T15:49:20.638+0000] {dagbag.py:588} INFO - Filling up the DagBag from /opt/airflow/dags/youtube_medallion_pipeline.py
[2026-07-23T15:49:20.673+0000] {processor.py:925} INFO - DAG(s) 'youtube_medallion_pipeline' retrieved from /opt/airflow/dags/youtube_medallion_pipeline.py
[2026-07-23T15:49:20.736+0000] {logging_mixin.py:190} INFO - [2026-07-23T15:49:20.736+0000] {dag.py:3239} INFO - Sync 1 DAGs
[2026-07-23T15:49:20.766+0000] {logging_mixin.py:190} INFO - [2026-07-23T15:49:20.766+0000] {dag.py:4180} INFO - Setting next_dagrun for youtube_medallion_pipeline to None, run_after=None
[2026-07-23T15:49:20.804+0000] {processor.py:208} INFO - Processing /opt/airflow/dags/youtube_medallion_pipeline.py took 0.185 seconds
[2026-07-23T15:49:51.208+0000] {processor.py:186} INFO - Started process (PID=1127) to work on /opt/airflow/dags/youtube_medallion_pipeline.py
[2026-07-23T15:49:51.213+0000] {processor.py:914} INFO - Processing file /opt/airflow/dags/youtube_medallion_pipeline.py for tasks to queue
[2026-07-23T15:49:51.224+0000] {logging_mixin.py:190} INFO - [2026-07-23T15:49:51.223+0000] {dagbag.py:588} INFO - Filling up the DagBag from /opt/airflow/dags/youtube_medallion_pipeline.py
[2026-07-23T15:49:51.268+0000] {processor.py:925} INFO - DAG(s) 'youtube_medallion_pipeline' retrieved from /opt/airflow/dags/youtube_medallion_pipeline.py
[2026-07-23T15:49:51.338+0000] {logging_mixin.py:190} INFO - [2026-07-23T15:49:51.338+0000] {dag.py:3239} INFO - Sync 1 DAGs
[2026-07-23T15:49:51.366+0000] {logging_mixin.py:190} INFO - [2026-07-23T15:49:51.365+0000] {dag.py:4180} INFO - Setting next_dagrun for youtube_medallion_pipeline to None, run_after=None
[2026-07-23T15:49:51.402+0000] {processor.py:208} INFO - Processing /opt/airflow/dags/youtube_medallion_pipeline.py took 0.215 seconds
[2026-07-23T15:50:21.745+0000] {processor.py:186} INFO - Started process (PID=1132) to work on /opt/airflow/dags/youtube_medallion_pipeline.py
[2026-07-23T15:50:21.747+0000] {processor.py:914} INFO - Processing file /opt/airflow/dags/youtube_medallion_pipeline.py for tasks to queue
[2026-07-23T15:50:21.752+0000] {logging_mixin.py:190} INFO - [2026-07-23T15:50:21.751+0000] {dagbag.py:588} INFO - Filling up the DagBag from /opt/airflow/dags/youtube_medallion_pipeline.py
[2026-07-23T15:50:21.777+0000] {processor.py:925} INFO - DAG(s) 'youtube_medallion_pipeline' retrieved from /opt/airflow/dags/youtube_medallion_pipeline.py
[2026-07-23T15:50:21.833+0000] {logging_mixin.py:190} INFO - [2026-07-23T15:50:21.833+0000] {dag.py:3239} INFO - Sync 1 DAGs
[2026-07-23T15:50:21.857+0000] {logging_mixin.py:190} INFO - [2026-07-23T15:50:21.857+0000] {dag.py:4180} INFO - Setting next_dagrun for youtube_medallion_pipeline to None, run_after=None
[2026-07-23T15:50:21.892+0000] {processor.py:208} INFO - Processing /opt/airflow/dags/youtube_medallion_pipeline.py took 0.155 seconds
[2026-07-23T15:50:52.125+0000] {processor.py:186} INFO - Started process (PID=1137) to work on /opt/airflow/dags/youtube_medallion_pipeline.py
[2026-07-23T15:50:52.129+0000] {processor.py:914} INFO - Processing file /opt/airflow/dags/youtube_medallion_pipeline.py for tasks to queue
[2026-07-23T15:50:52.138+0000] {logging_mixin.py:190} INFO - [2026-07-23T15:50:52.137+0000] {dagbag.py:588} INFO - Filling up the DagBag from /opt/airflow/dags/youtube_medallion_pipeline.py
[2026-07-23T15:50:52.180+0000] {processor.py:925} INFO - DAG(s) 'youtube_medallion_pipeline' retrieved from /opt/airflow/dags/youtube_medallion_pipeline.py
[2026-07-23T15:50:52.259+0000] {logging_mixin.py:190} INFO - [2026-07-23T15:50:52.258+0000] {dag.py:3239} INFO - Sync 1 DAGs
[2026-07-23T15:50:52.290+0000] {logging_mixin.py:190} INFO - [2026-07-23T15:50:52.290+0000] {dag.py:4180} INFO - Setting next_dagrun for youtube_medallion_pipeline to None, run_after=None
[2026-07-23T15:50:52.331+0000] {processor.py:208} INFO - Processing /opt/airflow/dags/youtube_medallion_pipeline.py took 0.225 seconds
[2026-07-23T15:51:22.531+0000] {processor.py:186} INFO - Started process (PID=1142) to work on /opt/airflow/dags/youtube_medallion_pipeline.py
[2026-07-23T15:51:22.533+0000] {processor.py:914} INFO - Processing file /opt/airflow/dags/youtube_medallion_pipeline.py for tasks to queue
[2026-07-23T15:51:22.539+0000] {logging_mixin.py:190} INFO - [2026-07-23T15:51:22.538+0000] {dagbag.py:588} INFO - Filling up the DagBag from /opt/airflow/dags/youtube_medallion_pipeline.py
[2026-07-23T15:51:22.572+0000] {processor.py:925} INFO - DAG(s) 'youtube_medallion_pipeline' retrieved from /opt/airflow/dags/youtube_medallion_pipeline.py
[2026-07-23T15:51:22.625+0000] {logging_mixin.py:190} INFO - [2026-07-23T15:51:22.625+0000] {dag.py:3239} INFO - Sync 1 DAGs
[2026-07-23T15:51:22.654+0000] {logging_mixin.py:190} INFO - [2026-07-23T15:51:22.654+0000] {dag.py:4180} INFO - Setting next_dagrun for youtube_medallion_pipeline to None, run_after=None
[2026-07-23T15:51:22.688+0000] {processor.py:208} INFO - Processing /opt/airflow/dags/youtube_medallion_pipeline.py took 0.167 seconds
[2026-07-23T15:51:52.919+0000] {processor.py:186} INFO - Started process (PID=1147) to work on /opt/airflow/dags/youtube_medallion_pipeline.py
[2026-07-23T15:51:52.921+0000] {processor.py:914} INFO - Processing file /opt/airflow/dags/youtube_medallion_pipeline.py for tasks to queue
[2026-07-23T15:51:52.925+0000] {logging_mixin.py:190} INFO - [2026-07-23T15:51:52.924+0000] {dagbag.py:588} INFO - Filling up the DagBag from /opt/airflow/dags/youtube_medallion_pipeline.py
[2026-07-23T15:51:52.954+0000] {processor.py:925} INFO - DAG(s) 'youtube_medallion_pipeline' retrieved from /opt/airflow/dags/youtube_medallion_pipeline.py
[2026-07-23T15:51:53.017+0000] {logging_mixin.py:190} INFO - [2026-07-23T15:51:53.016+0000] {dag.py:3239} INFO - Sync 1 DAGs
[2026-07-23T15:51:53.046+0000] {logging_mixin.py:190} INFO - [2026-07-23T15:51:53.045+0000] {dag.py:4180} INFO - Setting next_dagrun for youtube_medallion_pipeline to None, run_after=None
[2026-07-23T15:51:53.101+0000] {processor.py:208} INFO - Processing /opt/airflow/dags/youtube_medallion_pipeline.py took 0.192 seconds
[2026-07-23T15:52:23.341+0000] {processor.py:186} INFO - Started process (PID=1152) to work on /opt/airflow/dags/youtube_medallion_pipeline.py
[2026-07-23T15:52:23.343+0000] {processor.py:914} INFO - Processing file /opt/airflow/dags/youtube_medallion_pipeline.py for tasks to queue
[2026-07-23T15:52:23.348+0000] {logging_mixin.py:190} INFO - [2026-07-23T15:52:23.348+0000] {dagbag.py:588} INFO - Filling up the DagBag from /opt/airflow/dags/youtube_medallion_pipeline.py
[2026-07-23T15:52:23.383+0000] {processor.py:925} INFO - DAG(s) 'youtube_medallion_pipeline' retrieved from /opt/airflow/dags/youtube_medallion_pipeline.py
[2026-07-23T15:52:23.436+0000] {logging_mixin.py:190} INFO - [2026-07-23T15:52:23.435+0000] {dag.py:3239} INFO - Sync 1 DAGs
[2026-07-23T15:52:23.469+0000] {logging_mixin.py:190} INFO - [2026-07-23T15:52:23.468+0000] {dag.py:4180} INFO - Setting next_dagrun for youtube_medallion_pipeline to None, run_after=None
[2026-07-23T15:52:23.506+0000] {processor.py:208} INFO - Processing /opt/airflow/dags/youtube_medallion_pipeline.py took 0.175 seconds
[2026-07-23T15:52:53.807+0000] {processor.py:186} INFO - Started process (PID=1157) to work on /opt/airflow/dags/youtube_medallion_pipeline.py
[2026-07-23T15:52:53.809+0000] {processor.py:914} INFO - Processing file /opt/airflow/dags/youtube_medallion_pipeline.py for tasks to queue
[2026-07-23T15:52:53.815+0000] {logging_mixin.py:190} INFO - [2026-07-23T15:52:53.815+0000] {dagbag.py:588} INFO - Filling up the DagBag from /opt/airflow/dags/youtube_medallion_pipeline.py
[2026-07-23T15:52:53.841+0000] {processor.py:925} INFO - DAG(s) 'youtube_medallion_pipeline' retrieved from /opt/airflow/dags/youtube_medallion_pipeline.py
[2026-07-23T15:52:53.897+0000] {logging_mixin.py:190} INFO - [2026-07-23T15:52:53.896+0000] {dag.py:3239} INFO - Sync 1 DAGs
[2026-07-23T15:52:53.920+0000] {logging_mixin.py:190} INFO - [2026-07-23T15:52:53.920+0000] {dag.py:4180} INFO - Setting next_dagrun for youtube_medallion_pipeline to None, run_after=None
[2026-07-23T15:52:53.961+0000] {processor.py:208} INFO - Processing /opt/airflow/dags/youtube_medallion_pipeline.py took 0.165 seconds
[2026-07-23T15:53:24.124+0000] {processor.py:186} INFO - Started process (PID=1162) to work on /opt/airflow/dags/youtube_medallion_pipeline.py
[2026-07-23T15:53:24.126+0000] {processor.py:914} INFO - Processing file /opt/airflow/dags/youtube_medallion_pipeline.py for tasks to queue
[2026-07-23T15:53:24.133+0000] {logging_mixin.py:190} INFO - [2026-07-23T15:53:24.132+0000] {dagbag.py:588} INFO - Filling up the DagBag from /opt/airflow/dags/youtube_medallion_pipeline.py
[2026-07-23T15:53:24.169+0000] {processor.py:925} INFO - DAG(s) 'youtube_medallion_pipeline' retrieved from /opt/airflow/dags/youtube_medallion_pipeline.py
[2026-07-23T15:53:24.233+0000] {logging_mixin.py:190} INFO - [2026-07-23T15:53:24.233+0000] {dag.py:3239} INFO - Sync 1 DAGs
[2026-07-23T15:53:24.261+0000] {logging_mixin.py:190} INFO - [2026-07-23T15:53:24.260+0000] {dag.py:4180} INFO - Setting next_dagrun for youtube_medallion_pipeline to None, run_after=None
[2026-07-23T15:53:24.298+0000] {processor.py:208} INFO - Processing /opt/airflow/dags/youtube_medallion_pipeline.py took 0.182 seconds
[2026-07-23T15:53:54.626+0000] {processor.py:186} INFO - Started process (PID=1167) to work on /opt/airflow/dags/youtube_medallion_pipeline.py
[2026-07-23T15:53:54.628+0000] {processor.py:914} INFO - Processing file /opt/airflow/dags/youtube_medallion_pipeline.py for tasks to queue
[2026-07-23T15:53:54.633+0000] {logging_mixin.py:190} INFO - [2026-07-23T15:53:54.632+0000] {dagbag.py:588} INFO - Filling up the DagBag from /opt/airflow/dags/youtube_medallion_pipeline.py
[2026-07-23T15:53:54.661+0000] {processor.py:925} INFO - DAG(s) 'youtube_medallion_pipeline' retrieved from /opt/airflow/dags/youtube_medallion_pipeline.py
[2026-07-23T15:53:54.719+0000] {logging_mixin.py:190} INFO - [2026-07-23T15:53:54.719+0000] {dag.py:3239} INFO - Sync 1 DAGs
[2026-07-23T15:53:54.747+0000] {logging_mixin.py:190} INFO - [2026-07-23T15:53:54.747+0000] {dag.py:4180} INFO - Setting next_dagrun for youtube_medallion_pipeline to None, run_after=None
[2026-07-23T15:53:54.783+0000] {processor.py:208} INFO - Processing /opt/airflow/dags/youtube_medallion_pipeline.py took 0.166 seconds
[2026-07-23T15:54:24.917+0000] {processor.py:186} INFO - Started process (PID=1172) to work on /opt/airflow/dags/youtube_medallion_pipeline.py
[2026-07-23T15:54:24.919+0000] {processor.py:914} INFO - Processing file /opt/airflow/dags/youtube_medallion_pipeline.py for tasks to queue
[2026-07-23T15:54:24.925+0000] {logging_mixin.py:190} INFO - [2026-07-23T15:54:24.924+0000] {dagbag.py:588} INFO - Filling up the DagBag from /opt/airflow/dags/youtube_medallion_pipeline.py
[2026-07-23T15:54:24.959+0000] {processor.py:925} INFO - DAG(s) 'youtube_medallion_pipeline' retrieved from /opt/airflow/dags/youtube_medallion_pipeline.py
[2026-07-23T15:54:25.022+0000] {logging_mixin.py:190} INFO - [2026-07-23T15:54:25.022+0000] {dag.py:3239} INFO - Sync 1 DAGs
[2026-07-23T15:54:25.046+0000] {logging_mixin.py:190} INFO - [2026-07-23T15:54:25.046+0000] {dag.py:4180} INFO - Setting next_dagrun for youtube_medallion_pipeline to None, run_after=None
[2026-07-23T15:54:25.080+0000] {processor.py:208} INFO - Processing /opt/airflow/dags/youtube_medallion_pipeline.py took 0.175 seconds
[2026-07-23T15:54:55.438+0000] {processor.py:186} INFO - Started process (PID=1177) to work on /opt/airflow/dags/youtube_medallion_pipeline.py
[2026-07-23T15:54:55.440+0000] {processor.py:914} INFO - Processing file /opt/airflow/dags/youtube_medallion_pipeline.py for tasks to queue
[2026-07-23T15:54:55.449+0000] {logging_mixin.py:190} INFO - [2026-07-23T15:54:55.448+0000] {dagbag.py:588} INFO - Filling up the DagBag from /opt/airflow/dags/youtube_medallion_pipeline.py
[2026-07-23T15:54:55.472+0000] {processor.py:925} INFO - DAG(s) 'youtube_medallion_pipeline' retrieved from /opt/airflow/dags/youtube_medallion_pipeline.py
[2026-07-23T15:54:55.532+0000] {logging_mixin.py:190} INFO - [2026-07-23T15:54:55.531+0000] {dag.py:3239} INFO - Sync 1 DAGs
[2026-07-23T15:54:55.564+0000] {logging_mixin.py:190} INFO - [2026-07-23T15:54:55.563+0000] {dag.py:4180} INFO - Setting next_dagrun for youtube_medallion_pipeline to None, run_after=None
[2026-07-23T15:54:55.606+0000] {processor.py:208} INFO - Processing /opt/airflow/dags/youtube_medallion_pipeline.py took 0.175 seconds
[2026-07-23T15:55:25.792+0000] {processor.py:186} INFO - Started process (PID=1182) to work on /opt/airflow/dags/youtube_medallion_pipeline.py
[2026-07-23T15:55:25.801+0000] {processor.py:914} INFO - Processing file /opt/airflow/dags/youtube_medallion_pipeline.py for tasks to queue
[2026-07-23T15:55:25.807+0000] {logging_mixin.py:190} INFO - [2026-07-23T15:55:25.806+0000] {dagbag.py:588} INFO - Filling up the DagBag from /opt/airflow/dags/youtube_medallion_pipeline.py
[2026-07-23T15:55:25.847+0000] {processor.py:925} INFO - DAG(s) 'youtube_medallion_pipeline' retrieved from /opt/airflow/dags/youtube_medallion_pipeline.py
[2026-07-23T15:55:25.930+0000] {logging_mixin.py:190} INFO - [2026-07-23T15:55:25.929+0000] {dag.py:3239} INFO - Sync 1 DAGs
[2026-07-23T15:55:25.964+0000] {logging_mixin.py:190} INFO - [2026-07-23T15:55:25.963+0000] {dag.py:4180} INFO - Setting next_dagrun for youtube_medallion_pipeline to None, run_after=None
[2026-07-23T15:55:26.013+0000] {processor.py:208} INFO - Processing /opt/airflow/dags/youtube_medallion_pipeline.py took 0.236 seconds
[2026-07-23T15:55:56.196+0000] {processor.py:186} INFO - Started process (PID=1187) to work on /opt/airflow/dags/youtube_medallion_pipeline.py
[2026-07-23T15:55:56.198+0000] {processor.py:914} INFO - Processing file /opt/airflow/dags/youtube_medallion_pipeline.py for tasks to queue
[2026-07-23T15:55:56.203+0000] {logging_mixin.py:190} INFO - [2026-07-23T15:55:56.202+0000] {dagbag.py:588} INFO - Filling up the DagBag from /opt/airflow/dags/youtube_medallion_pipeline.py
[2026-07-23T15:55:56.240+0000] {processor.py:925} INFO - DAG(s) 'youtube_medallion_pipeline' retrieved from /opt/airflow/dags/youtube_medallion_pipeline.py
[2026-07-23T15:55:56.314+0000] {logging_mixin.py:190} INFO - [2026-07-23T15:55:56.313+0000] {dag.py:3239} INFO - Sync 1 DAGs
[2026-07-23T15:55:56.352+0000] {logging_mixin.py:190} INFO - [2026-07-23T15:55:56.352+0000] {dag.py:4180} INFO - Setting next_dagrun for youtube_medallion_pipeline to None, run_after=None
[2026-07-23T15:55:56.401+0000] {processor.py:208} INFO - Processing /opt/airflow/dags/youtube_medallion_pipeline.py took 0.216 seconds
[2026-07-23T15:56:26.634+0000] {processor.py:186} INFO - Started process (PID=1192) to work on /opt/airflow/dags/youtube_medallion_pipeline.py
[2026-07-23T15:56:26.637+0000] {processor.py:914} INFO - Processing file /opt/airflow/dags/youtube_medallion_pipeline.py for tasks to queue
[2026-07-23T15:56:26.648+0000] {logging_mixin.py:190} INFO - [2026-07-23T15:56:26.642+0000] {dagbag.py:588} INFO - Filling up the DagBag from /opt/airflow/dags/youtube_medallion_pipeline.py
[2026-07-23T15:56:26.698+0000] {processor.py:925} INFO - DAG(s) 'youtube_medallion_pipeline' retrieved from /opt/airflow/dags/youtube_medallion_pipeline.py
[2026-07-23T15:56:26.764+0000] {logging_mixin.py:190} INFO - [2026-07-23T15:56:26.763+0000] {dag.py:3239} INFO - Sync 1 DAGs
[2026-07-23T15:56:26.795+0000] {logging_mixin.py:190} INFO - [2026-07-23T15:56:26.794+0000] {dag.py:4180} INFO - Setting next_dagrun for youtube_medallion_pipeline to None, run_after=None
[2026-07-23T15:56:26.833+0000] {processor.py:208} INFO - Processing /opt/airflow/dags/youtube_medallion_pipeline.py took 0.215 seconds
[2026-07-23T15:56:57.040+0000] {processor.py:186} INFO - Started process (PID=1197) to work on /opt/airflow/dags/youtube_medallion_pipeline.py
[2026-07-23T15:56:57.048+0000] {processor.py:914} INFO - Processing file /opt/airflow/dags/youtube_medallion_pipeline.py for tasks to queue
[2026-07-23T15:56:57.055+0000] {logging_mixin.py:190} INFO - [2026-07-23T15:56:57.054+0000] {dagbag.py:588} INFO - Filling up the DagBag from /opt/airflow/dags/youtube_medallion_pipeline.py
[2026-07-23T15:56:57.114+0000] {processor.py:925} INFO - DAG(s) 'youtube_medallion_pipeline' retrieved from /opt/airflow/dags/youtube_medallion_pipeline.py
[2026-07-23T15:56:57.289+0000] {logging_mixin.py:190} INFO - [2026-07-23T15:56:57.288+0000] {dag.py:3239} INFO - Sync 1 DAGs
[2026-07-23T15:56:57.325+0000] {logging_mixin.py:190} INFO - [2026-07-23T15:56:57.324+0000] {dag.py:4180} INFO - Setting next_dagrun for youtube_medallion_pipeline to None, run_after=None
[2026-07-23T15:56:57.361+0000] {processor.py:208} INFO - Processing /opt/airflow/dags/youtube_medallion_pipeline.py took 0.334 seconds
[2026-07-23T15:57:27.688+0000] {processor.py:186} INFO - Started process (PID=1202) to work on /opt/airflow/dags/youtube_medallion_pipeline.py
[2026-07-23T15:57:27.690+0000] {processor.py:914} INFO - Processing file /opt/airflow/dags/youtube_medallion_pipeline.py for tasks to queue
[2026-07-23T15:57:27.696+0000] {logging_mixin.py:190} INFO - [2026-07-23T15:57:27.695+0000] {dagbag.py:588} INFO - Filling up the DagBag from /opt/airflow/dags/youtube_medallion_pipeline.py
[2026-07-23T15:57:27.721+0000] {processor.py:925} INFO - DAG(s) 'youtube_medallion_pipeline' retrieved from /opt/airflow/dags/youtube_medallion_pipeline.py
[2026-07-23T15:57:27.765+0000] {logging_mixin.py:190} INFO - [2026-07-23T15:57:27.765+0000] {dag.py:3239} INFO - Sync 1 DAGs
[2026-07-23T15:57:27.786+0000] {logging_mixin.py:190} INFO - [2026-07-23T15:57:27.785+0000] {dag.py:4180} INFO - Setting next_dagrun for youtube_medallion_pipeline to None, run_after=None
[2026-07-23T15:57:27.820+0000] {processor.py:208} INFO - Processing /opt/airflow/dags/youtube_medallion_pipeline.py took 0.139 seconds
[2026-07-23T15:57:58.059+0000] {processor.py:186} INFO - Started process (PID=1207) to work on /opt/airflow/dags/youtube_medallion_pipeline.py
[2026-07-23T15:57:58.061+0000] {processor.py:914} INFO - Processing file /opt/airflow/dags/youtube_medallion_pipeline.py for tasks to queue
[2026-07-23T15:57:58.065+0000] {logging_mixin.py:190} INFO - [2026-07-23T15:57:58.065+0000] {dagbag.py:588} INFO - Filling up the DagBag from /opt/airflow/dags/youtube_medallion_pipeline.py
[2026-07-23T15:57:58.092+0000] {processor.py:925} INFO - DAG(s) 'youtube_medallion_pipeline' retrieved from /opt/airflow/dags/youtube_medallion_pipeline.py
[2026-07-23T15:57:58.134+0000] {logging_mixin.py:190} INFO - [2026-07-23T15:57:58.134+0000] {dag.py:3239} INFO - Sync 1 DAGs
[2026-07-23T15:57:58.154+0000] {logging_mixin.py:190} INFO - [2026-07-23T15:57:58.154+0000] {dag.py:4180} INFO - Setting next_dagrun for youtube_medallion_pipeline to None, run_after=None
[2026-07-23T15:57:58.195+0000] {processor.py:208} INFO - Processing /opt/airflow/dags/youtube_medallion_pipeline.py took 0.144 seconds
[2026-07-23T15:58:28.418+0000] {processor.py:186} INFO - Started process (PID=1212) to work on /opt/airflow/dags/youtube_medallion_pipeline.py
[2026-07-23T15:58:28.420+0000] {processor.py:914} INFO - Processing file /opt/airflow/dags/youtube_medallion_pipeline.py for tasks to queue
[2026-07-23T15:58:28.426+0000] {logging_mixin.py:190} INFO - [2026-07-23T15:58:28.425+0000] {dagbag.py:588} INFO - Filling up the DagBag from /opt/airflow/dags/youtube_medallion_pipeline.py
[2026-07-23T15:58:28.456+0000] {processor.py:925} INFO - DAG(s) 'youtube_medallion_pipeline' retrieved from /opt/airflow/dags/youtube_medallion_pipeline.py
[2026-07-23T15:58:28.508+0000] {logging_mixin.py:190} INFO - [2026-07-23T15:58:28.507+0000] {dag.py:3239} INFO - Sync 1 DAGs
[2026-07-23T15:58:28.537+0000] {logging_mixin.py:190} INFO - [2026-07-23T15:58:28.536+0000] {dag.py:4180} INFO - Setting next_dagrun for youtube_medallion_pipeline to None, run_after=None
[2026-07-23T15:58:28.574+0000] {processor.py:208} INFO - Processing /opt/airflow/dags/youtube_medallion_pipeline.py took 0.166 seconds
[2026-07-23T15:58:58.834+0000] {processor.py:186} INFO - Started process (PID=1217) to work on /opt/airflow/dags/youtube_medallion_pipeline.py
[2026-07-23T15:58:58.837+0000] {processor.py:914} INFO - Processing file /opt/airflow/dags/youtube_medallion_pipeline.py for tasks to queue
[2026-07-23T15:58:58.841+0000] {logging_mixin.py:190} INFO - [2026-07-23T15:58:58.840+0000] {dagbag.py:588} INFO - Filling up the DagBag from /opt/airflow/dags/youtube_medallion_pipeline.py
[2026-07-23T15:58:58.873+0000] {processor.py:925} INFO - DAG(s) 'youtube_medallion_pipeline' retrieved from /opt/airflow/dags/youtube_medallion_pipeline.py
[2026-07-23T15:58:58.923+0000] {logging_mixin.py:190} INFO - [2026-07-23T15:58:58.923+0000] {dag.py:3239} INFO - Sync 1 DAGs
[2026-07-23T15:58:58.947+0000] {logging_mixin.py:190} INFO - [2026-07-23T15:58:58.946+0000] {dag.py:4180} INFO - Setting next_dagrun for youtube_medallion_pipeline to None, run_after=None
[2026-07-23T15:58:58.997+0000] {processor.py:208} INFO - Processing /opt/airflow/dags/youtube_medallion_pipeline.py took 0.172 seconds
[2026-07-23T15:59:29.251+0000] {processor.py:186} INFO - Started process (PID=1222) to work on /opt/airflow/dags/youtube_medallion_pipeline.py
[2026-07-23T15:59:29.253+0000] {processor.py:914} INFO - Processing file /opt/airflow/dags/youtube_medallion_pipeline.py for tasks to queue
[2026-07-23T15:59:29.259+0000] {logging_mixin.py:190} INFO - [2026-07-23T15:59:29.258+0000] {dagbag.py:588} INFO - Filling up the DagBag from /opt/airflow/dags/youtube_medallion_pipeline.py
[2026-07-23T15:59:29.299+0000] {processor.py:925} INFO - DAG(s) 'youtube_medallion_pipeline' retrieved from /opt/airflow/dags/youtube_medallion_pipeline.py
[2026-07-23T15:59:29.356+0000] {logging_mixin.py:190} INFO - [2026-07-23T15:59:29.355+0000] {dag.py:3239} INFO - Sync 1 DAGs
[2026-07-23T15:59:29.387+0000] {logging_mixin.py:190} INFO - [2026-07-23T15:59:29.386+0000] {dag.py:4180} INFO - Setting next_dagrun for youtube_medallion_pipeline to None, run_after=None
[2026-07-23T15:59:29.426+0000] {processor.py:208} INFO - Processing /opt/airflow/dags/youtube_medallion_pipeline.py took 0.186 seconds
[2026-07-23T15:59:59.598+0000] {processor.py:186} INFO - Started process (PID=1227) to work on /opt/airflow/dags/youtube_medallion_pipeline.py
[2026-07-23T15:59:59.600+0000] {processor.py:914} INFO - Processing file /opt/airflow/dags/youtube_medallion_pipeline.py for tasks to queue
[2026-07-23T15:59:59.604+0000] {logging_mixin.py:190} INFO - [2026-07-23T15:59:59.604+0000] {dagbag.py:588} INFO - Filling up the DagBag from /opt/airflow/dags/youtube_medallion_pipeline.py
[2026-07-23T15:59:59.631+0000] {processor.py:925} INFO - DAG(s) 'youtube_medallion_pipeline' retrieved from /opt/airflow/dags/youtube_medallion_pipeline.py
[2026-07-23T15:59:59.683+0000] {logging_mixin.py:190} INFO - [2026-07-23T15:59:59.682+0000] {dag.py:3239} INFO - Sync 1 DAGs
[2026-07-23T15:59:59.714+0000] {logging_mixin.py:190} INFO - [2026-07-23T15:59:59.713+0000] {dag.py:4180} INFO - Setting next_dagrun for youtube_medallion_pipeline to None, run_after=None
[2026-07-23T15:59:59.749+0000] {processor.py:208} INFO - Processing /opt/airflow/dags/youtube_medallion_pipeline.py took 0.163 seconds
[2026-07-23T16:00:30.022+0000] {processor.py:186} INFO - Started process (PID=1232) to work on /opt/airflow/dags/youtube_medallion_pipeline.py
[2026-07-23T16:00:30.025+0000] {processor.py:914} INFO - Processing file /opt/airflow/dags/youtube_medallion_pipeline.py for tasks to queue
[2026-07-23T16:00:30.031+0000] {logging_mixin.py:190} INFO - [2026-07-23T16:00:30.029+0000] {dagbag.py:588} INFO - Filling up the DagBag from /opt/airflow/dags/youtube_medallion_pipeline.py
[2026-07-23T16:00:30.065+0000] {processor.py:925} INFO - DAG(s) 'youtube_medallion_pipeline' retrieved from /opt/airflow/dags/youtube_medallion_pipeline.py
[2026-07-23T16:00:30.110+0000] {logging_mixin.py:190} INFO - [2026-07-23T16:00:30.110+0000] {dag.py:3239} INFO - Sync 1 DAGs
[2026-07-23T16:00:30.130+0000] {logging_mixin.py:190} INFO - [2026-07-23T16:00:30.130+0000] {dag.py:4180} INFO - Setting next_dagrun for youtube_medallion_pipeline to None, run_after=None
[2026-07-23T16:00:30.165+0000] {processor.py:208} INFO - Processing /opt/airflow/dags/youtube_medallion_pipeline.py took 0.151 seconds
[2026-07-23T16:01:00.350+0000] {processor.py:186} INFO - Started process (PID=1237) to work on /opt/airflow/dags/youtube_medallion_pipeline.py
[2026-07-23T16:01:00.352+0000] {processor.py:914} INFO - Processing file /opt/airflow/dags/youtube_medallion_pipeline.py for tasks to queue
[2026-07-23T16:01:00.358+0000] {logging_mixin.py:190} INFO - [2026-07-23T16:01:00.357+0000] {dagbag.py:588} INFO - Filling up the DagBag from /opt/airflow/dags/youtube_medallion_pipeline.py
[2026-07-23T16:01:00.392+0000] {processor.py:925} INFO - DAG(s) 'youtube_medallion_pipeline' retrieved from /opt/airflow/dags/youtube_medallion_pipeline.py
[2026-07-23T16:01:00.455+0000] {logging_mixin.py:190} INFO - [2026-07-23T16:01:00.455+0000] {dag.py:3239} INFO - Sync 1 DAGs
[2026-07-23T16:01:00.484+0000] {logging_mixin.py:190} INFO - [2026-07-23T16:01:00.484+0000] {dag.py:4180} INFO - Setting next_dagrun for youtube_medallion_pipeline to None, run_after=None
[2026-07-23T16:01:00.522+0000] {processor.py:208} INFO - Processing /opt/airflow/dags/youtube_medallion_pipeline.py took 0.182 seconds
[2026-07-23T16:01:30.773+0000] {processor.py:186} INFO - Started process (PID=1242) to work on /opt/airflow/dags/youtube_medallion_pipeline.py
[2026-07-23T16:01:30.776+0000] {processor.py:914} INFO - Processing file /opt/airflow/dags/youtube_medallion_pipeline.py for tasks to queue
[2026-07-23T16:01:30.783+0000] {logging_mixin.py:190} INFO - [2026-07-23T16:01:30.782+0000] {dagbag.py:588} INFO - Filling up the DagBag from /opt/airflow/dags/youtube_medallion_pipeline.py
[2026-07-23T16:01:30.821+0000] {processor.py:925} INFO - DAG(s) 'youtube_medallion_pipeline' retrieved from /opt/airflow/dags/youtube_medallion_pipeline.py
[2026-07-23T16:01:30.868+0000] {logging_mixin.py:190} INFO - [2026-07-23T16:01:30.867+0000] {dag.py:3239} INFO - Sync 1 DAGs
[2026-07-23T16:01:30.890+0000] {logging_mixin.py:190} INFO - [2026-07-23T16:01:30.889+0000] {dag.py:4180} INFO - Setting next_dagrun for youtube_medallion_pipeline to None, run_after=None
[2026-07-23T16:01:30.925+0000] {processor.py:208} INFO - Processing /opt/airflow/dags/youtube_medallion_pipeline.py took 0.161 seconds
[2026-07-23T16:02:01.141+0000] {processor.py:186} INFO - Started process (PID=1247) to work on /opt/airflow/dags/youtube_medallion_pipeline.py
[2026-07-23T16:02:01.143+0000] {processor.py:914} INFO - Processing file /opt/airflow/dags/youtube_medallion_pipeline.py for tasks to queue
[2026-07-23T16:02:01.147+0000] {logging_mixin.py:190} INFO - [2026-07-23T16:02:01.147+0000] {dagbag.py:588} INFO - Filling up the DagBag from /opt/airflow/dags/youtube_medallion_pipeline.py
[2026-07-23T16:02:01.179+0000] {processor.py:925} INFO - DAG(s) 'youtube_medallion_pipeline' retrieved from /opt/airflow/dags/youtube_medallion_pipeline.py
[2026-07-23T16:02:01.222+0000] {logging_mixin.py:190} INFO - [2026-07-23T16:02:01.221+0000] {dag.py:3239} INFO - Sync 1 DAGs
[2026-07-23T16:02:01.241+0000] {logging_mixin.py:190} INFO - [2026-07-23T16:02:01.241+0000] {dag.py:4180} INFO - Setting next_dagrun for youtube_medallion_pipeline to None, run_after=None
[2026-07-23T16:02:01.273+0000] {processor.py:208} INFO - Processing /opt/airflow/dags/youtube_medallion_pipeline.py took 0.139 seconds
[2026-07-23T16:02:31.506+0000] {processor.py:186} INFO - Started process (PID=1252) to work on /opt/airflow/dags/youtube_medallion_pipeline.py
[2026-07-23T16:02:31.509+0000] {processor.py:914} INFO - Processing file /opt/airflow/dags/youtube_medallion_pipeline.py for tasks to queue
[2026-07-23T16:02:31.514+0000] {logging_mixin.py:190} INFO - [2026-07-23T16:02:31.514+0000] {dagbag.py:588} INFO - Filling up the DagBag from /opt/airflow/dags/youtube_medallion_pipeline.py
[2026-07-23T16:02:31.538+0000] {processor.py:925} INFO - DAG(s) 'youtube_medallion_pipeline' retrieved from /opt/airflow/dags/youtube_medallion_pipeline.py
[2026-07-23T16:02:31.584+0000] {logging_mixin.py:190} INFO - [2026-07-23T16:02:31.584+0000] {dag.py:3239} INFO - Sync 1 DAGs
[2026-07-23T16:02:31.609+0000] {logging_mixin.py:190} INFO - [2026-07-23T16:02:31.608+0000] {dag.py:4180} INFO - Setting next_dagrun for youtube_medallion_pipeline to None, run_after=None
[2026-07-23T16:02:31.646+0000] {processor.py:208} INFO - Processing /opt/airflow/dags/youtube_medallion_pipeline.py took 0.152 seconds
[2026-07-23T16:03:01.975+0000] {processor.py:186} INFO - Started process (PID=1257) to work on /opt/airflow/dags/youtube_medallion_pipeline.py
[2026-07-23T16:03:01.978+0000] {processor.py:914} INFO - Processing file /opt/airflow/dags/youtube_medallion_pipeline.py for tasks to queue
[2026-07-23T16:03:01.984+0000] {logging_mixin.py:190} INFO - [2026-07-23T16:03:01.983+0000] {dagbag.py:588} INFO - Filling up the DagBag from /opt/airflow/dags/youtube_medallion_pipeline.py
[2026-07-23T16:03:02.015+0000] {processor.py:925} INFO - DAG(s) 'youtube_medallion_pipeline' retrieved from /opt/airflow/dags/youtube_medallion_pipeline.py
[2026-07-23T16:03:02.157+0000] {logging_mixin.py:190} INFO - [2026-07-23T16:03:02.157+0000] {dag.py:3239} INFO - Sync 1 DAGs
[2026-07-23T16:03:02.211+0000] {logging_mixin.py:190} INFO - [2026-07-23T16:03:02.211+0000] {dag.py:4180} INFO - Setting next_dagrun for youtube_medallion_pipeline to None, run_after=None
[2026-07-23T16:03:02.245+0000] {processor.py:208} INFO - Processing /opt/airflow/dags/youtube_medallion_pipeline.py took 0.281 seconds
[2026-07-23T16:03:32.566+0000] {processor.py:186} INFO - Started process (PID=1262) to work on /opt/airflow/dags/youtube_medallion_pipeline.py
[2026-07-23T16:03:32.569+0000] {processor.py:914} INFO - Processing file /opt/airflow/dags/youtube_medallion_pipeline.py for tasks to queue
[2026-07-23T16:03:32.573+0000] {logging_mixin.py:190} INFO - [2026-07-23T16:03:32.572+0000] {dagbag.py:588} INFO - Filling up the DagBag from /opt/airflow/dags/youtube_medallion_pipeline.py
[2026-07-23T16:03:32.606+0000] {processor.py:925} INFO - DAG(s) 'youtube_medallion_pipeline' retrieved from /opt/airflow/dags/youtube_medallion_pipeline.py
[2026-07-23T16:03:32.660+0000] {logging_mixin.py:190} INFO - [2026-07-23T16:03:32.660+0000] {dag.py:3239} INFO - Sync 1 DAGs
[2026-07-23T16:03:32.694+0000] {logging_mixin.py:190} INFO - [2026-07-23T16:03:32.694+0000] {dag.py:4180} INFO - Setting next_dagrun for youtube_medallion_pipeline to None, run_after=None
[2026-07-23T16:03:32.739+0000] {processor.py:208} INFO - Processing /opt/airflow/dags/youtube_medallion_pipeline.py took 0.180 seconds
[2026-07-23T16:04:02.894+0000] {processor.py:186} INFO - Started process (PID=1267) to work on /opt/airflow/dags/youtube_medallion_pipeline.py
[2026-07-23T16:04:02.896+0000] {processor.py:914} INFO - Processing file /opt/airflow/dags/youtube_medallion_pipeline.py for tasks to queue
[2026-07-23T16:04:02.901+0000] {logging_mixin.py:190} INFO - [2026-07-23T16:04:02.901+0000] {dagbag.py:588} INFO - Filling up the DagBag from /opt/airflow/dags/youtube_medallion_pipeline.py
[2026-07-23T16:04:02.938+0000] {processor.py:925} INFO - DAG(s) 'youtube_medallion_pipeline' retrieved from /opt/airflow/dags/youtube_medallion_pipeline.py
[2026-07-23T16:04:03.006+0000] {logging_mixin.py:190} INFO - [2026-07-23T16:04:03.005+0000] {dag.py:3239} INFO - Sync 1 DAGs
[2026-07-23T16:04:03.029+0000] {logging_mixin.py:190} INFO - [2026-07-23T16:04:03.029+0000] {dag.py:4180} INFO - Setting next_dagrun for youtube_medallion_pipeline to None, run_after=None
[2026-07-23T16:04:03.067+0000] {processor.py:208} INFO - Processing /opt/airflow/dags/youtube_medallion_pipeline.py took 0.186 seconds
[2026-07-23T16:04:33.380+0000] {processor.py:186} INFO - Started process (PID=1272) to work on /opt/airflow/dags/youtube_medallion_pipeline.py
[2026-07-23T16:04:33.382+0000] {processor.py:914} INFO - Processing file /opt/airflow/dags/youtube_medallion_pipeline.py for tasks to queue
[2026-07-23T16:04:33.389+0000] {logging_mixin.py:190} INFO - [2026-07-23T16:04:33.388+0000] {dagbag.py:588} INFO - Filling up the DagBag from /opt/airflow/dags/youtube_medallion_pipeline.py
[2026-07-23T16:04:33.417+0000] {processor.py:925} INFO - DAG(s) 'youtube_medallion_pipeline' retrieved from /opt/airflow/dags/youtube_medallion_pipeline.py
[2026-07-23T16:04:33.465+0000] {logging_mixin.py:190} INFO - [2026-07-23T16:04:33.465+0000] {dag.py:3239} INFO - Sync 1 DAGs
[2026-07-23T16:04:33.496+0000] {logging_mixin.py:190} INFO - [2026-07-23T16:04:33.495+0000] {dag.py:4180} INFO - Setting next_dagrun for youtube_medallion_pipeline to None, run_after=None
[2026-07-23T16:04:33.538+0000] {processor.py:208} INFO - Processing /opt/airflow/dags/youtube_medallion_pipeline.py took 0.167 seconds
[2026-07-23T16:05:03.672+0000] {processor.py:186} INFO - Started process (PID=1277) to work on /opt/airflow/dags/youtube_medallion_pipeline.py
[2026-07-23T16:05:03.674+0000] {processor.py:914} INFO - Processing file /opt/airflow/dags/youtube_medallion_pipeline.py for tasks to queue
[2026-07-23T16:05:03.685+0000] {logging_mixin.py:190} INFO - [2026-07-23T16:05:03.684+0000] {dagbag.py:588} INFO - Filling up the DagBag from /opt/airflow/dags/youtube_medallion_pipeline.py
[2026-07-23T16:05:03.717+0000] {processor.py:925} INFO - DAG(s) 'youtube_medallion_pipeline' retrieved from /opt/airflow/dags/youtube_medallion_pipeline.py
[2026-07-23T16:05:03.774+0000] {logging_mixin.py:190} INFO - [2026-07-23T16:05:03.774+0000] {dag.py:3239} INFO - Sync 1 DAGs
[2026-07-23T16:05:03.802+0000] {logging_mixin.py:190} INFO - [2026-07-23T16:05:03.802+0000] {dag.py:4180} INFO - Setting next_dagrun for youtube_medallion_pipeline to None, run_after=None
[2026-07-23T16:05:03.851+0000] {processor.py:208} INFO - Processing /opt/airflow/dags/youtube_medallion_pipeline.py took 0.188 seconds
[2026-07-23T16:05:34.190+0000] {processor.py:186} INFO - Started process (PID=1282) to work on /opt/airflow/dags/youtube_medallion_pipeline.py
[2026-07-23T16:05:34.193+0000] {processor.py:914} INFO - Processing file /opt/airflow/dags/youtube_medallion_pipeline.py for tasks to queue
[2026-07-23T16:05:34.199+0000] {logging_mixin.py:190} INFO - [2026-07-23T16:05:34.198+0000] {dagbag.py:588} INFO - Filling up the DagBag from /opt/airflow/dags/youtube_medallion_pipeline.py
[2026-07-23T16:05:34.226+0000] {processor.py:925} INFO - DAG(s) 'youtube_medallion_pipeline' retrieved from /opt/airflow/dags/youtube_medallion_pipeline.py
[2026-07-23T16:05:34.273+0000] {logging_mixin.py:190} INFO - [2026-07-23T16:05:34.273+0000] {dag.py:3239} INFO - Sync 1 DAGs
[2026-07-23T16:05:34.299+0000] {logging_mixin.py:190} INFO - [2026-07-23T16:05:34.299+0000] {dag.py:4180} INFO - Setting next_dagrun for youtube_medallion_pipeline to None, run_after=None
[2026-07-23T16:05:34.334+0000] {processor.py:208} INFO - Processing /opt/airflow/dags/youtube_medallion_pipeline.py took 0.154 seconds
[2026-07-23T16:06:04.475+0000] {processor.py:186} INFO - Started process (PID=1287) to work on /opt/airflow/dags/youtube_medallion_pipeline.py
[2026-07-23T16:06:04.478+0000] {processor.py:914} INFO - Processing file /opt/airflow/dags/youtube_medallion_pipeline.py for tasks to queue
[2026-07-23T16:06:04.484+0000] {logging_mixin.py:190} INFO - [2026-07-23T16:06:04.483+0000] {dagbag.py:588} INFO - Filling up the DagBag from /opt/airflow/dags/youtube_medallion_pipeline.py
[2026-07-23T16:06:04.511+0000] {processor.py:925} INFO - DAG(s) 'youtube_medallion_pipeline' retrieved from /opt/airflow/dags/youtube_medallion_pipeline.py
[2026-07-23T16:06:04.568+0000] {logging_mixin.py:190} INFO - [2026-07-23T16:06:04.568+0000] {dag.py:3239} INFO - Sync 1 DAGs
[2026-07-23T16:06:04.591+0000] {logging_mixin.py:190} INFO - [2026-07-23T16:06:04.590+0000] {dag.py:4180} INFO - Setting next_dagrun for youtube_medallion_pipeline to None, run_after=None
[2026-07-23T16:06:04.622+0000] {processor.py:208} INFO - Processing /opt/airflow/dags/youtube_medallion_pipeline.py took 0.158 seconds
[2026-07-23T16:06:34.897+0000] {processor.py:186} INFO - Started process (PID=1292) to work on /opt/airflow/dags/youtube_medallion_pipeline.py
[2026-07-23T16:06:34.899+0000] {processor.py:914} INFO - Processing file /opt/airflow/dags/youtube_medallion_pipeline.py for tasks to queue
[2026-07-23T16:06:34.903+0000] {logging_mixin.py:190} INFO - [2026-07-23T16:06:34.903+0000] {dagbag.py:588} INFO - Filling up the DagBag from /opt/airflow/dags/youtube_medallion_pipeline.py
[2026-07-23T16:06:34.930+0000] {processor.py:925} INFO - DAG(s) 'youtube_medallion_pipeline' retrieved from /opt/airflow/dags/youtube_medallion_pipeline.py
[2026-07-23T16:06:34.971+0000] {logging_mixin.py:190} INFO - [2026-07-23T16:06:34.971+0000] {dag.py:3239} INFO - Sync 1 DAGs
[2026-07-23T16:06:34.991+0000] {logging_mixin.py:190} INFO - [2026-07-23T16:06:34.991+0000] {dag.py:4180} INFO - Setting next_dagrun for youtube_medallion_pipeline to None, run_after=None
[2026-07-23T16:06:35.019+0000] {processor.py:208} INFO - Processing /opt/airflow/dags/youtube_medallion_pipeline.py took 0.129 seconds
[2026-07-23T16:07:05.268+0000] {processor.py:186} INFO - Started process (PID=1297) to work on /opt/airflow/dags/youtube_medallion_pipeline.py
[2026-07-23T16:07:05.271+0000] {processor.py:914} INFO - Processing file /opt/airflow/dags/youtube_medallion_pipeline.py for tasks to queue
[2026-07-23T16:07:05.276+0000] {logging_mixin.py:190} INFO - [2026-07-23T16:07:05.275+0000] {dagbag.py:588} INFO - Filling up the DagBag from /opt/airflow/dags/youtube_medallion_pipeline.py
[2026-07-23T16:07:05.316+0000] {processor.py:925} INFO - DAG(s) 'youtube_medallion_pipeline' retrieved from /opt/airflow/dags/youtube_medallion_pipeline.py
[2026-07-23T16:07:05.379+0000] {logging_mixin.py:190} INFO - [2026-07-23T16:07:05.378+0000] {dag.py:3239} INFO - Sync 1 DAGs
[2026-07-23T16:07:05.415+0000] {logging_mixin.py:190} INFO - [2026-07-23T16:07:05.414+0000] {dag.py:4180} INFO - Setting next_dagrun for youtube_medallion_pipeline to None, run_after=None
[2026-07-23T16:07:05.471+0000] {processor.py:208} INFO - Processing /opt/airflow/dags/youtube_medallion_pipeline.py took 0.216 seconds
[2026-07-23T16:07:35.651+0000] {processor.py:186} INFO - Started process (PID=1302) to work on /opt/airflow/dags/youtube_medallion_pipeline.py
[2026-07-23T16:07:35.654+0000] {processor.py:914} INFO - Processing file /opt/airflow/dags/youtube_medallion_pipeline.py for tasks to queue
[2026-07-23T16:07:35.659+0000] {logging_mixin.py:190} INFO - [2026-07-23T16:07:35.658+0000] {dagbag.py:588} INFO - Filling up the DagBag from /opt/airflow/dags/youtube_medallion_pipeline.py
[2026-07-23T16:07:35.685+0000] {processor.py:925} INFO - DAG(s) 'youtube_medallion_pipeline' retrieved from /opt/airflow/dags/youtube_medallion_pipeline.py
[2026-07-23T16:07:35.732+0000] {logging_mixin.py:190} INFO - [2026-07-23T16:07:35.732+0000] {dag.py:3239} INFO - Sync 1 DAGs
[2026-07-23T16:07:35.762+0000] {logging_mixin.py:190} INFO - [2026-07-23T16:07:35.762+0000] {dag.py:4180} INFO - Setting next_dagrun for youtube_medallion_pipeline to None, run_after=None
[2026-07-23T16:07:35.805+0000] {processor.py:208} INFO - Processing /opt/airflow/dags/youtube_medallion_pipeline.py took 0.162 seconds
[2026-07-23T16:08:06.173+0000] {processor.py:186} INFO - Started process (PID=1307) to work on /opt/airflow/dags/youtube_medallion_pipeline.py
[2026-07-23T16:08:06.176+0000] {processor.py:914} INFO - Processing file /opt/airflow/dags/youtube_medallion_pipeline.py for tasks to queue
[2026-07-23T16:08:06.183+0000] {logging_mixin.py:190} INFO - [2026-07-23T16:08:06.182+0000] {dagbag.py:588} INFO - Filling up the DagBag from /opt/airflow/dags/youtube_medallion_pipeline.py
[2026-07-23T16:08:06.222+0000] {processor.py:925} INFO - DAG(s) 'youtube_medallion_pipeline' retrieved from /opt/airflow/dags/youtube_medallion_pipeline.py
[2026-07-23T16:08:06.295+0000] {logging_mixin.py:190} INFO - [2026-07-23T16:08:06.294+0000] {dag.py:3239} INFO - Sync 1 DAGs
[2026-07-23T16:08:06.319+0000] {logging_mixin.py:190} INFO - [2026-07-23T16:08:06.318+0000] {dag.py:4180} INFO - Setting next_dagrun for youtube_medallion_pipeline to None, run_after=None
[2026-07-23T16:08:06.366+0000] {processor.py:208} INFO - Processing /opt/airflow/dags/youtube_medallion_pipeline.py took 0.209 seconds
[2026-07-23T16:08:36.488+0000] {processor.py:186} INFO - Started process (PID=1312) to work on /opt/airflow/dags/youtube_medallion_pipeline.py
[2026-07-23T16:08:36.491+0000] {processor.py:914} INFO - Processing file /opt/airflow/dags/youtube_medallion_pipeline.py for tasks to queue
[2026-07-23T16:08:36.499+0000] {logging_mixin.py:190} INFO - [2026-07-23T16:08:36.498+0000] {dagbag.py:588} INFO - Filling up the DagBag from /opt/airflow/dags/youtube_medallion_pipeline.py
[2026-07-23T16:08:36.569+0000] {processor.py:925} INFO - DAG(s) 'youtube_medallion_pipeline' retrieved from /opt/airflow/dags/youtube_medallion_pipeline.py
[2026-07-23T16:08:36.630+0000] {logging_mixin.py:190} INFO - [2026-07-23T16:08:36.629+0000] {dag.py:3239} INFO - Sync 1 DAGs
[2026-07-23T16:08:36.658+0000] {logging_mixin.py:190} INFO - [2026-07-23T16:08:36.657+0000] {dag.py:4180} INFO - Setting next_dagrun for youtube_medallion_pipeline to None, run_after=None
[2026-07-23T16:08:36.700+0000] {processor.py:208} INFO - Processing /opt/airflow/dags/youtube_medallion_pipeline.py took 0.222 seconds
[2026-07-23T16:09:07.065+0000] {processor.py:186} INFO - Started process (PID=1317) to work on /opt/airflow/dags/youtube_medallion_pipeline.py
[2026-07-23T16:09:07.069+0000] {processor.py:914} INFO - Processing file /opt/airflow/dags/youtube_medallion_pipeline.py for tasks to queue
[2026-07-23T16:09:07.075+0000] {logging_mixin.py:190} INFO - [2026-07-23T16:09:07.074+0000] {dagbag.py:588} INFO - Filling up the DagBag from /opt/airflow/dags/youtube_medallion_pipeline.py
[2026-07-23T16:09:07.126+0000] {processor.py:925} INFO - DAG(s) 'youtube_medallion_pipeline' retrieved from /opt/airflow/dags/youtube_medallion_pipeline.py
[2026-07-23T16:09:07.196+0000] {logging_mixin.py:190} INFO - [2026-07-23T16:09:07.195+0000] {dag.py:3239} INFO - Sync 1 DAGs
[2026-07-23T16:09:07.229+0000] {logging_mixin.py:190} INFO - [2026-07-23T16:09:07.229+0000] {dag.py:4180} INFO - Setting next_dagrun for youtube_medallion_pipeline to None, run_after=None
[2026-07-23T16:09:07.270+0000] {processor.py:208} INFO - Processing /opt/airflow/dags/youtube_medallion_pipeline.py took 0.220 seconds
[2026-07-23T16:09:37.359+0000] {processor.py:186} INFO - Started process (PID=1322) to work on /opt/airflow/dags/youtube_medallion_pipeline.py
[2026-07-23T16:09:37.362+0000] {processor.py:914} INFO - Processing file /opt/airflow/dags/youtube_medallion_pipeline.py for tasks to queue
[2026-07-23T16:09:37.367+0000] {logging_mixin.py:190} INFO - [2026-07-23T16:09:37.366+0000] {dagbag.py:588} INFO - Filling up the DagBag from /opt/airflow/dags/youtube_medallion_pipeline.py
[2026-07-23T16:09:37.398+0000] {processor.py:925} INFO - DAG(s) 'youtube_medallion_pipeline' retrieved from /opt/airflow/dags/youtube_medallion_pipeline.py
[2026-07-23T16:09:37.446+0000] {logging_mixin.py:190} INFO - [2026-07-23T16:09:37.446+0000] {dag.py:3239} INFO - Sync 1 DAGs
[2026-07-23T16:09:37.466+0000] {logging_mixin.py:190} INFO - [2026-07-23T16:09:37.466+0000] {dag.py:4180} INFO - Setting next_dagrun for youtube_medallion_pipeline to None, run_after=None
[2026-07-23T16:09:37.497+0000] {processor.py:208} INFO - Processing /opt/airflow/dags/youtube_medallion_pipeline.py took 0.148 seconds
[2026-07-23T16:10:07.634+0000] {processor.py:186} INFO - Started process (PID=1327) to work on /opt/airflow/dags/youtube_medallion_pipeline.py
[2026-07-23T16:10:07.636+0000] {processor.py:914} INFO - Processing file /opt/airflow/dags/youtube_medallion_pipeline.py for tasks to queue
[2026-07-23T16:10:07.642+0000] {logging_mixin.py:190} INFO - [2026-07-23T16:10:07.641+0000] {dagbag.py:588} INFO - Filling up the DagBag from /opt/airflow/dags/youtube_medallion_pipeline.py
[2026-07-23T16:10:07.671+0000] {processor.py:925} INFO - DAG(s) 'youtube_medallion_pipeline' retrieved from /opt/airflow/dags/youtube_medallion_pipeline.py
[2026-07-23T16:10:07.735+0000] {logging_mixin.py:190} INFO - [2026-07-23T16:10:07.735+0000] {dag.py:3239} INFO - Sync 1 DAGs
[2026-07-23T16:10:07.762+0000] {logging_mixin.py:190} INFO - [2026-07-23T16:10:07.762+0000] {dag.py:4180} INFO - Setting next_dagrun for youtube_medallion_pipeline to None, run_after=None
[2026-07-23T16:10:07.801+0000] {processor.py:208} INFO - Processing /opt/airflow/dags/youtube_medallion_pipeline.py took 0.178 seconds
[2026-07-23T16:10:38.143+0000] {processor.py:186} INFO - Started process (PID=1332) to work on /opt/airflow/dags/youtube_medallion_pipeline.py
[2026-07-23T16:10:38.146+0000] {processor.py:914} INFO - Processing file /opt/airflow/dags/youtube_medallion_pipeline.py for tasks to queue
[2026-07-23T16:10:38.151+0000] {logging_mixin.py:190} INFO - [2026-07-23T16:10:38.150+0000] {dagbag.py:588} INFO - Filling up the DagBag from /opt/airflow/dags/youtube_medallion_pipeline.py
[2026-07-23T16:10:38.181+0000] {processor.py:925} INFO - DAG(s) 'youtube_medallion_pipeline' retrieved from /opt/airflow/dags/youtube_medallion_pipeline.py
[2026-07-23T16:10:38.237+0000] {logging_mixin.py:190} INFO - [2026-07-23T16:10:38.237+0000] {dag.py:3239} INFO - Sync 1 DAGs
[2026-07-23T16:10:38.257+0000] {logging_mixin.py:190} INFO - [2026-07-23T16:10:38.256+0000] {dag.py:4180} INFO - Setting next_dagrun for youtube_medallion_pipeline to None, run_after=None
[2026-07-23T16:10:38.286+0000] {processor.py:208} INFO - Processing /opt/airflow/dags/youtube_medallion_pipeline.py took 0.157 seconds
[2026-07-23T16:11:08.452+0000] {processor.py:186} INFO - Started process (PID=1337) to work on /opt/airflow/dags/youtube_medallion_pipeline.py
[2026-07-23T16:11:08.454+0000] {processor.py:914} INFO - Processing file /opt/airflow/dags/youtube_medallion_pipeline.py for tasks to queue
[2026-07-23T16:11:08.460+0000] {logging_mixin.py:190} INFO - [2026-07-23T16:11:08.459+0000] {dagbag.py:588} INFO - Filling up the DagBag from /opt/airflow/dags/youtube_medallion_pipeline.py
[2026-07-23T16:11:08.488+0000] {processor.py:925} INFO - DAG(s) 'youtube_medallion_pipeline' retrieved from /opt/airflow/dags/youtube_medallion_pipeline.py
[2026-07-23T16:11:08.550+0000] {logging_mixin.py:190} INFO - [2026-07-23T16:11:08.549+0000] {dag.py:3239} INFO - Sync 1 DAGs
[2026-07-23T16:11:08.575+0000] {logging_mixin.py:190} INFO - [2026-07-23T16:11:08.575+0000] {dag.py:4180} INFO - Setting next_dagrun for youtube_medallion_pipeline to None, run_after=None
[2026-07-23T16:11:08.617+0000] {processor.py:208} INFO - Processing /opt/airflow/dags/youtube_medallion_pipeline.py took 0.174 seconds
[2026-07-23T16:11:38.881+0000] {processor.py:186} INFO - Started process (PID=1342) to work on /opt/airflow/dags/youtube_medallion_pipeline.py
[2026-07-23T16:11:38.884+0000] {processor.py:914} INFO - Processing file /opt/airflow/dags/youtube_medallion_pipeline.py for tasks to queue
[2026-07-23T16:11:38.889+0000] {logging_mixin.py:190} INFO - [2026-07-23T16:11:38.889+0000] {dagbag.py:588} INFO - Filling up the DagBag from /opt/airflow/dags/youtube_medallion_pipeline.py
[2026-07-23T16:11:38.918+0000] {processor.py:925} INFO - DAG(s) 'youtube_medallion_pipeline' retrieved from /opt/airflow/dags/youtube_medallion_pipeline.py
[2026-07-23T16:11:38.961+0000] {logging_mixin.py:190} INFO - [2026-07-23T16:11:38.961+0000] {dag.py:3239} INFO - Sync 1 DAGs
[2026-07-23T16:11:38.982+0000] {logging_mixin.py:190} INFO - [2026-07-23T16:11:38.982+0000] {dag.py:4180} INFO - Setting next_dagrun for youtube_medallion_pipeline to None, run_after=None
[2026-07-23T16:11:39.014+0000] {processor.py:208} INFO - Processing /opt/airflow/dags/youtube_medallion_pipeline.py took 0.149 seconds
[2026-07-23T16:12:09.221+0000] {processor.py:186} INFO - Started process (PID=1347) to work on /opt/airflow/dags/youtube_medallion_pipeline.py
[2026-07-23T16:12:09.223+0000] {processor.py:914} INFO - Processing file /opt/airflow/dags/youtube_medallion_pipeline.py for tasks to queue
[2026-07-23T16:12:09.229+0000] {logging_mixin.py:190} INFO - [2026-07-23T16:12:09.228+0000] {dagbag.py:588} INFO - Filling up the DagBag from /opt/airflow/dags/youtube_medallion_pipeline.py
[2026-07-23T16:12:09.252+0000] {processor.py:925} INFO - DAG(s) 'youtube_medallion_pipeline' retrieved from /opt/airflow/dags/youtube_medallion_pipeline.py
[2026-07-23T16:12:09.303+0000] {logging_mixin.py:190} INFO - [2026-07-23T16:12:09.302+0000] {dag.py:3239} INFO - Sync 1 DAGs
[2026-07-23T16:12:09.327+0000] {logging_mixin.py:190} INFO - [2026-07-23T16:12:09.327+0000] {dag.py:4180} INFO - Setting next_dagrun for youtube_medallion_pipeline to None, run_after=None
[2026-07-23T16:12:09.378+0000] {processor.py:208} INFO - Processing /opt/airflow/dags/youtube_medallion_pipeline.py took 0.166 seconds
[2026-07-23T16:12:39.620+0000] {processor.py:186} INFO - Started process (PID=1352) to work on /opt/airflow/dags/youtube_medallion_pipeline.py
[2026-07-23T16:12:39.622+0000] {processor.py:914} INFO - Processing file /opt/airflow/dags/youtube_medallion_pipeline.py for tasks to queue
[2026-07-23T16:12:39.629+0000] {logging_mixin.py:190} INFO - [2026-07-23T16:12:39.628+0000] {dagbag.py:588} INFO - Filling up the DagBag from /opt/airflow/dags/youtube_medallion_pipeline.py
[2026-07-23T16:12:39.681+0000] {processor.py:925} INFO - DAG(s) 'youtube_medallion_pipeline' retrieved from /opt/airflow/dags/youtube_medallion_pipeline.py
[2026-07-23T16:12:39.745+0000] {logging_mixin.py:190} INFO - [2026-07-23T16:12:39.744+0000] {dag.py:3239} INFO - Sync 1 DAGs
[2026-07-23T16:12:39.771+0000] {logging_mixin.py:190} INFO - [2026-07-23T16:12:39.771+0000] {dag.py:4180} INFO - Setting next_dagrun for youtube_medallion_pipeline to None, run_after=None
[2026-07-23T16:12:39.820+0000] {processor.py:208} INFO - Processing /opt/airflow/dags/youtube_medallion_pipeline.py took 0.207 seconds
[2026-07-23T16:13:09.959+0000] {processor.py:186} INFO - Started process (PID=1357) to work on /opt/airflow/dags/youtube_medallion_pipeline.py
[2026-07-23T16:13:09.961+0000] {processor.py:914} INFO - Processing file /opt/airflow/dags/youtube_medallion_pipeline.py for tasks to queue
[2026-07-23T16:13:09.966+0000] {logging_mixin.py:190} INFO - [2026-07-23T16:13:09.965+0000] {dagbag.py:588} INFO - Filling up the DagBag from /opt/airflow/dags/youtube_medallion_pipeline.py
[2026-07-23T16:13:09.994+0000] {processor.py:925} INFO - DAG(s) 'youtube_medallion_pipeline' retrieved from /opt/airflow/dags/youtube_medallion_pipeline.py
[2026-07-23T16:13:10.042+0000] {logging_mixin.py:190} INFO - [2026-07-23T16:13:10.042+0000] {dag.py:3239} INFO - Sync 1 DAGs
[2026-07-23T16:13:10.062+0000] {logging_mixin.py:190} INFO - [2026-07-23T16:13:10.062+0000] {dag.py:4180} INFO - Setting next_dagrun for youtube_medallion_pipeline to None, run_after=None
[2026-07-23T16:13:10.093+0000] {processor.py:208} INFO - Processing /opt/airflow/dags/youtube_medallion_pipeline.py took 0.143 seconds
[2026-07-23T16:13:40.265+0000] {processor.py:186} INFO - Started process (PID=1362) to work on /opt/airflow/dags/youtube_medallion_pipeline.py
[2026-07-23T16:13:40.267+0000] {processor.py:914} INFO - Processing file /opt/airflow/dags/youtube_medallion_pipeline.py for tasks to queue
[2026-07-23T16:13:40.271+0000] {logging_mixin.py:190} INFO - [2026-07-23T16:13:40.271+0000] {dagbag.py:588} INFO - Filling up the DagBag from /opt/airflow/dags/youtube_medallion_pipeline.py
[2026-07-23T16:13:40.303+0000] {processor.py:925} INFO - DAG(s) 'youtube_medallion_pipeline' retrieved from /opt/airflow/dags/youtube_medallion_pipeline.py
[2026-07-23T16:13:40.364+0000] {logging_mixin.py:190} INFO - [2026-07-23T16:13:40.364+0000] {dag.py:3239} INFO - Sync 1 DAGs
[2026-07-23T16:13:40.391+0000] {logging_mixin.py:190} INFO - [2026-07-23T16:13:40.390+0000] {dag.py:4180} INFO - Setting next_dagrun for youtube_medallion_pipeline to None, run_after=None
[2026-07-23T16:13:40.429+0000] {processor.py:208} INFO - Processing /opt/airflow/dags/youtube_medallion_pipeline.py took 0.172 seconds
[2026-07-23T16:14:10.739+0000] {processor.py:186} INFO - Started process (PID=1367) to work on /opt/airflow/dags/youtube_medallion_pipeline.py
[2026-07-23T16:14:10.744+0000] {processor.py:914} INFO - Processing file /opt/airflow/dags/youtube_medallion_pipeline.py for tasks to queue
[2026-07-23T16:14:10.754+0000] {logging_mixin.py:190} INFO - [2026-07-23T16:14:10.753+0000] {dagbag.py:588} INFO - Filling up the DagBag from /opt/airflow/dags/youtube_medallion_pipeline.py
[2026-07-23T16:14:10.801+0000] {processor.py:925} INFO - DAG(s) 'youtube_medallion_pipeline' retrieved from /opt/airflow/dags/youtube_medallion_pipeline.py
[2026-07-23T16:14:10.866+0000] {logging_mixin.py:190} INFO - [2026-07-23T16:14:10.866+0000] {dag.py:3239} INFO - Sync 1 DAGs
[2026-07-23T16:14:10.900+0000] {logging_mixin.py:190} INFO - [2026-07-23T16:14:10.899+0000] {dag.py:4180} INFO - Setting next_dagrun for youtube_medallion_pipeline to None, run_after=None
[2026-07-23T16:14:10.943+0000] {processor.py:208} INFO - Processing /opt/airflow/dags/youtube_medallion_pipeline.py took 0.223 seconds
[2026-07-23T16:14:41.066+0000] {processor.py:186} INFO - Started process (PID=1372) to work on /opt/airflow/dags/youtube_medallion_pipeline.py
[2026-07-23T16:14:41.068+0000] {processor.py:914} INFO - Processing file /opt/airflow/dags/youtube_medallion_pipeline.py for tasks to queue
[2026-07-23T16:14:41.072+0000] {logging_mixin.py:190} INFO - [2026-07-23T16:14:41.072+0000] {dagbag.py:588} INFO - Filling up the DagBag from /opt/airflow/dags/youtube_medallion_pipeline.py
[2026-07-23T16:14:41.104+0000] {processor.py:925} INFO - DAG(s) 'youtube_medallion_pipeline' retrieved from /opt/airflow/dags/youtube_medallion_pipeline.py
[2026-07-23T16:14:41.159+0000] {logging_mixin.py:190} INFO - [2026-07-23T16:14:41.159+0000] {dag.py:3239} INFO - Sync 1 DAGs
[2026-07-23T16:14:41.183+0000] {logging_mixin.py:190} INFO - [2026-07-23T16:14:41.183+0000] {dag.py:4180} INFO - Setting next_dagrun for youtube_medallion_pipeline to None, run_after=None
[2026-07-23T16:14:41.222+0000] {processor.py:208} INFO - Processing /opt/airflow/dags/youtube_medallion_pipeline.py took 0.166 seconds
[2026-07-23T16:15:11.354+0000] {processor.py:186} INFO - Started process (PID=1377) to work on /opt/airflow/dags/youtube_medallion_pipeline.py
[2026-07-23T16:15:11.356+0000] {processor.py:914} INFO - Processing file /opt/airflow/dags/youtube_medallion_pipeline.py for tasks to queue
[2026-07-23T16:15:11.361+0000] {logging_mixin.py:190} INFO - [2026-07-23T16:15:11.361+0000] {dagbag.py:588} INFO - Filling up the DagBag from /opt/airflow/dags/youtube_medallion_pipeline.py
[2026-07-23T16:15:11.398+0000] {processor.py:925} INFO - DAG(s) 'youtube_medallion_pipeline' retrieved from /opt/airflow/dags/youtube_medallion_pipeline.py
[2026-07-23T16:15:11.445+0000] {logging_mixin.py:190} INFO - [2026-07-23T16:15:11.444+0000] {dag.py:3239} INFO - Sync 1 DAGs
[2026-07-23T16:15:11.468+0000] {logging_mixin.py:190} INFO - [2026-07-23T16:15:11.468+0000] {dag.py:4180} INFO - Setting next_dagrun for youtube_medallion_pipeline to None, run_after=None
[2026-07-23T16:15:11.504+0000] {processor.py:208} INFO - Processing /opt/airflow/dags/youtube_medallion_pipeline.py took 0.161 seconds
[2026-07-23T16:15:41.714+0000] {processor.py:186} INFO - Started process (PID=1382) to work on /opt/airflow/dags/youtube_medallion_pipeline.py
[2026-07-23T16:15:41.718+0000] {processor.py:914} INFO - Processing file /opt/airflow/dags/youtube_medallion_pipeline.py for tasks to queue
[2026-07-23T16:15:41.729+0000] {logging_mixin.py:190} INFO - [2026-07-23T16:15:41.724+0000] {dagbag.py:588} INFO - Filling up the DagBag from /opt/airflow/dags/youtube_medallion_pipeline.py
[2026-07-23T16:15:41.771+0000] {processor.py:925} INFO - DAG(s) 'youtube_medallion_pipeline' retrieved from /opt/airflow/dags/youtube_medallion_pipeline.py
[2026-07-23T16:15:41.834+0000] {logging_mixin.py:190} INFO - [2026-07-23T16:15:41.833+0000] {dag.py:3239} INFO - Sync 1 DAGs
[2026-07-23T16:15:41.862+0000] {logging_mixin.py:190} INFO - [2026-07-23T16:15:41.862+0000] {dag.py:4180} INFO - Setting next_dagrun for youtube_medallion_pipeline to None, run_after=None
[2026-07-23T16:15:41.895+0000] {processor.py:208} INFO - Processing /opt/airflow/dags/youtube_medallion_pipeline.py took 0.198 seconds
[2026-07-23T16:16:12.097+0000] {processor.py:186} INFO - Started process (PID=1387) to work on /opt/airflow/dags/youtube_medallion_pipeline.py
[2026-07-23T16:16:12.100+0000] {processor.py:914} INFO - Processing file /opt/airflow/dags/youtube_medallion_pipeline.py for tasks to queue
[2026-07-23T16:16:12.108+0000] {logging_mixin.py:190} INFO - [2026-07-23T16:16:12.107+0000] {dagbag.py:588} INFO - Filling up the DagBag from /opt/airflow/dags/youtube_medallion_pipeline.py
[2026-07-23T16:16:12.137+0000] {processor.py:925} INFO - DAG(s) 'youtube_medallion_pipeline' retrieved from /opt/airflow/dags/youtube_medallion_pipeline.py
[2026-07-23T16:16:12.188+0000] {logging_mixin.py:190} INFO - [2026-07-23T16:16:12.188+0000] {dag.py:3239} INFO - Sync 1 DAGs
[2026-07-23T16:16:12.214+0000] {logging_mixin.py:190} INFO - [2026-07-23T16:16:12.214+0000] {dag.py:4180} INFO - Setting next_dagrun for youtube_medallion_pipeline to None, run_after=None
[2026-07-23T16:16:12.257+0000] {processor.py:208} INFO - Processing /opt/airflow/dags/youtube_medallion_pipeline.py took 0.173 seconds
[2026-07-23T16:16:42.504+0000] {processor.py:186} INFO - Started process (PID=1392) to work on /opt/airflow/dags/youtube_medallion_pipeline.py
[2026-07-23T16:16:42.506+0000] {processor.py:914} INFO - Processing file /opt/airflow/dags/youtube_medallion_pipeline.py for tasks to queue
[2026-07-23T16:16:42.512+0000] {logging_mixin.py:190} INFO - [2026-07-23T16:16:42.511+0000] {dagbag.py:588} INFO - Filling up the DagBag from /opt/airflow/dags/youtube_medallion_pipeline.py
[2026-07-23T16:16:42.535+0000] {processor.py:925} INFO - DAG(s) 'youtube_medallion_pipeline' retrieved from /opt/airflow/dags/youtube_medallion_pipeline.py
[2026-07-23T16:16:42.585+0000] {logging_mixin.py:190} INFO - [2026-07-23T16:16:42.585+0000] {dag.py:3239} INFO - Sync 1 DAGs
[2026-07-23T16:16:42.605+0000] {logging_mixin.py:190} INFO - [2026-07-23T16:16:42.605+0000] {dag.py:4180} INFO - Setting next_dagrun for youtube_medallion_pipeline to None, run_after=None
[2026-07-23T16:16:42.640+0000] {processor.py:208} INFO - Processing /opt/airflow/dags/youtube_medallion_pipeline.py took 0.144 seconds
[2026-07-23T16:17:12.888+0000] {processor.py:186} INFO - Started process (PID=1397) to work on /opt/airflow/dags/youtube_medallion_pipeline.py
[2026-07-23T16:17:12.892+0000] {processor.py:914} INFO - Processing file /opt/airflow/dags/youtube_medallion_pipeline.py for tasks to queue
[2026-07-23T16:17:12.903+0000] {logging_mixin.py:190} INFO - [2026-07-23T16:17:12.902+0000] {dagbag.py:588} INFO - Filling up the DagBag from /opt/airflow/dags/youtube_medallion_pipeline.py
[2026-07-23T16:17:12.937+0000] {processor.py:925} INFO - DAG(s) 'youtube_medallion_pipeline' retrieved from /opt/airflow/dags/youtube_medallion_pipeline.py
[2026-07-23T16:17:12.995+0000] {logging_mixin.py:190} INFO - [2026-07-23T16:17:12.994+0000] {dag.py:3239} INFO - Sync 1 DAGs
[2026-07-23T16:17:13.019+0000] {logging_mixin.py:190} INFO - [2026-07-23T16:17:13.019+0000] {dag.py:4180} INFO - Setting next_dagrun for youtube_medallion_pipeline to None, run_after=None
[2026-07-23T16:17:13.054+0000] {processor.py:208} INFO - Processing /opt/airflow/dags/youtube_medallion_pipeline.py took 0.181 seconds
[2026-07-23T16:17:43.238+0000] {processor.py:186} INFO - Started process (PID=1402) to work on /opt/airflow/dags/youtube_medallion_pipeline.py
[2026-07-23T16:17:43.241+0000] {processor.py:914} INFO - Processing file /opt/airflow/dags/youtube_medallion_pipeline.py for tasks to queue
[2026-07-23T16:17:43.247+0000] {logging_mixin.py:190} INFO - [2026-07-23T16:17:43.246+0000] {dagbag.py:588} INFO - Filling up the DagBag from /opt/airflow/dags/youtube_medallion_pipeline.py
[2026-07-23T16:17:43.279+0000] {processor.py:925} INFO - DAG(s) 'youtube_medallion_pipeline' retrieved from /opt/airflow/dags/youtube_medallion_pipeline.py
[2026-07-23T16:17:43.344+0000] {logging_mixin.py:190} INFO - [2026-07-23T16:17:43.343+0000] {dag.py:3239} INFO - Sync 1 DAGs
[2026-07-23T16:17:43.371+0000] {logging_mixin.py:190} INFO - [2026-07-23T16:17:43.370+0000] {dag.py:4180} INFO - Setting next_dagrun for youtube_medallion_pipeline to None, run_after=None
[2026-07-23T16:17:43.410+0000] {processor.py:208} INFO - Processing /opt/airflow/dags/youtube_medallion_pipeline.py took 0.184 seconds
[2026-07-23T16:18:13.727+0000] {processor.py:186} INFO - Started process (PID=1407) to work on /opt/airflow/dags/youtube_medallion_pipeline.py
[2026-07-23T16:18:13.729+0000] {processor.py:914} INFO - Processing file /opt/airflow/dags/youtube_medallion_pipeline.py for tasks to queue
[2026-07-23T16:18:13.734+0000] {logging_mixin.py:190} INFO - [2026-07-23T16:18:13.734+0000] {dagbag.py:588} INFO - Filling up the DagBag from /opt/airflow/dags/youtube_medallion_pipeline.py
[2026-07-23T16:18:13.773+0000] {processor.py:925} INFO - DAG(s) 'youtube_medallion_pipeline' retrieved from /opt/airflow/dags/youtube_medallion_pipeline.py
[2026-07-23T16:18:13.835+0000] {logging_mixin.py:190} INFO - [2026-07-23T16:18:13.834+0000] {dag.py:3239} INFO - Sync 1 DAGs
[2026-07-23T16:18:13.869+0000] {logging_mixin.py:190} INFO - [2026-07-23T16:18:13.869+0000] {dag.py:4180} INFO - Setting next_dagrun for youtube_medallion_pipeline to None, run_after=None
[2026-07-23T16:18:13.913+0000] {processor.py:208} INFO - Processing /opt/airflow/dags/youtube_medallion_pipeline.py took 0.197 seconds
[2026-07-23T16:18:44.035+0000] {processor.py:186} INFO - Started process (PID=1412) to work on /opt/airflow/dags/youtube_medallion_pipeline.py
[2026-07-23T16:18:44.036+0000] {processor.py:914} INFO - Processing file /opt/airflow/dags/youtube_medallion_pipeline.py for tasks to queue
[2026-07-23T16:18:44.041+0000] {logging_mixin.py:190} INFO - [2026-07-23T16:18:44.040+0000] {dagbag.py:588} INFO - Filling up the DagBag from /opt/airflow/dags/youtube_medallion_pipeline.py
[2026-07-23T16:18:44.072+0000] {processor.py:925} INFO - DAG(s) 'youtube_medallion_pipeline' retrieved from /opt/airflow/dags/youtube_medallion_pipeline.py
[2026-07-23T16:18:44.131+0000] {logging_mixin.py:190} INFO - [2026-07-23T16:18:44.131+0000] {dag.py:3239} INFO - Sync 1 DAGs
[2026-07-23T16:18:44.170+0000] {logging_mixin.py:190} INFO - [2026-07-23T16:18:44.169+0000] {dag.py:4180} INFO - Setting next_dagrun for youtube_medallion_pipeline to None, run_after=None
[2026-07-23T16:18:44.212+0000] {processor.py:208} INFO - Processing /opt/airflow/dags/youtube_medallion_pipeline.py took 0.185 seconds
[2026-07-23T16:19:14.535+0000] {processor.py:186} INFO - Started process (PID=1417) to work on /opt/airflow/dags/youtube_medallion_pipeline.py
[2026-07-23T16:19:14.542+0000] {processor.py:914} INFO - Processing file /opt/airflow/dags/youtube_medallion_pipeline.py for tasks to queue
[2026-07-23T16:19:14.548+0000] {logging_mixin.py:190} INFO - [2026-07-23T16:19:14.547+0000] {dagbag.py:588} INFO - Filling up the DagBag from /opt/airflow/dags/youtube_medallion_pipeline.py
[2026-07-23T16:19:14.585+0000] {processor.py:925} INFO - DAG(s) 'youtube_medallion_pipeline' retrieved from /opt/airflow/dags/youtube_medallion_pipeline.py
[2026-07-23T16:19:14.646+0000] {logging_mixin.py:190} INFO - [2026-07-23T16:19:14.645+0000] {dag.py:3239} INFO - Sync 1 DAGs
[2026-07-23T16:19:14.685+0000] {logging_mixin.py:190} INFO - [2026-07-23T16:19:14.685+0000] {dag.py:4180} INFO - Setting next_dagrun for youtube_medallion_pipeline to None, run_after=None
[2026-07-23T16:19:14.761+0000] {processor.py:208} INFO - Processing /opt/airflow/dags/youtube_medallion_pipeline.py took 0.236 seconds
[2026-07-23T16:19:45.098+0000] {processor.py:186} INFO - Started process (PID=1422) to work on /opt/airflow/dags/youtube_medallion_pipeline.py
[2026-07-23T16:19:45.100+0000] {processor.py:914} INFO - Processing file /opt/airflow/dags/youtube_medallion_pipeline.py for tasks to queue
[2026-07-23T16:19:45.105+0000] {logging_mixin.py:190} INFO - [2026-07-23T16:19:45.104+0000] {dagbag.py:588} INFO - Filling up the DagBag from /opt/airflow/dags/youtube_medallion_pipeline.py
[2026-07-23T16:19:45.129+0000] {processor.py:925} INFO - DAG(s) 'youtube_medallion_pipeline' retrieved from /opt/airflow/dags/youtube_medallion_pipeline.py
[2026-07-23T16:19:45.174+0000] {logging_mixin.py:190} INFO - [2026-07-23T16:19:45.174+0000] {dag.py:3239} INFO - Sync 1 DAGs
[2026-07-23T16:19:45.196+0000] {logging_mixin.py:190} INFO - [2026-07-23T16:19:45.195+0000] {dag.py:4180} INFO - Setting next_dagrun for youtube_medallion_pipeline to None, run_after=None
[2026-07-23T16:19:45.261+0000] {processor.py:208} INFO - Processing /opt/airflow/dags/youtube_medallion_pipeline.py took 0.173 seconds
[2026-07-23T16:20:15.383+0000] {processor.py:186} INFO - Started process (PID=1427) to work on /opt/airflow/dags/youtube_medallion_pipeline.py
[2026-07-23T16:20:15.386+0000] {processor.py:914} INFO - Processing file /opt/airflow/dags/youtube_medallion_pipeline.py for tasks to queue
[2026-07-23T16:20:15.393+0000] {logging_mixin.py:190} INFO - [2026-07-23T16:20:15.393+0000] {dagbag.py:588} INFO - Filling up the DagBag from /opt/airflow/dags/youtube_medallion_pipeline.py
[2026-07-23T16:20:15.428+0000] {processor.py:925} INFO - DAG(s) 'youtube_medallion_pipeline' retrieved from /opt/airflow/dags/youtube_medallion_pipeline.py
[2026-07-23T16:20:15.498+0000] {logging_mixin.py:190} INFO - [2026-07-23T16:20:15.498+0000] {dag.py:3239} INFO - Sync 1 DAGs
[2026-07-23T16:20:15.535+0000] {logging_mixin.py:190} INFO - [2026-07-23T16:20:15.534+0000] {dag.py:4180} INFO - Setting next_dagrun for youtube_medallion_pipeline to None, run_after=None
[2026-07-23T16:20:15.585+0000] {processor.py:208} INFO - Processing /opt/airflow/dags/youtube_medallion_pipeline.py took 0.212 seconds
[2026-07-23T16:20:45.835+0000] {processor.py:186} INFO - Started process (PID=1432) to work on /opt/airflow/dags/youtube_medallion_pipeline.py
[2026-07-23T16:20:45.837+0000] {processor.py:914} INFO - Processing file /opt/airflow/dags/youtube_medallion_pipeline.py for tasks to queue
[2026-07-23T16:20:45.841+0000] {logging_mixin.py:190} INFO - [2026-07-23T16:20:45.841+0000] {dagbag.py:588} INFO - Filling up the DagBag from /opt/airflow/dags/youtube_medallion_pipeline.py
[2026-07-23T16:20:45.879+0000] {processor.py:925} INFO - DAG(s) 'youtube_medallion_pipeline' retrieved from /opt/airflow/dags/youtube_medallion_pipeline.py
[2026-07-23T16:20:45.921+0000] {logging_mixin.py:190} INFO - [2026-07-23T16:20:45.921+0000] {dag.py:3239} INFO - Sync 1 DAGs
[2026-07-23T16:20:45.941+0000] {logging_mixin.py:190} INFO - [2026-07-23T16:20:45.941+0000] {dag.py:4180} INFO - Setting next_dagrun for youtube_medallion_pipeline to None, run_after=None
[2026-07-23T16:20:45.982+0000] {processor.py:208} INFO - Processing /opt/airflow/dags/youtube_medallion_pipeline.py took 0.155 seconds
[2026-07-23T16:21:16.149+0000] {processor.py:186} INFO - Started process (PID=1437) to work on /opt/airflow/dags/youtube_medallion_pipeline.py
[2026-07-23T16:21:16.151+0000] {processor.py:914} INFO - Processing file /opt/airflow/dags/youtube_medallion_pipeline.py for tasks to queue
[2026-07-23T16:21:16.156+0000] {logging_mixin.py:190} INFO - [2026-07-23T16:21:16.155+0000] {dagbag.py:588} INFO - Filling up the DagBag from /opt/airflow/dags/youtube_medallion_pipeline.py
[2026-07-23T16:21:16.185+0000] {processor.py:925} INFO - DAG(s) 'youtube_medallion_pipeline' retrieved from /opt/airflow/dags/youtube_medallion_pipeline.py
[2026-07-23T16:21:16.236+0000] {logging_mixin.py:190} INFO - [2026-07-23T16:21:16.235+0000] {dag.py:3239} INFO - Sync 1 DAGs
[2026-07-23T16:21:16.260+0000] {logging_mixin.py:190} INFO - [2026-07-23T16:21:16.259+0000] {dag.py:4180} INFO - Setting next_dagrun for youtube_medallion_pipeline to None, run_after=None
[2026-07-23T16:21:16.301+0000] {processor.py:208} INFO - Processing /opt/airflow/dags/youtube_medallion_pipeline.py took 0.161 seconds
[2026-07-23T16:21:46.573+0000] {processor.py:186} INFO - Started process (PID=1442) to work on /opt/airflow/dags/youtube_medallion_pipeline.py
[2026-07-23T16:21:46.575+0000] {processor.py:914} INFO - Processing file /opt/airflow/dags/youtube_medallion_pipeline.py for tasks to queue
[2026-07-23T16:21:46.579+0000] {logging_mixin.py:190} INFO - [2026-07-23T16:21:46.578+0000] {dagbag.py:588} INFO - Filling up the DagBag from /opt/airflow/dags/youtube_medallion_pipeline.py
[2026-07-23T16:21:46.604+0000] {processor.py:925} INFO - DAG(s) 'youtube_medallion_pipeline' retrieved from /opt/airflow/dags/youtube_medallion_pipeline.py
[2026-07-23T16:21:46.650+0000] {logging_mixin.py:190} INFO - [2026-07-23T16:21:46.650+0000] {dag.py:3239} INFO - Sync 1 DAGs
[2026-07-23T16:21:46.672+0000] {logging_mixin.py:190} INFO - [2026-07-23T16:21:46.672+0000] {dag.py:4180} INFO - Setting next_dagrun for youtube_medallion_pipeline to None, run_after=None
[2026-07-23T16:21:46.707+0000] {processor.py:208} INFO - Processing /opt/airflow/dags/youtube_medallion_pipeline.py took 0.141 seconds
[2026-07-23T16:22:16.879+0000] {processor.py:186} INFO - Started process (PID=1447) to work on /opt/airflow/dags/youtube_medallion_pipeline.py
[2026-07-23T16:22:16.881+0000] {processor.py:914} INFO - Processing file /opt/airflow/dags/youtube_medallion_pipeline.py for tasks to queue
[2026-07-23T16:22:16.886+0000] {logging_mixin.py:190} INFO - [2026-07-23T16:22:16.885+0000] {dagbag.py:588} INFO - Filling up the DagBag from /opt/airflow/dags/youtube_medallion_pipeline.py
[2026-07-23T16:22:16.909+0000] {processor.py:925} INFO - DAG(s) 'youtube_medallion_pipeline' retrieved from /opt/airflow/dags/youtube_medallion_pipeline.py
[2026-07-23T16:22:16.954+0000] {logging_mixin.py:190} INFO - [2026-07-23T16:22:16.954+0000] {dag.py:3239} INFO - Sync 1 DAGs
[2026-07-23T16:22:16.978+0000] {logging_mixin.py:190} INFO - [2026-07-23T16:22:16.978+0000] {dag.py:4180} INFO - Setting next_dagrun for youtube_medallion_pipeline to None, run_after=None
[2026-07-23T16:22:17.007+0000] {processor.py:208} INFO - Processing /opt/airflow/dags/youtube_medallion_pipeline.py took 0.136 seconds
[2026-07-23T16:22:47.318+0000] {processor.py:186} INFO - Started process (PID=1452) to work on /opt/airflow/dags/youtube_medallion_pipeline.py
[2026-07-23T16:22:47.321+0000] {processor.py:914} INFO - Processing file /opt/airflow/dags/youtube_medallion_pipeline.py for tasks to queue
[2026-07-23T16:22:47.328+0000] {logging_mixin.py:190} INFO - [2026-07-23T16:22:47.327+0000] {dagbag.py:588} INFO - Filling up the DagBag from /opt/airflow/dags/youtube_medallion_pipeline.py
[2026-07-23T16:22:47.358+0000] {processor.py:925} INFO - DAG(s) 'youtube_medallion_pipeline' retrieved from /opt/airflow/dags/youtube_medallion_pipeline.py
[2026-07-23T16:22:47.407+0000] {logging_mixin.py:190} INFO - [2026-07-23T16:22:47.407+0000] {dag.py:3239} INFO - Sync 1 DAGs
[2026-07-23T16:22:47.432+0000] {logging_mixin.py:190} INFO - [2026-07-23T16:22:47.432+0000] {dag.py:4180} INFO - Setting next_dagrun for youtube_medallion_pipeline to None, run_after=None
[2026-07-23T16:22:47.470+0000] {processor.py:208} INFO - Processing /opt/airflow/dags/youtube_medallion_pipeline.py took 0.162 seconds
[2026-07-23T16:23:17.593+0000] {processor.py:186} INFO - Started process (PID=1457) to work on /opt/airflow/dags/youtube_medallion_pipeline.py
[2026-07-23T16:23:17.596+0000] {processor.py:914} INFO - Processing file /opt/airflow/dags/youtube_medallion_pipeline.py for tasks to queue
[2026-07-23T16:23:17.602+0000] {logging_mixin.py:190} INFO - [2026-07-23T16:23:17.601+0000] {dagbag.py:588} INFO - Filling up the DagBag from /opt/airflow/dags/youtube_medallion_pipeline.py
[2026-07-23T16:23:17.628+0000] {processor.py:925} INFO - DAG(s) 'youtube_medallion_pipeline' retrieved from /opt/airflow/dags/youtube_medallion_pipeline.py
[2026-07-23T16:23:17.702+0000] {logging_mixin.py:190} INFO - [2026-07-23T16:23:17.701+0000] {dag.py:3239} INFO - Sync 1 DAGs
[2026-07-23T16:23:17.751+0000] {logging_mixin.py:190} INFO - [2026-07-23T16:23:17.751+0000] {dag.py:4180} INFO - Setting next_dagrun for youtube_medallion_pipeline to None, run_after=None
[2026-07-23T16:23:17.830+0000] {processor.py:208} INFO - Processing /opt/airflow/dags/youtube_medallion_pipeline.py took 0.247 seconds
[2026-07-23T16:23:48.060+0000] {processor.py:186} INFO - Started process (PID=1462) to work on /opt/airflow/dags/youtube_medallion_pipeline.py
[2026-07-23T16:23:48.062+0000] {processor.py:914} INFO - Processing file /opt/airflow/dags/youtube_medallion_pipeline.py for tasks to queue
[2026-07-23T16:23:48.068+0000] {logging_mixin.py:190} INFO - [2026-07-23T16:23:48.067+0000] {dagbag.py:588} INFO - Filling up the DagBag from /opt/airflow/dags/youtube_medallion_pipeline.py
[2026-07-23T16:23:48.098+0000] {processor.py:925} INFO - DAG(s) 'youtube_medallion_pipeline' retrieved from /opt/airflow/dags/youtube_medallion_pipeline.py
[2026-07-23T16:23:48.152+0000] {logging_mixin.py:190} INFO - [2026-07-23T16:23:48.152+0000] {dag.py:3239} INFO - Sync 1 DAGs
[2026-07-23T16:23:48.175+0000] {logging_mixin.py:190} INFO - [2026-07-23T16:23:48.175+0000] {dag.py:4180} INFO - Setting next_dagrun for youtube_medallion_pipeline to None, run_after=None
[2026-07-23T16:23:48.207+0000] {processor.py:208} INFO - Processing /opt/airflow/dags/youtube_medallion_pipeline.py took 0.157 seconds
[2026-07-23T16:24:18.464+0000] {processor.py:186} INFO - Started process (PID=1467) to work on /opt/airflow/dags/youtube_medallion_pipeline.py
[2026-07-23T16:24:18.466+0000] {processor.py:914} INFO - Processing file /opt/airflow/dags/youtube_medallion_pipeline.py for tasks to queue
[2026-07-23T16:24:18.470+0000] {logging_mixin.py:190} INFO - [2026-07-23T16:24:18.470+0000] {dagbag.py:588} INFO - Filling up the DagBag from /opt/airflow/dags/youtube_medallion_pipeline.py
[2026-07-23T16:24:18.496+0000] {processor.py:925} INFO - DAG(s) 'youtube_medallion_pipeline' retrieved from /opt/airflow/dags/youtube_medallion_pipeline.py
[2026-07-23T16:24:18.543+0000] {logging_mixin.py:190} INFO - [2026-07-23T16:24:18.542+0000] {dag.py:3239} INFO - Sync 1 DAGs
[2026-07-23T16:24:18.566+0000] {logging_mixin.py:190} INFO - [2026-07-23T16:24:18.566+0000] {dag.py:4180} INFO - Setting next_dagrun for youtube_medallion_pipeline to None, run_after=None
[2026-07-23T16:24:18.600+0000] {processor.py:208} INFO - Processing /opt/airflow/dags/youtube_medallion_pipeline.py took 0.147 seconds
[2026-07-23T16:24:49.005+0000] {processor.py:186} INFO - Started process (PID=1472) to work on /opt/airflow/dags/youtube_medallion_pipeline.py
[2026-07-23T16:24:49.019+0000] {processor.py:914} INFO - Processing file /opt/airflow/dags/youtube_medallion_pipeline.py for tasks to queue
[2026-07-23T16:24:49.037+0000] {logging_mixin.py:190} INFO - [2026-07-23T16:24:49.036+0000] {dagbag.py:588} INFO - Filling up the DagBag from /opt/airflow/dags/youtube_medallion_pipeline.py
[2026-07-23T16:24:49.218+0000] {processor.py:925} INFO - DAG(s) 'youtube_medallion_pipeline' retrieved from /opt/airflow/dags/youtube_medallion_pipeline.py
[2026-07-23T16:24:49.386+0000] {logging_mixin.py:190} INFO - [2026-07-23T16:24:49.385+0000] {dag.py:3239} INFO - Sync 1 DAGs
[2026-07-23T16:24:49.447+0000] {logging_mixin.py:190} INFO - [2026-07-23T16:24:49.446+0000] {dag.py:4180} INFO - Setting next_dagrun for youtube_medallion_pipeline to None, run_after=None
[2026-07-23T16:24:49.534+0000] {processor.py:208} INFO - Processing /opt/airflow/dags/youtube_medallion_pipeline.py took 0.567 seconds
[2026-07-23T16:25:20.095+0000] {processor.py:186} INFO - Started process (PID=1477) to work on /opt/airflow/dags/youtube_medallion_pipeline.py
[2026-07-23T16:25:20.099+0000] {processor.py:914} INFO - Processing file /opt/airflow/dags/youtube_medallion_pipeline.py for tasks to queue
[2026-07-23T16:25:20.119+0000] {logging_mixin.py:190} INFO - [2026-07-23T16:25:20.115+0000] {dagbag.py:588} INFO - Filling up the DagBag from /opt/airflow/dags/youtube_medallion_pipeline.py
[2026-07-23T16:25:20.255+0000] {processor.py:925} INFO - DAG(s) 'youtube_medallion_pipeline' retrieved from /opt/airflow/dags/youtube_medallion_pipeline.py
[2026-07-23T16:25:20.402+0000] {logging_mixin.py:190} INFO - [2026-07-23T16:25:20.402+0000] {dag.py:3239} INFO - Sync 1 DAGs
[2026-07-23T16:25:20.432+0000] {logging_mixin.py:190} INFO - [2026-07-23T16:25:20.432+0000] {dag.py:4180} INFO - Setting next_dagrun for youtube_medallion_pipeline to None, run_after=None
[2026-07-23T16:25:20.467+0000] {processor.py:208} INFO - Processing /opt/airflow/dags/youtube_medallion_pipeline.py took 0.396 seconds
[2026-07-23T16:25:50.872+0000] {processor.py:186} INFO - Started process (PID=1482) to work on /opt/airflow/dags/youtube_medallion_pipeline.py
[2026-07-23T16:25:50.875+0000] {processor.py:914} INFO - Processing file /opt/airflow/dags/youtube_medallion_pipeline.py for tasks to queue
[2026-07-23T16:25:50.883+0000] {logging_mixin.py:190} INFO - [2026-07-23T16:25:50.882+0000] {dagbag.py:588} INFO - Filling up the DagBag from /opt/airflow/dags/youtube_medallion_pipeline.py
[2026-07-23T16:25:50.937+0000] {processor.py:925} INFO - DAG(s) 'youtube_medallion_pipeline' retrieved from /opt/airflow/dags/youtube_medallion_pipeline.py
[2026-07-23T16:25:51.028+0000] {logging_mixin.py:190} INFO - [2026-07-23T16:25:51.028+0000] {dag.py:3239} INFO - Sync 1 DAGs
[2026-07-23T16:25:51.053+0000] {logging_mixin.py:190} INFO - [2026-07-23T16:25:51.053+0000] {dag.py:4180} INFO - Setting next_dagrun for youtube_medallion_pipeline to None, run_after=None
[2026-07-23T16:25:51.108+0000] {processor.py:208} INFO - Processing /opt/airflow/dags/youtube_medallion_pipeline.py took 0.251 seconds
[2026-07-23T16:26:21.402+0000] {processor.py:186} INFO - Started process (PID=1487) to work on /opt/airflow/dags/youtube_medallion_pipeline.py
[2026-07-23T16:26:21.404+0000] {processor.py:914} INFO - Processing file /opt/airflow/dags/youtube_medallion_pipeline.py for tasks to queue
[2026-07-23T16:26:21.409+0000] {logging_mixin.py:190} INFO - [2026-07-23T16:26:21.409+0000] {dagbag.py:588} INFO - Filling up the DagBag from /opt/airflow/dags/youtube_medallion_pipeline.py
[2026-07-23T16:26:21.447+0000] {processor.py:925} INFO - DAG(s) 'youtube_medallion_pipeline' retrieved from /opt/airflow/dags/youtube_medallion_pipeline.py
[2026-07-23T16:26:21.524+0000] {logging_mixin.py:190} INFO - [2026-07-23T16:26:21.524+0000] {dag.py:3239} INFO - Sync 1 DAGs
[2026-07-23T16:26:21.567+0000] {logging_mixin.py:190} INFO - [2026-07-23T16:26:21.566+0000] {dag.py:4180} INFO - Setting next_dagrun for youtube_medallion_pipeline to None, run_after=None
[2026-07-23T16:26:21.619+0000] {processor.py:208} INFO - Processing /opt/airflow/dags/youtube_medallion_pipeline.py took 0.226 seconds
[2026-07-23T16:26:51.710+0000] {processor.py:186} INFO - Started process (PID=1492) to work on /opt/airflow/dags/youtube_medallion_pipeline.py
[2026-07-23T16:26:51.712+0000] {processor.py:914} INFO - Processing file /opt/airflow/dags/youtube_medallion_pipeline.py for tasks to queue
[2026-07-23T16:26:51.719+0000] {logging_mixin.py:190} INFO - [2026-07-23T16:26:51.718+0000] {dagbag.py:588} INFO - Filling up the DagBag from /opt/airflow/dags/youtube_medallion_pipeline.py
[2026-07-23T16:26:51.749+0000] {processor.py:925} INFO - DAG(s) 'youtube_medallion_pipeline' retrieved from /opt/airflow/dags/youtube_medallion_pipeline.py
[2026-07-23T16:26:51.804+0000] {logging_mixin.py:190} INFO - [2026-07-23T16:26:51.803+0000] {dag.py:3239} INFO - Sync 1 DAGs
[2026-07-23T16:26:51.828+0000] {logging_mixin.py:190} INFO - [2026-07-23T16:26:51.828+0000] {dag.py:4180} INFO - Setting next_dagrun for youtube_medallion_pipeline to None, run_after=None
[2026-07-23T16:26:51.865+0000] {processor.py:208} INFO - Processing /opt/airflow/dags/youtube_medallion_pipeline.py took 0.168 seconds
[2026-07-23T16:27:22.065+0000] {processor.py:186} INFO - Started process (PID=1497) to work on /opt/airflow/dags/youtube_medallion_pipeline.py
[2026-07-23T16:27:22.068+0000] {processor.py:914} INFO - Processing file /opt/airflow/dags/youtube_medallion_pipeline.py for tasks to queue
[2026-07-23T16:27:22.073+0000] {logging_mixin.py:190} INFO - [2026-07-23T16:27:22.073+0000] {dagbag.py:588} INFO - Filling up the DagBag from /opt/airflow/dags/youtube_medallion_pipeline.py
[2026-07-23T16:27:22.102+0000] {processor.py:925} INFO - DAG(s) 'youtube_medallion_pipeline' retrieved from /opt/airflow/dags/youtube_medallion_pipeline.py
[2026-07-23T16:27:22.153+0000] {logging_mixin.py:190} INFO - [2026-07-23T16:27:22.152+0000] {dag.py:3239} INFO - Sync 1 DAGs
[2026-07-23T16:27:22.184+0000] {logging_mixin.py:190} INFO - [2026-07-23T16:27:22.184+0000] {dag.py:4180} INFO - Setting next_dagrun for youtube_medallion_pipeline to None, run_after=None
[2026-07-23T16:27:22.217+0000] {processor.py:208} INFO - Processing /opt/airflow/dags/youtube_medallion_pipeline.py took 0.165 seconds
[2026-07-23T16:27:52.604+0000] {processor.py:186} INFO - Started process (PID=1502) to work on /opt/airflow/dags/youtube_medallion_pipeline.py
[2026-07-23T16:27:52.606+0000] {processor.py:914} INFO - Processing file /opt/airflow/dags/youtube_medallion_pipeline.py for tasks to queue
[2026-07-23T16:27:52.612+0000] {logging_mixin.py:190} INFO - [2026-07-23T16:27:52.611+0000] {dagbag.py:588} INFO - Filling up the DagBag from /opt/airflow/dags/youtube_medallion_pipeline.py
[2026-07-23T16:27:52.643+0000] {processor.py:925} INFO - DAG(s) 'youtube_medallion_pipeline' retrieved from /opt/airflow/dags/youtube_medallion_pipeline.py
[2026-07-23T16:27:52.711+0000] {logging_mixin.py:190} INFO - [2026-07-23T16:27:52.711+0000] {dag.py:3239} INFO - Sync 1 DAGs
[2026-07-23T16:27:52.765+0000] {logging_mixin.py:190} INFO - [2026-07-23T16:27:52.765+0000] {dag.py:4180} INFO - Setting next_dagrun for youtube_medallion_pipeline to None, run_after=None
[2026-07-23T16:27:52.805+0000] {processor.py:208} INFO - Processing /opt/airflow/dags/youtube_medallion_pipeline.py took 0.209 seconds
[2026-07-23T16:28:22.915+0000] {processor.py:186} INFO - Started process (PID=1507) to work on /opt/airflow/dags/youtube_medallion_pipeline.py
[2026-07-23T16:28:22.918+0000] {processor.py:914} INFO - Processing file /opt/airflow/dags/youtube_medallion_pipeline.py for tasks to queue
[2026-07-23T16:28:22.925+0000] {logging_mixin.py:190} INFO - [2026-07-23T16:28:22.924+0000] {dagbag.py:588} INFO - Filling up the DagBag from /opt/airflow/dags/youtube_medallion_pipeline.py
[2026-07-23T16:28:22.974+0000] {processor.py:925} INFO - DAG(s) 'youtube_medallion_pipeline' retrieved from /opt/airflow/dags/youtube_medallion_pipeline.py
[2026-07-23T16:28:23.054+0000] {logging_mixin.py:190} INFO - [2026-07-23T16:28:23.054+0000] {dag.py:3239} INFO - Sync 1 DAGs
[2026-07-23T16:28:23.083+0000] {logging_mixin.py:190} INFO - [2026-07-23T16:28:23.083+0000] {dag.py:4180} INFO - Setting next_dagrun for youtube_medallion_pipeline to None, run_after=None
[2026-07-23T16:28:23.127+0000] {processor.py:208} INFO - Processing /opt/airflow/dags/youtube_medallion_pipeline.py took 0.225 seconds
[2026-07-23T16:28:53.455+0000] {processor.py:186} INFO - Started process (PID=1512) to work on /opt/airflow/dags/youtube_medallion_pipeline.py
[2026-07-23T16:28:53.458+0000] {processor.py:914} INFO - Processing file /opt/airflow/dags/youtube_medallion_pipeline.py for tasks to queue
[2026-07-23T16:28:53.462+0000] {logging_mixin.py:190} INFO - [2026-07-23T16:28:53.462+0000] {dagbag.py:588} INFO - Filling up the DagBag from /opt/airflow/dags/youtube_medallion_pipeline.py
[2026-07-23T16:28:53.565+0000] {processor.py:925} INFO - DAG(s) 'youtube_medallion_pipeline' retrieved from /opt/airflow/dags/youtube_medallion_pipeline.py
[2026-07-23T16:28:53.723+0000] {logging_mixin.py:190} INFO - [2026-07-23T16:28:53.723+0000] {dag.py:3239} INFO - Sync 1 DAGs
[2026-07-23T16:28:53.748+0000] {logging_mixin.py:190} INFO - [2026-07-23T16:28:53.748+0000] {dag.py:4180} INFO - Setting next_dagrun for youtube_medallion_pipeline to None, run_after=None
[2026-07-23T16:28:53.791+0000] {processor.py:208} INFO - Processing /opt/airflow/dags/youtube_medallion_pipeline.py took 0.345 seconds
[2026-07-23T16:29:24.189+0000] {processor.py:186} INFO - Started process (PID=1517) to work on /opt/airflow/dags/youtube_medallion_pipeline.py
[2026-07-23T16:29:24.193+0000] {processor.py:914} INFO - Processing file /opt/airflow/dags/youtube_medallion_pipeline.py for tasks to queue
[2026-07-23T16:29:24.201+0000] {logging_mixin.py:190} INFO - [2026-07-23T16:29:24.200+0000] {dagbag.py:588} INFO - Filling up the DagBag from /opt/airflow/dags/youtube_medallion_pipeline.py
[2026-07-23T16:29:24.250+0000] {processor.py:925} INFO - DAG(s) 'youtube_medallion_pipeline' retrieved from /opt/airflow/dags/youtube_medallion_pipeline.py
[2026-07-23T16:29:24.335+0000] {logging_mixin.py:190} INFO - [2026-07-23T16:29:24.334+0000] {dag.py:3239} INFO - Sync 1 DAGs
[2026-07-23T16:29:24.371+0000] {logging_mixin.py:190} INFO - [2026-07-23T16:29:24.371+0000] {dag.py:4180} INFO - Setting next_dagrun for youtube_medallion_pipeline to None, run_after=None
[2026-07-23T16:29:24.412+0000] {processor.py:208} INFO - Processing /opt/airflow/dags/youtube_medallion_pipeline.py took 0.238 seconds
[2026-07-23T16:29:54.529+0000] {processor.py:186} INFO - Started process (PID=1522) to work on /opt/airflow/dags/youtube_medallion_pipeline.py
[2026-07-23T16:29:54.532+0000] {processor.py:914} INFO - Processing file /opt/airflow/dags/youtube_medallion_pipeline.py for tasks to queue
[2026-07-23T16:29:54.539+0000] {logging_mixin.py:190} INFO - [2026-07-23T16:29:54.538+0000] {dagbag.py:588} INFO - Filling up the DagBag from /opt/airflow/dags/youtube_medallion_pipeline.py
[2026-07-23T16:29:54.670+0000] {processor.py:925} INFO - DAG(s) 'youtube_medallion_pipeline' retrieved from /opt/airflow/dags/youtube_medallion_pipeline.py
[2026-07-23T16:29:54.908+0000] {logging_mixin.py:190} INFO - [2026-07-23T16:29:54.908+0000] {dag.py:3239} INFO - Sync 1 DAGs
[2026-07-23T16:29:55.009+0000] {logging_mixin.py:190} INFO - [2026-07-23T16:29:55.009+0000] {dag.py:4180} INFO - Setting next_dagrun for youtube_medallion_pipeline to None, run_after=None
[2026-07-23T16:29:55.082+0000] {processor.py:208} INFO - Processing /opt/airflow/dags/youtube_medallion_pipeline.py took 0.571 seconds
[2026-07-23T16:30:25.546+0000] {processor.py:186} INFO - Started process (PID=1527) to work on /opt/airflow/dags/youtube_medallion_pipeline.py
[2026-07-23T16:30:25.549+0000] {processor.py:914} INFO - Processing file /opt/airflow/dags/youtube_medallion_pipeline.py for tasks to queue
[2026-07-23T16:30:25.560+0000] {logging_mixin.py:190} INFO - [2026-07-23T16:30:25.559+0000] {dagbag.py:588} INFO - Filling up the DagBag from /opt/airflow/dags/youtube_medallion_pipeline.py
[2026-07-23T16:30:25.620+0000] {processor.py:925} INFO - DAG(s) 'youtube_medallion_pipeline' retrieved from /opt/airflow/dags/youtube_medallion_pipeline.py
[2026-07-23T16:30:25.812+0000] {logging_mixin.py:190} INFO - [2026-07-23T16:30:25.811+0000] {dag.py:3239} INFO - Sync 1 DAGs
[2026-07-23T16:30:25.928+0000] {logging_mixin.py:190} INFO - [2026-07-23T16:30:25.927+0000] {dag.py:4180} INFO - Setting next_dagrun for youtube_medallion_pipeline to None, run_after=None
[2026-07-23T16:30:26.022+0000] {processor.py:208} INFO - Processing /opt/airflow/dags/youtube_medallion_pipeline.py took 0.494 seconds
[2026-07-23T16:30:56.510+0000] {processor.py:186} INFO - Started process (PID=1532) to work on /opt/airflow/dags/youtube_medallion_pipeline.py
[2026-07-23T16:30:56.516+0000] {processor.py:914} INFO - Processing file /opt/airflow/dags/youtube_medallion_pipeline.py for tasks to queue
[2026-07-23T16:30:56.532+0000] {logging_mixin.py:190} INFO - [2026-07-23T16:30:56.531+0000] {dagbag.py:588} INFO - Filling up the DagBag from /opt/airflow/dags/youtube_medallion_pipeline.py
[2026-07-23T16:30:56.599+0000] {processor.py:925} INFO - DAG(s) 'youtube_medallion_pipeline' retrieved from /opt/airflow/dags/youtube_medallion_pipeline.py
[2026-07-23T16:30:56.727+0000] {logging_mixin.py:190} INFO - [2026-07-23T16:30:56.727+0000] {dag.py:3239} INFO - Sync 1 DAGs
[2026-07-23T16:30:56.793+0000] {logging_mixin.py:190} INFO - [2026-07-23T16:30:56.792+0000] {dag.py:4180} INFO - Setting next_dagrun for youtube_medallion_pipeline to None, run_after=None
[2026-07-23T16:30:56.845+0000] {processor.py:208} INFO - Processing /opt/airflow/dags/youtube_medallion_pipeline.py took 0.359 seconds
[2026-07-23T16:31:27.158+0000] {processor.py:186} INFO - Started process (PID=1537) to work on /opt/airflow/dags/youtube_medallion_pipeline.py
[2026-07-23T16:31:27.160+0000] {processor.py:914} INFO - Processing file /opt/airflow/dags/youtube_medallion_pipeline.py for tasks to queue
[2026-07-23T16:31:27.165+0000] {logging_mixin.py:190} INFO - [2026-07-23T16:31:27.164+0000] {dagbag.py:588} INFO - Filling up the DagBag from /opt/airflow/dags/youtube_medallion_pipeline.py
[2026-07-23T16:31:27.193+0000] {processor.py:925} INFO - DAG(s) 'youtube_medallion_pipeline' retrieved from /opt/airflow/dags/youtube_medallion_pipeline.py
[2026-07-23T16:31:27.244+0000] {logging_mixin.py:190} INFO - [2026-07-23T16:31:27.244+0000] {dag.py:3239} INFO - Sync 1 DAGs
[2026-07-23T16:31:27.272+0000] {logging_mixin.py:190} INFO - [2026-07-23T16:31:27.271+0000] {dag.py:4180} INFO - Setting next_dagrun for youtube_medallion_pipeline to None, run_after=None
[2026-07-23T16:31:27.310+0000] {processor.py:208} INFO - Processing /opt/airflow/dags/youtube_medallion_pipeline.py took 0.159 seconds
[2026-07-23T16:31:57.618+0000] {processor.py:186} INFO - Started process (PID=1542) to work on /opt/airflow/dags/youtube_medallion_pipeline.py
[2026-07-23T16:31:57.620+0000] {processor.py:914} INFO - Processing file /opt/airflow/dags/youtube_medallion_pipeline.py for tasks to queue
[2026-07-23T16:31:57.627+0000] {logging_mixin.py:190} INFO - [2026-07-23T16:31:57.626+0000] {dagbag.py:588} INFO - Filling up the DagBag from /opt/airflow/dags/youtube_medallion_pipeline.py
[2026-07-23T16:31:57.669+0000] {processor.py:925} INFO - DAG(s) 'youtube_medallion_pipeline' retrieved from /opt/airflow/dags/youtube_medallion_pipeline.py
[2026-07-23T16:31:57.734+0000] {logging_mixin.py:190} INFO - [2026-07-23T16:31:57.733+0000] {dag.py:3239} INFO - Sync 1 DAGs
[2026-07-23T16:31:57.760+0000] {logging_mixin.py:190} INFO - [2026-07-23T16:31:57.759+0000] {dag.py:4180} INFO - Setting next_dagrun for youtube_medallion_pipeline to None, run_after=None
[2026-07-23T16:31:57.794+0000] {processor.py:208} INFO - Processing /opt/airflow/dags/youtube_medallion_pipeline.py took 0.189 seconds
[2026-07-23T16:32:28.090+0000] {processor.py:186} INFO - Started process (PID=1547) to work on /opt/airflow/dags/youtube_medallion_pipeline.py
[2026-07-23T16:32:28.092+0000] {processor.py:914} INFO - Processing file /opt/airflow/dags/youtube_medallion_pipeline.py for tasks to queue
[2026-07-23T16:32:28.096+0000] {logging_mixin.py:190} INFO - [2026-07-23T16:32:28.095+0000] {dagbag.py:588} INFO - Filling up the DagBag from /opt/airflow/dags/youtube_medallion_pipeline.py
[2026-07-23T16:32:28.136+0000] {processor.py:925} INFO - DAG(s) 'youtube_medallion_pipeline' retrieved from /opt/airflow/dags/youtube_medallion_pipeline.py
[2026-07-23T16:32:28.236+0000] {logging_mixin.py:190} INFO - [2026-07-23T16:32:28.235+0000] {dag.py:3239} INFO - Sync 1 DAGs
[2026-07-23T16:32:28.336+0000] {logging_mixin.py:190} INFO - [2026-07-23T16:32:28.336+0000] {dag.py:4180} INFO - Setting next_dagrun for youtube_medallion_pipeline to None, run_after=None
[2026-07-23T16:32:28.376+0000] {processor.py:208} INFO - Processing /opt/airflow/dags/youtube_medallion_pipeline.py took 0.392 seconds
[2026-07-23T16:32:58.847+0000] {processor.py:186} INFO - Started process (PID=1552) to work on /opt/airflow/dags/youtube_medallion_pipeline.py
[2026-07-23T16:32:58.849+0000] {processor.py:914} INFO - Processing file /opt/airflow/dags/youtube_medallion_pipeline.py for tasks to queue
[2026-07-23T16:32:58.855+0000] {logging_mixin.py:190} INFO - [2026-07-23T16:32:58.854+0000] {dagbag.py:588} INFO - Filling up the DagBag from /opt/airflow/dags/youtube_medallion_pipeline.py
[2026-07-23T16:32:58.904+0000] {processor.py:925} INFO - DAG(s) 'youtube_medallion_pipeline' retrieved from /opt/airflow/dags/youtube_medallion_pipeline.py
[2026-07-23T16:32:58.992+0000] {logging_mixin.py:190} INFO - [2026-07-23T16:32:58.991+0000] {dag.py:3239} INFO - Sync 1 DAGs
[2026-07-23T16:32:59.033+0000] {logging_mixin.py:190} INFO - [2026-07-23T16:32:59.032+0000] {dag.py:4180} INFO - Setting next_dagrun for youtube_medallion_pipeline to None, run_after=None
[2026-07-23T16:32:59.083+0000] {processor.py:208} INFO - Processing /opt/airflow/dags/youtube_medallion_pipeline.py took 0.246 seconds
[2026-07-23T16:33:29.567+0000] {processor.py:186} INFO - Started process (PID=1557) to work on /opt/airflow/dags/youtube_medallion_pipeline.py
[2026-07-23T16:33:29.570+0000] {processor.py:914} INFO - Processing file /opt/airflow/dags/youtube_medallion_pipeline.py for tasks to queue
[2026-07-23T16:33:29.577+0000] {logging_mixin.py:190} INFO - [2026-07-23T16:33:29.576+0000] {dagbag.py:588} INFO - Filling up the DagBag from /opt/airflow/dags/youtube_medallion_pipeline.py
[2026-07-23T16:33:29.612+0000] {processor.py:925} INFO - DAG(s) 'youtube_medallion_pipeline' retrieved from /opt/airflow/dags/youtube_medallion_pipeline.py
[2026-07-23T16:33:29.668+0000] {logging_mixin.py:190} INFO - [2026-07-23T16:33:29.667+0000] {dag.py:3239} INFO - Sync 1 DAGs
[2026-07-23T16:33:29.692+0000] {logging_mixin.py:190} INFO - [2026-07-23T16:33:29.692+0000] {dag.py:4180} INFO - Setting next_dagrun for youtube_medallion_pipeline to None, run_after=None
[2026-07-23T16:33:29.728+0000] {processor.py:208} INFO - Processing /opt/airflow/dags/youtube_medallion_pipeline.py took 0.172 seconds
[2026-07-23T16:33:59.896+0000] {processor.py:186} INFO - Started process (PID=1562) to work on /opt/airflow/dags/youtube_medallion_pipeline.py
[2026-07-23T16:33:59.898+0000] {processor.py:914} INFO - Processing file /opt/airflow/dags/youtube_medallion_pipeline.py for tasks to queue
[2026-07-23T16:33:59.905+0000] {logging_mixin.py:190} INFO - [2026-07-23T16:33:59.904+0000] {dagbag.py:588} INFO - Filling up the DagBag from /opt/airflow/dags/youtube_medallion_pipeline.py
[2026-07-23T16:33:59.938+0000] {processor.py:925} INFO - DAG(s) 'youtube_medallion_pipeline' retrieved from /opt/airflow/dags/youtube_medallion_pipeline.py
[2026-07-23T16:33:59.996+0000] {logging_mixin.py:190} INFO - [2026-07-23T16:33:59.995+0000] {dag.py:3239} INFO - Sync 1 DAGs
[2026-07-23T16:34:00.030+0000] {logging_mixin.py:190} INFO - [2026-07-23T16:34:00.029+0000] {dag.py:4180} INFO - Setting next_dagrun for youtube_medallion_pipeline to None, run_after=None
[2026-07-23T16:34:00.073+0000] {processor.py:208} INFO - Processing /opt/airflow/dags/youtube_medallion_pipeline.py took 0.191 seconds
[2026-07-23T16:34:30.437+0000] {processor.py:186} INFO - Started process (PID=1567) to work on /opt/airflow/dags/youtube_medallion_pipeline.py
[2026-07-23T16:34:30.441+0000] {processor.py:914} INFO - Processing file /opt/airflow/dags/youtube_medallion_pipeline.py for tasks to queue
[2026-07-23T16:34:30.451+0000] {logging_mixin.py:190} INFO - [2026-07-23T16:34:30.450+0000] {dagbag.py:588} INFO - Filling up the DagBag from /opt/airflow/dags/youtube_medallion_pipeline.py
[2026-07-23T16:34:30.504+0000] {processor.py:925} INFO - DAG(s) 'youtube_medallion_pipeline' retrieved from /opt/airflow/dags/youtube_medallion_pipeline.py
[2026-07-23T16:34:30.576+0000] {logging_mixin.py:190} INFO - [2026-07-23T16:34:30.575+0000] {dag.py:3239} INFO - Sync 1 DAGs
[2026-07-23T16:34:30.610+0000] {logging_mixin.py:190} INFO - [2026-07-23T16:34:30.609+0000] {dag.py:4180} INFO - Setting next_dagrun for youtube_medallion_pipeline to None, run_after=None
[2026-07-23T16:34:30.656+0000] {processor.py:208} INFO - Processing /opt/airflow/dags/youtube_medallion_pipeline.py took 0.237 seconds
[2026-07-23T16:35:01.004+0000] {processor.py:186} INFO - Started process (PID=1572) to work on /opt/airflow/dags/youtube_medallion_pipeline.py
[2026-07-23T16:35:01.007+0000] {processor.py:914} INFO - Processing file /opt/airflow/dags/youtube_medallion_pipeline.py for tasks to queue
[2026-07-23T16:35:01.013+0000] {logging_mixin.py:190} INFO - [2026-07-23T16:35:01.012+0000] {dagbag.py:588} INFO - Filling up the DagBag from /opt/airflow/dags/youtube_medallion_pipeline.py
[2026-07-23T16:35:01.048+0000] {processor.py:925} INFO - DAG(s) 'youtube_medallion_pipeline' retrieved from /opt/airflow/dags/youtube_medallion_pipeline.py
[2026-07-23T16:35:01.125+0000] {logging_mixin.py:190} INFO - [2026-07-23T16:35:01.125+0000] {dag.py:3239} INFO - Sync 1 DAGs
[2026-07-23T16:35:01.160+0000] {logging_mixin.py:190} INFO - [2026-07-23T16:35:01.159+0000] {dag.py:4180} INFO - Setting next_dagrun for youtube_medallion_pipeline to None, run_after=None
[2026-07-23T16:35:01.209+0000] {processor.py:208} INFO - Processing /opt/airflow/dags/youtube_medallion_pipeline.py took 0.217 seconds
[2026-07-23T16:35:31.291+0000] {processor.py:186} INFO - Started process (PID=1577) to work on /opt/airflow/dags/youtube_medallion_pipeline.py
[2026-07-23T16:35:31.293+0000] {processor.py:914} INFO - Processing file /opt/airflow/dags/youtube_medallion_pipeline.py for tasks to queue
[2026-07-23T16:35:31.299+0000] {logging_mixin.py:190} INFO - [2026-07-23T16:35:31.298+0000] {dagbag.py:588} INFO - Filling up the DagBag from /opt/airflow/dags/youtube_medallion_pipeline.py
[2026-07-23T16:35:31.333+0000] {processor.py:925} INFO - DAG(s) 'youtube_medallion_pipeline' retrieved from /opt/airflow/dags/youtube_medallion_pipeline.py
[2026-07-23T16:35:31.392+0000] {logging_mixin.py:190} INFO - [2026-07-23T16:35:31.392+0000] {dag.py:3239} INFO - Sync 1 DAGs
[2026-07-23T16:35:31.424+0000] {logging_mixin.py:190} INFO - [2026-07-23T16:35:31.423+0000] {dag.py:4180} INFO - Setting next_dagrun for youtube_medallion_pipeline to None, run_after=None
[2026-07-23T16:35:31.473+0000] {processor.py:208} INFO - Processing /opt/airflow/dags/youtube_medallion_pipeline.py took 0.191 seconds
[2026-07-23T16:36:01.706+0000] {processor.py:186} INFO - Started process (PID=1582) to work on /opt/airflow/dags/youtube_medallion_pipeline.py
[2026-07-23T16:36:01.715+0000] {processor.py:914} INFO - Processing file /opt/airflow/dags/youtube_medallion_pipeline.py for tasks to queue
[2026-07-23T16:36:01.745+0000] {logging_mixin.py:190} INFO - [2026-07-23T16:36:01.740+0000] {dagbag.py:588} INFO - Filling up the DagBag from /opt/airflow/dags/youtube_medallion_pipeline.py
[2026-07-23T16:36:01.834+0000] {processor.py:925} INFO - DAG(s) 'youtube_medallion_pipeline' retrieved from /opt/airflow/dags/youtube_medallion_pipeline.py
[2026-07-23T16:36:01.946+0000] {logging_mixin.py:190} INFO - [2026-07-23T16:36:01.945+0000] {dag.py:3239} INFO - Sync 1 DAGs
[2026-07-23T16:36:02.015+0000] {logging_mixin.py:190} INFO - [2026-07-23T16:36:02.015+0000] {dag.py:4180} INFO - Setting next_dagrun for youtube_medallion_pipeline to None, run_after=None
[2026-07-23T16:36:02.127+0000] {processor.py:208} INFO - Processing /opt/airflow/dags/youtube_medallion_pipeline.py took 0.464 seconds
[2026-07-23T16:36:32.616+0000] {processor.py:186} INFO - Started process (PID=1587) to work on /opt/airflow/dags/youtube_medallion_pipeline.py
[2026-07-23T16:36:32.619+0000] {processor.py:914} INFO - Processing file /opt/airflow/dags/youtube_medallion_pipeline.py for tasks to queue
[2026-07-23T16:36:32.627+0000] {logging_mixin.py:190} INFO - [2026-07-23T16:36:32.626+0000] {dagbag.py:588} INFO - Filling up the DagBag from /opt/airflow/dags/youtube_medallion_pipeline.py
[2026-07-23T16:36:32.661+0000] {processor.py:925} INFO - DAG(s) 'youtube_medallion_pipeline' retrieved from /opt/airflow/dags/youtube_medallion_pipeline.py
[2026-07-23T16:36:32.718+0000] {logging_mixin.py:190} INFO - [2026-07-23T16:36:32.718+0000] {dag.py:3239} INFO - Sync 1 DAGs
[2026-07-23T16:36:32.755+0000] {logging_mixin.py:190} INFO - [2026-07-23T16:36:32.754+0000] {dag.py:4180} INFO - Setting next_dagrun for youtube_medallion_pipeline to None, run_after=None
[2026-07-23T16:36:32.824+0000] {processor.py:208} INFO - Processing /opt/airflow/dags/youtube_medallion_pipeline.py took 0.219 seconds
[2026-07-23T16:37:03.062+0000] {processor.py:186} INFO - Started process (PID=1592) to work on /opt/airflow/dags/youtube_medallion_pipeline.py
[2026-07-23T16:37:03.065+0000] {processor.py:914} INFO - Processing file /opt/airflow/dags/youtube_medallion_pipeline.py for tasks to queue
[2026-07-23T16:37:03.069+0000] {logging_mixin.py:190} INFO - [2026-07-23T16:37:03.068+0000] {dagbag.py:588} INFO - Filling up the DagBag from /opt/airflow/dags/youtube_medallion_pipeline.py
[2026-07-23T16:37:03.096+0000] {processor.py:925} INFO - DAG(s) 'youtube_medallion_pipeline' retrieved from /opt/airflow/dags/youtube_medallion_pipeline.py
[2026-07-23T16:37:03.148+0000] {logging_mixin.py:190} INFO - [2026-07-23T16:37:03.147+0000] {dag.py:3239} INFO - Sync 1 DAGs
[2026-07-23T16:37:03.172+0000] {logging_mixin.py:190} INFO - [2026-07-23T16:37:03.171+0000] {dag.py:4180} INFO - Setting next_dagrun for youtube_medallion_pipeline to None, run_after=None
[2026-07-23T16:37:03.205+0000] {processor.py:208} INFO - Processing /opt/airflow/dags/youtube_medallion_pipeline.py took 0.152 seconds
[2026-07-23T16:37:34.589+0000] {processor.py:186} INFO - Started process (PID=1597) to work on /opt/airflow/dags/youtube_medallion_pipeline.py
[2026-07-23T16:37:34.600+0000] {processor.py:914} INFO - Processing file /opt/airflow/dags/youtube_medallion_pipeline.py for tasks to queue
[2026-07-23T16:37:34.607+0000] {logging_mixin.py:190} INFO - [2026-07-23T16:37:34.606+0000] {dagbag.py:588} INFO - Filling up the DagBag from /opt/airflow/dags/youtube_medallion_pipeline.py
[2026-07-23T16:37:34.671+0000] {processor.py:925} INFO - DAG(s) 'youtube_medallion_pipeline' retrieved from /opt/airflow/dags/youtube_medallion_pipeline.py
[2026-07-23T16:37:34.734+0000] {logging_mixin.py:190} INFO - [2026-07-23T16:37:34.734+0000] {dag.py:3239} INFO - Sync 1 DAGs
[2026-07-23T16:37:34.770+0000] {logging_mixin.py:190} INFO - [2026-07-23T16:37:34.770+0000] {dag.py:4180} INFO - Setting next_dagrun for youtube_medallion_pipeline to None, run_after=None
[2026-07-23T16:37:34.807+0000] {processor.py:208} INFO - Processing /opt/airflow/dags/youtube_medallion_pipeline.py took 0.228 seconds
[2026-07-23T16:38:05.382+0000] {processor.py:186} INFO - Started process (PID=1602) to work on /opt/airflow/dags/youtube_medallion_pipeline.py
[2026-07-23T16:38:05.384+0000] {processor.py:914} INFO - Processing file /opt/airflow/dags/youtube_medallion_pipeline.py for tasks to queue
[2026-07-23T16:38:05.390+0000] {logging_mixin.py:190} INFO - [2026-07-23T16:38:05.389+0000] {dagbag.py:588} INFO - Filling up the DagBag from /opt/airflow/dags/youtube_medallion_pipeline.py
[2026-07-23T16:38:05.417+0000] {processor.py:925} INFO - DAG(s) 'youtube_medallion_pipeline' retrieved from /opt/airflow/dags/youtube_medallion_pipeline.py
[2026-07-23T16:38:05.561+0000] {logging_mixin.py:190} INFO - [2026-07-23T16:38:05.561+0000] {dag.py:3239} INFO - Sync 1 DAGs
[2026-07-23T16:38:05.586+0000] {logging_mixin.py:190} INFO - [2026-07-23T16:38:05.586+0000] {dag.py:4180} INFO - Setting next_dagrun for youtube_medallion_pipeline to None, run_after=None
[2026-07-23T16:38:05.618+0000] {processor.py:208} INFO - Processing /opt/airflow/dags/youtube_medallion_pipeline.py took 0.245 seconds
[2026-07-23T16:38:35.802+0000] {processor.py:186} INFO - Started process (PID=1607) to work on /opt/airflow/dags/youtube_medallion_pipeline.py
[2026-07-23T16:38:35.804+0000] {processor.py:914} INFO - Processing file /opt/airflow/dags/youtube_medallion_pipeline.py for tasks to queue
[2026-07-23T16:38:35.818+0000] {logging_mixin.py:190} INFO - [2026-07-23T16:38:35.813+0000] {dagbag.py:588} INFO - Filling up the DagBag from /opt/airflow/dags/youtube_medallion_pipeline.py
[2026-07-23T16:38:35.863+0000] {processor.py:925} INFO - DAG(s) 'youtube_medallion_pipeline' retrieved from /opt/airflow/dags/youtube_medallion_pipeline.py
[2026-07-23T16:38:35.931+0000] {logging_mixin.py:190} INFO - [2026-07-23T16:38:35.931+0000] {dag.py:3239} INFO - Sync 1 DAGs
[2026-07-23T16:38:35.967+0000] {logging_mixin.py:190} INFO - [2026-07-23T16:38:35.967+0000] {dag.py:4180} INFO - Setting next_dagrun for youtube_medallion_pipeline to None, run_after=None
[2026-07-23T16:38:36.052+0000] {processor.py:208} INFO - Processing /opt/airflow/dags/youtube_medallion_pipeline.py took 0.261 seconds
[2026-07-23T16:39:06.314+0000] {processor.py:186} INFO - Started process (PID=1612) to work on /opt/airflow/dags/youtube_medallion_pipeline.py
[2026-07-23T16:39:06.317+0000] {processor.py:914} INFO - Processing file /opt/airflow/dags/youtube_medallion_pipeline.py for tasks to queue
[2026-07-23T16:39:06.324+0000] {logging_mixin.py:190} INFO - [2026-07-23T16:39:06.323+0000] {dagbag.py:588} INFO - Filling up the DagBag from /opt/airflow/dags/youtube_medallion_pipeline.py
[2026-07-23T16:39:06.381+0000] {processor.py:925} INFO - DAG(s) 'youtube_medallion_pipeline' retrieved from /opt/airflow/dags/youtube_medallion_pipeline.py
[2026-07-23T16:39:06.538+0000] {logging_mixin.py:190} INFO - [2026-07-23T16:39:06.537+0000] {dag.py:3239} INFO - Sync 1 DAGs
[2026-07-23T16:39:06.653+0000] {logging_mixin.py:190} INFO - [2026-07-23T16:39:06.652+0000] {dag.py:4180} INFO - Setting next_dagrun for youtube_medallion_pipeline to None, run_after=None
[2026-07-23T16:39:06.792+0000] {processor.py:208} INFO - Processing /opt/airflow/dags/youtube_medallion_pipeline.py took 0.491 seconds
[2026-07-23T16:39:37.158+0000] {processor.py:186} INFO - Started process (PID=1617) to work on /opt/airflow/dags/youtube_medallion_pipeline.py
[2026-07-23T16:39:37.161+0000] {processor.py:914} INFO - Processing file /opt/airflow/dags/youtube_medallion_pipeline.py for tasks to queue
[2026-07-23T16:39:37.167+0000] {logging_mixin.py:190} INFO - [2026-07-23T16:39:37.166+0000] {dagbag.py:588} INFO - Filling up the DagBag from /opt/airflow/dags/youtube_medallion_pipeline.py
[2026-07-23T16:39:37.199+0000] {processor.py:925} INFO - DAG(s) 'youtube_medallion_pipeline' retrieved from /opt/airflow/dags/youtube_medallion_pipeline.py
[2026-07-23T16:39:37.252+0000] {logging_mixin.py:190} INFO - [2026-07-23T16:39:37.252+0000] {dag.py:3239} INFO - Sync 1 DAGs
[2026-07-23T16:39:37.343+0000] {logging_mixin.py:190} INFO - [2026-07-23T16:39:37.342+0000] {dag.py:4180} INFO - Setting next_dagrun for youtube_medallion_pipeline to None, run_after=None
[2026-07-23T16:39:37.413+0000] {processor.py:208} INFO - Processing /opt/airflow/dags/youtube_medallion_pipeline.py took 0.266 seconds
[2026-07-23T16:40:07.991+0000] {processor.py:186} INFO - Started process (PID=1622) to work on /opt/airflow/dags/youtube_medallion_pipeline.py
[2026-07-23T16:40:07.996+0000] {processor.py:914} INFO - Processing file /opt/airflow/dags/youtube_medallion_pipeline.py for tasks to queue
[2026-07-23T16:40:08.015+0000] {logging_mixin.py:190} INFO - [2026-07-23T16:40:08.012+0000] {dagbag.py:588} INFO - Filling up the DagBag from /opt/airflow/dags/youtube_medallion_pipeline.py
[2026-07-23T16:40:08.114+0000] {processor.py:925} INFO - DAG(s) 'youtube_medallion_pipeline' retrieved from /opt/airflow/dags/youtube_medallion_pipeline.py
[2026-07-23T16:40:08.288+0000] {logging_mixin.py:190} INFO - [2026-07-23T16:40:08.287+0000] {dag.py:3239} INFO - Sync 1 DAGs
[2026-07-23T16:40:08.359+0000] {logging_mixin.py:190} INFO - [2026-07-23T16:40:08.358+0000] {dag.py:4180} INFO - Setting next_dagrun for youtube_medallion_pipeline to None, run_after=None
[2026-07-23T16:40:08.423+0000] {processor.py:208} INFO - Processing /opt/airflow/dags/youtube_medallion_pipeline.py took 0.463 seconds
[2026-07-23T16:40:39.182+0000] {processor.py:186} INFO - Started process (PID=1627) to work on /opt/airflow/dags/youtube_medallion_pipeline.py
[2026-07-23T16:40:39.187+0000] {processor.py:914} INFO - Processing file /opt/airflow/dags/youtube_medallion_pipeline.py for tasks to queue
[2026-07-23T16:40:39.238+0000] {logging_mixin.py:190} INFO - [2026-07-23T16:40:39.228+0000] {dagbag.py:588} INFO - Filling up the DagBag from /opt/airflow/dags/youtube_medallion_pipeline.py
[2026-07-23T16:40:39.514+0000] {processor.py:925} INFO - DAG(s) 'youtube_medallion_pipeline' retrieved from /opt/airflow/dags/youtube_medallion_pipeline.py
[2026-07-23T16:40:39.949+0000] {logging_mixin.py:190} INFO - [2026-07-23T16:40:39.949+0000] {dag.py:3239} INFO - Sync 1 DAGs
[2026-07-23T16:40:40.105+0000] {logging_mixin.py:190} INFO - [2026-07-23T16:40:40.104+0000] {dag.py:4180} INFO - Setting next_dagrun for youtube_medallion_pipeline to None, run_after=None
[2026-07-23T16:40:40.234+0000] {processor.py:208} INFO - Processing /opt/airflow/dags/youtube_medallion_pipeline.py took 1.147 seconds
[2026-07-23T16:41:10.380+0000] {processor.py:186} INFO - Started process (PID=1632) to work on /opt/airflow/dags/youtube_medallion_pipeline.py
[2026-07-23T16:41:10.383+0000] {processor.py:914} INFO - Processing file /opt/airflow/dags/youtube_medallion_pipeline.py for tasks to queue
[2026-07-23T16:41:10.396+0000] {logging_mixin.py:190} INFO - [2026-07-23T16:41:10.390+0000] {dagbag.py:588} INFO - Filling up the DagBag from /opt/airflow/dags/youtube_medallion_pipeline.py
[2026-07-23T16:41:10.448+0000] {processor.py:925} INFO - DAG(s) 'youtube_medallion_pipeline' retrieved from /opt/airflow/dags/youtube_medallion_pipeline.py
[2026-07-23T16:41:10.580+0000] {logging_mixin.py:190} INFO - [2026-07-23T16:41:10.579+0000] {dag.py:3239} INFO - Sync 1 DAGs
[2026-07-23T16:41:10.617+0000] {logging_mixin.py:190} INFO - [2026-07-23T16:41:10.617+0000] {dag.py:4180} INFO - Setting next_dagrun for youtube_medallion_pipeline to None, run_after=None
[2026-07-23T16:41:10.665+0000] {processor.py:208} INFO - Processing /opt/airflow/dags/youtube_medallion_pipeline.py took 0.306 seconds
[2026-07-23T16:41:40.901+0000] {processor.py:186} INFO - Started process (PID=1637) to work on /opt/airflow/dags/youtube_medallion_pipeline.py
[2026-07-23T16:41:40.903+0000] {processor.py:914} INFO - Processing file /opt/airflow/dags/youtube_medallion_pipeline.py for tasks to queue
[2026-07-23T16:41:40.909+0000] {logging_mixin.py:190} INFO - [2026-07-23T16:41:40.908+0000] {dagbag.py:588} INFO - Filling up the DagBag from /opt/airflow/dags/youtube_medallion_pipeline.py
[2026-07-23T16:41:40.941+0000] {processor.py:925} INFO - DAG(s) 'youtube_medallion_pipeline' retrieved from /opt/airflow/dags/youtube_medallion_pipeline.py
[2026-07-23T16:41:41.054+0000] {logging_mixin.py:190} INFO - [2026-07-23T16:41:41.054+0000] {dag.py:3239} INFO - Sync 1 DAGs
[2026-07-23T16:41:41.120+0000] {logging_mixin.py:190} INFO - [2026-07-23T16:41:41.120+0000] {dag.py:4180} INFO - Setting next_dagrun for youtube_medallion_pipeline to None, run_after=None
[2026-07-23T16:41:41.173+0000] {processor.py:208} INFO - Processing /opt/airflow/dags/youtube_medallion_pipeline.py took 0.281 seconds
[2026-07-23T16:42:11.505+0000] {processor.py:186} INFO - Started process (PID=1642) to work on /opt/airflow/dags/youtube_medallion_pipeline.py
[2026-07-23T16:42:11.507+0000] {processor.py:914} INFO - Processing file /opt/airflow/dags/youtube_medallion_pipeline.py for tasks to queue
[2026-07-23T16:42:11.513+0000] {logging_mixin.py:190} INFO - [2026-07-23T16:42:11.512+0000] {dagbag.py:588} INFO - Filling up the DagBag from /opt/airflow/dags/youtube_medallion_pipeline.py
[2026-07-23T16:42:11.550+0000] {processor.py:925} INFO - DAG(s) 'youtube_medallion_pipeline' retrieved from /opt/airflow/dags/youtube_medallion_pipeline.py
[2026-07-23T16:42:11.623+0000] {logging_mixin.py:190} INFO - [2026-07-23T16:42:11.623+0000] {dag.py:3239} INFO - Sync 1 DAGs
[2026-07-23T16:42:11.644+0000] {logging_mixin.py:190} INFO - [2026-07-23T16:42:11.644+0000] {dag.py:4180} INFO - Setting next_dagrun for youtube_medallion_pipeline to None, run_after=None
[2026-07-23T16:42:11.681+0000] {processor.py:208} INFO - Processing /opt/airflow/dags/youtube_medallion_pipeline.py took 0.184 seconds
[2026-07-23T16:42:41.827+0000] {processor.py:186} INFO - Started process (PID=1647) to work on /opt/airflow/dags/youtube_medallion_pipeline.py
[2026-07-23T16:42:41.829+0000] {processor.py:914} INFO - Processing file /opt/airflow/dags/youtube_medallion_pipeline.py for tasks to queue
[2026-07-23T16:42:41.837+0000] {logging_mixin.py:190} INFO - [2026-07-23T16:42:41.836+0000] {dagbag.py:588} INFO - Filling up the DagBag from /opt/airflow/dags/youtube_medallion_pipeline.py
[2026-07-23T16:42:41.872+0000] {processor.py:925} INFO - DAG(s) 'youtube_medallion_pipeline' retrieved from /opt/airflow/dags/youtube_medallion_pipeline.py
[2026-07-23T16:42:41.954+0000] {logging_mixin.py:190} INFO - [2026-07-23T16:42:41.954+0000] {dag.py:3239} INFO - Sync 1 DAGs
[2026-07-23T16:42:41.989+0000] {logging_mixin.py:190} INFO - [2026-07-23T16:42:41.988+0000] {dag.py:4180} INFO - Setting next_dagrun for youtube_medallion_pipeline to None, run_after=None
[2026-07-23T16:42:42.028+0000] {processor.py:208} INFO - Processing /opt/airflow/dags/youtube_medallion_pipeline.py took 0.212 seconds
[2026-07-23T16:43:12.444+0000] {processor.py:186} INFO - Started process (PID=1652) to work on /opt/airflow/dags/youtube_medallion_pipeline.py
[2026-07-23T16:43:12.446+0000] {processor.py:914} INFO - Processing file /opt/airflow/dags/youtube_medallion_pipeline.py for tasks to queue
[2026-07-23T16:43:12.452+0000] {logging_mixin.py:190} INFO - [2026-07-23T16:43:12.451+0000] {dagbag.py:588} INFO - Filling up the DagBag from /opt/airflow/dags/youtube_medallion_pipeline.py
[2026-07-23T16:43:12.495+0000] {processor.py:925} INFO - DAG(s) 'youtube_medallion_pipeline' retrieved from /opt/airflow/dags/youtube_medallion_pipeline.py
[2026-07-23T16:43:12.571+0000] {logging_mixin.py:190} INFO - [2026-07-23T16:43:12.570+0000] {dag.py:3239} INFO - Sync 1 DAGs
[2026-07-23T16:43:12.609+0000] {logging_mixin.py:190} INFO - [2026-07-23T16:43:12.609+0000] {dag.py:4180} INFO - Setting next_dagrun for youtube_medallion_pipeline to None, run_after=None
[2026-07-23T16:43:12.653+0000] {processor.py:208} INFO - Processing /opt/airflow/dags/youtube_medallion_pipeline.py took 0.221 seconds
[2026-07-23T16:43:42.812+0000] {processor.py:186} INFO - Started process (PID=1657) to work on /opt/airflow/dags/youtube_medallion_pipeline.py
[2026-07-23T16:43:42.816+0000] {processor.py:914} INFO - Processing file /opt/airflow/dags/youtube_medallion_pipeline.py for tasks to queue
[2026-07-23T16:43:42.822+0000] {logging_mixin.py:190} INFO - [2026-07-23T16:43:42.821+0000] {dagbag.py:588} INFO - Filling up the DagBag from /opt/airflow/dags/youtube_medallion_pipeline.py
[2026-07-23T16:43:42.872+0000] {processor.py:925} INFO - DAG(s) 'youtube_medallion_pipeline' retrieved from /opt/airflow/dags/youtube_medallion_pipeline.py
[2026-07-23T16:43:42.966+0000] {logging_mixin.py:190} INFO - [2026-07-23T16:43:42.965+0000] {dag.py:3239} INFO - Sync 1 DAGs
[2026-07-23T16:43:42.996+0000] {logging_mixin.py:190} INFO - [2026-07-23T16:43:42.996+0000] {dag.py:4180} INFO - Setting next_dagrun for youtube_medallion_pipeline to None, run_after=None
[2026-07-23T16:43:43.034+0000] {processor.py:208} INFO - Processing /opt/airflow/dags/youtube_medallion_pipeline.py took 0.239 seconds
[2026-07-23T16:44:13.364+0000] {processor.py:186} INFO - Started process (PID=1662) to work on /opt/airflow/dags/youtube_medallion_pipeline.py
[2026-07-23T16:44:13.367+0000] {processor.py:914} INFO - Processing file /opt/airflow/dags/youtube_medallion_pipeline.py for tasks to queue
[2026-07-23T16:44:13.374+0000] {logging_mixin.py:190} INFO - [2026-07-23T16:44:13.373+0000] {dagbag.py:588} INFO - Filling up the DagBag from /opt/airflow/dags/youtube_medallion_pipeline.py
[2026-07-23T16:44:13.409+0000] {processor.py:925} INFO - DAG(s) 'youtube_medallion_pipeline' retrieved from /opt/airflow/dags/youtube_medallion_pipeline.py
[2026-07-23T16:44:13.468+0000] {logging_mixin.py:190} INFO - [2026-07-23T16:44:13.468+0000] {dag.py:3239} INFO - Sync 1 DAGs
[2026-07-23T16:44:13.499+0000] {logging_mixin.py:190} INFO - [2026-07-23T16:44:13.499+0000] {dag.py:4180} INFO - Setting next_dagrun for youtube_medallion_pipeline to None, run_after=None
[2026-07-23T16:44:13.540+0000] {processor.py:208} INFO - Processing /opt/airflow/dags/youtube_medallion_pipeline.py took 0.187 seconds
[2026-07-23T16:44:43.634+0000] {processor.py:186} INFO - Started process (PID=1667) to work on /opt/airflow/dags/youtube_medallion_pipeline.py
[2026-07-23T16:44:43.637+0000] {processor.py:914} INFO - Processing file /opt/airflow/dags/youtube_medallion_pipeline.py for tasks to queue
[2026-07-23T16:44:43.641+0000] {logging_mixin.py:190} INFO - [2026-07-23T16:44:43.641+0000] {dagbag.py:588} INFO - Filling up the DagBag from /opt/airflow/dags/youtube_medallion_pipeline.py
[2026-07-23T16:44:43.674+0000] {processor.py:925} INFO - DAG(s) 'youtube_medallion_pipeline' retrieved from /opt/airflow/dags/youtube_medallion_pipeline.py
[2026-07-23T16:44:43.721+0000] {logging_mixin.py:190} INFO - [2026-07-23T16:44:43.721+0000] {dag.py:3239} INFO - Sync 1 DAGs
[2026-07-23T16:44:43.754+0000] {logging_mixin.py:190} INFO - [2026-07-23T16:44:43.754+0000] {dag.py:4180} INFO - Setting next_dagrun for youtube_medallion_pipeline to None, run_after=None
[2026-07-23T16:44:43.800+0000] {processor.py:208} INFO - Processing /opt/airflow/dags/youtube_medallion_pipeline.py took 0.173 seconds
[2026-07-23T16:45:14.152+0000] {processor.py:186} INFO - Started process (PID=1672) to work on /opt/airflow/dags/youtube_medallion_pipeline.py
[2026-07-23T16:45:14.156+0000] {processor.py:914} INFO - Processing file /opt/airflow/dags/youtube_medallion_pipeline.py for tasks to queue
[2026-07-23T16:45:14.164+0000] {logging_mixin.py:190} INFO - [2026-07-23T16:45:14.163+0000] {dagbag.py:588} INFO - Filling up the DagBag from /opt/airflow/dags/youtube_medallion_pipeline.py
[2026-07-23T16:45:14.204+0000] {processor.py:925} INFO - DAG(s) 'youtube_medallion_pipeline' retrieved from /opt/airflow/dags/youtube_medallion_pipeline.py
[2026-07-23T16:45:14.285+0000] {logging_mixin.py:190} INFO - [2026-07-23T16:45:14.284+0000] {dag.py:3239} INFO - Sync 1 DAGs
[2026-07-23T16:45:14.325+0000] {logging_mixin.py:190} INFO - [2026-07-23T16:45:14.325+0000] {dag.py:4180} INFO - Setting next_dagrun for youtube_medallion_pipeline to None, run_after=None
[2026-07-23T16:45:14.397+0000] {processor.py:208} INFO - Processing /opt/airflow/dags/youtube_medallion_pipeline.py took 0.257 seconds
[2026-07-23T16:45:44.756+0000] {processor.py:186} INFO - Started process (PID=1677) to work on /opt/airflow/dags/youtube_medallion_pipeline.py
[2026-07-23T16:45:44.759+0000] {processor.py:914} INFO - Processing file /opt/airflow/dags/youtube_medallion_pipeline.py for tasks to queue
[2026-07-23T16:45:44.768+0000] {logging_mixin.py:190} INFO - [2026-07-23T16:45:44.767+0000] {dagbag.py:588} INFO - Filling up the DagBag from /opt/airflow/dags/youtube_medallion_pipeline.py
[2026-07-23T16:45:44.805+0000] {processor.py:925} INFO - DAG(s) 'youtube_medallion_pipeline' retrieved from /opt/airflow/dags/youtube_medallion_pipeline.py
[2026-07-23T16:45:44.873+0000] {logging_mixin.py:190} INFO - [2026-07-23T16:45:44.873+0000] {dag.py:3239} INFO - Sync 1 DAGs
[2026-07-23T16:45:44.903+0000] {logging_mixin.py:190} INFO - [2026-07-23T16:45:44.902+0000] {dag.py:4180} INFO - Setting next_dagrun for youtube_medallion_pipeline to None, run_after=None
[2026-07-23T16:45:44.942+0000] {processor.py:208} INFO - Processing /opt/airflow/dags/youtube_medallion_pipeline.py took 0.199 seconds
[2026-07-23T16:46:15.012+0000] {processor.py:186} INFO - Started process (PID=1682) to work on /opt/airflow/dags/youtube_medallion_pipeline.py
[2026-07-23T16:46:15.014+0000] {processor.py:914} INFO - Processing file /opt/airflow/dags/youtube_medallion_pipeline.py for tasks to queue
[2026-07-23T16:46:15.019+0000] {logging_mixin.py:190} INFO - [2026-07-23T16:46:15.018+0000] {dagbag.py:588} INFO - Filling up the DagBag from /opt/airflow/dags/youtube_medallion_pipeline.py
[2026-07-23T16:46:15.047+0000] {processor.py:925} INFO - DAG(s) 'youtube_medallion_pipeline' retrieved from /opt/airflow/dags/youtube_medallion_pipeline.py
[2026-07-23T16:46:15.127+0000] {logging_mixin.py:190} INFO - [2026-07-23T16:46:15.127+0000] {dag.py:3239} INFO - Sync 1 DAGs
[2026-07-23T16:46:15.156+0000] {logging_mixin.py:190} INFO - [2026-07-23T16:46:15.156+0000] {dag.py:4180} INFO - Setting next_dagrun for youtube_medallion_pipeline to None, run_after=None
[2026-07-23T16:46:15.200+0000] {processor.py:208} INFO - Processing /opt/airflow/dags/youtube_medallion_pipeline.py took 0.196 seconds
[2026-07-23T16:46:45.293+0000] {processor.py:186} INFO - Started process (PID=1687) to work on /opt/airflow/dags/youtube_medallion_pipeline.py
[2026-07-23T16:46:45.295+0000] {processor.py:914} INFO - Processing file /opt/airflow/dags/youtube_medallion_pipeline.py for tasks to queue
[2026-07-23T16:46:45.300+0000] {logging_mixin.py:190} INFO - [2026-07-23T16:46:45.299+0000] {dagbag.py:588} INFO - Filling up the DagBag from /opt/airflow/dags/youtube_medallion_pipeline.py
[2026-07-23T16:46:45.323+0000] {processor.py:925} INFO - DAG(s) 'youtube_medallion_pipeline' retrieved from /opt/airflow/dags/youtube_medallion_pipeline.py
[2026-07-23T16:46:45.369+0000] {logging_mixin.py:190} INFO - [2026-07-23T16:46:45.369+0000] {dag.py:3239} INFO - Sync 1 DAGs
[2026-07-23T16:46:45.397+0000] {logging_mixin.py:190} INFO - [2026-07-23T16:46:45.397+0000] {dag.py:4180} INFO - Setting next_dagrun for youtube_medallion_pipeline to None, run_after=None
[2026-07-23T16:46:45.437+0000] {processor.py:208} INFO - Processing /opt/airflow/dags/youtube_medallion_pipeline.py took 0.153 seconds
[2026-07-23T16:47:15.797+0000] {processor.py:186} INFO - Started process (PID=1692) to work on /opt/airflow/dags/youtube_medallion_pipeline.py
[2026-07-23T16:47:15.799+0000] {processor.py:914} INFO - Processing file /opt/airflow/dags/youtube_medallion_pipeline.py for tasks to queue
[2026-07-23T16:47:15.805+0000] {logging_mixin.py:190} INFO - [2026-07-23T16:47:15.805+0000] {dagbag.py:588} INFO - Filling up the DagBag from /opt/airflow/dags/youtube_medallion_pipeline.py
[2026-07-23T16:47:15.835+0000] {processor.py:925} INFO - DAG(s) 'youtube_medallion_pipeline' retrieved from /opt/airflow/dags/youtube_medallion_pipeline.py
[2026-07-23T16:47:16.040+0000] {logging_mixin.py:190} INFO - [2026-07-23T16:47:16.039+0000] {dag.py:3239} INFO - Sync 1 DAGs
[2026-07-23T16:47:16.062+0000] {logging_mixin.py:190} INFO - [2026-07-23T16:47:16.062+0000] {dag.py:4180} INFO - Setting next_dagrun for youtube_medallion_pipeline to None, run_after=None
[2026-07-23T16:47:16.114+0000] {processor.py:208} INFO - Processing /opt/airflow/dags/youtube_medallion_pipeline.py took 0.327 seconds
[2026-07-23T16:47:46.407+0000] {processor.py:186} INFO - Started process (PID=1697) to work on /opt/airflow/dags/youtube_medallion_pipeline.py
[2026-07-23T16:47:46.409+0000] {processor.py:914} INFO - Processing file /opt/airflow/dags/youtube_medallion_pipeline.py for tasks to queue
[2026-07-23T16:47:46.413+0000] {logging_mixin.py:190} INFO - [2026-07-23T16:47:46.412+0000] {dagbag.py:588} INFO - Filling up the DagBag from /opt/airflow/dags/youtube_medallion_pipeline.py
[2026-07-23T16:47:46.438+0000] {processor.py:925} INFO - DAG(s) 'youtube_medallion_pipeline' retrieved from /opt/airflow/dags/youtube_medallion_pipeline.py
[2026-07-23T16:47:46.485+0000] {logging_mixin.py:190} INFO - [2026-07-23T16:47:46.484+0000] {dag.py:3239} INFO - Sync 1 DAGs
[2026-07-23T16:47:46.504+0000] {logging_mixin.py:190} INFO - [2026-07-23T16:47:46.504+0000] {dag.py:4180} INFO - Setting next_dagrun for youtube_medallion_pipeline to None, run_after=None
[2026-07-23T16:47:46.532+0000] {processor.py:208} INFO - Processing /opt/airflow/dags/youtube_medallion_pipeline.py took 0.132 seconds
[2026-07-23T16:48:16.749+0000] {processor.py:186} INFO - Started process (PID=1702) to work on /opt/airflow/dags/youtube_medallion_pipeline.py
[2026-07-23T16:48:16.751+0000] {processor.py:914} INFO - Processing file /opt/airflow/dags/youtube_medallion_pipeline.py for tasks to queue
[2026-07-23T16:48:16.755+0000] {logging_mixin.py:190} INFO - [2026-07-23T16:48:16.755+0000] {dagbag.py:588} INFO - Filling up the DagBag from /opt/airflow/dags/youtube_medallion_pipeline.py
[2026-07-23T16:48:16.782+0000] {processor.py:925} INFO - DAG(s) 'youtube_medallion_pipeline' retrieved from /opt/airflow/dags/youtube_medallion_pipeline.py
[2026-07-23T16:48:16.836+0000] {logging_mixin.py:190} INFO - [2026-07-23T16:48:16.836+0000] {dag.py:3239} INFO - Sync 1 DAGs
[2026-07-23T16:48:16.906+0000] {logging_mixin.py:190} INFO - [2026-07-23T16:48:16.906+0000] {dag.py:4180} INFO - Setting next_dagrun for youtube_medallion_pipeline to None, run_after=None
[2026-07-23T16:48:16.983+0000] {processor.py:208} INFO - Processing /opt/airflow/dags/youtube_medallion_pipeline.py took 0.241 seconds
[2026-07-23T16:48:47.116+0000] {processor.py:186} INFO - Started process (PID=1707) to work on /opt/airflow/dags/youtube_medallion_pipeline.py
[2026-07-23T16:48:47.119+0000] {processor.py:914} INFO - Processing file /opt/airflow/dags/youtube_medallion_pipeline.py for tasks to queue
[2026-07-23T16:48:47.127+0000] {logging_mixin.py:190} INFO - [2026-07-23T16:48:47.126+0000] {dagbag.py:588} INFO - Filling up the DagBag from /opt/airflow/dags/youtube_medallion_pipeline.py
[2026-07-23T16:48:47.170+0000] {processor.py:925} INFO - DAG(s) 'youtube_medallion_pipeline' retrieved from /opt/airflow/dags/youtube_medallion_pipeline.py
[2026-07-23T16:48:47.237+0000] {logging_mixin.py:190} INFO - [2026-07-23T16:48:47.237+0000] {dag.py:3239} INFO - Sync 1 DAGs
[2026-07-23T16:48:47.263+0000] {logging_mixin.py:190} INFO - [2026-07-23T16:48:47.263+0000] {dag.py:4180} INFO - Setting next_dagrun for youtube_medallion_pipeline to None, run_after=None
[2026-07-23T16:48:47.300+0000] {processor.py:208} INFO - Processing /opt/airflow/dags/youtube_medallion_pipeline.py took 0.200 seconds
[2026-07-23T16:49:17.568+0000] {processor.py:186} INFO - Started process (PID=1712) to work on /opt/airflow/dags/youtube_medallion_pipeline.py
[2026-07-23T16:49:17.570+0000] {processor.py:914} INFO - Processing file /opt/airflow/dags/youtube_medallion_pipeline.py for tasks to queue
[2026-07-23T16:49:17.578+0000] {logging_mixin.py:190} INFO - [2026-07-23T16:49:17.577+0000] {dagbag.py:588} INFO - Filling up the DagBag from /opt/airflow/dags/youtube_medallion_pipeline.py
[2026-07-23T16:49:17.607+0000] {processor.py:925} INFO - DAG(s) 'youtube_medallion_pipeline' retrieved from /opt/airflow/dags/youtube_medallion_pipeline.py
[2026-07-23T16:49:17.658+0000] {logging_mixin.py:190} INFO - [2026-07-23T16:49:17.658+0000] {dag.py:3239} INFO - Sync 1 DAGs
[2026-07-23T16:49:17.684+0000] {logging_mixin.py:190} INFO - [2026-07-23T16:49:17.684+0000] {dag.py:4180} INFO - Setting next_dagrun for youtube_medallion_pipeline to None, run_after=None
[2026-07-23T16:49:17.717+0000] {processor.py:208} INFO - Processing /opt/airflow/dags/youtube_medallion_pipeline.py took 0.160 seconds
[2026-07-23T16:49:47.850+0000] {processor.py:186} INFO - Started process (PID=1717) to work on /opt/airflow/dags/youtube_medallion_pipeline.py
[2026-07-23T16:49:47.852+0000] {processor.py:914} INFO - Processing file /opt/airflow/dags/youtube_medallion_pipeline.py for tasks to queue
[2026-07-23T16:49:47.858+0000] {logging_mixin.py:190} INFO - [2026-07-23T16:49:47.857+0000] {dagbag.py:588} INFO - Filling up the DagBag from /opt/airflow/dags/youtube_medallion_pipeline.py
[2026-07-23T16:49:47.891+0000] {processor.py:925} INFO - DAG(s) 'youtube_medallion_pipeline' retrieved from /opt/airflow/dags/youtube_medallion_pipeline.py
[2026-07-23T16:49:47.952+0000] {logging_mixin.py:190} INFO - [2026-07-23T16:49:47.951+0000] {dag.py:3239} INFO - Sync 1 DAGs
[2026-07-23T16:49:47.977+0000] {logging_mixin.py:190} INFO - [2026-07-23T16:49:47.977+0000] {dag.py:4180} INFO - Setting next_dagrun for youtube_medallion_pipeline to None, run_after=None
[2026-07-23T16:49:48.011+0000] {processor.py:208} INFO - Processing /opt/airflow/dags/youtube_medallion_pipeline.py took 0.169 seconds
[2026-07-23T16:50:18.298+0000] {processor.py:186} INFO - Started process (PID=1722) to work on /opt/airflow/dags/youtube_medallion_pipeline.py
[2026-07-23T16:50:18.300+0000] {processor.py:914} INFO - Processing file /opt/airflow/dags/youtube_medallion_pipeline.py for tasks to queue
[2026-07-23T16:50:18.305+0000] {logging_mixin.py:190} INFO - [2026-07-23T16:50:18.304+0000] {dagbag.py:588} INFO - Filling up the DagBag from /opt/airflow/dags/youtube_medallion_pipeline.py
[2026-07-23T16:50:18.335+0000] {processor.py:925} INFO - DAG(s) 'youtube_medallion_pipeline' retrieved from /opt/airflow/dags/youtube_medallion_pipeline.py
[2026-07-23T16:50:18.387+0000] {logging_mixin.py:190} INFO - [2026-07-23T16:50:18.386+0000] {dag.py:3239} INFO - Sync 1 DAGs
[2026-07-23T16:50:18.412+0000] {logging_mixin.py:190} INFO - [2026-07-23T16:50:18.411+0000] {dag.py:4180} INFO - Setting next_dagrun for youtube_medallion_pipeline to None, run_after=None
[2026-07-23T16:50:18.444+0000] {processor.py:208} INFO - Processing /opt/airflow/dags/youtube_medallion_pipeline.py took 0.156 seconds
[2026-07-23T16:51:45.397+0000] {processor.py:186} INFO - Started process (PID=1727) to work on /opt/airflow/dags/youtube_medallion_pipeline.py
[2026-07-23T16:51:45.775+0000] {processor.py:914} INFO - Processing file /opt/airflow/dags/youtube_medallion_pipeline.py for tasks to queue
[2026-07-23T16:51:45.801+0000] {logging_mixin.py:190} INFO - [2026-07-23T16:51:45.798+0000] {dagbag.py:588} INFO - Filling up the DagBag from /opt/airflow/dags/youtube_medallion_pipeline.py
[2026-07-23T16:51:45.976+0000] {processor.py:925} INFO - DAG(s) 'youtube_medallion_pipeline' retrieved from /opt/airflow/dags/youtube_medallion_pipeline.py
[2026-07-23T16:51:46.319+0000] {logging_mixin.py:190} INFO - [2026-07-23T16:51:46.318+0000] {dag.py:3239} INFO - Sync 1 DAGs
[2026-07-23T16:51:46.515+0000] {logging_mixin.py:190} INFO - [2026-07-23T16:51:46.514+0000] {dag.py:4180} INFO - Setting next_dagrun for youtube_medallion_pipeline to None, run_after=None
[2026-07-23T16:51:47.172+0000] {processor.py:208} INFO - Processing /opt/airflow/dags/youtube_medallion_pipeline.py took 1.945 seconds
[2026-07-23T16:52:06.494+0000] {processor.py:186} INFO - Started process (PID=1738) to work on /opt/airflow/dags/youtube_medallion_pipeline.py
[2026-07-23T16:52:06.509+0000] {processor.py:914} INFO - Processing file /opt/airflow/dags/youtube_medallion_pipeline.py for tasks to queue
[2026-07-23T16:52:06.568+0000] {logging_mixin.py:190} INFO - [2026-07-23T16:52:06.553+0000] {dagbag.py:588} INFO - Filling up the DagBag from /opt/airflow/dags/youtube_medallion_pipeline.py
[2026-07-23T16:52:06.795+0000] {processor.py:925} INFO - DAG(s) 'youtube_medallion_pipeline' retrieved from /opt/airflow/dags/youtube_medallion_pipeline.py
[2026-07-23T16:52:07.004+0000] {logging_mixin.py:190} INFO - [2026-07-23T16:52:07.003+0000] {dag.py:3239} INFO - Sync 1 DAGs
[2026-07-23T16:52:07.116+0000] {logging_mixin.py:190} INFO - [2026-07-23T16:52:07.116+0000] {dag.py:4180} INFO - Setting next_dagrun for youtube_medallion_pipeline to None, run_after=None
[2026-07-23T16:52:07.208+0000] {processor.py:208} INFO - Processing /opt/airflow/dags/youtube_medallion_pipeline.py took 0.783 seconds
[2026-07-23T16:52:37.690+0000] {processor.py:186} INFO - Started process (PID=1743) to work on /opt/airflow/dags/youtube_medallion_pipeline.py
[2026-07-23T16:52:37.692+0000] {processor.py:914} INFO - Processing file /opt/airflow/dags/youtube_medallion_pipeline.py for tasks to queue
[2026-07-23T16:52:37.709+0000] {logging_mixin.py:190} INFO - [2026-07-23T16:52:37.707+0000] {dagbag.py:588} INFO - Filling up the DagBag from /opt/airflow/dags/youtube_medallion_pipeline.py
[2026-07-23T16:52:37.751+0000] {processor.py:925} INFO - DAG(s) 'youtube_medallion_pipeline' retrieved from /opt/airflow/dags/youtube_medallion_pipeline.py
[2026-07-23T16:52:37.843+0000] {logging_mixin.py:190} INFO - [2026-07-23T16:52:37.843+0000] {dag.py:3239} INFO - Sync 1 DAGs
[2026-07-23T16:52:37.961+0000] {logging_mixin.py:190} INFO - [2026-07-23T16:52:37.960+0000] {dag.py:4180} INFO - Setting next_dagrun for youtube_medallion_pipeline to None, run_after=None
[2026-07-23T16:52:38.020+0000] {processor.py:208} INFO - Processing /opt/airflow/dags/youtube_medallion_pipeline.py took 0.344 seconds
[2026-07-23T16:53:08.619+0000] {processor.py:186} INFO - Started process (PID=1748) to work on /opt/airflow/dags/youtube_medallion_pipeline.py
[2026-07-23T16:53:08.622+0000] {processor.py:914} INFO - Processing file /opt/airflow/dags/youtube_medallion_pipeline.py for tasks to queue
[2026-07-23T16:53:08.628+0000] {logging_mixin.py:190} INFO - [2026-07-23T16:53:08.627+0000] {dagbag.py:588} INFO - Filling up the DagBag from /opt/airflow/dags/youtube_medallion_pipeline.py
[2026-07-23T16:53:08.656+0000] {processor.py:925} INFO - DAG(s) 'youtube_medallion_pipeline' retrieved from /opt/airflow/dags/youtube_medallion_pipeline.py
[2026-07-23T16:53:08.706+0000] {logging_mixin.py:190} INFO - [2026-07-23T16:53:08.706+0000] {dag.py:3239} INFO - Sync 1 DAGs
[2026-07-23T16:53:08.729+0000] {logging_mixin.py:190} INFO - [2026-07-23T16:53:08.728+0000] {dag.py:4180} INFO - Setting next_dagrun for youtube_medallion_pipeline to None, run_after=None
[2026-07-23T16:53:08.761+0000] {processor.py:208} INFO - Processing /opt/airflow/dags/youtube_medallion_pipeline.py took 0.152 seconds
[2026-07-23T16:53:39.144+0000] {processor.py:186} INFO - Started process (PID=1753) to work on /opt/airflow/dags/youtube_medallion_pipeline.py
[2026-07-23T16:53:39.148+0000] {processor.py:914} INFO - Processing file /opt/airflow/dags/youtube_medallion_pipeline.py for tasks to queue
[2026-07-23T16:53:39.159+0000] {logging_mixin.py:190} INFO - [2026-07-23T16:53:39.157+0000] {dagbag.py:588} INFO - Filling up the DagBag from /opt/airflow/dags/youtube_medallion_pipeline.py
[2026-07-23T16:53:39.232+0000] {processor.py:925} INFO - DAG(s) 'youtube_medallion_pipeline' retrieved from /opt/airflow/dags/youtube_medallion_pipeline.py
[2026-07-23T16:53:39.397+0000] {logging_mixin.py:190} INFO - [2026-07-23T16:53:39.397+0000] {dag.py:3239} INFO - Sync 1 DAGs
[2026-07-23T16:53:39.467+0000] {logging_mixin.py:190} INFO - [2026-07-23T16:53:39.466+0000] {dag.py:4180} INFO - Setting next_dagrun for youtube_medallion_pipeline to None, run_after=None
[2026-07-23T16:53:39.527+0000] {processor.py:208} INFO - Processing /opt/airflow/dags/youtube_medallion_pipeline.py took 0.418 seconds
[2026-07-23T16:54:09.878+0000] {processor.py:186} INFO - Started process (PID=1758) to work on /opt/airflow/dags/youtube_medallion_pipeline.py
[2026-07-23T16:54:09.881+0000] {processor.py:914} INFO - Processing file /opt/airflow/dags/youtube_medallion_pipeline.py for tasks to queue
[2026-07-23T16:54:09.887+0000] {logging_mixin.py:190} INFO - [2026-07-23T16:54:09.886+0000] {dagbag.py:588} INFO - Filling up the DagBag from /opt/airflow/dags/youtube_medallion_pipeline.py
[2026-07-23T16:54:09.924+0000] {processor.py:925} INFO - DAG(s) 'youtube_medallion_pipeline' retrieved from /opt/airflow/dags/youtube_medallion_pipeline.py
[2026-07-23T16:54:10.122+0000] {logging_mixin.py:190} INFO - [2026-07-23T16:54:10.121+0000] {dag.py:3239} INFO - Sync 1 DAGs
[2026-07-23T16:54:10.226+0000] {logging_mixin.py:190} INFO - [2026-07-23T16:54:10.226+0000] {dag.py:4180} INFO - Setting next_dagrun for youtube_medallion_pipeline to None, run_after=None
[2026-07-23T16:54:10.334+0000] {processor.py:208} INFO - Processing /opt/airflow/dags/youtube_medallion_pipeline.py took 0.469 seconds
[2026-07-23T16:54:40.719+0000] {processor.py:186} INFO - Started process (PID=1763) to work on /opt/airflow/dags/youtube_medallion_pipeline.py
[2026-07-23T16:54:40.722+0000] {processor.py:914} INFO - Processing file /opt/airflow/dags/youtube_medallion_pipeline.py for tasks to queue
[2026-07-23T16:54:40.733+0000] {logging_mixin.py:190} INFO - [2026-07-23T16:54:40.732+0000] {dagbag.py:588} INFO - Filling up the DagBag from /opt/airflow/dags/youtube_medallion_pipeline.py
[2026-07-23T16:54:40.801+0000] {processor.py:925} INFO - DAG(s) 'youtube_medallion_pipeline' retrieved from /opt/airflow/dags/youtube_medallion_pipeline.py
[2026-07-23T16:54:41.446+0000] {logging_mixin.py:190} INFO - [2026-07-23T16:54:41.445+0000] {dag.py:3239} INFO - Sync 1 DAGs
[2026-07-23T16:54:41.825+0000] {logging_mixin.py:190} INFO - [2026-07-23T16:54:41.824+0000] {dag.py:4180} INFO - Setting next_dagrun for youtube_medallion_pipeline to None, run_after=None
[2026-07-23T16:54:42.025+0000] {processor.py:208} INFO - Processing /opt/airflow/dags/youtube_medallion_pipeline.py took 1.326 seconds
[2026-07-23T16:55:12.441+0000] {processor.py:186} INFO - Started process (PID=1768) to work on /opt/airflow/dags/youtube_medallion_pipeline.py
[2026-07-23T16:55:12.445+0000] {processor.py:914} INFO - Processing file /opt/airflow/dags/youtube_medallion_pipeline.py for tasks to queue
[2026-07-23T16:55:12.457+0000] {logging_mixin.py:190} INFO - [2026-07-23T16:55:12.455+0000] {dagbag.py:588} INFO - Filling up the DagBag from /opt/airflow/dags/youtube_medallion_pipeline.py
[2026-07-23T16:55:12.572+0000] {processor.py:925} INFO - DAG(s) 'youtube_medallion_pipeline' retrieved from /opt/airflow/dags/youtube_medallion_pipeline.py
[2026-07-23T16:55:12.673+0000] {logging_mixin.py:190} INFO - [2026-07-23T16:55:12.673+0000] {dag.py:3239} INFO - Sync 1 DAGs
[2026-07-23T16:55:12.705+0000] {logging_mixin.py:190} INFO - [2026-07-23T16:55:12.704+0000] {dag.py:4180} INFO - Setting next_dagrun for youtube_medallion_pipeline to None, run_after=None
[2026-07-23T16:55:12.743+0000] {processor.py:208} INFO - Processing /opt/airflow/dags/youtube_medallion_pipeline.py took 0.317 seconds
[2026-07-23T16:55:43.064+0000] {processor.py:186} INFO - Started process (PID=1773) to work on /opt/airflow/dags/youtube_medallion_pipeline.py
[2026-07-23T16:55:43.069+0000] {processor.py:914} INFO - Processing file /opt/airflow/dags/youtube_medallion_pipeline.py for tasks to queue
[2026-07-23T16:55:43.080+0000] {logging_mixin.py:190} INFO - [2026-07-23T16:55:43.077+0000] {dagbag.py:588} INFO - Filling up the DagBag from /opt/airflow/dags/youtube_medallion_pipeline.py
[2026-07-23T16:55:43.128+0000] {processor.py:925} INFO - DAG(s) 'youtube_medallion_pipeline' retrieved from /opt/airflow/dags/youtube_medallion_pipeline.py
[2026-07-23T16:55:43.209+0000] {logging_mixin.py:190} INFO - [2026-07-23T16:55:43.208+0000] {dag.py:3239} INFO - Sync 1 DAGs
[2026-07-23T16:55:43.256+0000] {logging_mixin.py:190} INFO - [2026-07-23T16:55:43.255+0000] {dag.py:4180} INFO - Setting next_dagrun for youtube_medallion_pipeline to None, run_after=None
[2026-07-23T16:55:43.309+0000] {processor.py:208} INFO - Processing /opt/airflow/dags/youtube_medallion_pipeline.py took 0.256 seconds
[2026-07-23T16:56:13.665+0000] {processor.py:186} INFO - Started process (PID=1778) to work on /opt/airflow/dags/youtube_medallion_pipeline.py
[2026-07-23T16:56:13.668+0000] {processor.py:914} INFO - Processing file /opt/airflow/dags/youtube_medallion_pipeline.py for tasks to queue
[2026-07-23T16:56:13.675+0000] {logging_mixin.py:190} INFO - [2026-07-23T16:56:13.674+0000] {dagbag.py:588} INFO - Filling up the DagBag from /opt/airflow/dags/youtube_medallion_pipeline.py
[2026-07-23T16:56:13.707+0000] {processor.py:925} INFO - DAG(s) 'youtube_medallion_pipeline' retrieved from /opt/airflow/dags/youtube_medallion_pipeline.py
[2026-07-23T16:56:13.766+0000] {logging_mixin.py:190} INFO - [2026-07-23T16:56:13.765+0000] {dag.py:3239} INFO - Sync 1 DAGs
[2026-07-23T16:56:13.790+0000] {logging_mixin.py:190} INFO - [2026-07-23T16:56:13.789+0000] {dag.py:4180} INFO - Setting next_dagrun for youtube_medallion_pipeline to None, run_after=None
[2026-07-23T16:56:13.827+0000] {processor.py:208} INFO - Processing /opt/airflow/dags/youtube_medallion_pipeline.py took 0.179 seconds
[2026-07-23T16:56:43.963+0000] {processor.py:186} INFO - Started process (PID=1783) to work on /opt/airflow/dags/youtube_medallion_pipeline.py
[2026-07-23T16:56:43.967+0000] {processor.py:914} INFO - Processing file /opt/airflow/dags/youtube_medallion_pipeline.py for tasks to queue
[2026-07-23T16:56:43.976+0000] {logging_mixin.py:190} INFO - [2026-07-23T16:56:43.975+0000] {dagbag.py:588} INFO - Filling up the DagBag from /opt/airflow/dags/youtube_medallion_pipeline.py
[2026-07-23T16:56:44.018+0000] {processor.py:925} INFO - DAG(s) 'youtube_medallion_pipeline' retrieved from /opt/airflow/dags/youtube_medallion_pipeline.py
[2026-07-23T16:56:44.098+0000] {logging_mixin.py:190} INFO - [2026-07-23T16:56:44.098+0000] {dag.py:3239} INFO - Sync 1 DAGs
[2026-07-23T16:56:44.138+0000] {logging_mixin.py:190} INFO - [2026-07-23T16:56:44.138+0000] {dag.py:4180} INFO - Setting next_dagrun for youtube_medallion_pipeline to None, run_after=None
[2026-07-23T16:56:44.185+0000] {processor.py:208} INFO - Processing /opt/airflow/dags/youtube_medallion_pipeline.py took 0.241 seconds
[2026-07-23T16:57:14.510+0000] {processor.py:186} INFO - Started process (PID=1788) to work on /opt/airflow/dags/youtube_medallion_pipeline.py
[2026-07-23T16:57:14.513+0000] {processor.py:914} INFO - Processing file /opt/airflow/dags/youtube_medallion_pipeline.py for tasks to queue
[2026-07-23T16:57:14.520+0000] {logging_mixin.py:190} INFO - [2026-07-23T16:57:14.519+0000] {dagbag.py:588} INFO - Filling up the DagBag from /opt/airflow/dags/youtube_medallion_pipeline.py
[2026-07-23T16:57:14.559+0000] {processor.py:925} INFO - DAG(s) 'youtube_medallion_pipeline' retrieved from /opt/airflow/dags/youtube_medallion_pipeline.py
[2026-07-23T16:57:14.615+0000] {logging_mixin.py:190} INFO - [2026-07-23T16:57:14.615+0000] {dag.py:3239} INFO - Sync 1 DAGs
[2026-07-23T16:57:14.643+0000] {logging_mixin.py:190} INFO - [2026-07-23T16:57:14.643+0000] {dag.py:4180} INFO - Setting next_dagrun for youtube_medallion_pipeline to None, run_after=None
[2026-07-23T16:57:14.677+0000] {processor.py:208} INFO - Processing /opt/airflow/dags/youtube_medallion_pipeline.py took 0.178 seconds
[2026-07-23T16:57:44.843+0000] {processor.py:186} INFO - Started process (PID=1793) to work on /opt/airflow/dags/youtube_medallion_pipeline.py
[2026-07-23T16:57:44.846+0000] {processor.py:914} INFO - Processing file /opt/airflow/dags/youtube_medallion_pipeline.py for tasks to queue
[2026-07-23T16:57:44.850+0000] {logging_mixin.py:190} INFO - [2026-07-23T16:57:44.849+0000] {dagbag.py:588} INFO - Filling up the DagBag from /opt/airflow/dags/youtube_medallion_pipeline.py
[2026-07-23T16:57:44.876+0000] {processor.py:925} INFO - DAG(s) 'youtube_medallion_pipeline' retrieved from /opt/airflow/dags/youtube_medallion_pipeline.py
[2026-07-23T16:57:44.930+0000] {logging_mixin.py:190} INFO - [2026-07-23T16:57:44.930+0000] {dag.py:3239} INFO - Sync 1 DAGs
[2026-07-23T16:57:44.953+0000] {logging_mixin.py:190} INFO - [2026-07-23T16:57:44.953+0000] {dag.py:4180} INFO - Setting next_dagrun for youtube_medallion_pipeline to None, run_after=None
[2026-07-23T16:57:44.989+0000] {processor.py:208} INFO - Processing /opt/airflow/dags/youtube_medallion_pipeline.py took 0.156 seconds
[2026-07-23T16:58:15.345+0000] {processor.py:186} INFO - Started process (PID=1798) to work on /opt/airflow/dags/youtube_medallion_pipeline.py
[2026-07-23T16:58:15.347+0000] {processor.py:914} INFO - Processing file /opt/airflow/dags/youtube_medallion_pipeline.py for tasks to queue
[2026-07-23T16:58:15.352+0000] {logging_mixin.py:190} INFO - [2026-07-23T16:58:15.351+0000] {dagbag.py:588} INFO - Filling up the DagBag from /opt/airflow/dags/youtube_medallion_pipeline.py
[2026-07-23T16:58:15.382+0000] {processor.py:925} INFO - DAG(s) 'youtube_medallion_pipeline' retrieved from /opt/airflow/dags/youtube_medallion_pipeline.py
[2026-07-23T16:58:15.430+0000] {logging_mixin.py:190} INFO - [2026-07-23T16:58:15.430+0000] {dag.py:3239} INFO - Sync 1 DAGs
[2026-07-23T16:58:15.452+0000] {logging_mixin.py:190} INFO - [2026-07-23T16:58:15.452+0000] {dag.py:4180} INFO - Setting next_dagrun for youtube_medallion_pipeline to None, run_after=None
[2026-07-23T16:58:15.488+0000] {processor.py:208} INFO - Processing /opt/airflow/dags/youtube_medallion_pipeline.py took 0.151 seconds
[2026-07-23T16:58:45.691+0000] {processor.py:186} INFO - Started process (PID=1803) to work on /opt/airflow/dags/youtube_medallion_pipeline.py
[2026-07-23T16:58:45.696+0000] {processor.py:914} INFO - Processing file /opt/airflow/dags/youtube_medallion_pipeline.py for tasks to queue
[2026-07-23T16:58:45.708+0000] {logging_mixin.py:190} INFO - [2026-07-23T16:58:45.707+0000] {dagbag.py:588} INFO - Filling up the DagBag from /opt/airflow/dags/youtube_medallion_pipeline.py
[2026-07-23T16:58:45.859+0000] {processor.py:925} INFO - DAG(s) 'youtube_medallion_pipeline' retrieved from /opt/airflow/dags/youtube_medallion_pipeline.py
[2026-07-23T16:58:46.012+0000] {logging_mixin.py:190} INFO - [2026-07-23T16:58:46.011+0000] {dag.py:3239} INFO - Sync 1 DAGs
[2026-07-23T16:58:46.033+0000] {logging_mixin.py:190} INFO - [2026-07-23T16:58:46.032+0000] {dag.py:4180} INFO - Setting next_dagrun for youtube_medallion_pipeline to None, run_after=None
[2026-07-23T16:58:46.066+0000] {processor.py:208} INFO - Processing /opt/airflow/dags/youtube_medallion_pipeline.py took 0.394 seconds
[2026-07-23T16:59:16.460+0000] {processor.py:186} INFO - Started process (PID=1808) to work on /opt/airflow/dags/youtube_medallion_pipeline.py
[2026-07-23T16:59:16.463+0000] {processor.py:914} INFO - Processing file /opt/airflow/dags/youtube_medallion_pipeline.py for tasks to queue
[2026-07-23T16:59:16.470+0000] {logging_mixin.py:190} INFO - [2026-07-23T16:59:16.469+0000] {dagbag.py:588} INFO - Filling up the DagBag from /opt/airflow/dags/youtube_medallion_pipeline.py
[2026-07-23T16:59:16.516+0000] {processor.py:925} INFO - DAG(s) 'youtube_medallion_pipeline' retrieved from /opt/airflow/dags/youtube_medallion_pipeline.py
[2026-07-23T16:59:16.719+0000] {logging_mixin.py:190} INFO - [2026-07-23T16:59:16.718+0000] {dag.py:3239} INFO - Sync 1 DAGs
[2026-07-23T16:59:16.772+0000] {logging_mixin.py:190} INFO - [2026-07-23T16:59:16.771+0000] {dag.py:4180} INFO - Setting next_dagrun for youtube_medallion_pipeline to None, run_after=None
[2026-07-23T16:59:16.834+0000] {processor.py:208} INFO - Processing /opt/airflow/dags/youtube_medallion_pipeline.py took 0.397 seconds
[2026-07-23T16:59:47.230+0000] {processor.py:186} INFO - Started process (PID=1813) to work on /opt/airflow/dags/youtube_medallion_pipeline.py
[2026-07-23T16:59:47.431+0000] {processor.py:914} INFO - Processing file /opt/airflow/dags/youtube_medallion_pipeline.py for tasks to queue
[2026-07-23T16:59:47.437+0000] {logging_mixin.py:190} INFO - [2026-07-23T16:59:47.436+0000] {dagbag.py:588} INFO - Filling up the DagBag from /opt/airflow/dags/youtube_medallion_pipeline.py
[2026-07-23T16:59:47.471+0000] {processor.py:925} INFO - DAG(s) 'youtube_medallion_pipeline' retrieved from /opt/airflow/dags/youtube_medallion_pipeline.py
[2026-07-23T16:59:47.522+0000] {logging_mixin.py:190} INFO - [2026-07-23T16:59:47.521+0000] {dag.py:3239} INFO - Sync 1 DAGs
[2026-07-23T16:59:47.547+0000] {logging_mixin.py:190} INFO - [2026-07-23T16:59:47.546+0000] {dag.py:4180} INFO - Setting next_dagrun for youtube_medallion_pipeline to None, run_after=None
[2026-07-23T16:59:47.588+0000] {processor.py:208} INFO - Processing /opt/airflow/dags/youtube_medallion_pipeline.py took 0.365 seconds
[2026-07-23T17:00:20.741+0000] {processor.py:186} INFO - Started process (PID=1818) to work on /opt/airflow/dags/youtube_medallion_pipeline.py
[2026-07-23T17:00:20.746+0000] {processor.py:914} INFO - Processing file /opt/airflow/dags/youtube_medallion_pipeline.py for tasks to queue
[2026-07-23T17:00:20.766+0000] {logging_mixin.py:190} INFO - [2026-07-23T17:00:20.764+0000] {dagbag.py:588} INFO - Filling up the DagBag from /opt/airflow/dags/youtube_medallion_pipeline.py
[2026-07-23T17:00:21.668+0000] {processor.py:925} INFO - DAG(s) 'youtube_medallion_pipeline' retrieved from /opt/airflow/dags/youtube_medallion_pipeline.py
[2026-07-23T17:00:22.028+0000] {logging_mixin.py:190} INFO - [2026-07-23T17:00:22.027+0000] {dag.py:3239} INFO - Sync 1 DAGs
[2026-07-23T17:00:22.134+0000] {logging_mixin.py:190} INFO - [2026-07-23T17:00:22.133+0000] {dag.py:4180} INFO - Setting next_dagrun for youtube_medallion_pipeline to None, run_after=None
[2026-07-23T17:00:22.244+0000] {processor.py:208} INFO - Processing /opt/airflow/dags/youtube_medallion_pipeline.py took 4.452 seconds
[2026-07-23T17:00:54.296+0000] {processor.py:186} INFO - Started process (PID=1823) to work on /opt/airflow/dags/youtube_medallion_pipeline.py
[2026-07-23T17:00:54.335+0000] {processor.py:914} INFO - Processing file /opt/airflow/dags/youtube_medallion_pipeline.py for tasks to queue
[2026-07-23T17:00:54.339+0000] {logging_mixin.py:190} INFO - [2026-07-23T17:00:54.339+0000] {dagbag.py:588} INFO - Filling up the DagBag from /opt/airflow/dags/youtube_medallion_pipeline.py
[2026-07-23T17:00:55.448+0000] {processor.py:925} INFO - DAG(s) 'youtube_medallion_pipeline' retrieved from /opt/airflow/dags/youtube_medallion_pipeline.py
[2026-07-23T17:00:57.171+0000] {logging_mixin.py:190} INFO - [2026-07-23T17:00:57.171+0000] {dag.py:3239} INFO - Sync 1 DAGs
[2026-07-23T17:00:57.508+0000] {logging_mixin.py:190} INFO - [2026-07-23T17:00:57.507+0000] {dag.py:4180} INFO - Setting next_dagrun for youtube_medallion_pipeline to None, run_after=None
[2026-07-23T17:00:57.599+0000] {processor.py:208} INFO - Processing /opt/airflow/dags/youtube_medallion_pipeline.py took 3.311 seconds
[2026-07-23T17:01:27.867+0000] {processor.py:186} INFO - Started process (PID=1828) to work on /opt/airflow/dags/youtube_medallion_pipeline.py
[2026-07-23T17:01:27.869+0000] {processor.py:914} INFO - Processing file /opt/airflow/dags/youtube_medallion_pipeline.py for tasks to queue
[2026-07-23T17:01:27.875+0000] {logging_mixin.py:190} INFO - [2026-07-23T17:01:27.874+0000] {dagbag.py:588} INFO - Filling up the DagBag from /opt/airflow/dags/youtube_medallion_pipeline.py
[2026-07-23T17:01:27.901+0000] {processor.py:925} INFO - DAG(s) 'youtube_medallion_pipeline' retrieved from /opt/airflow/dags/youtube_medallion_pipeline.py
[2026-07-23T17:01:27.949+0000] {logging_mixin.py:190} INFO - [2026-07-23T17:01:27.949+0000] {dag.py:3239} INFO - Sync 1 DAGs
[2026-07-23T17:01:27.978+0000] {logging_mixin.py:190} INFO - [2026-07-23T17:01:27.977+0000] {dag.py:4180} INFO - Setting next_dagrun for youtube_medallion_pipeline to None, run_after=None
[2026-07-23T17:01:28.009+0000] {processor.py:208} INFO - Processing /opt/airflow/dags/youtube_medallion_pipeline.py took 0.150 seconds
[2026-07-23T17:01:58.192+0000] {processor.py:186} INFO - Started process (PID=1833) to work on /opt/airflow/dags/youtube_medallion_pipeline.py
[2026-07-23T17:01:58.194+0000] {processor.py:914} INFO - Processing file /opt/airflow/dags/youtube_medallion_pipeline.py for tasks to queue
[2026-07-23T17:01:58.198+0000] {logging_mixin.py:190} INFO - [2026-07-23T17:01:58.197+0000] {dagbag.py:588} INFO - Filling up the DagBag from /opt/airflow/dags/youtube_medallion_pipeline.py
[2026-07-23T17:01:58.227+0000] {processor.py:925} INFO - DAG(s) 'youtube_medallion_pipeline' retrieved from /opt/airflow/dags/youtube_medallion_pipeline.py
[2026-07-23T17:01:58.279+0000] {logging_mixin.py:190} INFO - [2026-07-23T17:01:58.279+0000] {dag.py:3239} INFO - Sync 1 DAGs
[2026-07-23T17:01:58.303+0000] {logging_mixin.py:190} INFO - [2026-07-23T17:01:58.302+0000] {dag.py:4180} INFO - Setting next_dagrun for youtube_medallion_pipeline to None, run_after=None
[2026-07-23T17:01:58.337+0000] {processor.py:208} INFO - Processing /opt/airflow/dags/youtube_medallion_pipeline.py took 0.155 seconds
[2026-07-23T17:02:28.671+0000] {processor.py:186} INFO - Started process (PID=1838) to work on /opt/airflow/dags/youtube_medallion_pipeline.py
[2026-07-23T17:02:28.673+0000] {processor.py:914} INFO - Processing file /opt/airflow/dags/youtube_medallion_pipeline.py for tasks to queue
[2026-07-23T17:02:28.678+0000] {logging_mixin.py:190} INFO - [2026-07-23T17:02:28.677+0000] {dagbag.py:588} INFO - Filling up the DagBag from /opt/airflow/dags/youtube_medallion_pipeline.py
[2026-07-23T17:02:28.704+0000] {processor.py:925} INFO - DAG(s) 'youtube_medallion_pipeline' retrieved from /opt/airflow/dags/youtube_medallion_pipeline.py
[2026-07-23T17:02:28.766+0000] {logging_mixin.py:190} INFO - [2026-07-23T17:02:28.766+0000] {dag.py:3239} INFO - Sync 1 DAGs
[2026-07-23T17:02:28.790+0000] {logging_mixin.py:190} INFO - [2026-07-23T17:02:28.790+0000] {dag.py:4180} INFO - Setting next_dagrun for youtube_medallion_pipeline to None, run_after=None
[2026-07-23T17:02:28.834+0000] {processor.py:208} INFO - Processing /opt/airflow/dags/youtube_medallion_pipeline.py took 0.172 seconds
[2026-07-23T17:02:58.984+0000] {processor.py:186} INFO - Started process (PID=1843) to work on /opt/airflow/dags/youtube_medallion_pipeline.py
[2026-07-23T17:02:58.986+0000] {processor.py:914} INFO - Processing file /opt/airflow/dags/youtube_medallion_pipeline.py for tasks to queue
[2026-07-23T17:02:58.993+0000] {logging_mixin.py:190} INFO - [2026-07-23T17:02:58.992+0000] {dagbag.py:588} INFO - Filling up the DagBag from /opt/airflow/dags/youtube_medallion_pipeline.py
[2026-07-23T17:02:59.104+0000] {processor.py:925} INFO - DAG(s) 'youtube_medallion_pipeline' retrieved from /opt/airflow/dags/youtube_medallion_pipeline.py
[2026-07-23T17:02:59.152+0000] {logging_mixin.py:190} INFO - [2026-07-23T17:02:59.152+0000] {dag.py:3239} INFO - Sync 1 DAGs
[2026-07-23T17:02:59.174+0000] {logging_mixin.py:190} INFO - [2026-07-23T17:02:59.174+0000] {dag.py:4180} INFO - Setting next_dagrun for youtube_medallion_pipeline to None, run_after=None
[2026-07-23T17:02:59.213+0000] {processor.py:208} INFO - Processing /opt/airflow/dags/youtube_medallion_pipeline.py took 0.238 seconds
[2026-07-23T17:03:29.646+0000] {processor.py:186} INFO - Started process (PID=1848) to work on /opt/airflow/dags/youtube_medallion_pipeline.py
[2026-07-23T17:03:29.652+0000] {processor.py:914} INFO - Processing file /opt/airflow/dags/youtube_medallion_pipeline.py for tasks to queue
[2026-07-23T17:03:29.685+0000] {logging_mixin.py:190} INFO - [2026-07-23T17:03:29.681+0000] {dagbag.py:588} INFO - Filling up the DagBag from /opt/airflow/dags/youtube_medallion_pipeline.py
[2026-07-23T17:03:29.785+0000] {processor.py:925} INFO - DAG(s) 'youtube_medallion_pipeline' retrieved from /opt/airflow/dags/youtube_medallion_pipeline.py
[2026-07-23T17:03:29.886+0000] {logging_mixin.py:190} INFO - [2026-07-23T17:03:29.886+0000] {dag.py:3239} INFO - Sync 1 DAGs
[2026-07-23T17:03:29.925+0000] {logging_mixin.py:190} INFO - [2026-07-23T17:03:29.925+0000] {dag.py:4180} INFO - Setting next_dagrun for youtube_medallion_pipeline to None, run_after=None
[2026-07-23T17:03:30.026+0000] {processor.py:208} INFO - Processing /opt/airflow/dags/youtube_medallion_pipeline.py took 0.505 seconds
[2026-07-23T17:04:00.375+0000] {processor.py:186} INFO - Started process (PID=1853) to work on /opt/airflow/dags/youtube_medallion_pipeline.py
[2026-07-23T17:04:00.378+0000] {processor.py:914} INFO - Processing file /opt/airflow/dags/youtube_medallion_pipeline.py for tasks to queue
[2026-07-23T17:04:00.384+0000] {logging_mixin.py:190} INFO - [2026-07-23T17:04:00.383+0000] {dagbag.py:588} INFO - Filling up the DagBag from /opt/airflow/dags/youtube_medallion_pipeline.py
[2026-07-23T17:04:00.418+0000] {processor.py:925} INFO - DAG(s) 'youtube_medallion_pipeline' retrieved from /opt/airflow/dags/youtube_medallion_pipeline.py
[2026-07-23T17:04:00.484+0000] {logging_mixin.py:190} INFO - [2026-07-23T17:04:00.484+0000] {dag.py:3239} INFO - Sync 1 DAGs
[2026-07-23T17:04:00.515+0000] {logging_mixin.py:190} INFO - [2026-07-23T17:04:00.514+0000] {dag.py:4180} INFO - Setting next_dagrun for youtube_medallion_pipeline to None, run_after=None
[2026-07-23T17:04:00.580+0000] {processor.py:208} INFO - Processing /opt/airflow/dags/youtube_medallion_pipeline.py took 0.216 seconds
[2026-07-23T17:04:30.901+0000] {processor.py:186} INFO - Started process (PID=1858) to work on /opt/airflow/dags/youtube_medallion_pipeline.py
[2026-07-23T17:04:30.903+0000] {processor.py:914} INFO - Processing file /opt/airflow/dags/youtube_medallion_pipeline.py for tasks to queue
[2026-07-23T17:04:30.908+0000] {logging_mixin.py:190} INFO - [2026-07-23T17:04:30.907+0000] {dagbag.py:588} INFO - Filling up the DagBag from /opt/airflow/dags/youtube_medallion_pipeline.py
[2026-07-23T17:04:30.939+0000] {processor.py:925} INFO - DAG(s) 'youtube_medallion_pipeline' retrieved from /opt/airflow/dags/youtube_medallion_pipeline.py
[2026-07-23T17:04:30.983+0000] {logging_mixin.py:190} INFO - [2026-07-23T17:04:30.982+0000] {dag.py:3239} INFO - Sync 1 DAGs
[2026-07-23T17:04:31.005+0000] {logging_mixin.py:190} INFO - [2026-07-23T17:04:31.004+0000] {dag.py:4180} INFO - Setting next_dagrun for youtube_medallion_pipeline to None, run_after=None
[2026-07-23T17:04:31.036+0000] {processor.py:208} INFO - Processing /opt/airflow/dags/youtube_medallion_pipeline.py took 0.144 seconds
[2026-07-23T17:05:01.194+0000] {processor.py:186} INFO - Started process (PID=1863) to work on /opt/airflow/dags/youtube_medallion_pipeline.py
[2026-07-23T17:05:01.197+0000] {processor.py:914} INFO - Processing file /opt/airflow/dags/youtube_medallion_pipeline.py for tasks to queue
[2026-07-23T17:05:01.202+0000] {logging_mixin.py:190} INFO - [2026-07-23T17:05:01.201+0000] {dagbag.py:588} INFO - Filling up the DagBag from /opt/airflow/dags/youtube_medallion_pipeline.py
[2026-07-23T17:05:01.231+0000] {processor.py:925} INFO - DAG(s) 'youtube_medallion_pipeline' retrieved from /opt/airflow/dags/youtube_medallion_pipeline.py
[2026-07-23T17:05:01.281+0000] {logging_mixin.py:190} INFO - [2026-07-23T17:05:01.281+0000] {dag.py:3239} INFO - Sync 1 DAGs
[2026-07-23T17:05:01.306+0000] {logging_mixin.py:190} INFO - [2026-07-23T17:05:01.305+0000] {dag.py:4180} INFO - Setting next_dagrun for youtube_medallion_pipeline to None, run_after=None
[2026-07-23T17:05:01.356+0000] {processor.py:208} INFO - Processing /opt/airflow/dags/youtube_medallion_pipeline.py took 0.169 seconds
[2026-07-23T17:05:31.616+0000] {processor.py:186} INFO - Started process (PID=1868) to work on /opt/airflow/dags/youtube_medallion_pipeline.py
[2026-07-23T17:05:31.619+0000] {processor.py:914} INFO - Processing file /opt/airflow/dags/youtube_medallion_pipeline.py for tasks to queue
[2026-07-23T17:05:31.624+0000] {logging_mixin.py:190} INFO - [2026-07-23T17:05:31.623+0000] {dagbag.py:588} INFO - Filling up the DagBag from /opt/airflow/dags/youtube_medallion_pipeline.py
[2026-07-23T17:05:31.653+0000] {processor.py:925} INFO - DAG(s) 'youtube_medallion_pipeline' retrieved from /opt/airflow/dags/youtube_medallion_pipeline.py
[2026-07-23T17:05:31.699+0000] {logging_mixin.py:190} INFO - [2026-07-23T17:05:31.699+0000] {dag.py:3239} INFO - Sync 1 DAGs
[2026-07-23T17:05:31.727+0000] {logging_mixin.py:190} INFO - [2026-07-23T17:05:31.726+0000] {dag.py:4180} INFO - Setting next_dagrun for youtube_medallion_pipeline to None, run_after=None
[2026-07-23T17:05:31.774+0000] {processor.py:208} INFO - Processing /opt/airflow/dags/youtube_medallion_pipeline.py took 0.166 seconds
[2026-07-23T17:06:01.960+0000] {processor.py:186} INFO - Started process (PID=1873) to work on /opt/airflow/dags/youtube_medallion_pipeline.py
[2026-07-23T17:06:01.963+0000] {processor.py:914} INFO - Processing file /opt/airflow/dags/youtube_medallion_pipeline.py for tasks to queue
[2026-07-23T17:06:01.967+0000] {logging_mixin.py:190} INFO - [2026-07-23T17:06:01.966+0000] {dagbag.py:588} INFO - Filling up the DagBag from /opt/airflow/dags/youtube_medallion_pipeline.py
[2026-07-23T17:06:01.992+0000] {processor.py:925} INFO - DAG(s) 'youtube_medallion_pipeline' retrieved from /opt/airflow/dags/youtube_medallion_pipeline.py
[2026-07-23T17:06:02.040+0000] {logging_mixin.py:190} INFO - [2026-07-23T17:06:02.040+0000] {dag.py:3239} INFO - Sync 1 DAGs
[2026-07-23T17:06:02.065+0000] {logging_mixin.py:190} INFO - [2026-07-23T17:06:02.065+0000] {dag.py:4180} INFO - Setting next_dagrun for youtube_medallion_pipeline to None, run_after=None
[2026-07-23T17:06:02.101+0000] {processor.py:208} INFO - Processing /opt/airflow/dags/youtube_medallion_pipeline.py took 0.148 seconds
[2026-07-23T17:06:32.424+0000] {processor.py:186} INFO - Started process (PID=1878) to work on /opt/airflow/dags/youtube_medallion_pipeline.py
[2026-07-23T17:06:32.426+0000] {processor.py:914} INFO - Processing file /opt/airflow/dags/youtube_medallion_pipeline.py for tasks to queue
[2026-07-23T17:06:32.433+0000] {logging_mixin.py:190} INFO - [2026-07-23T17:06:32.432+0000] {dagbag.py:588} INFO - Filling up the DagBag from /opt/airflow/dags/youtube_medallion_pipeline.py
[2026-07-23T17:06:32.469+0000] {processor.py:925} INFO - DAG(s) 'youtube_medallion_pipeline' retrieved from /opt/airflow/dags/youtube_medallion_pipeline.py
[2026-07-23T17:06:32.527+0000] {logging_mixin.py:190} INFO - [2026-07-23T17:06:32.527+0000] {dag.py:3239} INFO - Sync 1 DAGs
[2026-07-23T17:06:32.553+0000] {logging_mixin.py:190} INFO - [2026-07-23T17:06:32.552+0000] {dag.py:4180} INFO - Setting next_dagrun for youtube_medallion_pipeline to None, run_after=None
[2026-07-23T17:06:32.587+0000] {processor.py:208} INFO - Processing /opt/airflow/dags/youtube_medallion_pipeline.py took 0.176 seconds
[2026-07-23T17:07:02.724+0000] {processor.py:186} INFO - Started process (PID=1883) to work on /opt/airflow/dags/youtube_medallion_pipeline.py
[2026-07-23T17:07:02.727+0000] {processor.py:914} INFO - Processing file /opt/airflow/dags/youtube_medallion_pipeline.py for tasks to queue
[2026-07-23T17:07:02.737+0000] {logging_mixin.py:190} INFO - [2026-07-23T17:07:02.736+0000] {dagbag.py:588} INFO - Filling up the DagBag from /opt/airflow/dags/youtube_medallion_pipeline.py
[2026-07-23T17:07:02.804+0000] {processor.py:925} INFO - DAG(s) 'youtube_medallion_pipeline' retrieved from /opt/airflow/dags/youtube_medallion_pipeline.py
[2026-07-23T17:07:02.859+0000] {logging_mixin.py:190} INFO - [2026-07-23T17:07:02.859+0000] {dag.py:3239} INFO - Sync 1 DAGs
[2026-07-23T17:07:02.880+0000] {logging_mixin.py:190} INFO - [2026-07-23T17:07:02.879+0000] {dag.py:4180} INFO - Setting next_dagrun for youtube_medallion_pipeline to None, run_after=None
[2026-07-23T17:07:02.908+0000] {processor.py:208} INFO - Processing /opt/airflow/dags/youtube_medallion_pipeline.py took 0.199 seconds
[2026-07-23T17:07:33.226+0000] {processor.py:186} INFO - Started process (PID=1888) to work on /opt/airflow/dags/youtube_medallion_pipeline.py
[2026-07-23T17:07:33.229+0000] {processor.py:914} INFO - Processing file /opt/airflow/dags/youtube_medallion_pipeline.py for tasks to queue
[2026-07-23T17:07:33.234+0000] {logging_mixin.py:190} INFO - [2026-07-23T17:07:33.233+0000] {dagbag.py:588} INFO - Filling up the DagBag from /opt/airflow/dags/youtube_medallion_pipeline.py
[2026-07-23T17:07:33.262+0000] {processor.py:925} INFO - DAG(s) 'youtube_medallion_pipeline' retrieved from /opt/airflow/dags/youtube_medallion_pipeline.py
[2026-07-23T17:07:33.308+0000] {logging_mixin.py:190} INFO - [2026-07-23T17:07:33.307+0000] {dag.py:3239} INFO - Sync 1 DAGs
[2026-07-23T17:07:33.332+0000] {logging_mixin.py:190} INFO - [2026-07-23T17:07:33.332+0000] {dag.py:4180} INFO - Setting next_dagrun for youtube_medallion_pipeline to None, run_after=None
[2026-07-23T17:07:33.368+0000] {processor.py:208} INFO - Processing /opt/airflow/dags/youtube_medallion_pipeline.py took 0.150 seconds
[2026-07-23T17:08:03.604+0000] {processor.py:186} INFO - Started process (PID=1893) to work on /opt/airflow/dags/youtube_medallion_pipeline.py
[2026-07-23T17:08:03.606+0000] {processor.py:914} INFO - Processing file /opt/airflow/dags/youtube_medallion_pipeline.py for tasks to queue
[2026-07-23T17:08:03.612+0000] {logging_mixin.py:190} INFO - [2026-07-23T17:08:03.611+0000] {dagbag.py:588} INFO - Filling up the DagBag from /opt/airflow/dags/youtube_medallion_pipeline.py
[2026-07-23T17:08:03.656+0000] {processor.py:925} INFO - DAG(s) 'youtube_medallion_pipeline' retrieved from /opt/airflow/dags/youtube_medallion_pipeline.py
[2026-07-23T17:08:03.754+0000] {logging_mixin.py:190} INFO - [2026-07-23T17:08:03.754+0000] {dag.py:3239} INFO - Sync 1 DAGs
[2026-07-23T17:08:03.787+0000] {logging_mixin.py:190} INFO - [2026-07-23T17:08:03.786+0000] {dag.py:4180} INFO - Setting next_dagrun for youtube_medallion_pipeline to None, run_after=None
[2026-07-23T17:08:03.860+0000] {processor.py:208} INFO - Processing /opt/airflow/dags/youtube_medallion_pipeline.py took 0.271 seconds
[2026-07-23T17:08:34.144+0000] {processor.py:186} INFO - Started process (PID=1898) to work on /opt/airflow/dags/youtube_medallion_pipeline.py
[2026-07-23T17:08:34.147+0000] {processor.py:914} INFO - Processing file /opt/airflow/dags/youtube_medallion_pipeline.py for tasks to queue
[2026-07-23T17:08:34.154+0000] {logging_mixin.py:190} INFO - [2026-07-23T17:08:34.153+0000] {dagbag.py:588} INFO - Filling up the DagBag from /opt/airflow/dags/youtube_medallion_pipeline.py
[2026-07-23T17:08:34.198+0000] {processor.py:925} INFO - DAG(s) 'youtube_medallion_pipeline' retrieved from /opt/airflow/dags/youtube_medallion_pipeline.py
[2026-07-23T17:08:34.263+0000] {logging_mixin.py:190} INFO - [2026-07-23T17:08:34.263+0000] {dag.py:3239} INFO - Sync 1 DAGs
[2026-07-23T17:08:34.303+0000] {logging_mixin.py:190} INFO - [2026-07-23T17:08:34.303+0000] {dag.py:4180} INFO - Setting next_dagrun for youtube_medallion_pipeline to None, run_after=None
[2026-07-23T17:08:34.358+0000] {processor.py:208} INFO - Processing /opt/airflow/dags/youtube_medallion_pipeline.py took 0.233 seconds
[2026-07-23T17:09:04.553+0000] {processor.py:186} INFO - Started process (PID=1903) to work on /opt/airflow/dags/youtube_medallion_pipeline.py
[2026-07-23T17:09:04.556+0000] {processor.py:914} INFO - Processing file /opt/airflow/dags/youtube_medallion_pipeline.py for tasks to queue
[2026-07-23T17:09:04.560+0000] {logging_mixin.py:190} INFO - [2026-07-23T17:09:04.559+0000] {dagbag.py:588} INFO - Filling up the DagBag from /opt/airflow/dags/youtube_medallion_pipeline.py
[2026-07-23T17:09:04.586+0000] {processor.py:925} INFO - DAG(s) 'youtube_medallion_pipeline' retrieved from /opt/airflow/dags/youtube_medallion_pipeline.py
[2026-07-23T17:09:04.634+0000] {logging_mixin.py:190} INFO - [2026-07-23T17:09:04.633+0000] {dag.py:3239} INFO - Sync 1 DAGs
[2026-07-23T17:09:04.655+0000] {logging_mixin.py:190} INFO - [2026-07-23T17:09:04.655+0000] {dag.py:4180} INFO - Setting next_dagrun for youtube_medallion_pipeline to None, run_after=None
[2026-07-23T17:09:04.686+0000] {processor.py:208} INFO - Processing /opt/airflow/dags/youtube_medallion_pipeline.py took 0.142 seconds
[2026-07-23T17:09:35.023+0000] {processor.py:186} INFO - Started process (PID=1908) to work on /opt/airflow/dags/youtube_medallion_pipeline.py
[2026-07-23T17:09:35.027+0000] {processor.py:914} INFO - Processing file /opt/airflow/dags/youtube_medallion_pipeline.py for tasks to queue
[2026-07-23T17:09:35.042+0000] {logging_mixin.py:190} INFO - [2026-07-23T17:09:35.040+0000] {dagbag.py:588} INFO - Filling up the DagBag from /opt/airflow/dags/youtube_medallion_pipeline.py
[2026-07-23T17:09:35.103+0000] {processor.py:925} INFO - DAG(s) 'youtube_medallion_pipeline' retrieved from /opt/airflow/dags/youtube_medallion_pipeline.py
[2026-07-23T17:09:35.189+0000] {logging_mixin.py:190} INFO - [2026-07-23T17:09:35.188+0000] {dag.py:3239} INFO - Sync 1 DAGs
[2026-07-23T17:09:35.229+0000] {logging_mixin.py:190} INFO - [2026-07-23T17:09:35.229+0000] {dag.py:4180} INFO - Setting next_dagrun for youtube_medallion_pipeline to None, run_after=None
[2026-07-23T17:09:35.264+0000] {processor.py:208} INFO - Processing /opt/airflow/dags/youtube_medallion_pipeline.py took 0.264 seconds
[2026-07-23T17:10:05.568+0000] {processor.py:186} INFO - Started process (PID=1913) to work on /opt/airflow/dags/youtube_medallion_pipeline.py
[2026-07-23T17:10:05.571+0000] {processor.py:914} INFO - Processing file /opt/airflow/dags/youtube_medallion_pipeline.py for tasks to queue
[2026-07-23T17:10:05.578+0000] {logging_mixin.py:190} INFO - [2026-07-23T17:10:05.577+0000] {dagbag.py:588} INFO - Filling up the DagBag from /opt/airflow/dags/youtube_medallion_pipeline.py
[2026-07-23T17:10:05.606+0000] {processor.py:925} INFO - DAG(s) 'youtube_medallion_pipeline' retrieved from /opt/airflow/dags/youtube_medallion_pipeline.py
[2026-07-23T17:10:05.653+0000] {logging_mixin.py:190} INFO - [2026-07-23T17:10:05.653+0000] {dag.py:3239} INFO - Sync 1 DAGs
[2026-07-23T17:10:05.676+0000] {logging_mixin.py:190} INFO - [2026-07-23T17:10:05.676+0000] {dag.py:4180} INFO - Setting next_dagrun for youtube_medallion_pipeline to None, run_after=None
[2026-07-23T17:10:05.713+0000] {processor.py:208} INFO - Processing /opt/airflow/dags/youtube_medallion_pipeline.py took 0.153 seconds
[2026-07-23T17:10:35.858+0000] {processor.py:186} INFO - Started process (PID=1918) to work on /opt/airflow/dags/youtube_medallion_pipeline.py
[2026-07-23T17:10:35.860+0000] {processor.py:914} INFO - Processing file /opt/airflow/dags/youtube_medallion_pipeline.py for tasks to queue
[2026-07-23T17:10:35.864+0000] {logging_mixin.py:190} INFO - [2026-07-23T17:10:35.864+0000] {dagbag.py:588} INFO - Filling up the DagBag from /opt/airflow/dags/youtube_medallion_pipeline.py
[2026-07-23T17:10:35.889+0000] {processor.py:925} INFO - DAG(s) 'youtube_medallion_pipeline' retrieved from /opt/airflow/dags/youtube_medallion_pipeline.py
[2026-07-23T17:10:35.937+0000] {logging_mixin.py:190} INFO - [2026-07-23T17:10:35.936+0000] {dag.py:3239} INFO - Sync 1 DAGs
[2026-07-23T17:10:35.962+0000] {logging_mixin.py:190} INFO - [2026-07-23T17:10:35.962+0000] {dag.py:4180} INFO - Setting next_dagrun for youtube_medallion_pipeline to None, run_after=None
[2026-07-23T17:10:36.000+0000] {processor.py:208} INFO - Processing /opt/airflow/dags/youtube_medallion_pipeline.py took 0.148 seconds
[2026-07-23T17:11:06.294+0000] {processor.py:186} INFO - Started process (PID=1923) to work on /opt/airflow/dags/youtube_medallion_pipeline.py
[2026-07-23T17:11:06.297+0000] {processor.py:914} INFO - Processing file /opt/airflow/dags/youtube_medallion_pipeline.py for tasks to queue
[2026-07-23T17:11:06.303+0000] {logging_mixin.py:190} INFO - [2026-07-23T17:11:06.302+0000] {dagbag.py:588} INFO - Filling up the DagBag from /opt/airflow/dags/youtube_medallion_pipeline.py
[2026-07-23T17:11:06.339+0000] {processor.py:925} INFO - DAG(s) 'youtube_medallion_pipeline' retrieved from /opt/airflow/dags/youtube_medallion_pipeline.py
[2026-07-23T17:11:06.387+0000] {logging_mixin.py:190} INFO - [2026-07-23T17:11:06.386+0000] {dag.py:3239} INFO - Sync 1 DAGs
[2026-07-23T17:11:06.408+0000] {logging_mixin.py:190} INFO - [2026-07-23T17:11:06.408+0000] {dag.py:4180} INFO - Setting next_dagrun for youtube_medallion_pipeline to None, run_after=None
[2026-07-23T17:11:06.439+0000] {processor.py:208} INFO - Processing /opt/airflow/dags/youtube_medallion_pipeline.py took 0.157 seconds
[2026-07-23T17:11:36.584+0000] {processor.py:186} INFO - Started process (PID=1928) to work on /opt/airflow/dags/youtube_medallion_pipeline.py
[2026-07-23T17:11:36.589+0000] {processor.py:914} INFO - Processing file /opt/airflow/dags/youtube_medallion_pipeline.py for tasks to queue
[2026-07-23T17:11:36.597+0000] {logging_mixin.py:190} INFO - [2026-07-23T17:11:36.596+0000] {dagbag.py:588} INFO - Filling up the DagBag from /opt/airflow/dags/youtube_medallion_pipeline.py
[2026-07-23T17:11:36.636+0000] {processor.py:925} INFO - DAG(s) 'youtube_medallion_pipeline' retrieved from /opt/airflow/dags/youtube_medallion_pipeline.py
[2026-07-23T17:11:36.691+0000] {logging_mixin.py:190} INFO - [2026-07-23T17:11:36.690+0000] {dag.py:3239} INFO - Sync 1 DAGs
[2026-07-23T17:11:36.717+0000] {logging_mixin.py:190} INFO - [2026-07-23T17:11:36.717+0000] {dag.py:4180} INFO - Setting next_dagrun for youtube_medallion_pipeline to None, run_after=None
[2026-07-23T17:11:36.755+0000] {processor.py:208} INFO - Processing /opt/airflow/dags/youtube_medallion_pipeline.py took 0.184 seconds
[2026-07-23T17:12:07.167+0000] {processor.py:186} INFO - Started process (PID=1933) to work on /opt/airflow/dags/youtube_medallion_pipeline.py
[2026-07-23T17:12:07.170+0000] {processor.py:914} INFO - Processing file /opt/airflow/dags/youtube_medallion_pipeline.py for tasks to queue
[2026-07-23T17:12:07.176+0000] {logging_mixin.py:190} INFO - [2026-07-23T17:12:07.175+0000] {dagbag.py:588} INFO - Filling up the DagBag from /opt/airflow/dags/youtube_medallion_pipeline.py
[2026-07-23T17:12:07.211+0000] {processor.py:925} INFO - DAG(s) 'youtube_medallion_pipeline' retrieved from /opt/airflow/dags/youtube_medallion_pipeline.py
[2026-07-23T17:12:07.260+0000] {logging_mixin.py:190} INFO - [2026-07-23T17:12:07.260+0000] {dag.py:3239} INFO - Sync 1 DAGs
[2026-07-23T17:12:07.280+0000] {logging_mixin.py:190} INFO - [2026-07-23T17:12:07.280+0000] {dag.py:4180} INFO - Setting next_dagrun for youtube_medallion_pipeline to None, run_after=None
[2026-07-23T17:12:07.308+0000] {processor.py:208} INFO - Processing /opt/airflow/dags/youtube_medallion_pipeline.py took 0.152 seconds
[2026-07-23T17:12:37.467+0000] {processor.py:186} INFO - Started process (PID=1938) to work on /opt/airflow/dags/youtube_medallion_pipeline.py
[2026-07-23T17:12:37.469+0000] {processor.py:914} INFO - Processing file /opt/airflow/dags/youtube_medallion_pipeline.py for tasks to queue
[2026-07-23T17:12:37.474+0000] {logging_mixin.py:190} INFO - [2026-07-23T17:12:37.473+0000] {dagbag.py:588} INFO - Filling up the DagBag from /opt/airflow/dags/youtube_medallion_pipeline.py
[2026-07-23T17:12:37.501+0000] {processor.py:925} INFO - DAG(s) 'youtube_medallion_pipeline' retrieved from /opt/airflow/dags/youtube_medallion_pipeline.py
[2026-07-23T17:12:37.559+0000] {logging_mixin.py:190} INFO - [2026-07-23T17:12:37.559+0000] {dag.py:3239} INFO - Sync 1 DAGs
[2026-07-23T17:12:37.583+0000] {logging_mixin.py:190} INFO - [2026-07-23T17:12:37.582+0000] {dag.py:4180} INFO - Setting next_dagrun for youtube_medallion_pipeline to None, run_after=None
[2026-07-23T17:12:37.629+0000] {processor.py:208} INFO - Processing /opt/airflow/dags/youtube_medallion_pipeline.py took 0.171 seconds
[2026-07-23T17:13:07.878+0000] {processor.py:186} INFO - Started process (PID=1943) to work on /opt/airflow/dags/youtube_medallion_pipeline.py
[2026-07-23T17:13:07.882+0000] {processor.py:914} INFO - Processing file /opt/airflow/dags/youtube_medallion_pipeline.py for tasks to queue
[2026-07-23T17:13:07.888+0000] {logging_mixin.py:190} INFO - [2026-07-23T17:13:07.887+0000] {dagbag.py:588} INFO - Filling up the DagBag from /opt/airflow/dags/youtube_medallion_pipeline.py
[2026-07-23T17:13:07.919+0000] {processor.py:925} INFO - DAG(s) 'youtube_medallion_pipeline' retrieved from /opt/airflow/dags/youtube_medallion_pipeline.py
[2026-07-23T17:13:07.971+0000] {logging_mixin.py:190} INFO - [2026-07-23T17:13:07.971+0000] {dag.py:3239} INFO - Sync 1 DAGs
[2026-07-23T17:13:07.996+0000] {logging_mixin.py:190} INFO - [2026-07-23T17:13:07.996+0000] {dag.py:4180} INFO - Setting next_dagrun for youtube_medallion_pipeline to None, run_after=None
[2026-07-23T17:13:08.034+0000] {processor.py:208} INFO - Processing /opt/airflow/dags/youtube_medallion_pipeline.py took 0.166 seconds
[2026-07-23T17:13:38.214+0000] {processor.py:186} INFO - Started process (PID=1948) to work on /opt/airflow/dags/youtube_medallion_pipeline.py
[2026-07-23T17:13:38.216+0000] {processor.py:914} INFO - Processing file /opt/airflow/dags/youtube_medallion_pipeline.py for tasks to queue
[2026-07-23T17:13:38.221+0000] {logging_mixin.py:190} INFO - [2026-07-23T17:13:38.220+0000] {dagbag.py:588} INFO - Filling up the DagBag from /opt/airflow/dags/youtube_medallion_pipeline.py
[2026-07-23T17:13:38.260+0000] {processor.py:925} INFO - DAG(s) 'youtube_medallion_pipeline' retrieved from /opt/airflow/dags/youtube_medallion_pipeline.py
[2026-07-23T17:13:38.320+0000] {logging_mixin.py:190} INFO - [2026-07-23T17:13:38.320+0000] {dag.py:3239} INFO - Sync 1 DAGs
[2026-07-23T17:13:38.346+0000] {logging_mixin.py:190} INFO - [2026-07-23T17:13:38.346+0000] {dag.py:4180} INFO - Setting next_dagrun for youtube_medallion_pipeline to None, run_after=None
[2026-07-23T17:13:38.380+0000] {processor.py:208} INFO - Processing /opt/airflow/dags/youtube_medallion_pipeline.py took 0.178 seconds
[2026-07-23T17:14:08.588+0000] {processor.py:186} INFO - Started process (PID=1953) to work on /opt/airflow/dags/youtube_medallion_pipeline.py
[2026-07-23T17:14:08.590+0000] {processor.py:914} INFO - Processing file /opt/airflow/dags/youtube_medallion_pipeline.py for tasks to queue
[2026-07-23T17:14:08.595+0000] {logging_mixin.py:190} INFO - [2026-07-23T17:14:08.594+0000] {dagbag.py:588} INFO - Filling up the DagBag from /opt/airflow/dags/youtube_medallion_pipeline.py
[2026-07-23T17:14:08.617+0000] {processor.py:925} INFO - DAG(s) 'youtube_medallion_pipeline' retrieved from /opt/airflow/dags/youtube_medallion_pipeline.py
[2026-07-23T17:14:08.664+0000] {logging_mixin.py:190} INFO - [2026-07-23T17:14:08.663+0000] {dag.py:3239} INFO - Sync 1 DAGs
[2026-07-23T17:14:08.687+0000] {logging_mixin.py:190} INFO - [2026-07-23T17:14:08.687+0000] {dag.py:4180} INFO - Setting next_dagrun for youtube_medallion_pipeline to None, run_after=None
[2026-07-23T17:14:08.719+0000] {processor.py:208} INFO - Processing /opt/airflow/dags/youtube_medallion_pipeline.py took 0.138 seconds
[2026-07-23T17:14:38.933+0000] {processor.py:186} INFO - Started process (PID=1958) to work on /opt/airflow/dags/youtube_medallion_pipeline.py
[2026-07-23T17:14:38.936+0000] {processor.py:914} INFO - Processing file /opt/airflow/dags/youtube_medallion_pipeline.py for tasks to queue
[2026-07-23T17:14:38.941+0000] {logging_mixin.py:190} INFO - [2026-07-23T17:14:38.940+0000] {dagbag.py:588} INFO - Filling up the DagBag from /opt/airflow/dags/youtube_medallion_pipeline.py
[2026-07-23T17:14:38.971+0000] {processor.py:925} INFO - DAG(s) 'youtube_medallion_pipeline' retrieved from /opt/airflow/dags/youtube_medallion_pipeline.py
[2026-07-23T17:14:39.030+0000] {logging_mixin.py:190} INFO - [2026-07-23T17:14:39.029+0000] {dag.py:3239} INFO - Sync 1 DAGs
[2026-07-23T17:14:39.092+0000] {logging_mixin.py:190} INFO - [2026-07-23T17:14:39.091+0000] {dag.py:4180} INFO - Setting next_dagrun for youtube_medallion_pipeline to None, run_after=None
[2026-07-23T17:14:39.150+0000] {processor.py:208} INFO - Processing /opt/airflow/dags/youtube_medallion_pipeline.py took 0.225 seconds
[2026-07-23T17:15:09.274+0000] {processor.py:186} INFO - Started process (PID=1963) to work on /opt/airflow/dags/youtube_medallion_pipeline.py
[2026-07-23T17:15:09.277+0000] {processor.py:914} INFO - Processing file /opt/airflow/dags/youtube_medallion_pipeline.py for tasks to queue
[2026-07-23T17:15:09.284+0000] {logging_mixin.py:190} INFO - [2026-07-23T17:15:09.283+0000] {dagbag.py:588} INFO - Filling up the DagBag from /opt/airflow/dags/youtube_medallion_pipeline.py
[2026-07-23T17:15:09.323+0000] {processor.py:925} INFO - DAG(s) 'youtube_medallion_pipeline' retrieved from /opt/airflow/dags/youtube_medallion_pipeline.py
[2026-07-23T17:15:09.406+0000] {logging_mixin.py:190} INFO - [2026-07-23T17:15:09.406+0000] {dag.py:3239} INFO - Sync 1 DAGs
[2026-07-23T17:15:09.456+0000] {logging_mixin.py:190} INFO - [2026-07-23T17:15:09.455+0000] {dag.py:4180} INFO - Setting next_dagrun for youtube_medallion_pipeline to None, run_after=None
[2026-07-23T17:15:09.522+0000] {processor.py:208} INFO - Processing /opt/airflow/dags/youtube_medallion_pipeline.py took 0.261 seconds
[2026-07-23T17:15:39.755+0000] {processor.py:186} INFO - Started process (PID=1968) to work on /opt/airflow/dags/youtube_medallion_pipeline.py
[2026-07-23T17:15:39.757+0000] {processor.py:914} INFO - Processing file /opt/airflow/dags/youtube_medallion_pipeline.py for tasks to queue
[2026-07-23T17:15:39.763+0000] {logging_mixin.py:190} INFO - [2026-07-23T17:15:39.762+0000] {dagbag.py:588} INFO - Filling up the DagBag from /opt/airflow/dags/youtube_medallion_pipeline.py
[2026-07-23T17:15:39.799+0000] {processor.py:925} INFO - DAG(s) 'youtube_medallion_pipeline' retrieved from /opt/airflow/dags/youtube_medallion_pipeline.py
[2026-07-23T17:15:39.861+0000] {logging_mixin.py:190} INFO - [2026-07-23T17:15:39.860+0000] {dag.py:3239} INFO - Sync 1 DAGs
[2026-07-23T17:15:39.899+0000] {logging_mixin.py:190} INFO - [2026-07-23T17:15:39.899+0000] {dag.py:4180} INFO - Setting next_dagrun for youtube_medallion_pipeline to None, run_after=None
[2026-07-23T17:15:39.953+0000] {processor.py:208} INFO - Processing /opt/airflow/dags/youtube_medallion_pipeline.py took 0.206 seconds
[2026-07-23T17:16:10.118+0000] {processor.py:186} INFO - Started process (PID=1973) to work on /opt/airflow/dags/youtube_medallion_pipeline.py
[2026-07-23T17:16:10.120+0000] {processor.py:914} INFO - Processing file /opt/airflow/dags/youtube_medallion_pipeline.py for tasks to queue
[2026-07-23T17:16:10.126+0000] {logging_mixin.py:190} INFO - [2026-07-23T17:16:10.125+0000] {dagbag.py:588} INFO - Filling up the DagBag from /opt/airflow/dags/youtube_medallion_pipeline.py
[2026-07-23T17:16:10.176+0000] {processor.py:925} INFO - DAG(s) 'youtube_medallion_pipeline' retrieved from /opt/airflow/dags/youtube_medallion_pipeline.py
[2026-07-23T17:16:10.246+0000] {logging_mixin.py:190} INFO - [2026-07-23T17:16:10.245+0000] {dag.py:3239} INFO - Sync 1 DAGs
[2026-07-23T17:16:10.267+0000] {logging_mixin.py:190} INFO - [2026-07-23T17:16:10.267+0000] {dag.py:4180} INFO - Setting next_dagrun for youtube_medallion_pipeline to None, run_after=None
[2026-07-23T17:16:10.299+0000] {processor.py:208} INFO - Processing /opt/airflow/dags/youtube_medallion_pipeline.py took 0.194 seconds
[2026-07-23T17:16:40.671+0000] {processor.py:186} INFO - Started process (PID=1978) to work on /opt/airflow/dags/youtube_medallion_pipeline.py
[2026-07-23T17:16:40.675+0000] {processor.py:914} INFO - Processing file /opt/airflow/dags/youtube_medallion_pipeline.py for tasks to queue
[2026-07-23T17:16:40.687+0000] {logging_mixin.py:190} INFO - [2026-07-23T17:16:40.686+0000] {dagbag.py:588} INFO - Filling up the DagBag from /opt/airflow/dags/youtube_medallion_pipeline.py
[2026-07-23T17:16:40.743+0000] {processor.py:925} INFO - DAG(s) 'youtube_medallion_pipeline' retrieved from /opt/airflow/dags/youtube_medallion_pipeline.py
[2026-07-23T17:16:40.842+0000] {logging_mixin.py:190} INFO - [2026-07-23T17:16:40.841+0000] {dag.py:3239} INFO - Sync 1 DAGs
[2026-07-23T17:16:40.887+0000] {logging_mixin.py:190} INFO - [2026-07-23T17:16:40.886+0000] {dag.py:4180} INFO - Setting next_dagrun for youtube_medallion_pipeline to None, run_after=None
[2026-07-23T17:16:40.938+0000] {processor.py:208} INFO - Processing /opt/airflow/dags/youtube_medallion_pipeline.py took 0.286 seconds
[2026-07-23T17:17:11.360+0000] {processor.py:186} INFO - Started process (PID=1983) to work on /opt/airflow/dags/youtube_medallion_pipeline.py
[2026-07-23T17:17:11.362+0000] {processor.py:914} INFO - Processing file /opt/airflow/dags/youtube_medallion_pipeline.py for tasks to queue
[2026-07-23T17:17:11.367+0000] {logging_mixin.py:190} INFO - [2026-07-23T17:17:11.367+0000] {dagbag.py:588} INFO - Filling up the DagBag from /opt/airflow/dags/youtube_medallion_pipeline.py
[2026-07-23T17:17:11.405+0000] {processor.py:925} INFO - DAG(s) 'youtube_medallion_pipeline' retrieved from /opt/airflow/dags/youtube_medallion_pipeline.py
[2026-07-23T17:17:11.461+0000] {logging_mixin.py:190} INFO - [2026-07-23T17:17:11.460+0000] {dag.py:3239} INFO - Sync 1 DAGs
[2026-07-23T17:17:11.483+0000] {logging_mixin.py:190} INFO - [2026-07-23T17:17:11.482+0000] {dag.py:4180} INFO - Setting next_dagrun for youtube_medallion_pipeline to None, run_after=None
[2026-07-23T17:17:11.522+0000] {processor.py:208} INFO - Processing /opt/airflow/dags/youtube_medallion_pipeline.py took 0.172 seconds
[2026-07-23T17:17:41.719+0000] {processor.py:186} INFO - Started process (PID=1988) to work on /opt/airflow/dags/youtube_medallion_pipeline.py
[2026-07-23T17:17:41.723+0000] {processor.py:914} INFO - Processing file /opt/airflow/dags/youtube_medallion_pipeline.py for tasks to queue
[2026-07-23T17:17:41.731+0000] {logging_mixin.py:190} INFO - [2026-07-23T17:17:41.731+0000] {dagbag.py:588} INFO - Filling up the DagBag from /opt/airflow/dags/youtube_medallion_pipeline.py
[2026-07-23T17:17:41.783+0000] {processor.py:925} INFO - DAG(s) 'youtube_medallion_pipeline' retrieved from /opt/airflow/dags/youtube_medallion_pipeline.py
[2026-07-23T17:17:41.854+0000] {logging_mixin.py:190} INFO - [2026-07-23T17:17:41.854+0000] {dag.py:3239} INFO - Sync 1 DAGs
[2026-07-23T17:17:41.888+0000] {logging_mixin.py:190} INFO - [2026-07-23T17:17:41.888+0000] {dag.py:4180} INFO - Setting next_dagrun for youtube_medallion_pipeline to None, run_after=None
[2026-07-23T17:17:41.925+0000] {processor.py:208} INFO - Processing /opt/airflow/dags/youtube_medallion_pipeline.py took 0.224 seconds
[2026-07-23T17:18:12.153+0000] {processor.py:186} INFO - Started process (PID=1993) to work on /opt/airflow/dags/youtube_medallion_pipeline.py
[2026-07-23T17:18:12.156+0000] {processor.py:914} INFO - Processing file /opt/airflow/dags/youtube_medallion_pipeline.py for tasks to queue
[2026-07-23T17:18:12.163+0000] {logging_mixin.py:190} INFO - [2026-07-23T17:18:12.161+0000] {dagbag.py:588} INFO - Filling up the DagBag from /opt/airflow/dags/youtube_medallion_pipeline.py
[2026-07-23T17:18:12.202+0000] {processor.py:925} INFO - DAG(s) 'youtube_medallion_pipeline' retrieved from /opt/airflow/dags/youtube_medallion_pipeline.py
[2026-07-23T17:18:12.254+0000] {logging_mixin.py:190} INFO - [2026-07-23T17:18:12.254+0000] {dag.py:3239} INFO - Sync 1 DAGs
[2026-07-23T17:18:12.277+0000] {logging_mixin.py:190} INFO - [2026-07-23T17:18:12.277+0000] {dag.py:4180} INFO - Setting next_dagrun for youtube_medallion_pipeline to None, run_after=None
[2026-07-23T17:18:12.322+0000] {processor.py:208} INFO - Processing /opt/airflow/dags/youtube_medallion_pipeline.py took 0.178 seconds
[2026-07-23T17:18:42.560+0000] {processor.py:186} INFO - Started process (PID=1998) to work on /opt/airflow/dags/youtube_medallion_pipeline.py
[2026-07-23T17:18:42.563+0000] {processor.py:914} INFO - Processing file /opt/airflow/dags/youtube_medallion_pipeline.py for tasks to queue
[2026-07-23T17:18:42.570+0000] {logging_mixin.py:190} INFO - [2026-07-23T17:18:42.569+0000] {dagbag.py:588} INFO - Filling up the DagBag from /opt/airflow/dags/youtube_medallion_pipeline.py
[2026-07-23T17:18:42.603+0000] {processor.py:925} INFO - DAG(s) 'youtube_medallion_pipeline' retrieved from /opt/airflow/dags/youtube_medallion_pipeline.py
[2026-07-23T17:18:42.667+0000] {logging_mixin.py:190} INFO - [2026-07-23T17:18:42.667+0000] {dag.py:3239} INFO - Sync 1 DAGs
[2026-07-23T17:18:42.690+0000] {logging_mixin.py:190} INFO - [2026-07-23T17:18:42.689+0000] {dag.py:4180} INFO - Setting next_dagrun for youtube_medallion_pipeline to None, run_after=None
[2026-07-23T17:18:42.719+0000] {processor.py:208} INFO - Processing /opt/airflow/dags/youtube_medallion_pipeline.py took 0.172 seconds
[2026-07-23T17:54:22.910+0000] {processor.py:186} INFO - Started process (PID=2003) to work on /opt/airflow/dags/youtube_medallion_pipeline.py
[2026-07-23T17:54:22.915+0000] {processor.py:914} INFO - Processing file /opt/airflow/dags/youtube_medallion_pipeline.py for tasks to queue
[2026-07-23T17:54:22.947+0000] {logging_mixin.py:190} INFO - [2026-07-23T17:54:22.945+0000] {dagbag.py:588} INFO - Filling up the DagBag from /opt/airflow/dags/youtube_medallion_pipeline.py
[2026-07-23T17:54:23.052+0000] {processor.py:925} INFO - DAG(s) 'youtube_medallion_pipeline' retrieved from /opt/airflow/dags/youtube_medallion_pipeline.py
[2026-07-23T17:54:23.247+0000] {logging_mixin.py:190} INFO - [2026-07-23T17:54:23.246+0000] {dag.py:3239} INFO - Sync 1 DAGs
[2026-07-23T17:54:23.358+0000] {logging_mixin.py:190} INFO - [2026-07-23T17:54:23.357+0000] {dag.py:4180} INFO - Setting next_dagrun for youtube_medallion_pipeline to None, run_after=None
[2026-07-23T17:54:23.538+0000] {processor.py:208} INFO - Processing /opt/airflow/dags/youtube_medallion_pipeline.py took 0.674 seconds
[2026-07-23T21:54:38.534+0000] {processor.py:186} INFO - Started process (PID=2009) to work on /opt/airflow/dags/youtube_medallion_pipeline.py
[2026-07-23T21:54:38.600+0000] {processor.py:914} INFO - Processing file /opt/airflow/dags/youtube_medallion_pipeline.py for tasks to queue
[2026-07-23T21:54:38.875+0000] {logging_mixin.py:190} INFO - [2026-07-23T21:54:38.873+0000] {dagbag.py:588} INFO - Filling up the DagBag from /opt/airflow/dags/youtube_medallion_pipeline.py
[2026-07-23T21:54:39.250+0000] {processor.py:925} INFO - DAG(s) 'youtube_medallion_pipeline' retrieved from /opt/airflow/dags/youtube_medallion_pipeline.py
[2026-07-23T21:54:39.627+0000] {logging_mixin.py:190} INFO - [2026-07-23T21:54:39.627+0000] {dag.py:3239} INFO - Sync 1 DAGs
[2026-07-23T21:54:40.167+0000] {logging_mixin.py:190} INFO - [2026-07-23T21:54:40.165+0000] {dag.py:4180} INFO - Setting next_dagrun for youtube_medallion_pipeline to None, run_after=None
[2026-07-23T21:54:40.615+0000] {processor.py:208} INFO - Processing /opt/airflow/dags/youtube_medallion_pipeline.py took 2.181 seconds
