[2026-07-25T07:35:16.515+0000] {processor.py:186} INFO - Started process (PID=160) to work on /opt/airflow/dags/youtube_medallion_pipeline.py
[2026-07-25T07:35:16.520+0000] {processor.py:914} INFO - Processing file /opt/airflow/dags/youtube_medallion_pipeline.py for tasks to queue
[2026-07-25T07:35:16.529+0000] {logging_mixin.py:190} INFO - [2026-07-25T07:35:16.527+0000] {dagbag.py:588} INFO - Filling up the DagBag from /opt/airflow/dags/youtube_medallion_pipeline.py
[2026-07-25T07:35:16.602+0000] {processor.py:925} INFO - DAG(s) 'youtube_medallion_pipeline' retrieved from /opt/airflow/dags/youtube_medallion_pipeline.py
[2026-07-25T07:35:16.703+0000] {logging_mixin.py:190} INFO - [2026-07-25T07:35:16.703+0000] {dag.py:3239} INFO - Sync 1 DAGs
[2026-07-25T07:35:16.745+0000] {logging_mixin.py:190} INFO - [2026-07-25T07:35:16.744+0000] {dag.py:4180} INFO - Setting next_dagrun for youtube_medallion_pipeline to None, run_after=None
[2026-07-25T07:35:16.784+0000] {processor.py:208} INFO - Processing /opt/airflow/dags/youtube_medallion_pipeline.py took 0.284 seconds
[2026-07-25T07:35:47.767+0000] {processor.py:186} INFO - Started process (PID=165) to work on /opt/airflow/dags/youtube_medallion_pipeline.py
[2026-07-25T07:35:47.770+0000] {processor.py:914} INFO - Processing file /opt/airflow/dags/youtube_medallion_pipeline.py for tasks to queue
[2026-07-25T07:35:47.776+0000] {logging_mixin.py:190} INFO - [2026-07-25T07:35:47.775+0000] {dagbag.py:588} INFO - Filling up the DagBag from /opt/airflow/dags/youtube_medallion_pipeline.py
[2026-07-25T07:35:47.809+0000] {processor.py:925} INFO - DAG(s) 'youtube_medallion_pipeline' retrieved from /opt/airflow/dags/youtube_medallion_pipeline.py
[2026-07-25T07:35:47.899+0000] {logging_mixin.py:190} INFO - [2026-07-25T07:35:47.899+0000] {dag.py:3239} INFO - Sync 1 DAGs
[2026-07-25T07:35:47.931+0000] {logging_mixin.py:190} INFO - [2026-07-25T07:35:47.931+0000] {dag.py:4180} INFO - Setting next_dagrun for youtube_medallion_pipeline to None, run_after=None
[2026-07-25T07:35:47.962+0000] {processor.py:208} INFO - Processing /opt/airflow/dags/youtube_medallion_pipeline.py took 0.206 seconds
[2026-07-25T07:36:18.600+0000] {processor.py:186} INFO - Started process (PID=170) to work on /opt/airflow/dags/youtube_medallion_pipeline.py
[2026-07-25T07:36:18.602+0000] {processor.py:914} INFO - Processing file /opt/airflow/dags/youtube_medallion_pipeline.py for tasks to queue
[2026-07-25T07:36:18.609+0000] {logging_mixin.py:190} INFO - [2026-07-25T07:36:18.608+0000] {dagbag.py:588} INFO - Filling up the DagBag from /opt/airflow/dags/youtube_medallion_pipeline.py
[2026-07-25T07:36:18.714+0000] {processor.py:925} INFO - DAG(s) 'youtube_medallion_pipeline' retrieved from /opt/airflow/dags/youtube_medallion_pipeline.py
[2026-07-25T07:36:20.186+0000] {logging_mixin.py:190} INFO - [2026-07-25T07:36:20.185+0000] {dag.py:3239} INFO - Sync 1 DAGs
[2026-07-25T07:36:20.240+0000] {logging_mixin.py:190} INFO - [2026-07-25T07:36:20.239+0000] {dag.py:4180} INFO - Setting next_dagrun for youtube_medallion_pipeline to None, run_after=None
[2026-07-25T07:36:20.288+0000] {processor.py:208} INFO - Processing /opt/airflow/dags/youtube_medallion_pipeline.py took 1.698 seconds
[2026-07-25T07:36:50.736+0000] {processor.py:186} INFO - Started process (PID=181) to work on /opt/airflow/dags/youtube_medallion_pipeline.py
[2026-07-25T07:36:50.739+0000] {processor.py:914} INFO - Processing file /opt/airflow/dags/youtube_medallion_pipeline.py for tasks to queue
[2026-07-25T07:36:50.744+0000] {logging_mixin.py:190} INFO - [2026-07-25T07:36:50.743+0000] {dagbag.py:588} INFO - Filling up the DagBag from /opt/airflow/dags/youtube_medallion_pipeline.py
[2026-07-25T07:36:50.774+0000] {processor.py:925} INFO - DAG(s) 'youtube_medallion_pipeline' retrieved from /opt/airflow/dags/youtube_medallion_pipeline.py
[2026-07-25T07:36:50.819+0000] {logging_mixin.py:190} INFO - [2026-07-25T07:36:50.819+0000] {dag.py:3239} INFO - Sync 1 DAGs
[2026-07-25T07:36:50.842+0000] {logging_mixin.py:190} INFO - [2026-07-25T07:36:50.841+0000] {dag.py:4180} INFO - Setting next_dagrun for youtube_medallion_pipeline to None, run_after=None
[2026-07-25T07:36:50.877+0000] {processor.py:208} INFO - Processing /opt/airflow/dags/youtube_medallion_pipeline.py took 0.149 seconds
[2026-07-25T07:37:21.010+0000] {processor.py:186} INFO - Started process (PID=186) to work on /opt/airflow/dags/youtube_medallion_pipeline.py
[2026-07-25T07:37:21.013+0000] {processor.py:914} INFO - Processing file /opt/airflow/dags/youtube_medallion_pipeline.py for tasks to queue
[2026-07-25T07:37:21.018+0000] {logging_mixin.py:190} INFO - [2026-07-25T07:37:21.018+0000] {dagbag.py:588} INFO - Filling up the DagBag from /opt/airflow/dags/youtube_medallion_pipeline.py
[2026-07-25T07:37:21.051+0000] {processor.py:925} INFO - DAG(s) 'youtube_medallion_pipeline' retrieved from /opt/airflow/dags/youtube_medallion_pipeline.py
[2026-07-25T07:37:21.105+0000] {logging_mixin.py:190} INFO - [2026-07-25T07:37:21.105+0000] {dag.py:3239} INFO - Sync 1 DAGs
[2026-07-25T07:37:21.131+0000] {logging_mixin.py:190} INFO - [2026-07-25T07:37:21.130+0000] {dag.py:4180} INFO - Setting next_dagrun for youtube_medallion_pipeline to None, run_after=None
[2026-07-25T07:37:21.165+0000] {processor.py:208} INFO - Processing /opt/airflow/dags/youtube_medallion_pipeline.py took 0.166 seconds
[2026-07-25T07:37:51.461+0000] {processor.py:186} INFO - Started process (PID=200) to work on /opt/airflow/dags/youtube_medallion_pipeline.py
[2026-07-25T07:37:51.464+0000] {processor.py:914} INFO - Processing file /opt/airflow/dags/youtube_medallion_pipeline.py for tasks to queue
[2026-07-25T07:37:51.469+0000] {logging_mixin.py:190} INFO - [2026-07-25T07:37:51.468+0000] {dagbag.py:588} INFO - Filling up the DagBag from /opt/airflow/dags/youtube_medallion_pipeline.py
[2026-07-25T07:37:51.501+0000] {processor.py:925} INFO - DAG(s) 'youtube_medallion_pipeline' retrieved from /opt/airflow/dags/youtube_medallion_pipeline.py
[2026-07-25T07:37:51.552+0000] {logging_mixin.py:190} INFO - [2026-07-25T07:37:51.552+0000] {dag.py:3239} INFO - Sync 1 DAGs
[2026-07-25T07:37:51.576+0000] {logging_mixin.py:190} INFO - [2026-07-25T07:37:51.576+0000] {dag.py:4180} INFO - Setting next_dagrun for youtube_medallion_pipeline to None, run_after=None
[2026-07-25T07:37:51.607+0000] {processor.py:208} INFO - Processing /opt/airflow/dags/youtube_medallion_pipeline.py took 0.154 seconds
[2026-07-25T07:38:21.818+0000] {processor.py:186} INFO - Started process (PID=213) to work on /opt/airflow/dags/youtube_medallion_pipeline.py
[2026-07-25T07:38:21.822+0000] {processor.py:914} INFO - Processing file /opt/airflow/dags/youtube_medallion_pipeline.py for tasks to queue
[2026-07-25T07:38:21.829+0000] {logging_mixin.py:190} INFO - [2026-07-25T07:38:21.828+0000] {dagbag.py:588} INFO - Filling up the DagBag from /opt/airflow/dags/youtube_medallion_pipeline.py
[2026-07-25T07:38:21.896+0000] {processor.py:925} INFO - DAG(s) 'youtube_medallion_pipeline' retrieved from /opt/airflow/dags/youtube_medallion_pipeline.py
[2026-07-25T07:38:21.943+0000] {logging_mixin.py:190} INFO - [2026-07-25T07:38:21.942+0000] {dag.py:3239} INFO - Sync 1 DAGs
[2026-07-25T07:38:21.973+0000] {logging_mixin.py:190} INFO - [2026-07-25T07:38:21.973+0000] {dag.py:4180} INFO - Setting next_dagrun for youtube_medallion_pipeline to None, run_after=None
[2026-07-25T07:38:22.013+0000] {processor.py:208} INFO - Processing /opt/airflow/dags/youtube_medallion_pipeline.py took 0.209 seconds
[2026-07-25T07:38:52.316+0000] {processor.py:186} INFO - Started process (PID=218) to work on /opt/airflow/dags/youtube_medallion_pipeline.py
[2026-07-25T07:38:52.318+0000] {processor.py:914} INFO - Processing file /opt/airflow/dags/youtube_medallion_pipeline.py for tasks to queue
[2026-07-25T07:38:52.323+0000] {logging_mixin.py:190} INFO - [2026-07-25T07:38:52.323+0000] {dagbag.py:588} INFO - Filling up the DagBag from /opt/airflow/dags/youtube_medallion_pipeline.py
[2026-07-25T07:38:52.352+0000] {processor.py:925} INFO - DAG(s) 'youtube_medallion_pipeline' retrieved from /opt/airflow/dags/youtube_medallion_pipeline.py
[2026-07-25T07:38:52.404+0000] {logging_mixin.py:190} INFO - [2026-07-25T07:38:52.404+0000] {dag.py:3239} INFO - Sync 1 DAGs
[2026-07-25T07:38:52.430+0000] {logging_mixin.py:190} INFO - [2026-07-25T07:38:52.429+0000] {dag.py:4180} INFO - Setting next_dagrun for youtube_medallion_pipeline to None, run_after=None
[2026-07-25T07:38:52.461+0000] {processor.py:208} INFO - Processing /opt/airflow/dags/youtube_medallion_pipeline.py took 0.154 seconds
[2026-07-25T07:39:22.922+0000] {processor.py:186} INFO - Started process (PID=231) to work on /opt/airflow/dags/youtube_medallion_pipeline.py
[2026-07-25T07:39:22.924+0000] {processor.py:914} INFO - Processing file /opt/airflow/dags/youtube_medallion_pipeline.py for tasks to queue
[2026-07-25T07:39:22.928+0000] {logging_mixin.py:190} INFO - [2026-07-25T07:39:22.928+0000] {dagbag.py:588} INFO - Filling up the DagBag from /opt/airflow/dags/youtube_medallion_pipeline.py
[2026-07-25T07:39:22.951+0000] {processor.py:925} INFO - DAG(s) 'youtube_medallion_pipeline' retrieved from /opt/airflow/dags/youtube_medallion_pipeline.py
[2026-07-25T07:39:23.138+0000] {logging_mixin.py:190} INFO - [2026-07-25T07:39:23.137+0000] {dag.py:3239} INFO - Sync 1 DAGs
[2026-07-25T07:39:23.167+0000] {logging_mixin.py:190} INFO - [2026-07-25T07:39:23.167+0000] {dag.py:4180} INFO - Setting next_dagrun for youtube_medallion_pipeline to None, run_after=None
[2026-07-25T07:39:23.724+0000] {processor.py:208} INFO - Processing /opt/airflow/dags/youtube_medallion_pipeline.py took 0.809 seconds
[2026-07-25T07:39:54.467+0000] {processor.py:186} INFO - Started process (PID=236) to work on /opt/airflow/dags/youtube_medallion_pipeline.py
[2026-07-25T07:39:54.469+0000] {processor.py:914} INFO - Processing file /opt/airflow/dags/youtube_medallion_pipeline.py for tasks to queue
[2026-07-25T07:39:54.474+0000] {logging_mixin.py:190} INFO - [2026-07-25T07:39:54.473+0000] {dagbag.py:588} INFO - Filling up the DagBag from /opt/airflow/dags/youtube_medallion_pipeline.py
[2026-07-25T07:39:54.516+0000] {processor.py:925} INFO - DAG(s) 'youtube_medallion_pipeline' retrieved from /opt/airflow/dags/youtube_medallion_pipeline.py
[2026-07-25T07:39:54.583+0000] {logging_mixin.py:190} INFO - [2026-07-25T07:39:54.582+0000] {dag.py:3239} INFO - Sync 1 DAGs
[2026-07-25T07:39:54.615+0000] {logging_mixin.py:190} INFO - [2026-07-25T07:39:54.615+0000] {dag.py:4180} INFO - Setting next_dagrun for youtube_medallion_pipeline to None, run_after=None
[2026-07-25T07:39:54.675+0000] {processor.py:208} INFO - Processing /opt/airflow/dags/youtube_medallion_pipeline.py took 0.217 seconds
[2026-07-25T07:40:24.930+0000] {processor.py:186} INFO - Started process (PID=241) to work on /opt/airflow/dags/youtube_medallion_pipeline.py
[2026-07-25T07:40:24.932+0000] {processor.py:914} INFO - Processing file /opt/airflow/dags/youtube_medallion_pipeline.py for tasks to queue
[2026-07-25T07:40:24.936+0000] {logging_mixin.py:190} INFO - [2026-07-25T07:40:24.935+0000] {dagbag.py:588} INFO - Filling up the DagBag from /opt/airflow/dags/youtube_medallion_pipeline.py
[2026-07-25T07:40:24.960+0000] {processor.py:925} INFO - DAG(s) 'youtube_medallion_pipeline' retrieved from /opt/airflow/dags/youtube_medallion_pipeline.py
[2026-07-25T07:40:25.044+0000] {logging_mixin.py:190} INFO - [2026-07-25T07:40:25.043+0000] {dag.py:3239} INFO - Sync 1 DAGs
[2026-07-25T07:40:25.066+0000] {logging_mixin.py:190} INFO - [2026-07-25T07:40:25.066+0000] {dag.py:4180} INFO - Setting next_dagrun for youtube_medallion_pipeline to None, run_after=None
[2026-07-25T07:40:25.185+0000] {processor.py:208} INFO - Processing /opt/airflow/dags/youtube_medallion_pipeline.py took 0.262 seconds
[2026-07-25T07:40:55.556+0000] {processor.py:186} INFO - Started process (PID=246) to work on /opt/airflow/dags/youtube_medallion_pipeline.py
[2026-07-25T07:40:55.558+0000] {processor.py:914} INFO - Processing file /opt/airflow/dags/youtube_medallion_pipeline.py for tasks to queue
[2026-07-25T07:40:55.563+0000] {logging_mixin.py:190} INFO - [2026-07-25T07:40:55.563+0000] {dagbag.py:588} INFO - Filling up the DagBag from /opt/airflow/dags/youtube_medallion_pipeline.py
[2026-07-25T07:40:55.605+0000] {processor.py:925} INFO - DAG(s) 'youtube_medallion_pipeline' retrieved from /opt/airflow/dags/youtube_medallion_pipeline.py
[2026-07-25T07:40:55.655+0000] {logging_mixin.py:190} INFO - [2026-07-25T07:40:55.654+0000] {dag.py:3239} INFO - Sync 1 DAGs
[2026-07-25T07:40:55.682+0000] {logging_mixin.py:190} INFO - [2026-07-25T07:40:55.681+0000] {dag.py:4180} INFO - Setting next_dagrun for youtube_medallion_pipeline to None, run_after=None
[2026-07-25T07:40:55.725+0000] {processor.py:208} INFO - Processing /opt/airflow/dags/youtube_medallion_pipeline.py took 0.181 seconds
[2026-07-25T07:41:25.813+0000] {processor.py:186} INFO - Started process (PID=251) to work on /opt/airflow/dags/youtube_medallion_pipeline.py
[2026-07-25T07:41:25.816+0000] {processor.py:914} INFO - Processing file /opt/airflow/dags/youtube_medallion_pipeline.py for tasks to queue
[2026-07-25T07:41:25.821+0000] {logging_mixin.py:190} INFO - [2026-07-25T07:41:25.821+0000] {dagbag.py:588} INFO - Filling up the DagBag from /opt/airflow/dags/youtube_medallion_pipeline.py
[2026-07-25T07:41:25.856+0000] {processor.py:925} INFO - DAG(s) 'youtube_medallion_pipeline' retrieved from /opt/airflow/dags/youtube_medallion_pipeline.py
[2026-07-25T07:41:25.906+0000] {logging_mixin.py:190} INFO - [2026-07-25T07:41:25.905+0000] {dag.py:3239} INFO - Sync 1 DAGs
[2026-07-25T07:41:25.935+0000] {logging_mixin.py:190} INFO - [2026-07-25T07:41:25.935+0000] {dag.py:4180} INFO - Setting next_dagrun for youtube_medallion_pipeline to None, run_after=None
[2026-07-25T07:41:25.969+0000] {processor.py:208} INFO - Processing /opt/airflow/dags/youtube_medallion_pipeline.py took 0.168 seconds
[2026-07-25T07:41:56.410+0000] {processor.py:186} INFO - Started process (PID=256) to work on /opt/airflow/dags/youtube_medallion_pipeline.py
[2026-07-25T07:41:56.412+0000] {processor.py:914} INFO - Processing file /opt/airflow/dags/youtube_medallion_pipeline.py for tasks to queue
[2026-07-25T07:41:56.417+0000] {logging_mixin.py:190} INFO - [2026-07-25T07:41:56.416+0000] {dagbag.py:588} INFO - Filling up the DagBag from /opt/airflow/dags/youtube_medallion_pipeline.py
[2026-07-25T07:41:56.454+0000] {processor.py:925} INFO - DAG(s) 'youtube_medallion_pipeline' retrieved from /opt/airflow/dags/youtube_medallion_pipeline.py
[2026-07-25T07:41:56.507+0000] {logging_mixin.py:190} INFO - [2026-07-25T07:41:56.506+0000] {dag.py:3239} INFO - Sync 1 DAGs
[2026-07-25T07:41:56.541+0000] {logging_mixin.py:190} INFO - [2026-07-25T07:41:56.540+0000] {dag.py:4180} INFO - Setting next_dagrun for youtube_medallion_pipeline to None, run_after=None
[2026-07-25T07:41:56.594+0000] {processor.py:208} INFO - Processing /opt/airflow/dags/youtube_medallion_pipeline.py took 0.197 seconds
[2026-07-25T07:42:26.686+0000] {processor.py:186} INFO - Started process (PID=261) to work on /opt/airflow/dags/youtube_medallion_pipeline.py
[2026-07-25T07:42:26.688+0000] {processor.py:914} INFO - Processing file /opt/airflow/dags/youtube_medallion_pipeline.py for tasks to queue
[2026-07-25T07:42:26.693+0000] {logging_mixin.py:190} INFO - [2026-07-25T07:42:26.692+0000] {dagbag.py:588} INFO - Filling up the DagBag from /opt/airflow/dags/youtube_medallion_pipeline.py
[2026-07-25T07:42:26.727+0000] {processor.py:925} INFO - DAG(s) 'youtube_medallion_pipeline' retrieved from /opt/airflow/dags/youtube_medallion_pipeline.py
[2026-07-25T07:42:26.782+0000] {logging_mixin.py:190} INFO - [2026-07-25T07:42:26.782+0000] {dag.py:3239} INFO - Sync 1 DAGs
[2026-07-25T07:42:26.808+0000] {logging_mixin.py:190} INFO - [2026-07-25T07:42:26.808+0000] {dag.py:4180} INFO - Setting next_dagrun for youtube_medallion_pipeline to None, run_after=None
[2026-07-25T07:42:26.844+0000] {processor.py:208} INFO - Processing /opt/airflow/dags/youtube_medallion_pipeline.py took 0.167 seconds
[2026-07-25T07:42:57.110+0000] {processor.py:186} INFO - Started process (PID=266) to work on /opt/airflow/dags/youtube_medallion_pipeline.py
[2026-07-25T07:42:57.112+0000] {processor.py:914} INFO - Processing file /opt/airflow/dags/youtube_medallion_pipeline.py for tasks to queue
[2026-07-25T07:42:57.116+0000] {logging_mixin.py:190} INFO - [2026-07-25T07:42:57.116+0000] {dagbag.py:588} INFO - Filling up the DagBag from /opt/airflow/dags/youtube_medallion_pipeline.py
[2026-07-25T07:42:57.144+0000] {processor.py:925} INFO - DAG(s) 'youtube_medallion_pipeline' retrieved from /opt/airflow/dags/youtube_medallion_pipeline.py
[2026-07-25T07:42:57.191+0000] {logging_mixin.py:190} INFO - [2026-07-25T07:42:57.191+0000] {dag.py:3239} INFO - Sync 1 DAGs
[2026-07-25T07:42:57.216+0000] {logging_mixin.py:190} INFO - [2026-07-25T07:42:57.216+0000] {dag.py:4180} INFO - Setting next_dagrun for youtube_medallion_pipeline to None, run_after=None
[2026-07-25T07:42:57.249+0000] {processor.py:208} INFO - Processing /opt/airflow/dags/youtube_medallion_pipeline.py took 0.147 seconds
[2026-07-25T07:43:27.394+0000] {processor.py:186} INFO - Started process (PID=271) to work on /opt/airflow/dags/youtube_medallion_pipeline.py
[2026-07-25T07:43:27.398+0000] {processor.py:914} INFO - Processing file /opt/airflow/dags/youtube_medallion_pipeline.py for tasks to queue
[2026-07-25T07:43:27.410+0000] {logging_mixin.py:190} INFO - [2026-07-25T07:43:27.409+0000] {dagbag.py:588} INFO - Filling up the DagBag from /opt/airflow/dags/youtube_medallion_pipeline.py
[2026-07-25T07:43:27.464+0000] {processor.py:925} INFO - DAG(s) 'youtube_medallion_pipeline' retrieved from /opt/airflow/dags/youtube_medallion_pipeline.py
[2026-07-25T07:43:27.510+0000] {logging_mixin.py:190} INFO - [2026-07-25T07:43:27.510+0000] {dag.py:3239} INFO - Sync 1 DAGs
[2026-07-25T07:43:27.534+0000] {logging_mixin.py:190} INFO - [2026-07-25T07:43:27.533+0000] {dag.py:4180} INFO - Setting next_dagrun for youtube_medallion_pipeline to None, run_after=None
[2026-07-25T07:43:27.566+0000] {processor.py:208} INFO - Processing /opt/airflow/dags/youtube_medallion_pipeline.py took 0.192 seconds
[2026-07-25T07:43:57.775+0000] {processor.py:186} INFO - Started process (PID=276) to work on /opt/airflow/dags/youtube_medallion_pipeline.py
[2026-07-25T07:43:57.777+0000] {processor.py:914} INFO - Processing file /opt/airflow/dags/youtube_medallion_pipeline.py for tasks to queue
[2026-07-25T07:43:57.783+0000] {logging_mixin.py:190} INFO - [2026-07-25T07:43:57.782+0000] {dagbag.py:588} INFO - Filling up the DagBag from /opt/airflow/dags/youtube_medallion_pipeline.py
[2026-07-25T07:43:57.810+0000] {processor.py:925} INFO - DAG(s) 'youtube_medallion_pipeline' retrieved from /opt/airflow/dags/youtube_medallion_pipeline.py
[2026-07-25T07:43:57.848+0000] {logging_mixin.py:190} INFO - [2026-07-25T07:43:57.848+0000] {dag.py:3239} INFO - Sync 1 DAGs
[2026-07-25T07:43:57.871+0000] {logging_mixin.py:190} INFO - [2026-07-25T07:43:57.870+0000] {dag.py:4180} INFO - Setting next_dagrun for youtube_medallion_pipeline to None, run_after=None
[2026-07-25T07:43:57.904+0000] {processor.py:208} INFO - Processing /opt/airflow/dags/youtube_medallion_pipeline.py took 0.142 seconds
[2026-07-25T07:44:28.057+0000] {processor.py:186} INFO - Started process (PID=281) to work on /opt/airflow/dags/youtube_medallion_pipeline.py
[2026-07-25T07:44:28.060+0000] {processor.py:914} INFO - Processing file /opt/airflow/dags/youtube_medallion_pipeline.py for tasks to queue
[2026-07-25T07:44:28.064+0000] {logging_mixin.py:190} INFO - [2026-07-25T07:44:28.063+0000] {dagbag.py:588} INFO - Filling up the DagBag from /opt/airflow/dags/youtube_medallion_pipeline.py
[2026-07-25T07:44:28.096+0000] {processor.py:925} INFO - DAG(s) 'youtube_medallion_pipeline' retrieved from /opt/airflow/dags/youtube_medallion_pipeline.py
[2026-07-25T07:44:28.144+0000] {logging_mixin.py:190} INFO - [2026-07-25T07:44:28.144+0000] {dag.py:3239} INFO - Sync 1 DAGs
[2026-07-25T07:44:28.168+0000] {logging_mixin.py:190} INFO - [2026-07-25T07:44:28.168+0000] {dag.py:4180} INFO - Setting next_dagrun for youtube_medallion_pipeline to None, run_after=None
[2026-07-25T07:44:28.199+0000] {processor.py:208} INFO - Processing /opt/airflow/dags/youtube_medallion_pipeline.py took 0.151 seconds
[2026-07-25T07:44:58.628+0000] {processor.py:186} INFO - Started process (PID=286) to work on /opt/airflow/dags/youtube_medallion_pipeline.py
[2026-07-25T07:44:58.634+0000] {processor.py:914} INFO - Processing file /opt/airflow/dags/youtube_medallion_pipeline.py for tasks to queue
[2026-07-25T07:44:58.662+0000] {logging_mixin.py:190} INFO - [2026-07-25T07:44:58.658+0000] {dagbag.py:588} INFO - Filling up the DagBag from /opt/airflow/dags/youtube_medallion_pipeline.py
[2026-07-25T07:44:58.799+0000] {processor.py:925} INFO - DAG(s) 'youtube_medallion_pipeline' retrieved from /opt/airflow/dags/youtube_medallion_pipeline.py
[2026-07-25T07:44:59.037+0000] {logging_mixin.py:190} INFO - [2026-07-25T07:44:59.036+0000] {dag.py:3239} INFO - Sync 1 DAGs
[2026-07-25T07:44:59.140+0000] {logging_mixin.py:190} INFO - [2026-07-25T07:44:59.140+0000] {dag.py:4180} INFO - Setting next_dagrun for youtube_medallion_pipeline to None, run_after=None
[2026-07-25T07:44:59.210+0000] {processor.py:208} INFO - Processing /opt/airflow/dags/youtube_medallion_pipeline.py took 0.620 seconds
[2026-07-25T07:45:31.605+0000] {processor.py:186} INFO - Started process (PID=291) to work on /opt/airflow/dags/youtube_medallion_pipeline.py
[2026-07-25T07:45:31.749+0000] {processor.py:914} INFO - Processing file /opt/airflow/dags/youtube_medallion_pipeline.py for tasks to queue
[2026-07-25T07:45:32.191+0000] {logging_mixin.py:190} INFO - [2026-07-25T07:45:32.190+0000] {dagbag.py:588} INFO - Filling up the DagBag from /opt/airflow/dags/youtube_medallion_pipeline.py
[2026-07-25T07:45:32.347+0000] {processor.py:925} INFO - DAG(s) 'youtube_medallion_pipeline' retrieved from /opt/airflow/dags/youtube_medallion_pipeline.py
[2026-07-25T07:45:35.896+0000] {logging_mixin.py:190} INFO - [2026-07-25T07:45:35.895+0000] {dag.py:3239} INFO - Sync 1 DAGs
[2026-07-25T07:45:36.120+0000] {logging_mixin.py:190} INFO - [2026-07-25T07:45:36.119+0000] {dag.py:4180} INFO - Setting next_dagrun for youtube_medallion_pipeline to None, run_after=None
[2026-07-25T07:45:36.691+0000] {processor.py:208} INFO - Processing /opt/airflow/dags/youtube_medallion_pipeline.py took 5.293 seconds
[2026-07-25T07:46:09.056+0000] {processor.py:186} INFO - Started process (PID=307) to work on /opt/airflow/dags/youtube_medallion_pipeline.py
[2026-07-25T07:46:09.486+0000] {processor.py:914} INFO - Processing file /opt/airflow/dags/youtube_medallion_pipeline.py for tasks to queue
[2026-07-25T07:46:11.353+0000] {logging_mixin.py:190} INFO - [2026-07-25T07:46:11.353+0000] {dagbag.py:588} INFO - Filling up the DagBag from /opt/airflow/dags/youtube_medallion_pipeline.py
[2026-07-25T07:46:12.937+0000] {processor.py:925} INFO - DAG(s) 'youtube_medallion_pipeline' retrieved from /opt/airflow/dags/youtube_medallion_pipeline.py
[2026-07-25T07:46:14.221+0000] {logging_mixin.py:190} INFO - [2026-07-25T07:46:14.221+0000] {dag.py:3239} INFO - Sync 1 DAGs
[2026-07-25T07:46:15.590+0000] {logging_mixin.py:190} INFO - [2026-07-25T07:46:15.590+0000] {dag.py:4180} INFO - Setting next_dagrun for youtube_medallion_pipeline to None, run_after=None
[2026-07-25T07:46:15.976+0000] {processor.py:208} INFO - Processing /opt/airflow/dags/youtube_medallion_pipeline.py took 7.578 seconds
[2026-07-25T07:46:47.679+0000] {processor.py:186} INFO - Started process (PID=312) to work on /opt/airflow/dags/youtube_medallion_pipeline.py
[2026-07-25T07:46:47.681+0000] {processor.py:914} INFO - Processing file /opt/airflow/dags/youtube_medallion_pipeline.py for tasks to queue
[2026-07-25T07:46:47.685+0000] {logging_mixin.py:190} INFO - [2026-07-25T07:46:47.685+0000] {dagbag.py:588} INFO - Filling up the DagBag from /opt/airflow/dags/youtube_medallion_pipeline.py
[2026-07-25T07:46:47.714+0000] {processor.py:925} INFO - DAG(s) 'youtube_medallion_pipeline' retrieved from /opt/airflow/dags/youtube_medallion_pipeline.py
[2026-07-25T07:46:47.756+0000] {logging_mixin.py:190} INFO - [2026-07-25T07:46:47.756+0000] {dag.py:3239} INFO - Sync 1 DAGs
[2026-07-25T07:46:47.778+0000] {logging_mixin.py:190} INFO - [2026-07-25T07:46:47.778+0000] {dag.py:4180} INFO - Setting next_dagrun for youtube_medallion_pipeline to None, run_after=None
[2026-07-25T07:46:47.812+0000] {processor.py:208} INFO - Processing /opt/airflow/dags/youtube_medallion_pipeline.py took 0.140 seconds
[2026-07-25T07:47:18.276+0000] {processor.py:186} INFO - Started process (PID=317) to work on /opt/airflow/dags/youtube_medallion_pipeline.py
[2026-07-25T07:47:18.278+0000] {processor.py:914} INFO - Processing file /opt/airflow/dags/youtube_medallion_pipeline.py for tasks to queue
[2026-07-25T07:47:18.282+0000] {logging_mixin.py:190} INFO - [2026-07-25T07:47:18.282+0000] {dagbag.py:588} INFO - Filling up the DagBag from /opt/airflow/dags/youtube_medallion_pipeline.py
[2026-07-25T07:47:18.309+0000] {processor.py:925} INFO - DAG(s) 'youtube_medallion_pipeline' retrieved from /opt/airflow/dags/youtube_medallion_pipeline.py
[2026-07-25T07:47:18.358+0000] {logging_mixin.py:190} INFO - [2026-07-25T07:47:18.357+0000] {dag.py:3239} INFO - Sync 1 DAGs
[2026-07-25T07:47:18.381+0000] {logging_mixin.py:190} INFO - [2026-07-25T07:47:18.381+0000] {dag.py:4180} INFO - Setting next_dagrun for youtube_medallion_pipeline to None, run_after=None
[2026-07-25T07:47:18.424+0000] {processor.py:208} INFO - Processing /opt/airflow/dags/youtube_medallion_pipeline.py took 0.157 seconds
[2026-07-25T07:47:48.689+0000] {processor.py:186} INFO - Started process (PID=322) to work on /opt/airflow/dags/youtube_medallion_pipeline.py
[2026-07-25T07:47:48.691+0000] {processor.py:914} INFO - Processing file /opt/airflow/dags/youtube_medallion_pipeline.py for tasks to queue
[2026-07-25T07:47:48.695+0000] {logging_mixin.py:190} INFO - [2026-07-25T07:47:48.695+0000] {dagbag.py:588} INFO - Filling up the DagBag from /opt/airflow/dags/youtube_medallion_pipeline.py
[2026-07-25T07:47:48.722+0000] {processor.py:925} INFO - DAG(s) 'youtube_medallion_pipeline' retrieved from /opt/airflow/dags/youtube_medallion_pipeline.py
[2026-07-25T07:47:48.762+0000] {logging_mixin.py:190} INFO - [2026-07-25T07:47:48.761+0000] {dag.py:3239} INFO - Sync 1 DAGs
[2026-07-25T07:47:48.782+0000] {logging_mixin.py:190} INFO - [2026-07-25T07:47:48.782+0000] {dag.py:4180} INFO - Setting next_dagrun for youtube_medallion_pipeline to None, run_after=None
[2026-07-25T07:47:48.812+0000] {processor.py:208} INFO - Processing /opt/airflow/dags/youtube_medallion_pipeline.py took 0.131 seconds
[2026-07-25T07:48:18.968+0000] {processor.py:186} INFO - Started process (PID=338) to work on /opt/airflow/dags/youtube_medallion_pipeline.py
[2026-07-25T07:48:18.970+0000] {processor.py:914} INFO - Processing file /opt/airflow/dags/youtube_medallion_pipeline.py for tasks to queue
[2026-07-25T07:48:18.979+0000] {logging_mixin.py:190} INFO - [2026-07-25T07:48:18.978+0000] {dagbag.py:588} INFO - Filling up the DagBag from /opt/airflow/dags/youtube_medallion_pipeline.py
[2026-07-25T07:48:19.020+0000] {processor.py:925} INFO - DAG(s) 'youtube_medallion_pipeline' retrieved from /opt/airflow/dags/youtube_medallion_pipeline.py
[2026-07-25T07:48:19.086+0000] {logging_mixin.py:190} INFO - [2026-07-25T07:48:19.086+0000] {dag.py:3239} INFO - Sync 1 DAGs
[2026-07-25T07:48:19.120+0000] {logging_mixin.py:190} INFO - [2026-07-25T07:48:19.120+0000] {dag.py:4180} INFO - Setting next_dagrun for youtube_medallion_pipeline to None, run_after=None
[2026-07-25T07:48:19.164+0000] {processor.py:208} INFO - Processing /opt/airflow/dags/youtube_medallion_pipeline.py took 0.213 seconds
[2026-07-25T07:48:49.321+0000] {processor.py:186} INFO - Started process (PID=343) to work on /opt/airflow/dags/youtube_medallion_pipeline.py
[2026-07-25T07:48:49.323+0000] {processor.py:914} INFO - Processing file /opt/airflow/dags/youtube_medallion_pipeline.py for tasks to queue
[2026-07-25T07:48:49.327+0000] {logging_mixin.py:190} INFO - [2026-07-25T07:48:49.327+0000] {dagbag.py:588} INFO - Filling up the DagBag from /opt/airflow/dags/youtube_medallion_pipeline.py
[2026-07-25T07:48:49.349+0000] {processor.py:925} INFO - DAG(s) 'youtube_medallion_pipeline' retrieved from /opt/airflow/dags/youtube_medallion_pipeline.py
[2026-07-25T07:48:49.392+0000] {logging_mixin.py:190} INFO - [2026-07-25T07:48:49.392+0000] {dag.py:3239} INFO - Sync 1 DAGs
[2026-07-25T07:48:49.415+0000] {logging_mixin.py:190} INFO - [2026-07-25T07:48:49.414+0000] {dag.py:4180} INFO - Setting next_dagrun for youtube_medallion_pipeline to None, run_after=None
[2026-07-25T07:48:49.444+0000] {processor.py:208} INFO - Processing /opt/airflow/dags/youtube_medallion_pipeline.py took 0.129 seconds
[2026-07-25T07:49:19.702+0000] {processor.py:186} INFO - Started process (PID=348) to work on /opt/airflow/dags/youtube_medallion_pipeline.py
[2026-07-25T07:49:19.704+0000] {processor.py:914} INFO - Processing file /opt/airflow/dags/youtube_medallion_pipeline.py for tasks to queue
[2026-07-25T07:49:19.708+0000] {logging_mixin.py:190} INFO - [2026-07-25T07:49:19.707+0000] {dagbag.py:588} INFO - Filling up the DagBag from /opt/airflow/dags/youtube_medallion_pipeline.py
[2026-07-25T07:49:19.730+0000] {processor.py:925} INFO - DAG(s) 'youtube_medallion_pipeline' retrieved from /opt/airflow/dags/youtube_medallion_pipeline.py
[2026-07-25T07:49:19.774+0000] {logging_mixin.py:190} INFO - [2026-07-25T07:49:19.774+0000] {dag.py:3239} INFO - Sync 1 DAGs
[2026-07-25T07:49:19.798+0000] {logging_mixin.py:190} INFO - [2026-07-25T07:49:19.798+0000] {dag.py:4180} INFO - Setting next_dagrun for youtube_medallion_pipeline to None, run_after=None
[2026-07-25T07:49:19.830+0000] {processor.py:208} INFO - Processing /opt/airflow/dags/youtube_medallion_pipeline.py took 0.135 seconds
[2026-07-25T07:49:49.954+0000] {processor.py:186} INFO - Started process (PID=353) to work on /opt/airflow/dags/youtube_medallion_pipeline.py
[2026-07-25T07:49:49.957+0000] {processor.py:914} INFO - Processing file /opt/airflow/dags/youtube_medallion_pipeline.py for tasks to queue
[2026-07-25T07:49:49.961+0000] {logging_mixin.py:190} INFO - [2026-07-25T07:49:49.961+0000] {dagbag.py:588} INFO - Filling up the DagBag from /opt/airflow/dags/youtube_medallion_pipeline.py
[2026-07-25T07:49:49.984+0000] {processor.py:925} INFO - DAG(s) 'youtube_medallion_pipeline' retrieved from /opt/airflow/dags/youtube_medallion_pipeline.py
[2026-07-25T07:49:50.029+0000] {logging_mixin.py:190} INFO - [2026-07-25T07:49:50.029+0000] {dag.py:3239} INFO - Sync 1 DAGs
[2026-07-25T07:49:50.050+0000] {logging_mixin.py:190} INFO - [2026-07-25T07:49:50.050+0000] {dag.py:4180} INFO - Setting next_dagrun for youtube_medallion_pipeline to None, run_after=None
[2026-07-25T07:49:50.082+0000] {processor.py:208} INFO - Processing /opt/airflow/dags/youtube_medallion_pipeline.py took 0.135 seconds
[2026-07-25T07:50:20.373+0000] {processor.py:186} INFO - Started process (PID=358) to work on /opt/airflow/dags/youtube_medallion_pipeline.py
[2026-07-25T07:50:20.375+0000] {processor.py:914} INFO - Processing file /opt/airflow/dags/youtube_medallion_pipeline.py for tasks to queue
[2026-07-25T07:50:20.379+0000] {logging_mixin.py:190} INFO - [2026-07-25T07:50:20.378+0000] {dagbag.py:588} INFO - Filling up the DagBag from /opt/airflow/dags/youtube_medallion_pipeline.py
[2026-07-25T07:50:20.402+0000] {processor.py:925} INFO - DAG(s) 'youtube_medallion_pipeline' retrieved from /opt/airflow/dags/youtube_medallion_pipeline.py
[2026-07-25T07:50:20.444+0000] {logging_mixin.py:190} INFO - [2026-07-25T07:50:20.444+0000] {dag.py:3239} INFO - Sync 1 DAGs
[2026-07-25T07:50:20.467+0000] {logging_mixin.py:190} INFO - [2026-07-25T07:50:20.467+0000] {dag.py:4180} INFO - Setting next_dagrun for youtube_medallion_pipeline to None, run_after=None
[2026-07-25T07:50:20.496+0000] {processor.py:208} INFO - Processing /opt/airflow/dags/youtube_medallion_pipeline.py took 0.131 seconds
[2026-07-25T07:50:50.651+0000] {processor.py:186} INFO - Started process (PID=363) to work on /opt/airflow/dags/youtube_medallion_pipeline.py
[2026-07-25T07:50:50.653+0000] {processor.py:914} INFO - Processing file /opt/airflow/dags/youtube_medallion_pipeline.py for tasks to queue
[2026-07-25T07:50:50.657+0000] {logging_mixin.py:190} INFO - [2026-07-25T07:50:50.657+0000] {dagbag.py:588} INFO - Filling up the DagBag from /opt/airflow/dags/youtube_medallion_pipeline.py
[2026-07-25T07:50:50.682+0000] {processor.py:925} INFO - DAG(s) 'youtube_medallion_pipeline' retrieved from /opt/airflow/dags/youtube_medallion_pipeline.py
[2026-07-25T07:50:50.729+0000] {logging_mixin.py:190} INFO - [2026-07-25T07:50:50.729+0000] {dag.py:3239} INFO - Sync 1 DAGs
[2026-07-25T07:50:50.752+0000] {logging_mixin.py:190} INFO - [2026-07-25T07:50:50.751+0000] {dag.py:4180} INFO - Setting next_dagrun for youtube_medallion_pipeline to None, run_after=None
[2026-07-25T07:50:50.782+0000] {processor.py:208} INFO - Processing /opt/airflow/dags/youtube_medallion_pipeline.py took 0.139 seconds
[2026-07-25T07:51:20.960+0000] {processor.py:186} INFO - Started process (PID=368) to work on /opt/airflow/dags/youtube_medallion_pipeline.py
[2026-07-25T07:51:20.962+0000] {processor.py:914} INFO - Processing file /opt/airflow/dags/youtube_medallion_pipeline.py for tasks to queue
[2026-07-25T07:51:20.967+0000] {logging_mixin.py:190} INFO - [2026-07-25T07:51:20.966+0000] {dagbag.py:588} INFO - Filling up the DagBag from /opt/airflow/dags/youtube_medallion_pipeline.py
[2026-07-25T07:51:20.990+0000] {processor.py:925} INFO - DAG(s) 'youtube_medallion_pipeline' retrieved from /opt/airflow/dags/youtube_medallion_pipeline.py
[2026-07-25T07:51:21.033+0000] {logging_mixin.py:190} INFO - [2026-07-25T07:51:21.033+0000] {dag.py:3239} INFO - Sync 1 DAGs
[2026-07-25T07:51:21.056+0000] {logging_mixin.py:190} INFO - [2026-07-25T07:51:21.055+0000] {dag.py:4180} INFO - Setting next_dagrun for youtube_medallion_pipeline to None, run_after=None
[2026-07-25T07:51:21.087+0000] {processor.py:208} INFO - Processing /opt/airflow/dags/youtube_medallion_pipeline.py took 0.135 seconds
[2026-07-25T07:51:51.259+0000] {processor.py:186} INFO - Started process (PID=373) to work on /opt/airflow/dags/youtube_medallion_pipeline.py
[2026-07-25T07:51:51.260+0000] {processor.py:914} INFO - Processing file /opt/airflow/dags/youtube_medallion_pipeline.py for tasks to queue
[2026-07-25T07:51:51.266+0000] {logging_mixin.py:190} INFO - [2026-07-25T07:51:51.266+0000] {dagbag.py:588} INFO - Filling up the DagBag from /opt/airflow/dags/youtube_medallion_pipeline.py
[2026-07-25T07:51:51.289+0000] {processor.py:925} INFO - DAG(s) 'youtube_medallion_pipeline' retrieved from /opt/airflow/dags/youtube_medallion_pipeline.py
[2026-07-25T07:51:51.329+0000] {logging_mixin.py:190} INFO - [2026-07-25T07:51:51.328+0000] {dag.py:3239} INFO - Sync 1 DAGs
[2026-07-25T07:51:51.349+0000] {logging_mixin.py:190} INFO - [2026-07-25T07:51:51.348+0000] {dag.py:4180} INFO - Setting next_dagrun for youtube_medallion_pipeline to None, run_after=None
[2026-07-25T07:51:51.385+0000] {processor.py:208} INFO - Processing /opt/airflow/dags/youtube_medallion_pipeline.py took 0.134 seconds
[2026-07-25T07:52:21.571+0000] {processor.py:186} INFO - Started process (PID=378) to work on /opt/airflow/dags/youtube_medallion_pipeline.py
[2026-07-25T07:52:21.573+0000] {processor.py:914} INFO - Processing file /opt/airflow/dags/youtube_medallion_pipeline.py for tasks to queue
[2026-07-25T07:52:21.578+0000] {logging_mixin.py:190} INFO - [2026-07-25T07:52:21.577+0000] {dagbag.py:588} INFO - Filling up the DagBag from /opt/airflow/dags/youtube_medallion_pipeline.py
[2026-07-25T07:52:21.600+0000] {processor.py:925} INFO - DAG(s) 'youtube_medallion_pipeline' retrieved from /opt/airflow/dags/youtube_medallion_pipeline.py
[2026-07-25T07:52:21.644+0000] {logging_mixin.py:190} INFO - [2026-07-25T07:52:21.644+0000] {dag.py:3239} INFO - Sync 1 DAGs
[2026-07-25T07:52:21.665+0000] {logging_mixin.py:190} INFO - [2026-07-25T07:52:21.665+0000] {dag.py:4180} INFO - Setting next_dagrun for youtube_medallion_pipeline to None, run_after=None
[2026-07-25T07:52:21.698+0000] {processor.py:208} INFO - Processing /opt/airflow/dags/youtube_medallion_pipeline.py took 0.135 seconds
[2026-07-25T07:52:51.880+0000] {processor.py:186} INFO - Started process (PID=383) to work on /opt/airflow/dags/youtube_medallion_pipeline.py
[2026-07-25T07:52:51.882+0000] {processor.py:914} INFO - Processing file /opt/airflow/dags/youtube_medallion_pipeline.py for tasks to queue
[2026-07-25T07:52:51.886+0000] {logging_mixin.py:190} INFO - [2026-07-25T07:52:51.885+0000] {dagbag.py:588} INFO - Filling up the DagBag from /opt/airflow/dags/youtube_medallion_pipeline.py
[2026-07-25T07:52:51.915+0000] {processor.py:925} INFO - DAG(s) 'youtube_medallion_pipeline' retrieved from /opt/airflow/dags/youtube_medallion_pipeline.py
[2026-07-25T07:52:51.971+0000] {logging_mixin.py:190} INFO - [2026-07-25T07:52:51.970+0000] {dag.py:3239} INFO - Sync 1 DAGs
[2026-07-25T07:52:52.001+0000] {logging_mixin.py:190} INFO - [2026-07-25T07:52:52.001+0000] {dag.py:4180} INFO - Setting next_dagrun for youtube_medallion_pipeline to None, run_after=None
[2026-07-25T07:52:52.038+0000] {processor.py:208} INFO - Processing /opt/airflow/dags/youtube_medallion_pipeline.py took 0.166 seconds
[2026-07-25T07:53:22.220+0000] {processor.py:186} INFO - Started process (PID=397) to work on /opt/airflow/dags/youtube_medallion_pipeline.py
[2026-07-25T07:53:22.222+0000] {processor.py:914} INFO - Processing file /opt/airflow/dags/youtube_medallion_pipeline.py for tasks to queue
[2026-07-25T07:53:22.226+0000] {logging_mixin.py:190} INFO - [2026-07-25T07:53:22.226+0000] {dagbag.py:588} INFO - Filling up the DagBag from /opt/airflow/dags/youtube_medallion_pipeline.py
[2026-07-25T07:53:22.250+0000] {processor.py:925} INFO - DAG(s) 'youtube_medallion_pipeline' retrieved from /opt/airflow/dags/youtube_medallion_pipeline.py
[2026-07-25T07:53:22.298+0000] {logging_mixin.py:190} INFO - [2026-07-25T07:53:22.297+0000] {dag.py:3239} INFO - Sync 1 DAGs
[2026-07-25T07:53:22.326+0000] {logging_mixin.py:190} INFO - [2026-07-25T07:53:22.325+0000] {dag.py:4180} INFO - Setting next_dagrun for youtube_medallion_pipeline to None, run_after=None
[2026-07-25T07:53:22.359+0000] {processor.py:208} INFO - Processing /opt/airflow/dags/youtube_medallion_pipeline.py took 0.148 seconds
[2026-07-25T07:53:52.550+0000] {processor.py:186} INFO - Started process (PID=403) to work on /opt/airflow/dags/youtube_medallion_pipeline.py
[2026-07-25T07:53:52.553+0000] {processor.py:914} INFO - Processing file /opt/airflow/dags/youtube_medallion_pipeline.py for tasks to queue
[2026-07-25T07:53:52.557+0000] {logging_mixin.py:190} INFO - [2026-07-25T07:53:52.557+0000] {dagbag.py:588} INFO - Filling up the DagBag from /opt/airflow/dags/youtube_medallion_pipeline.py
[2026-07-25T07:53:52.582+0000] {processor.py:925} INFO - DAG(s) 'youtube_medallion_pipeline' retrieved from /opt/airflow/dags/youtube_medallion_pipeline.py
[2026-07-25T07:53:52.671+0000] {logging_mixin.py:190} INFO - [2026-07-25T07:53:52.671+0000] {dag.py:3239} INFO - Sync 1 DAGs
[2026-07-25T07:53:52.712+0000] {logging_mixin.py:190} INFO - [2026-07-25T07:53:52.712+0000] {dag.py:4180} INFO - Setting next_dagrun for youtube_medallion_pipeline to None, run_after=None
[2026-07-25T07:53:52.783+0000] {processor.py:208} INFO - Processing /opt/airflow/dags/youtube_medallion_pipeline.py took 0.241 seconds
[2026-07-25T07:54:22.855+0000] {processor.py:186} INFO - Started process (PID=408) to work on /opt/airflow/dags/youtube_medallion_pipeline.py
[2026-07-25T07:54:22.857+0000] {processor.py:914} INFO - Processing file /opt/airflow/dags/youtube_medallion_pipeline.py for tasks to queue
[2026-07-25T07:54:22.861+0000] {logging_mixin.py:190} INFO - [2026-07-25T07:54:22.860+0000] {dagbag.py:588} INFO - Filling up the DagBag from /opt/airflow/dags/youtube_medallion_pipeline.py
[2026-07-25T07:54:22.883+0000] {processor.py:925} INFO - DAG(s) 'youtube_medallion_pipeline' retrieved from /opt/airflow/dags/youtube_medallion_pipeline.py
[2026-07-25T07:54:22.925+0000] {logging_mixin.py:190} INFO - [2026-07-25T07:54:22.924+0000] {dag.py:3239} INFO - Sync 1 DAGs
[2026-07-25T07:54:22.950+0000] {logging_mixin.py:190} INFO - [2026-07-25T07:54:22.950+0000] {dag.py:4180} INFO - Setting next_dagrun for youtube_medallion_pipeline to None, run_after=None
[2026-07-25T07:54:22.979+0000] {processor.py:208} INFO - Processing /opt/airflow/dags/youtube_medallion_pipeline.py took 0.130 seconds
[2026-07-25T07:54:53.102+0000] {processor.py:186} INFO - Started process (PID=413) to work on /opt/airflow/dags/youtube_medallion_pipeline.py
[2026-07-25T07:54:53.104+0000] {processor.py:914} INFO - Processing file /opt/airflow/dags/youtube_medallion_pipeline.py for tasks to queue
[2026-07-25T07:54:53.108+0000] {logging_mixin.py:190} INFO - [2026-07-25T07:54:53.107+0000] {dagbag.py:588} INFO - Filling up the DagBag from /opt/airflow/dags/youtube_medallion_pipeline.py
[2026-07-25T07:54:53.132+0000] {processor.py:925} INFO - DAG(s) 'youtube_medallion_pipeline' retrieved from /opt/airflow/dags/youtube_medallion_pipeline.py
[2026-07-25T07:54:53.195+0000] {logging_mixin.py:190} INFO - [2026-07-25T07:54:53.195+0000] {dag.py:3239} INFO - Sync 1 DAGs
[2026-07-25T07:54:53.218+0000] {logging_mixin.py:190} INFO - [2026-07-25T07:54:53.218+0000] {dag.py:4180} INFO - Setting next_dagrun for youtube_medallion_pipeline to None, run_after=None
[2026-07-25T07:54:53.257+0000] {processor.py:208} INFO - Processing /opt/airflow/dags/youtube_medallion_pipeline.py took 0.165 seconds
[2026-07-25T07:55:23.529+0000] {processor.py:186} INFO - Started process (PID=418) to work on /opt/airflow/dags/youtube_medallion_pipeline.py
[2026-07-25T07:55:23.531+0000] {processor.py:914} INFO - Processing file /opt/airflow/dags/youtube_medallion_pipeline.py for tasks to queue
[2026-07-25T07:55:23.536+0000] {logging_mixin.py:190} INFO - [2026-07-25T07:55:23.535+0000] {dagbag.py:588} INFO - Filling up the DagBag from /opt/airflow/dags/youtube_medallion_pipeline.py
[2026-07-25T07:55:23.559+0000] {processor.py:925} INFO - DAG(s) 'youtube_medallion_pipeline' retrieved from /opt/airflow/dags/youtube_medallion_pipeline.py
[2026-07-25T07:55:23.598+0000] {logging_mixin.py:190} INFO - [2026-07-25T07:55:23.597+0000] {dag.py:3239} INFO - Sync 1 DAGs
[2026-07-25T07:55:23.618+0000] {logging_mixin.py:190} INFO - [2026-07-25T07:55:23.617+0000] {dag.py:4180} INFO - Setting next_dagrun for youtube_medallion_pipeline to None, run_after=None
[2026-07-25T07:55:23.646+0000] {processor.py:208} INFO - Processing /opt/airflow/dags/youtube_medallion_pipeline.py took 0.124 seconds
[2026-07-25T07:55:53.810+0000] {processor.py:186} INFO - Started process (PID=423) to work on /opt/airflow/dags/youtube_medallion_pipeline.py
[2026-07-25T07:55:53.812+0000] {processor.py:914} INFO - Processing file /opt/airflow/dags/youtube_medallion_pipeline.py for tasks to queue
[2026-07-25T07:55:53.817+0000] {logging_mixin.py:190} INFO - [2026-07-25T07:55:53.816+0000] {dagbag.py:588} INFO - Filling up the DagBag from /opt/airflow/dags/youtube_medallion_pipeline.py
[2026-07-25T07:55:53.840+0000] {processor.py:925} INFO - DAG(s) 'youtube_medallion_pipeline' retrieved from /opt/airflow/dags/youtube_medallion_pipeline.py
[2026-07-25T07:55:53.881+0000] {logging_mixin.py:190} INFO - [2026-07-25T07:55:53.881+0000] {dag.py:3239} INFO - Sync 1 DAGs
[2026-07-25T07:55:53.901+0000] {logging_mixin.py:190} INFO - [2026-07-25T07:55:53.901+0000] {dag.py:4180} INFO - Setting next_dagrun for youtube_medallion_pipeline to None, run_after=None
[2026-07-25T07:55:53.931+0000] {processor.py:208} INFO - Processing /opt/airflow/dags/youtube_medallion_pipeline.py took 0.128 seconds
[2026-07-25T07:56:24.165+0000] {processor.py:186} INFO - Started process (PID=428) to work on /opt/airflow/dags/youtube_medallion_pipeline.py
[2026-07-25T07:56:24.168+0000] {processor.py:914} INFO - Processing file /opt/airflow/dags/youtube_medallion_pipeline.py for tasks to queue
[2026-07-25T07:56:24.173+0000] {logging_mixin.py:190} INFO - [2026-07-25T07:56:24.173+0000] {dagbag.py:588} INFO - Filling up the DagBag from /opt/airflow/dags/youtube_medallion_pipeline.py
[2026-07-25T07:56:24.222+0000] {processor.py:925} INFO - DAG(s) 'youtube_medallion_pipeline' retrieved from /opt/airflow/dags/youtube_medallion_pipeline.py
[2026-07-25T07:56:24.275+0000] {logging_mixin.py:190} INFO - [2026-07-25T07:56:24.274+0000] {dag.py:3239} INFO - Sync 1 DAGs
[2026-07-25T07:56:24.297+0000] {logging_mixin.py:190} INFO - [2026-07-25T07:56:24.297+0000] {dag.py:4180} INFO - Setting next_dagrun for youtube_medallion_pipeline to None, run_after=None
[2026-07-25T07:56:24.328+0000] {processor.py:208} INFO - Processing /opt/airflow/dags/youtube_medallion_pipeline.py took 0.173 seconds
[2026-07-25T07:56:54.413+0000] {processor.py:186} INFO - Started process (PID=433) to work on /opt/airflow/dags/youtube_medallion_pipeline.py
[2026-07-25T07:56:54.415+0000] {processor.py:914} INFO - Processing file /opt/airflow/dags/youtube_medallion_pipeline.py for tasks to queue
[2026-07-25T07:56:54.419+0000] {logging_mixin.py:190} INFO - [2026-07-25T07:56:54.419+0000] {dagbag.py:588} INFO - Filling up the DagBag from /opt/airflow/dags/youtube_medallion_pipeline.py
[2026-07-25T07:56:54.444+0000] {processor.py:925} INFO - DAG(s) 'youtube_medallion_pipeline' retrieved from /opt/airflow/dags/youtube_medallion_pipeline.py
[2026-07-25T07:56:54.491+0000] {logging_mixin.py:190} INFO - [2026-07-25T07:56:54.490+0000] {dag.py:3239} INFO - Sync 1 DAGs
[2026-07-25T07:56:54.513+0000] {logging_mixin.py:190} INFO - [2026-07-25T07:56:54.513+0000] {dag.py:4180} INFO - Setting next_dagrun for youtube_medallion_pipeline to None, run_after=None
[2026-07-25T07:56:54.547+0000] {processor.py:208} INFO - Processing /opt/airflow/dags/youtube_medallion_pipeline.py took 0.142 seconds
[2026-07-25T07:57:24.809+0000] {processor.py:186} INFO - Started process (PID=438) to work on /opt/airflow/dags/youtube_medallion_pipeline.py
[2026-07-25T07:57:24.812+0000] {processor.py:914} INFO - Processing file /opt/airflow/dags/youtube_medallion_pipeline.py for tasks to queue
[2026-07-25T07:57:24.816+0000] {logging_mixin.py:190} INFO - [2026-07-25T07:57:24.815+0000] {dagbag.py:588} INFO - Filling up the DagBag from /opt/airflow/dags/youtube_medallion_pipeline.py
[2026-07-25T07:57:24.845+0000] {processor.py:925} INFO - DAG(s) 'youtube_medallion_pipeline' retrieved from /opt/airflow/dags/youtube_medallion_pipeline.py
[2026-07-25T07:57:24.899+0000] {logging_mixin.py:190} INFO - [2026-07-25T07:57:24.898+0000] {dag.py:3239} INFO - Sync 1 DAGs
[2026-07-25T07:57:24.929+0000] {logging_mixin.py:190} INFO - [2026-07-25T07:57:24.929+0000] {dag.py:4180} INFO - Setting next_dagrun for youtube_medallion_pipeline to None, run_after=None
[2026-07-25T07:57:24.956+0000] {processor.py:208} INFO - Processing /opt/airflow/dags/youtube_medallion_pipeline.py took 0.154 seconds
[2026-07-25T07:57:55.067+0000] {processor.py:186} INFO - Started process (PID=443) to work on /opt/airflow/dags/youtube_medallion_pipeline.py
[2026-07-25T07:57:55.069+0000] {processor.py:914} INFO - Processing file /opt/airflow/dags/youtube_medallion_pipeline.py for tasks to queue
[2026-07-25T07:57:55.073+0000] {logging_mixin.py:190} INFO - [2026-07-25T07:57:55.073+0000] {dagbag.py:588} INFO - Filling up the DagBag from /opt/airflow/dags/youtube_medallion_pipeline.py
[2026-07-25T07:57:55.099+0000] {processor.py:925} INFO - DAG(s) 'youtube_medallion_pipeline' retrieved from /opt/airflow/dags/youtube_medallion_pipeline.py
[2026-07-25T07:57:55.142+0000] {logging_mixin.py:190} INFO - [2026-07-25T07:57:55.141+0000] {dag.py:3239} INFO - Sync 1 DAGs
[2026-07-25T07:57:55.164+0000] {logging_mixin.py:190} INFO - [2026-07-25T07:57:55.164+0000] {dag.py:4180} INFO - Setting next_dagrun for youtube_medallion_pipeline to None, run_after=None
[2026-07-25T07:57:55.197+0000] {processor.py:208} INFO - Processing /opt/airflow/dags/youtube_medallion_pipeline.py took 0.139 seconds
[2026-07-25T07:58:25.455+0000] {processor.py:186} INFO - Started process (PID=448) to work on /opt/airflow/dags/youtube_medallion_pipeline.py
[2026-07-25T07:58:25.457+0000] {processor.py:914} INFO - Processing file /opt/airflow/dags/youtube_medallion_pipeline.py for tasks to queue
[2026-07-25T07:58:25.461+0000] {logging_mixin.py:190} INFO - [2026-07-25T07:58:25.460+0000] {dagbag.py:588} INFO - Filling up the DagBag from /opt/airflow/dags/youtube_medallion_pipeline.py
[2026-07-25T07:58:25.486+0000] {processor.py:925} INFO - DAG(s) 'youtube_medallion_pipeline' retrieved from /opt/airflow/dags/youtube_medallion_pipeline.py
[2026-07-25T07:58:25.524+0000] {logging_mixin.py:190} INFO - [2026-07-25T07:58:25.524+0000] {dag.py:3239} INFO - Sync 1 DAGs
[2026-07-25T07:58:25.545+0000] {logging_mixin.py:190} INFO - [2026-07-25T07:58:25.545+0000] {dag.py:4180} INFO - Setting next_dagrun for youtube_medallion_pipeline to None, run_after=None
[2026-07-25T07:58:25.574+0000] {processor.py:208} INFO - Processing /opt/airflow/dags/youtube_medallion_pipeline.py took 0.126 seconds
[2026-07-25T07:58:55.703+0000] {processor.py:186} INFO - Started process (PID=453) to work on /opt/airflow/dags/youtube_medallion_pipeline.py
[2026-07-25T07:58:55.705+0000] {processor.py:914} INFO - Processing file /opt/airflow/dags/youtube_medallion_pipeline.py for tasks to queue
[2026-07-25T07:58:55.710+0000] {logging_mixin.py:190} INFO - [2026-07-25T07:58:55.708+0000] {dagbag.py:588} INFO - Filling up the DagBag from /opt/airflow/dags/youtube_medallion_pipeline.py
[2026-07-25T07:58:55.734+0000] {processor.py:925} INFO - DAG(s) 'youtube_medallion_pipeline' retrieved from /opt/airflow/dags/youtube_medallion_pipeline.py
[2026-07-25T07:58:55.777+0000] {logging_mixin.py:190} INFO - [2026-07-25T07:58:55.777+0000] {dag.py:3239} INFO - Sync 1 DAGs
[2026-07-25T07:58:55.800+0000] {logging_mixin.py:190} INFO - [2026-07-25T07:58:55.800+0000] {dag.py:4180} INFO - Setting next_dagrun for youtube_medallion_pipeline to None, run_after=None
[2026-07-25T07:58:55.828+0000] {processor.py:208} INFO - Processing /opt/airflow/dags/youtube_medallion_pipeline.py took 0.133 seconds
[2026-07-25T07:59:26.056+0000] {processor.py:186} INFO - Started process (PID=458) to work on /opt/airflow/dags/youtube_medallion_pipeline.py
[2026-07-25T07:59:26.058+0000] {processor.py:914} INFO - Processing file /opt/airflow/dags/youtube_medallion_pipeline.py for tasks to queue
[2026-07-25T07:59:26.063+0000] {logging_mixin.py:190} INFO - [2026-07-25T07:59:26.063+0000] {dagbag.py:588} INFO - Filling up the DagBag from /opt/airflow/dags/youtube_medallion_pipeline.py
[2026-07-25T07:59:26.086+0000] {processor.py:925} INFO - DAG(s) 'youtube_medallion_pipeline' retrieved from /opt/airflow/dags/youtube_medallion_pipeline.py
[2026-07-25T07:59:26.126+0000] {logging_mixin.py:190} INFO - [2026-07-25T07:59:26.126+0000] {dag.py:3239} INFO - Sync 1 DAGs
[2026-07-25T07:59:26.147+0000] {logging_mixin.py:190} INFO - [2026-07-25T07:59:26.146+0000] {dag.py:4180} INFO - Setting next_dagrun for youtube_medallion_pipeline to None, run_after=None
[2026-07-25T07:59:26.176+0000] {processor.py:208} INFO - Processing /opt/airflow/dags/youtube_medallion_pipeline.py took 0.127 seconds
[2026-07-25T07:59:56.304+0000] {processor.py:186} INFO - Started process (PID=463) to work on /opt/airflow/dags/youtube_medallion_pipeline.py
[2026-07-25T07:59:56.306+0000] {processor.py:914} INFO - Processing file /opt/airflow/dags/youtube_medallion_pipeline.py for tasks to queue
[2026-07-25T07:59:56.310+0000] {logging_mixin.py:190} INFO - [2026-07-25T07:59:56.310+0000] {dagbag.py:588} INFO - Filling up the DagBag from /opt/airflow/dags/youtube_medallion_pipeline.py
[2026-07-25T07:59:56.352+0000] {processor.py:925} INFO - DAG(s) 'youtube_medallion_pipeline' retrieved from /opt/airflow/dags/youtube_medallion_pipeline.py
[2026-07-25T07:59:56.406+0000] {logging_mixin.py:190} INFO - [2026-07-25T07:59:56.405+0000] {dag.py:3239} INFO - Sync 1 DAGs
[2026-07-25T07:59:56.429+0000] {logging_mixin.py:190} INFO - [2026-07-25T07:59:56.429+0000] {dag.py:4180} INFO - Setting next_dagrun for youtube_medallion_pipeline to None, run_after=None
[2026-07-25T07:59:56.461+0000] {processor.py:208} INFO - Processing /opt/airflow/dags/youtube_medallion_pipeline.py took 0.164 seconds
[2026-07-25T08:00:26.707+0000] {processor.py:186} INFO - Started process (PID=468) to work on /opt/airflow/dags/youtube_medallion_pipeline.py
[2026-07-25T08:00:26.709+0000] {processor.py:914} INFO - Processing file /opt/airflow/dags/youtube_medallion_pipeline.py for tasks to queue
[2026-07-25T08:00:26.713+0000] {logging_mixin.py:190} INFO - [2026-07-25T08:00:26.712+0000] {dagbag.py:588} INFO - Filling up the DagBag from /opt/airflow/dags/youtube_medallion_pipeline.py
[2026-07-25T08:00:26.737+0000] {processor.py:925} INFO - DAG(s) 'youtube_medallion_pipeline' retrieved from /opt/airflow/dags/youtube_medallion_pipeline.py
[2026-07-25T08:00:26.777+0000] {logging_mixin.py:190} INFO - [2026-07-25T08:00:26.777+0000] {dag.py:3239} INFO - Sync 1 DAGs
[2026-07-25T08:00:26.798+0000] {logging_mixin.py:190} INFO - [2026-07-25T08:00:26.798+0000] {dag.py:4180} INFO - Setting next_dagrun for youtube_medallion_pipeline to None, run_after=None
[2026-07-25T08:00:26.828+0000] {processor.py:208} INFO - Processing /opt/airflow/dags/youtube_medallion_pipeline.py took 0.132 seconds
[2026-07-25T08:00:56.951+0000] {processor.py:186} INFO - Started process (PID=473) to work on /opt/airflow/dags/youtube_medallion_pipeline.py
[2026-07-25T08:00:56.953+0000] {processor.py:914} INFO - Processing file /opt/airflow/dags/youtube_medallion_pipeline.py for tasks to queue
[2026-07-25T08:00:56.958+0000] {logging_mixin.py:190} INFO - [2026-07-25T08:00:56.957+0000] {dagbag.py:588} INFO - Filling up the DagBag from /opt/airflow/dags/youtube_medallion_pipeline.py
[2026-07-25T08:00:56.981+0000] {processor.py:925} INFO - DAG(s) 'youtube_medallion_pipeline' retrieved from /opt/airflow/dags/youtube_medallion_pipeline.py
[2026-07-25T08:00:57.021+0000] {logging_mixin.py:190} INFO - [2026-07-25T08:00:57.021+0000] {dag.py:3239} INFO - Sync 1 DAGs
[2026-07-25T08:00:57.042+0000] {logging_mixin.py:190} INFO - [2026-07-25T08:00:57.041+0000] {dag.py:4180} INFO - Setting next_dagrun for youtube_medallion_pipeline to None, run_after=None
[2026-07-25T08:00:57.071+0000] {processor.py:208} INFO - Processing /opt/airflow/dags/youtube_medallion_pipeline.py took 0.128 seconds
[2026-07-25T08:01:27.333+0000] {processor.py:186} INFO - Started process (PID=478) to work on /opt/airflow/dags/youtube_medallion_pipeline.py
[2026-07-25T08:01:27.335+0000] {processor.py:914} INFO - Processing file /opt/airflow/dags/youtube_medallion_pipeline.py for tasks to queue
[2026-07-25T08:01:27.339+0000] {logging_mixin.py:190} INFO - [2026-07-25T08:01:27.338+0000] {dagbag.py:588} INFO - Filling up the DagBag from /opt/airflow/dags/youtube_medallion_pipeline.py
[2026-07-25T08:01:27.362+0000] {processor.py:925} INFO - DAG(s) 'youtube_medallion_pipeline' retrieved from /opt/airflow/dags/youtube_medallion_pipeline.py
[2026-07-25T08:01:27.403+0000] {logging_mixin.py:190} INFO - [2026-07-25T08:01:27.402+0000] {dag.py:3239} INFO - Sync 1 DAGs
[2026-07-25T08:01:27.423+0000] {logging_mixin.py:190} INFO - [2026-07-25T08:01:27.423+0000] {dag.py:4180} INFO - Setting next_dagrun for youtube_medallion_pipeline to None, run_after=None
[2026-07-25T08:01:27.452+0000] {processor.py:208} INFO - Processing /opt/airflow/dags/youtube_medallion_pipeline.py took 0.126 seconds
[2026-07-25T08:01:57.755+0000] {processor.py:186} INFO - Started process (PID=483) to work on /opt/airflow/dags/youtube_medallion_pipeline.py
[2026-07-25T08:01:57.758+0000] {processor.py:914} INFO - Processing file /opt/airflow/dags/youtube_medallion_pipeline.py for tasks to queue
[2026-07-25T08:01:57.763+0000] {logging_mixin.py:190} INFO - [2026-07-25T08:01:57.762+0000] {dagbag.py:588} INFO - Filling up the DagBag from /opt/airflow/dags/youtube_medallion_pipeline.py
[2026-07-25T08:01:57.807+0000] {processor.py:925} INFO - DAG(s) 'youtube_medallion_pipeline' retrieved from /opt/airflow/dags/youtube_medallion_pipeline.py
[2026-07-25T08:01:57.874+0000] {logging_mixin.py:190} INFO - [2026-07-25T08:01:57.874+0000] {dag.py:3239} INFO - Sync 1 DAGs
[2026-07-25T08:01:57.914+0000] {logging_mixin.py:190} INFO - [2026-07-25T08:01:57.913+0000] {dag.py:4180} INFO - Setting next_dagrun for youtube_medallion_pipeline to None, run_after=None
[2026-07-25T08:01:57.949+0000] {processor.py:208} INFO - Processing /opt/airflow/dags/youtube_medallion_pipeline.py took 0.207 seconds
[2026-07-25T08:02:28.973+0000] {processor.py:186} INFO - Started process (PID=488) to work on /opt/airflow/dags/youtube_medallion_pipeline.py
[2026-07-25T08:02:28.987+0000] {processor.py:914} INFO - Processing file /opt/airflow/dags/youtube_medallion_pipeline.py for tasks to queue
[2026-07-25T08:02:29.024+0000] {logging_mixin.py:190} INFO - [2026-07-25T08:02:29.018+0000] {dagbag.py:588} INFO - Filling up the DagBag from /opt/airflow/dags/youtube_medallion_pipeline.py
[2026-07-25T08:02:29.124+0000] {processor.py:925} INFO - DAG(s) 'youtube_medallion_pipeline' retrieved from /opt/airflow/dags/youtube_medallion_pipeline.py
[2026-07-25T08:02:29.315+0000] {logging_mixin.py:190} INFO - [2026-07-25T08:02:29.315+0000] {dag.py:3239} INFO - Sync 1 DAGs
[2026-07-25T08:02:29.396+0000] {logging_mixin.py:190} INFO - [2026-07-25T08:02:29.395+0000] {dag.py:4180} INFO - Setting next_dagrun for youtube_medallion_pipeline to None, run_after=None
[2026-07-25T08:02:29.473+0000] {processor.py:208} INFO - Processing /opt/airflow/dags/youtube_medallion_pipeline.py took 0.581 seconds
[2026-07-25T08:02:59.878+0000] {processor.py:186} INFO - Started process (PID=493) to work on /opt/airflow/dags/youtube_medallion_pipeline.py
[2026-07-25T08:02:59.888+0000] {processor.py:914} INFO - Processing file /opt/airflow/dags/youtube_medallion_pipeline.py for tasks to queue
[2026-07-25T08:02:59.914+0000] {logging_mixin.py:190} INFO - [2026-07-25T08:02:59.911+0000] {dagbag.py:588} INFO - Filling up the DagBag from /opt/airflow/dags/youtube_medallion_pipeline.py
[2026-07-25T08:03:00.023+0000] {processor.py:925} INFO - DAG(s) 'youtube_medallion_pipeline' retrieved from /opt/airflow/dags/youtube_medallion_pipeline.py
[2026-07-25T08:03:00.190+0000] {logging_mixin.py:190} INFO - [2026-07-25T08:03:00.189+0000] {dag.py:3239} INFO - Sync 1 DAGs
[2026-07-25T08:03:00.233+0000] {logging_mixin.py:190} INFO - [2026-07-25T08:03:00.232+0000] {dag.py:4180} INFO - Setting next_dagrun for youtube_medallion_pipeline to None, run_after=None
[2026-07-25T08:03:00.269+0000] {processor.py:208} INFO - Processing /opt/airflow/dags/youtube_medallion_pipeline.py took 0.439 seconds
[2026-07-25T08:03:30.782+0000] {processor.py:186} INFO - Started process (PID=498) to work on /opt/airflow/dags/youtube_medallion_pipeline.py
[2026-07-25T08:03:30.784+0000] {processor.py:914} INFO - Processing file /opt/airflow/dags/youtube_medallion_pipeline.py for tasks to queue
[2026-07-25T08:03:30.790+0000] {logging_mixin.py:190} INFO - [2026-07-25T08:03:30.789+0000] {dagbag.py:588} INFO - Filling up the DagBag from /opt/airflow/dags/youtube_medallion_pipeline.py
[2026-07-25T08:03:30.819+0000] {processor.py:925} INFO - DAG(s) 'youtube_medallion_pipeline' retrieved from /opt/airflow/dags/youtube_medallion_pipeline.py
[2026-07-25T08:03:30.876+0000] {logging_mixin.py:190} INFO - [2026-07-25T08:03:30.876+0000] {dag.py:3239} INFO - Sync 1 DAGs
[2026-07-25T08:03:30.905+0000] {logging_mixin.py:190} INFO - [2026-07-25T08:03:30.905+0000] {dag.py:4180} INFO - Setting next_dagrun for youtube_medallion_pipeline to None, run_after=None
[2026-07-25T08:03:30.957+0000] {processor.py:208} INFO - Processing /opt/airflow/dags/youtube_medallion_pipeline.py took 0.186 seconds
[2026-07-25T08:04:01.606+0000] {processor.py:186} INFO - Started process (PID=503) to work on /opt/airflow/dags/youtube_medallion_pipeline.py
[2026-07-25T08:04:01.608+0000] {processor.py:914} INFO - Processing file /opt/airflow/dags/youtube_medallion_pipeline.py for tasks to queue
[2026-07-25T08:04:01.613+0000] {logging_mixin.py:190} INFO - [2026-07-25T08:04:01.612+0000] {dagbag.py:588} INFO - Filling up the DagBag from /opt/airflow/dags/youtube_medallion_pipeline.py
[2026-07-25T08:04:01.647+0000] {processor.py:925} INFO - DAG(s) 'youtube_medallion_pipeline' retrieved from /opt/airflow/dags/youtube_medallion_pipeline.py
[2026-07-25T08:04:01.702+0000] {logging_mixin.py:190} INFO - [2026-07-25T08:04:01.702+0000] {dag.py:3239} INFO - Sync 1 DAGs
[2026-07-25T08:04:01.740+0000] {logging_mixin.py:190} INFO - [2026-07-25T08:04:01.740+0000] {dag.py:4180} INFO - Setting next_dagrun for youtube_medallion_pipeline to None, run_after=None
[2026-07-25T08:04:01.836+0000] {processor.py:208} INFO - Processing /opt/airflow/dags/youtube_medallion_pipeline.py took 0.238 seconds
[2026-07-25T08:04:31.928+0000] {processor.py:186} INFO - Started process (PID=508) to work on /opt/airflow/dags/youtube_medallion_pipeline.py
[2026-07-25T08:04:31.931+0000] {processor.py:914} INFO - Processing file /opt/airflow/dags/youtube_medallion_pipeline.py for tasks to queue
[2026-07-25T08:04:31.936+0000] {logging_mixin.py:190} INFO - [2026-07-25T08:04:31.936+0000] {dagbag.py:588} INFO - Filling up the DagBag from /opt/airflow/dags/youtube_medallion_pipeline.py
[2026-07-25T08:04:31.962+0000] {processor.py:925} INFO - DAG(s) 'youtube_medallion_pipeline' retrieved from /opt/airflow/dags/youtube_medallion_pipeline.py
[2026-07-25T08:04:32.011+0000] {logging_mixin.py:190} INFO - [2026-07-25T08:04:32.011+0000] {dag.py:3239} INFO - Sync 1 DAGs
[2026-07-25T08:04:32.093+0000] {logging_mixin.py:190} INFO - [2026-07-25T08:04:32.092+0000] {dag.py:4180} INFO - Setting next_dagrun for youtube_medallion_pipeline to None, run_after=None
[2026-07-25T08:04:32.168+0000] {processor.py:208} INFO - Processing /opt/airflow/dags/youtube_medallion_pipeline.py took 0.250 seconds
[2026-07-25T08:05:02.338+0000] {processor.py:186} INFO - Started process (PID=513) to work on /opt/airflow/dags/youtube_medallion_pipeline.py
[2026-07-25T08:05:02.340+0000] {processor.py:914} INFO - Processing file /opt/airflow/dags/youtube_medallion_pipeline.py for tasks to queue
[2026-07-25T08:05:02.345+0000] {logging_mixin.py:190} INFO - [2026-07-25T08:05:02.344+0000] {dagbag.py:588} INFO - Filling up the DagBag from /opt/airflow/dags/youtube_medallion_pipeline.py
[2026-07-25T08:05:02.370+0000] {processor.py:925} INFO - DAG(s) 'youtube_medallion_pipeline' retrieved from /opt/airflow/dags/youtube_medallion_pipeline.py
[2026-07-25T08:05:02.438+0000] {logging_mixin.py:190} INFO - [2026-07-25T08:05:02.437+0000] {dag.py:3239} INFO - Sync 1 DAGs
[2026-07-25T08:05:02.532+0000] {logging_mixin.py:190} INFO - [2026-07-25T08:05:02.532+0000] {dag.py:4180} INFO - Setting next_dagrun for youtube_medallion_pipeline to None, run_after=None
[2026-07-25T08:05:02.596+0000] {processor.py:208} INFO - Processing /opt/airflow/dags/youtube_medallion_pipeline.py took 0.267 seconds
[2026-07-25T08:05:32.782+0000] {processor.py:186} INFO - Started process (PID=518) to work on /opt/airflow/dags/youtube_medallion_pipeline.py
[2026-07-25T08:05:32.784+0000] {processor.py:914} INFO - Processing file /opt/airflow/dags/youtube_medallion_pipeline.py for tasks to queue
[2026-07-25T08:05:32.789+0000] {logging_mixin.py:190} INFO - [2026-07-25T08:05:32.789+0000] {dagbag.py:588} INFO - Filling up the DagBag from /opt/airflow/dags/youtube_medallion_pipeline.py
[2026-07-25T08:05:32.818+0000] {processor.py:925} INFO - DAG(s) 'youtube_medallion_pipeline' retrieved from /opt/airflow/dags/youtube_medallion_pipeline.py
[2026-07-25T08:05:32.872+0000] {logging_mixin.py:190} INFO - [2026-07-25T08:05:32.872+0000] {dag.py:3239} INFO - Sync 1 DAGs
[2026-07-25T08:05:32.893+0000] {logging_mixin.py:190} INFO - [2026-07-25T08:05:32.893+0000] {dag.py:4180} INFO - Setting next_dagrun for youtube_medallion_pipeline to None, run_after=None
[2026-07-25T08:05:32.924+0000] {processor.py:208} INFO - Processing /opt/airflow/dags/youtube_medallion_pipeline.py took 0.150 seconds
[2026-07-25T08:06:03.120+0000] {processor.py:186} INFO - Started process (PID=523) to work on /opt/airflow/dags/youtube_medallion_pipeline.py
[2026-07-25T08:06:03.122+0000] {processor.py:914} INFO - Processing file /opt/airflow/dags/youtube_medallion_pipeline.py for tasks to queue
[2026-07-25T08:06:03.126+0000] {logging_mixin.py:190} INFO - [2026-07-25T08:06:03.125+0000] {dagbag.py:588} INFO - Filling up the DagBag from /opt/airflow/dags/youtube_medallion_pipeline.py
[2026-07-25T08:06:03.147+0000] {processor.py:925} INFO - DAG(s) 'youtube_medallion_pipeline' retrieved from /opt/airflow/dags/youtube_medallion_pipeline.py
[2026-07-25T08:06:03.188+0000] {logging_mixin.py:190} INFO - [2026-07-25T08:06:03.188+0000] {dag.py:3239} INFO - Sync 1 DAGs
[2026-07-25T08:06:03.213+0000] {logging_mixin.py:190} INFO - [2026-07-25T08:06:03.213+0000] {dag.py:4180} INFO - Setting next_dagrun for youtube_medallion_pipeline to None, run_after=None
[2026-07-25T08:06:03.256+0000] {processor.py:208} INFO - Processing /opt/airflow/dags/youtube_medallion_pipeline.py took 0.142 seconds
[2026-07-25T08:06:33.486+0000] {processor.py:186} INFO - Started process (PID=528) to work on /opt/airflow/dags/youtube_medallion_pipeline.py
[2026-07-25T08:06:33.492+0000] {processor.py:914} INFO - Processing file /opt/airflow/dags/youtube_medallion_pipeline.py for tasks to queue
[2026-07-25T08:06:33.501+0000] {logging_mixin.py:190} INFO - [2026-07-25T08:06:33.501+0000] {dagbag.py:588} INFO - Filling up the DagBag from /opt/airflow/dags/youtube_medallion_pipeline.py
[2026-07-25T08:06:33.526+0000] {processor.py:925} INFO - DAG(s) 'youtube_medallion_pipeline' retrieved from /opt/airflow/dags/youtube_medallion_pipeline.py
[2026-07-25T08:06:33.570+0000] {logging_mixin.py:190} INFO - [2026-07-25T08:06:33.570+0000] {dag.py:3239} INFO - Sync 1 DAGs
[2026-07-25T08:06:33.596+0000] {logging_mixin.py:190} INFO - [2026-07-25T08:06:33.595+0000] {dag.py:4180} INFO - Setting next_dagrun for youtube_medallion_pipeline to None, run_after=None
[2026-07-25T08:06:33.630+0000] {processor.py:208} INFO - Processing /opt/airflow/dags/youtube_medallion_pipeline.py took 0.163 seconds
[2026-07-25T08:07:03.758+0000] {processor.py:186} INFO - Started process (PID=533) to work on /opt/airflow/dags/youtube_medallion_pipeline.py
[2026-07-25T08:07:03.767+0000] {processor.py:914} INFO - Processing file /opt/airflow/dags/youtube_medallion_pipeline.py for tasks to queue
[2026-07-25T08:07:03.794+0000] {logging_mixin.py:190} INFO - [2026-07-25T08:07:03.794+0000] {dagbag.py:588} INFO - Filling up the DagBag from /opt/airflow/dags/youtube_medallion_pipeline.py
[2026-07-25T08:07:03.820+0000] {processor.py:925} INFO - DAG(s) 'youtube_medallion_pipeline' retrieved from /opt/airflow/dags/youtube_medallion_pipeline.py
[2026-07-25T08:07:03.863+0000] {logging_mixin.py:190} INFO - [2026-07-25T08:07:03.863+0000] {dag.py:3239} INFO - Sync 1 DAGs
[2026-07-25T08:07:03.884+0000] {logging_mixin.py:190} INFO - [2026-07-25T08:07:03.884+0000] {dag.py:4180} INFO - Setting next_dagrun for youtube_medallion_pipeline to None, run_after=None
[2026-07-25T08:07:03.912+0000] {processor.py:208} INFO - Processing /opt/airflow/dags/youtube_medallion_pipeline.py took 0.162 seconds
[2026-07-25T08:07:34.116+0000] {processor.py:186} INFO - Started process (PID=538) to work on /opt/airflow/dags/youtube_medallion_pipeline.py
[2026-07-25T08:07:34.118+0000] {processor.py:914} INFO - Processing file /opt/airflow/dags/youtube_medallion_pipeline.py for tasks to queue
[2026-07-25T08:07:34.123+0000] {logging_mixin.py:190} INFO - [2026-07-25T08:07:34.122+0000] {dagbag.py:588} INFO - Filling up the DagBag from /opt/airflow/dags/youtube_medallion_pipeline.py
[2026-07-25T08:07:34.149+0000] {processor.py:925} INFO - DAG(s) 'youtube_medallion_pipeline' retrieved from /opt/airflow/dags/youtube_medallion_pipeline.py
[2026-07-25T08:07:34.192+0000] {logging_mixin.py:190} INFO - [2026-07-25T08:07:34.191+0000] {dag.py:3239} INFO - Sync 1 DAGs
[2026-07-25T08:07:34.214+0000] {logging_mixin.py:190} INFO - [2026-07-25T08:07:34.214+0000] {dag.py:4180} INFO - Setting next_dagrun for youtube_medallion_pipeline to None, run_after=None
[2026-07-25T08:07:34.245+0000] {processor.py:208} INFO - Processing /opt/airflow/dags/youtube_medallion_pipeline.py took 0.138 seconds
[2026-07-25T08:08:04.403+0000] {processor.py:186} INFO - Started process (PID=543) to work on /opt/airflow/dags/youtube_medallion_pipeline.py
[2026-07-25T08:08:04.406+0000] {processor.py:914} INFO - Processing file /opt/airflow/dags/youtube_medallion_pipeline.py for tasks to queue
[2026-07-25T08:08:04.411+0000] {logging_mixin.py:190} INFO - [2026-07-25T08:08:04.410+0000] {dagbag.py:588} INFO - Filling up the DagBag from /opt/airflow/dags/youtube_medallion_pipeline.py
[2026-07-25T08:08:04.435+0000] {processor.py:925} INFO - DAG(s) 'youtube_medallion_pipeline' retrieved from /opt/airflow/dags/youtube_medallion_pipeline.py
[2026-07-25T08:08:04.482+0000] {logging_mixin.py:190} INFO - [2026-07-25T08:08:04.481+0000] {dag.py:3239} INFO - Sync 1 DAGs
[2026-07-25T08:08:04.509+0000] {logging_mixin.py:190} INFO - [2026-07-25T08:08:04.509+0000] {dag.py:4180} INFO - Setting next_dagrun for youtube_medallion_pipeline to None, run_after=None
[2026-07-25T08:08:04.540+0000] {processor.py:208} INFO - Processing /opt/airflow/dags/youtube_medallion_pipeline.py took 0.144 seconds
[2026-07-25T08:08:34.816+0000] {processor.py:186} INFO - Started process (PID=548) to work on /opt/airflow/dags/youtube_medallion_pipeline.py
[2026-07-25T08:08:34.819+0000] {processor.py:914} INFO - Processing file /opt/airflow/dags/youtube_medallion_pipeline.py for tasks to queue
[2026-07-25T08:08:34.823+0000] {logging_mixin.py:190} INFO - [2026-07-25T08:08:34.823+0000] {dagbag.py:588} INFO - Filling up the DagBag from /opt/airflow/dags/youtube_medallion_pipeline.py
[2026-07-25T08:08:34.847+0000] {processor.py:925} INFO - DAG(s) 'youtube_medallion_pipeline' retrieved from /opt/airflow/dags/youtube_medallion_pipeline.py
[2026-07-25T08:08:34.889+0000] {logging_mixin.py:190} INFO - [2026-07-25T08:08:34.889+0000] {dag.py:3239} INFO - Sync 1 DAGs
[2026-07-25T08:08:34.910+0000] {logging_mixin.py:190} INFO - [2026-07-25T08:08:34.910+0000] {dag.py:4180} INFO - Setting next_dagrun for youtube_medallion_pipeline to None, run_after=None
[2026-07-25T08:08:34.939+0000] {processor.py:208} INFO - Processing /opt/airflow/dags/youtube_medallion_pipeline.py took 0.130 seconds
[2026-07-25T08:09:05.076+0000] {processor.py:186} INFO - Started process (PID=553) to work on /opt/airflow/dags/youtube_medallion_pipeline.py
[2026-07-25T08:09:05.078+0000] {processor.py:914} INFO - Processing file /opt/airflow/dags/youtube_medallion_pipeline.py for tasks to queue
[2026-07-25T08:09:05.083+0000] {logging_mixin.py:190} INFO - [2026-07-25T08:09:05.083+0000] {dagbag.py:588} INFO - Filling up the DagBag from /opt/airflow/dags/youtube_medallion_pipeline.py
[2026-07-25T08:09:05.107+0000] {processor.py:925} INFO - DAG(s) 'youtube_medallion_pipeline' retrieved from /opt/airflow/dags/youtube_medallion_pipeline.py
[2026-07-25T08:09:05.152+0000] {logging_mixin.py:190} INFO - [2026-07-25T08:09:05.152+0000] {dag.py:3239} INFO - Sync 1 DAGs
[2026-07-25T08:09:05.209+0000] {logging_mixin.py:190} INFO - [2026-07-25T08:09:05.209+0000] {dag.py:4180} INFO - Setting next_dagrun for youtube_medallion_pipeline to None, run_after=None
[2026-07-25T08:09:05.258+0000] {processor.py:208} INFO - Processing /opt/airflow/dags/youtube_medallion_pipeline.py took 0.190 seconds
[2026-07-25T08:11:06.625+0000] {processor.py:186} INFO - Started process (PID=159) to work on /opt/airflow/dags/youtube_medallion_pipeline.py
[2026-07-25T08:11:06.630+0000] {processor.py:914} INFO - Processing file /opt/airflow/dags/youtube_medallion_pipeline.py for tasks to queue
[2026-07-25T08:11:06.642+0000] {logging_mixin.py:190} INFO - [2026-07-25T08:11:06.641+0000] {dagbag.py:588} INFO - Filling up the DagBag from /opt/airflow/dags/youtube_medallion_pipeline.py
[2026-07-25T08:11:06.897+0000] {processor.py:925} INFO - DAG(s) 'youtube_medallion_pipeline' retrieved from /opt/airflow/dags/youtube_medallion_pipeline.py
[2026-07-25T08:11:07.309+0000] {logging_mixin.py:190} INFO - [2026-07-25T08:11:07.308+0000] {dag.py:3239} INFO - Sync 1 DAGs
[2026-07-25T08:11:07.428+0000] {logging_mixin.py:190} INFO - [2026-07-25T08:11:07.428+0000] {dag.py:4180} INFO - Setting next_dagrun for youtube_medallion_pipeline to None, run_after=None
[2026-07-25T08:11:07.908+0000] {processor.py:208} INFO - Processing /opt/airflow/dags/youtube_medallion_pipeline.py took 1.308 seconds
[2026-07-25T08:13:39.870+0000] {processor.py:186} INFO - Started process (PID=165) to work on /opt/airflow/dags/youtube_medallion_pipeline.py
[2026-07-25T08:13:39.906+0000] {processor.py:914} INFO - Processing file /opt/airflow/dags/youtube_medallion_pipeline.py for tasks to queue
[2026-07-25T08:13:40.036+0000] {logging_mixin.py:190} INFO - [2026-07-25T08:13:40.013+0000] {dagbag.py:588} INFO - Filling up the DagBag from /opt/airflow/dags/youtube_medallion_pipeline.py
[2026-07-25T08:13:40.909+0000] {processor.py:925} INFO - DAG(s) 'youtube_medallion_pipeline' retrieved from /opt/airflow/dags/youtube_medallion_pipeline.py
[2026-07-25T08:13:41.879+0000] {logging_mixin.py:190} INFO - [2026-07-25T08:13:41.879+0000] {dag.py:3239} INFO - Sync 1 DAGs
[2026-07-25T08:13:42.328+0000] {logging_mixin.py:190} INFO - [2026-07-25T08:13:42.327+0000] {dag.py:4180} INFO - Setting next_dagrun for youtube_medallion_pipeline to None, run_after=None
[2026-07-25T08:13:42.594+0000] {processor.py:208} INFO - Processing /opt/airflow/dags/youtube_medallion_pipeline.py took 3.063 seconds
[2026-07-25T08:14:13.684+0000] {processor.py:186} INFO - Started process (PID=170) to work on /opt/airflow/dags/youtube_medallion_pipeline.py
[2026-07-25T08:14:13.696+0000] {processor.py:914} INFO - Processing file /opt/airflow/dags/youtube_medallion_pipeline.py for tasks to queue
[2026-07-25T08:14:13.761+0000] {logging_mixin.py:190} INFO - [2026-07-25T08:14:13.754+0000] {dagbag.py:588} INFO - Filling up the DagBag from /opt/airflow/dags/youtube_medallion_pipeline.py
[2026-07-25T08:14:14.095+0000] {processor.py:925} INFO - DAG(s) 'youtube_medallion_pipeline' retrieved from /opt/airflow/dags/youtube_medallion_pipeline.py
[2026-07-25T08:14:14.687+0000] {logging_mixin.py:190} INFO - [2026-07-25T08:14:14.686+0000] {dag.py:3239} INFO - Sync 1 DAGs
[2026-07-25T08:14:14.831+0000] {logging_mixin.py:190} INFO - [2026-07-25T08:14:14.830+0000] {dag.py:4180} INFO - Setting next_dagrun for youtube_medallion_pipeline to None, run_after=None
[2026-07-25T08:14:14.943+0000] {processor.py:208} INFO - Processing /opt/airflow/dags/youtube_medallion_pipeline.py took 1.424 seconds
[2026-07-25T08:14:48.618+0000] {processor.py:186} INFO - Started process (PID=175) to work on /opt/airflow/dags/youtube_medallion_pipeline.py
[2026-07-25T08:14:48.658+0000] {processor.py:914} INFO - Processing file /opt/airflow/dags/youtube_medallion_pipeline.py for tasks to queue
[2026-07-25T08:14:49.002+0000] {logging_mixin.py:190} INFO - [2026-07-25T08:14:48.993+0000] {dagbag.py:588} INFO - Filling up the DagBag from /opt/airflow/dags/youtube_medallion_pipeline.py
[2026-07-25T08:14:49.458+0000] {processor.py:925} INFO - DAG(s) 'youtube_medallion_pipeline' retrieved from /opt/airflow/dags/youtube_medallion_pipeline.py
[2026-07-25T08:14:50.037+0000] {logging_mixin.py:190} INFO - [2026-07-25T08:14:50.036+0000] {dag.py:3239} INFO - Sync 1 DAGs
[2026-07-25T08:14:52.326+0000] {logging_mixin.py:190} INFO - [2026-07-25T08:14:52.326+0000] {dag.py:4180} INFO - Setting next_dagrun for youtube_medallion_pipeline to None, run_after=None
[2026-07-25T08:15:04.812+0000] {processor.py:208} INFO - Processing /opt/airflow/dags/youtube_medallion_pipeline.py took 17.522 seconds
[2026-07-25T08:15:35.618+0000] {processor.py:186} INFO - Started process (PID=180) to work on /opt/airflow/dags/youtube_medallion_pipeline.py
[2026-07-25T08:15:35.633+0000] {processor.py:914} INFO - Processing file /opt/airflow/dags/youtube_medallion_pipeline.py for tasks to queue
[2026-07-25T08:15:35.690+0000] {logging_mixin.py:190} INFO - [2026-07-25T08:15:35.685+0000] {dagbag.py:588} INFO - Filling up the DagBag from /opt/airflow/dags/youtube_medallion_pipeline.py
[2026-07-25T08:15:35.920+0000] {processor.py:925} INFO - DAG(s) 'youtube_medallion_pipeline' retrieved from /opt/airflow/dags/youtube_medallion_pipeline.py
[2026-07-25T08:15:36.389+0000] {logging_mixin.py:190} INFO - [2026-07-25T08:15:36.388+0000] {dag.py:3239} INFO - Sync 1 DAGs
[2026-07-25T08:15:36.524+0000] {logging_mixin.py:190} INFO - [2026-07-25T08:15:36.524+0000] {dag.py:4180} INFO - Setting next_dagrun for youtube_medallion_pipeline to None, run_after=None
[2026-07-25T08:15:36.607+0000] {processor.py:208} INFO - Processing /opt/airflow/dags/youtube_medallion_pipeline.py took 1.078 seconds
[2026-07-25T08:16:07.370+0000] {processor.py:186} INFO - Started process (PID=185) to work on /opt/airflow/dags/youtube_medallion_pipeline.py
[2026-07-25T08:16:07.372+0000] {processor.py:914} INFO - Processing file /opt/airflow/dags/youtube_medallion_pipeline.py for tasks to queue
[2026-07-25T08:16:07.386+0000] {logging_mixin.py:190} INFO - [2026-07-25T08:16:07.384+0000] {dagbag.py:588} INFO - Filling up the DagBag from /opt/airflow/dags/youtube_medallion_pipeline.py
[2026-07-25T08:16:07.446+0000] {processor.py:925} INFO - DAG(s) 'youtube_medallion_pipeline' retrieved from /opt/airflow/dags/youtube_medallion_pipeline.py
[2026-07-25T08:16:07.643+0000] {logging_mixin.py:190} INFO - [2026-07-25T08:16:07.642+0000] {dag.py:3239} INFO - Sync 1 DAGs
[2026-07-25T08:16:07.728+0000] {logging_mixin.py:190} INFO - [2026-07-25T08:16:07.727+0000] {dag.py:4180} INFO - Setting next_dagrun for youtube_medallion_pipeline to None, run_after=None
[2026-07-25T08:16:07.793+0000] {processor.py:208} INFO - Processing /opt/airflow/dags/youtube_medallion_pipeline.py took 0.446 seconds
[2026-07-25T08:16:38.658+0000] {processor.py:186} INFO - Started process (PID=190) to work on /opt/airflow/dags/youtube_medallion_pipeline.py
[2026-07-25T08:16:38.667+0000] {processor.py:914} INFO - Processing file /opt/airflow/dags/youtube_medallion_pipeline.py for tasks to queue
[2026-07-25T08:16:38.681+0000] {logging_mixin.py:190} INFO - [2026-07-25T08:16:38.679+0000] {dagbag.py:588} INFO - Filling up the DagBag from /opt/airflow/dags/youtube_medallion_pipeline.py
[2026-07-25T08:16:38.804+0000] {processor.py:925} INFO - DAG(s) 'youtube_medallion_pipeline' retrieved from /opt/airflow/dags/youtube_medallion_pipeline.py
[2026-07-25T08:16:38.973+0000] {logging_mixin.py:190} INFO - [2026-07-25T08:16:38.973+0000] {dag.py:3239} INFO - Sync 1 DAGs
[2026-07-25T08:16:39.024+0000] {logging_mixin.py:190} INFO - [2026-07-25T08:16:39.024+0000] {dag.py:4180} INFO - Setting next_dagrun for youtube_medallion_pipeline to None, run_after=None
[2026-07-25T08:16:39.079+0000] {processor.py:208} INFO - Processing /opt/airflow/dags/youtube_medallion_pipeline.py took 0.457 seconds
[2026-07-25T08:17:09.476+0000] {processor.py:186} INFO - Started process (PID=195) to work on /opt/airflow/dags/youtube_medallion_pipeline.py
[2026-07-25T08:17:09.478+0000] {processor.py:914} INFO - Processing file /opt/airflow/dags/youtube_medallion_pipeline.py for tasks to queue
[2026-07-25T08:17:09.485+0000] {logging_mixin.py:190} INFO - [2026-07-25T08:17:09.484+0000] {dagbag.py:588} INFO - Filling up the DagBag from /opt/airflow/dags/youtube_medallion_pipeline.py
[2026-07-25T08:17:09.520+0000] {processor.py:925} INFO - DAG(s) 'youtube_medallion_pipeline' retrieved from /opt/airflow/dags/youtube_medallion_pipeline.py
[2026-07-25T08:17:09.576+0000] {logging_mixin.py:190} INFO - [2026-07-25T08:17:09.576+0000] {dag.py:3239} INFO - Sync 1 DAGs
[2026-07-25T08:17:09.605+0000] {logging_mixin.py:190} INFO - [2026-07-25T08:17:09.604+0000] {dag.py:4180} INFO - Setting next_dagrun for youtube_medallion_pipeline to None, run_after=None
[2026-07-25T08:17:09.639+0000] {processor.py:208} INFO - Processing /opt/airflow/dags/youtube_medallion_pipeline.py took 0.179 seconds
[2026-07-25T08:17:39.764+0000] {processor.py:186} INFO - Started process (PID=200) to work on /opt/airflow/dags/youtube_medallion_pipeline.py
[2026-07-25T08:17:39.765+0000] {processor.py:914} INFO - Processing file /opt/airflow/dags/youtube_medallion_pipeline.py for tasks to queue
[2026-07-25T08:17:39.769+0000] {logging_mixin.py:190} INFO - [2026-07-25T08:17:39.769+0000] {dagbag.py:588} INFO - Filling up the DagBag from /opt/airflow/dags/youtube_medallion_pipeline.py
[2026-07-25T08:17:39.791+0000] {processor.py:925} INFO - DAG(s) 'youtube_medallion_pipeline' retrieved from /opt/airflow/dags/youtube_medallion_pipeline.py
[2026-07-25T08:17:39.840+0000] {logging_mixin.py:190} INFO - [2026-07-25T08:17:39.840+0000] {dag.py:3239} INFO - Sync 1 DAGs
[2026-07-25T08:17:39.864+0000] {logging_mixin.py:190} INFO - [2026-07-25T08:17:39.864+0000] {dag.py:4180} INFO - Setting next_dagrun for youtube_medallion_pipeline to None, run_after=None
[2026-07-25T08:17:39.895+0000] {processor.py:208} INFO - Processing /opt/airflow/dags/youtube_medallion_pipeline.py took 0.138 seconds
[2026-07-25T08:24:33.570+0000] {processor.py:186} INFO - Started process (PID=160) to work on /opt/airflow/dags/youtube_medallion_pipeline.py
[2026-07-25T08:24:33.574+0000] {processor.py:914} INFO - Processing file /opt/airflow/dags/youtube_medallion_pipeline.py for tasks to queue
[2026-07-25T08:24:33.583+0000] {logging_mixin.py:190} INFO - [2026-07-25T08:24:33.582+0000] {dagbag.py:588} INFO - Filling up the DagBag from /opt/airflow/dags/youtube_medallion_pipeline.py
[2026-07-25T08:24:33.679+0000] {processor.py:925} INFO - DAG(s) 'youtube_medallion_pipeline' retrieved from /opt/airflow/dags/youtube_medallion_pipeline.py
[2026-07-25T08:24:33.820+0000] {logging_mixin.py:190} INFO - [2026-07-25T08:24:33.819+0000] {dag.py:3239} INFO - Sync 1 DAGs
[2026-07-25T08:24:33.867+0000] {logging_mixin.py:190} INFO - [2026-07-25T08:24:33.867+0000] {dag.py:4180} INFO - Setting next_dagrun for youtube_medallion_pipeline to None, run_after=None
[2026-07-25T08:24:33.924+0000] {processor.py:208} INFO - Processing /opt/airflow/dags/youtube_medallion_pipeline.py took 0.387 seconds
[2026-07-25T08:25:04.864+0000] {processor.py:186} INFO - Started process (PID=165) to work on /opt/airflow/dags/youtube_medallion_pipeline.py
[2026-07-25T08:25:04.934+0000] {processor.py:914} INFO - Processing file /opt/airflow/dags/youtube_medallion_pipeline.py for tasks to queue
[2026-07-25T08:25:05.017+0000] {logging_mixin.py:190} INFO - [2026-07-25T08:25:05.008+0000] {dagbag.py:588} INFO - Filling up the DagBag from /opt/airflow/dags/youtube_medallion_pipeline.py
[2026-07-25T08:25:05.576+0000] {processor.py:925} INFO - DAG(s) 'youtube_medallion_pipeline' retrieved from /opt/airflow/dags/youtube_medallion_pipeline.py
[2026-07-25T08:25:09.678+0000] {logging_mixin.py:190} INFO - [2026-07-25T08:25:09.676+0000] {dag.py:3239} INFO - Sync 1 DAGs
[2026-07-25T08:25:10.349+0000] {logging_mixin.py:190} INFO - [2026-07-25T08:25:10.348+0000] {dag.py:4180} INFO - Setting next_dagrun for youtube_medallion_pipeline to None, run_after=None
[2026-07-25T08:25:10.727+0000] {processor.py:208} INFO - Processing /opt/airflow/dags/youtube_medallion_pipeline.py took 6.034 seconds
[2026-07-25T08:25:41.554+0000] {processor.py:186} INFO - Started process (PID=170) to work on /opt/airflow/dags/youtube_medallion_pipeline.py
[2026-07-25T08:25:41.566+0000] {processor.py:914} INFO - Processing file /opt/airflow/dags/youtube_medallion_pipeline.py for tasks to queue
[2026-07-25T08:25:41.611+0000] {logging_mixin.py:190} INFO - [2026-07-25T08:25:41.609+0000] {dagbag.py:588} INFO - Filling up the DagBag from /opt/airflow/dags/youtube_medallion_pipeline.py
[2026-07-25T08:25:41.782+0000] {processor.py:925} INFO - DAG(s) 'youtube_medallion_pipeline' retrieved from /opt/airflow/dags/youtube_medallion_pipeline.py
[2026-07-25T08:25:42.061+0000] {logging_mixin.py:190} INFO - [2026-07-25T08:25:42.060+0000] {dag.py:3239} INFO - Sync 1 DAGs
[2026-07-25T08:25:42.139+0000] {logging_mixin.py:190} INFO - [2026-07-25T08:25:42.139+0000] {dag.py:4180} INFO - Setting next_dagrun for youtube_medallion_pipeline to None, run_after=None
[2026-07-25T08:25:42.217+0000] {processor.py:208} INFO - Processing /opt/airflow/dags/youtube_medallion_pipeline.py took 0.735 seconds
[2026-07-25T08:26:12.958+0000] {processor.py:186} INFO - Started process (PID=175) to work on /opt/airflow/dags/youtube_medallion_pipeline.py
[2026-07-25T08:26:12.961+0000] {processor.py:914} INFO - Processing file /opt/airflow/dags/youtube_medallion_pipeline.py for tasks to queue
[2026-07-25T08:26:12.967+0000] {logging_mixin.py:190} INFO - [2026-07-25T08:26:12.966+0000] {dagbag.py:588} INFO - Filling up the DagBag from /opt/airflow/dags/youtube_medallion_pipeline.py
[2026-07-25T08:26:13.024+0000] {processor.py:925} INFO - DAG(s) 'youtube_medallion_pipeline' retrieved from /opt/airflow/dags/youtube_medallion_pipeline.py
[2026-07-25T08:26:13.097+0000] {logging_mixin.py:190} INFO - [2026-07-25T08:26:13.096+0000] {dag.py:3239} INFO - Sync 1 DAGs
[2026-07-25T08:26:13.135+0000] {logging_mixin.py:190} INFO - [2026-07-25T08:26:13.135+0000] {dag.py:4180} INFO - Setting next_dagrun for youtube_medallion_pipeline to None, run_after=None
[2026-07-25T08:26:13.176+0000] {processor.py:208} INFO - Processing /opt/airflow/dags/youtube_medallion_pipeline.py took 0.279 seconds
[2026-07-25T08:26:43.471+0000] {processor.py:186} INFO - Started process (PID=180) to work on /opt/airflow/dags/youtube_medallion_pipeline.py
[2026-07-25T08:26:43.475+0000] {processor.py:914} INFO - Processing file /opt/airflow/dags/youtube_medallion_pipeline.py for tasks to queue
[2026-07-25T08:26:43.483+0000] {logging_mixin.py:190} INFO - [2026-07-25T08:26:43.482+0000] {dagbag.py:588} INFO - Filling up the DagBag from /opt/airflow/dags/youtube_medallion_pipeline.py
[2026-07-25T08:26:43.517+0000] {processor.py:925} INFO - DAG(s) 'youtube_medallion_pipeline' retrieved from /opt/airflow/dags/youtube_medallion_pipeline.py
[2026-07-25T08:26:43.581+0000] {logging_mixin.py:190} INFO - [2026-07-25T08:26:43.581+0000] {dag.py:3239} INFO - Sync 1 DAGs
[2026-07-25T08:26:43.611+0000] {logging_mixin.py:190} INFO - [2026-07-25T08:26:43.611+0000] {dag.py:4180} INFO - Setting next_dagrun for youtube_medallion_pipeline to None, run_after=None
[2026-07-25T08:26:43.650+0000] {processor.py:208} INFO - Processing /opt/airflow/dags/youtube_medallion_pipeline.py took 0.191 seconds
[2026-07-25T08:27:14.193+0000] {processor.py:186} INFO - Started process (PID=185) to work on /opt/airflow/dags/youtube_medallion_pipeline.py
[2026-07-25T08:27:14.196+0000] {processor.py:914} INFO - Processing file /opt/airflow/dags/youtube_medallion_pipeline.py for tasks to queue
[2026-07-25T08:27:14.202+0000] {logging_mixin.py:190} INFO - [2026-07-25T08:27:14.202+0000] {dagbag.py:588} INFO - Filling up the DagBag from /opt/airflow/dags/youtube_medallion_pipeline.py
[2026-07-25T08:27:14.233+0000] {processor.py:925} INFO - DAG(s) 'youtube_medallion_pipeline' retrieved from /opt/airflow/dags/youtube_medallion_pipeline.py
[2026-07-25T08:27:14.289+0000] {logging_mixin.py:190} INFO - [2026-07-25T08:27:14.289+0000] {dag.py:3239} INFO - Sync 1 DAGs
[2026-07-25T08:27:14.320+0000] {logging_mixin.py:190} INFO - [2026-07-25T08:27:14.320+0000] {dag.py:4180} INFO - Setting next_dagrun for youtube_medallion_pipeline to None, run_after=None
[2026-07-25T08:27:14.667+0000] {processor.py:208} INFO - Processing /opt/airflow/dags/youtube_medallion_pipeline.py took 0.484 seconds
[2026-07-25T08:27:45.848+0000] {processor.py:186} INFO - Started process (PID=190) to work on /opt/airflow/dags/youtube_medallion_pipeline.py
[2026-07-25T08:27:45.850+0000] {processor.py:914} INFO - Processing file /opt/airflow/dags/youtube_medallion_pipeline.py for tasks to queue
[2026-07-25T08:27:45.859+0000] {logging_mixin.py:190} INFO - [2026-07-25T08:27:45.857+0000] {dagbag.py:588} INFO - Filling up the DagBag from /opt/airflow/dags/youtube_medallion_pipeline.py
[2026-07-25T08:27:45.903+0000] {processor.py:925} INFO - DAG(s) 'youtube_medallion_pipeline' retrieved from /opt/airflow/dags/youtube_medallion_pipeline.py
[2026-07-25T08:27:45.982+0000] {logging_mixin.py:190} INFO - [2026-07-25T08:27:45.981+0000] {dag.py:3239} INFO - Sync 1 DAGs
[2026-07-25T08:27:46.016+0000] {logging_mixin.py:190} INFO - [2026-07-25T08:27:46.016+0000] {dag.py:4180} INFO - Setting next_dagrun for youtube_medallion_pipeline to None, run_after=None
[2026-07-25T08:27:46.058+0000] {processor.py:208} INFO - Processing /opt/airflow/dags/youtube_medallion_pipeline.py took 0.219 seconds
[2026-07-25T08:28:16.353+0000] {processor.py:186} INFO - Started process (PID=195) to work on /opt/airflow/dags/youtube_medallion_pipeline.py
[2026-07-25T08:28:16.357+0000] {processor.py:914} INFO - Processing file /opt/airflow/dags/youtube_medallion_pipeline.py for tasks to queue
[2026-07-25T08:28:16.363+0000] {logging_mixin.py:190} INFO - [2026-07-25T08:28:16.362+0000] {dagbag.py:588} INFO - Filling up the DagBag from /opt/airflow/dags/youtube_medallion_pipeline.py
[2026-07-25T08:28:16.400+0000] {processor.py:925} INFO - DAG(s) 'youtube_medallion_pipeline' retrieved from /opt/airflow/dags/youtube_medallion_pipeline.py
[2026-07-25T08:28:16.463+0000] {logging_mixin.py:190} INFO - [2026-07-25T08:28:16.462+0000] {dag.py:3239} INFO - Sync 1 DAGs
[2026-07-25T08:28:16.494+0000] {logging_mixin.py:190} INFO - [2026-07-25T08:28:16.494+0000] {dag.py:4180} INFO - Setting next_dagrun for youtube_medallion_pipeline to None, run_after=None
[2026-07-25T08:28:16.537+0000] {processor.py:208} INFO - Processing /opt/airflow/dags/youtube_medallion_pipeline.py took 0.197 seconds
[2026-07-25T08:28:46.887+0000] {processor.py:186} INFO - Started process (PID=200) to work on /opt/airflow/dags/youtube_medallion_pipeline.py
[2026-07-25T08:28:46.889+0000] {processor.py:914} INFO - Processing file /opt/airflow/dags/youtube_medallion_pipeline.py for tasks to queue
[2026-07-25T08:28:46.894+0000] {logging_mixin.py:190} INFO - [2026-07-25T08:28:46.893+0000] {dagbag.py:588} INFO - Filling up the DagBag from /opt/airflow/dags/youtube_medallion_pipeline.py
[2026-07-25T08:28:46.938+0000] {processor.py:925} INFO - DAG(s) 'youtube_medallion_pipeline' retrieved from /opt/airflow/dags/youtube_medallion_pipeline.py
[2026-07-25T08:28:47.054+0000] {logging_mixin.py:190} INFO - [2026-07-25T08:28:47.054+0000] {dag.py:3239} INFO - Sync 1 DAGs
[2026-07-25T08:28:47.087+0000] {logging_mixin.py:190} INFO - [2026-07-25T08:28:47.087+0000] {dag.py:4180} INFO - Setting next_dagrun for youtube_medallion_pipeline to None, run_after=None
[2026-07-25T08:28:47.128+0000] {processor.py:208} INFO - Processing /opt/airflow/dags/youtube_medallion_pipeline.py took 0.248 seconds
[2026-07-25T08:29:17.414+0000] {processor.py:186} INFO - Started process (PID=205) to work on /opt/airflow/dags/youtube_medallion_pipeline.py
[2026-07-25T08:29:17.418+0000] {processor.py:914} INFO - Processing file /opt/airflow/dags/youtube_medallion_pipeline.py for tasks to queue
[2026-07-25T08:29:17.426+0000] {logging_mixin.py:190} INFO - [2026-07-25T08:29:17.425+0000] {dagbag.py:588} INFO - Filling up the DagBag from /opt/airflow/dags/youtube_medallion_pipeline.py
[2026-07-25T08:29:17.461+0000] {processor.py:925} INFO - DAG(s) 'youtube_medallion_pipeline' retrieved from /opt/airflow/dags/youtube_medallion_pipeline.py
[2026-07-25T08:29:17.549+0000] {logging_mixin.py:190} INFO - [2026-07-25T08:29:17.549+0000] {dag.py:3239} INFO - Sync 1 DAGs
[2026-07-25T08:29:17.576+0000] {logging_mixin.py:190} INFO - [2026-07-25T08:29:17.576+0000] {dag.py:4180} INFO - Setting next_dagrun for youtube_medallion_pipeline to None, run_after=None
[2026-07-25T08:29:17.618+0000] {processor.py:208} INFO - Processing /opt/airflow/dags/youtube_medallion_pipeline.py took 0.213 seconds
[2026-07-25T08:29:47.851+0000] {processor.py:186} INFO - Started process (PID=210) to work on /opt/airflow/dags/youtube_medallion_pipeline.py
[2026-07-25T08:29:47.853+0000] {processor.py:914} INFO - Processing file /opt/airflow/dags/youtube_medallion_pipeline.py for tasks to queue
[2026-07-25T08:29:47.858+0000] {logging_mixin.py:190} INFO - [2026-07-25T08:29:47.857+0000] {dagbag.py:588} INFO - Filling up the DagBag from /opt/airflow/dags/youtube_medallion_pipeline.py
[2026-07-25T08:29:47.885+0000] {processor.py:925} INFO - DAG(s) 'youtube_medallion_pipeline' retrieved from /opt/airflow/dags/youtube_medallion_pipeline.py
[2026-07-25T08:29:47.946+0000] {logging_mixin.py:190} INFO - [2026-07-25T08:29:47.945+0000] {dag.py:3239} INFO - Sync 1 DAGs
[2026-07-25T08:29:47.983+0000] {logging_mixin.py:190} INFO - [2026-07-25T08:29:47.982+0000] {dag.py:4180} INFO - Setting next_dagrun for youtube_medallion_pipeline to None, run_after=None
[2026-07-25T08:29:48.015+0000] {processor.py:208} INFO - Processing /opt/airflow/dags/youtube_medallion_pipeline.py took 0.173 seconds
[2026-07-25T08:30:18.197+0000] {processor.py:186} INFO - Started process (PID=215) to work on /opt/airflow/dags/youtube_medallion_pipeline.py
[2026-07-25T08:30:18.200+0000] {processor.py:914} INFO - Processing file /opt/airflow/dags/youtube_medallion_pipeline.py for tasks to queue
[2026-07-25T08:30:18.205+0000] {logging_mixin.py:190} INFO - [2026-07-25T08:30:18.204+0000] {dagbag.py:588} INFO - Filling up the DagBag from /opt/airflow/dags/youtube_medallion_pipeline.py
[2026-07-25T08:30:18.228+0000] {processor.py:925} INFO - DAG(s) 'youtube_medallion_pipeline' retrieved from /opt/airflow/dags/youtube_medallion_pipeline.py
[2026-07-25T08:30:18.282+0000] {logging_mixin.py:190} INFO - [2026-07-25T08:30:18.281+0000] {dag.py:3239} INFO - Sync 1 DAGs
[2026-07-25T08:30:18.305+0000] {logging_mixin.py:190} INFO - [2026-07-25T08:30:18.304+0000] {dag.py:4180} INFO - Setting next_dagrun for youtube_medallion_pipeline to None, run_after=None
[2026-07-25T08:30:18.336+0000] {processor.py:208} INFO - Processing /opt/airflow/dags/youtube_medallion_pipeline.py took 0.147 seconds
[2026-07-25T08:30:48.609+0000] {processor.py:186} INFO - Started process (PID=220) to work on /opt/airflow/dags/youtube_medallion_pipeline.py
[2026-07-25T08:30:48.611+0000] {processor.py:914} INFO - Processing file /opt/airflow/dags/youtube_medallion_pipeline.py for tasks to queue
[2026-07-25T08:30:48.616+0000] {logging_mixin.py:190} INFO - [2026-07-25T08:30:48.615+0000] {dagbag.py:588} INFO - Filling up the DagBag from /opt/airflow/dags/youtube_medallion_pipeline.py
[2026-07-25T08:30:48.702+0000] {processor.py:925} INFO - DAG(s) 'youtube_medallion_pipeline' retrieved from /opt/airflow/dags/youtube_medallion_pipeline.py
[2026-07-25T08:30:49.010+0000] {logging_mixin.py:190} INFO - [2026-07-25T08:30:49.009+0000] {dag.py:3239} INFO - Sync 1 DAGs
[2026-07-25T08:30:49.102+0000] {logging_mixin.py:190} INFO - [2026-07-25T08:30:49.102+0000] {dag.py:4180} INFO - Setting next_dagrun for youtube_medallion_pipeline to None, run_after=None
[2026-07-25T08:30:49.353+0000] {processor.py:208} INFO - Processing /opt/airflow/dags/youtube_medallion_pipeline.py took 0.751 seconds
[2026-07-25T08:31:19.673+0000] {processor.py:186} INFO - Started process (PID=225) to work on /opt/airflow/dags/youtube_medallion_pipeline.py
[2026-07-25T08:31:19.676+0000] {processor.py:914} INFO - Processing file /opt/airflow/dags/youtube_medallion_pipeline.py for tasks to queue
[2026-07-25T08:31:19.687+0000] {logging_mixin.py:190} INFO - [2026-07-25T08:31:19.684+0000] {dagbag.py:588} INFO - Filling up the DagBag from /opt/airflow/dags/youtube_medallion_pipeline.py
[2026-07-25T08:31:19.780+0000] {processor.py:925} INFO - DAG(s) 'youtube_medallion_pipeline' retrieved from /opt/airflow/dags/youtube_medallion_pipeline.py
[2026-07-25T08:31:19.858+0000] {logging_mixin.py:190} INFO - [2026-07-25T08:31:19.858+0000] {dag.py:3239} INFO - Sync 1 DAGs
[2026-07-25T08:31:19.883+0000] {logging_mixin.py:190} INFO - [2026-07-25T08:31:19.882+0000] {dag.py:4180} INFO - Setting next_dagrun for youtube_medallion_pipeline to None, run_after=None
[2026-07-25T08:31:19.922+0000] {processor.py:208} INFO - Processing /opt/airflow/dags/youtube_medallion_pipeline.py took 0.258 seconds
[2026-07-25T08:31:50.148+0000] {processor.py:186} INFO - Started process (PID=230) to work on /opt/airflow/dags/youtube_medallion_pipeline.py
[2026-07-25T08:31:50.151+0000] {processor.py:914} INFO - Processing file /opt/airflow/dags/youtube_medallion_pipeline.py for tasks to queue
[2026-07-25T08:31:50.156+0000] {logging_mixin.py:190} INFO - [2026-07-25T08:31:50.155+0000] {dagbag.py:588} INFO - Filling up the DagBag from /opt/airflow/dags/youtube_medallion_pipeline.py
[2026-07-25T08:31:50.179+0000] {processor.py:925} INFO - DAG(s) 'youtube_medallion_pipeline' retrieved from /opt/airflow/dags/youtube_medallion_pipeline.py
[2026-07-25T08:31:50.240+0000] {logging_mixin.py:190} INFO - [2026-07-25T08:31:50.240+0000] {dag.py:3239} INFO - Sync 1 DAGs
[2026-07-25T08:31:50.269+0000] {logging_mixin.py:190} INFO - [2026-07-25T08:31:50.269+0000] {dag.py:4180} INFO - Setting next_dagrun for youtube_medallion_pipeline to None, run_after=None
[2026-07-25T08:31:50.320+0000] {processor.py:208} INFO - Processing /opt/airflow/dags/youtube_medallion_pipeline.py took 0.179 seconds
[2026-07-25T08:32:20.639+0000] {processor.py:186} INFO - Started process (PID=235) to work on /opt/airflow/dags/youtube_medallion_pipeline.py
[2026-07-25T08:32:20.642+0000] {processor.py:914} INFO - Processing file /opt/airflow/dags/youtube_medallion_pipeline.py for tasks to queue
[2026-07-25T08:32:20.649+0000] {logging_mixin.py:190} INFO - [2026-07-25T08:32:20.648+0000] {dagbag.py:588} INFO - Filling up the DagBag from /opt/airflow/dags/youtube_medallion_pipeline.py
[2026-07-25T08:32:20.692+0000] {processor.py:925} INFO - DAG(s) 'youtube_medallion_pipeline' retrieved from /opt/airflow/dags/youtube_medallion_pipeline.py
[2026-07-25T08:32:20.751+0000] {logging_mixin.py:190} INFO - [2026-07-25T08:32:20.750+0000] {dag.py:3239} INFO - Sync 1 DAGs
[2026-07-25T08:32:20.780+0000] {logging_mixin.py:190} INFO - [2026-07-25T08:32:20.780+0000] {dag.py:4180} INFO - Setting next_dagrun for youtube_medallion_pipeline to None, run_after=None
[2026-07-25T08:32:20.826+0000] {processor.py:208} INFO - Processing /opt/airflow/dags/youtube_medallion_pipeline.py took 0.232 seconds
[2026-07-25T08:32:51.019+0000] {processor.py:186} INFO - Started process (PID=240) to work on /opt/airflow/dags/youtube_medallion_pipeline.py
[2026-07-25T08:32:51.021+0000] {processor.py:914} INFO - Processing file /opt/airflow/dags/youtube_medallion_pipeline.py for tasks to queue
[2026-07-25T08:32:51.030+0000] {logging_mixin.py:190} INFO - [2026-07-25T08:32:51.029+0000] {dagbag.py:588} INFO - Filling up the DagBag from /opt/airflow/dags/youtube_medallion_pipeline.py
[2026-07-25T08:32:51.084+0000] {processor.py:925} INFO - DAG(s) 'youtube_medallion_pipeline' retrieved from /opt/airflow/dags/youtube_medallion_pipeline.py
[2026-07-25T08:32:51.146+0000] {logging_mixin.py:190} INFO - [2026-07-25T08:32:51.146+0000] {dag.py:3239} INFO - Sync 1 DAGs
[2026-07-25T08:32:51.182+0000] {logging_mixin.py:190} INFO - [2026-07-25T08:32:51.182+0000] {dag.py:4180} INFO - Setting next_dagrun for youtube_medallion_pipeline to None, run_after=None
[2026-07-25T08:32:51.256+0000] {processor.py:208} INFO - Processing /opt/airflow/dags/youtube_medallion_pipeline.py took 0.253 seconds
[2026-07-25T08:33:21.573+0000] {processor.py:186} INFO - Started process (PID=245) to work on /opt/airflow/dags/youtube_medallion_pipeline.py
[2026-07-25T08:33:21.579+0000] {processor.py:914} INFO - Processing file /opt/airflow/dags/youtube_medallion_pipeline.py for tasks to queue
[2026-07-25T08:33:21.634+0000] {logging_mixin.py:190} INFO - [2026-07-25T08:33:21.629+0000] {dagbag.py:588} INFO - Filling up the DagBag from /opt/airflow/dags/youtube_medallion_pipeline.py
[2026-07-25T08:33:21.684+0000] {processor.py:925} INFO - DAG(s) 'youtube_medallion_pipeline' retrieved from /opt/airflow/dags/youtube_medallion_pipeline.py
[2026-07-25T08:33:21.934+0000] {logging_mixin.py:190} INFO - [2026-07-25T08:33:21.934+0000] {dag.py:3239} INFO - Sync 1 DAGs
[2026-07-25T08:33:22.003+0000] {logging_mixin.py:190} INFO - [2026-07-25T08:33:22.003+0000] {dag.py:4180} INFO - Setting next_dagrun for youtube_medallion_pipeline to None, run_after=None
[2026-07-25T08:33:22.059+0000] {processor.py:208} INFO - Processing /opt/airflow/dags/youtube_medallion_pipeline.py took 0.497 seconds
[2026-07-25T08:33:52.204+0000] {processor.py:186} INFO - Started process (PID=250) to work on /opt/airflow/dags/youtube_medallion_pipeline.py
[2026-07-25T08:33:52.206+0000] {processor.py:914} INFO - Processing file /opt/airflow/dags/youtube_medallion_pipeline.py for tasks to queue
[2026-07-25T08:33:52.212+0000] {logging_mixin.py:190} INFO - [2026-07-25T08:33:52.211+0000] {dagbag.py:588} INFO - Filling up the DagBag from /opt/airflow/dags/youtube_medallion_pipeline.py
[2026-07-25T08:33:52.261+0000] {processor.py:925} INFO - DAG(s) 'youtube_medallion_pipeline' retrieved from /opt/airflow/dags/youtube_medallion_pipeline.py
[2026-07-25T08:33:52.354+0000] {logging_mixin.py:190} INFO - [2026-07-25T08:33:52.353+0000] {dag.py:3239} INFO - Sync 1 DAGs
[2026-07-25T08:33:52.406+0000] {logging_mixin.py:190} INFO - [2026-07-25T08:33:52.405+0000] {dag.py:4180} INFO - Setting next_dagrun for youtube_medallion_pipeline to None, run_after=None
[2026-07-25T08:33:52.459+0000] {processor.py:208} INFO - Processing /opt/airflow/dags/youtube_medallion_pipeline.py took 0.271 seconds
[2026-07-25T08:34:22.694+0000] {processor.py:186} INFO - Started process (PID=255) to work on /opt/airflow/dags/youtube_medallion_pipeline.py
[2026-07-25T08:34:22.697+0000] {processor.py:914} INFO - Processing file /opt/airflow/dags/youtube_medallion_pipeline.py for tasks to queue
[2026-07-25T08:34:22.702+0000] {logging_mixin.py:190} INFO - [2026-07-25T08:34:22.701+0000] {dagbag.py:588} INFO - Filling up the DagBag from /opt/airflow/dags/youtube_medallion_pipeline.py
[2026-07-25T08:34:22.727+0000] {processor.py:925} INFO - DAG(s) 'youtube_medallion_pipeline' retrieved from /opt/airflow/dags/youtube_medallion_pipeline.py
[2026-07-25T08:34:22.807+0000] {logging_mixin.py:190} INFO - [2026-07-25T08:34:22.807+0000] {dag.py:3239} INFO - Sync 1 DAGs
[2026-07-25T08:34:22.831+0000] {logging_mixin.py:190} INFO - [2026-07-25T08:34:22.830+0000] {dag.py:4180} INFO - Setting next_dagrun for youtube_medallion_pipeline to None, run_after=None
[2026-07-25T08:34:22.868+0000] {processor.py:208} INFO - Processing /opt/airflow/dags/youtube_medallion_pipeline.py took 0.194 seconds
[2026-07-25T08:34:53.116+0000] {processor.py:186} INFO - Started process (PID=260) to work on /opt/airflow/dags/youtube_medallion_pipeline.py
[2026-07-25T08:34:53.119+0000] {processor.py:914} INFO - Processing file /opt/airflow/dags/youtube_medallion_pipeline.py for tasks to queue
[2026-07-25T08:34:53.129+0000] {logging_mixin.py:190} INFO - [2026-07-25T08:34:53.128+0000] {dagbag.py:588} INFO - Filling up the DagBag from /opt/airflow/dags/youtube_medallion_pipeline.py
[2026-07-25T08:34:53.183+0000] {processor.py:925} INFO - DAG(s) 'youtube_medallion_pipeline' retrieved from /opt/airflow/dags/youtube_medallion_pipeline.py
[2026-07-25T08:34:53.243+0000] {logging_mixin.py:190} INFO - [2026-07-25T08:34:53.242+0000] {dag.py:3239} INFO - Sync 1 DAGs
[2026-07-25T08:34:53.271+0000] {logging_mixin.py:190} INFO - [2026-07-25T08:34:53.271+0000] {dag.py:4180} INFO - Setting next_dagrun for youtube_medallion_pipeline to None, run_after=None
[2026-07-25T08:34:53.326+0000] {processor.py:208} INFO - Processing /opt/airflow/dags/youtube_medallion_pipeline.py took 0.224 seconds
[2026-07-25T08:35:23.603+0000] {processor.py:186} INFO - Started process (PID=265) to work on /opt/airflow/dags/youtube_medallion_pipeline.py
[2026-07-25T08:35:23.606+0000] {processor.py:914} INFO - Processing file /opt/airflow/dags/youtube_medallion_pipeline.py for tasks to queue
[2026-07-25T08:35:23.610+0000] {logging_mixin.py:190} INFO - [2026-07-25T08:35:23.610+0000] {dagbag.py:588} INFO - Filling up the DagBag from /opt/airflow/dags/youtube_medallion_pipeline.py
[2026-07-25T08:35:23.661+0000] {processor.py:925} INFO - DAG(s) 'youtube_medallion_pipeline' retrieved from /opt/airflow/dags/youtube_medallion_pipeline.py
[2026-07-25T08:35:23.719+0000] {logging_mixin.py:190} INFO - [2026-07-25T08:35:23.718+0000] {dag.py:3239} INFO - Sync 1 DAGs
[2026-07-25T08:35:23.743+0000] {logging_mixin.py:190} INFO - [2026-07-25T08:35:23.743+0000] {dag.py:4180} INFO - Setting next_dagrun for youtube_medallion_pipeline to None, run_after=None
[2026-07-25T08:35:23.794+0000] {processor.py:208} INFO - Processing /opt/airflow/dags/youtube_medallion_pipeline.py took 0.201 seconds
[2026-07-25T08:35:54.097+0000] {processor.py:186} INFO - Started process (PID=270) to work on /opt/airflow/dags/youtube_medallion_pipeline.py
[2026-07-25T08:35:54.099+0000] {processor.py:914} INFO - Processing file /opt/airflow/dags/youtube_medallion_pipeline.py for tasks to queue
[2026-07-25T08:35:54.105+0000] {logging_mixin.py:190} INFO - [2026-07-25T08:35:54.104+0000] {dagbag.py:588} INFO - Filling up the DagBag from /opt/airflow/dags/youtube_medallion_pipeline.py
[2026-07-25T08:35:54.133+0000] {processor.py:925} INFO - DAG(s) 'youtube_medallion_pipeline' retrieved from /opt/airflow/dags/youtube_medallion_pipeline.py
[2026-07-25T08:35:54.208+0000] {logging_mixin.py:190} INFO - [2026-07-25T08:35:54.208+0000] {dag.py:3239} INFO - Sync 1 DAGs
[2026-07-25T08:35:54.251+0000] {logging_mixin.py:190} INFO - [2026-07-25T08:35:54.251+0000] {dag.py:4180} INFO - Setting next_dagrun for youtube_medallion_pipeline to None, run_after=None
[2026-07-25T08:35:54.282+0000] {processor.py:208} INFO - Processing /opt/airflow/dags/youtube_medallion_pipeline.py took 0.193 seconds
[2026-07-25T08:36:24.369+0000] {processor.py:186} INFO - Started process (PID=275) to work on /opt/airflow/dags/youtube_medallion_pipeline.py
[2026-07-25T08:36:24.371+0000] {processor.py:914} INFO - Processing file /opt/airflow/dags/youtube_medallion_pipeline.py for tasks to queue
[2026-07-25T08:36:24.375+0000] {logging_mixin.py:190} INFO - [2026-07-25T08:36:24.375+0000] {dagbag.py:588} INFO - Filling up the DagBag from /opt/airflow/dags/youtube_medallion_pipeline.py
[2026-07-25T08:36:24.401+0000] {processor.py:925} INFO - DAG(s) 'youtube_medallion_pipeline' retrieved from /opt/airflow/dags/youtube_medallion_pipeline.py
[2026-07-25T08:36:24.506+0000] {logging_mixin.py:190} INFO - [2026-07-25T08:36:24.505+0000] {dag.py:3239} INFO - Sync 1 DAGs
[2026-07-25T08:36:24.576+0000] {logging_mixin.py:190} INFO - [2026-07-25T08:36:24.575+0000] {dag.py:4180} INFO - Setting next_dagrun for youtube_medallion_pipeline to None, run_after=None
[2026-07-25T08:36:24.619+0000] {processor.py:208} INFO - Processing /opt/airflow/dags/youtube_medallion_pipeline.py took 0.259 seconds
[2026-07-25T08:36:54.830+0000] {processor.py:186} INFO - Started process (PID=280) to work on /opt/airflow/dags/youtube_medallion_pipeline.py
[2026-07-25T08:36:54.832+0000] {processor.py:914} INFO - Processing file /opt/airflow/dags/youtube_medallion_pipeline.py for tasks to queue
[2026-07-25T08:36:54.836+0000] {logging_mixin.py:190} INFO - [2026-07-25T08:36:54.836+0000] {dagbag.py:588} INFO - Filling up the DagBag from /opt/airflow/dags/youtube_medallion_pipeline.py
[2026-07-25T08:36:54.863+0000] {processor.py:925} INFO - DAG(s) 'youtube_medallion_pipeline' retrieved from /opt/airflow/dags/youtube_medallion_pipeline.py
[2026-07-25T08:36:54.918+0000] {logging_mixin.py:190} INFO - [2026-07-25T08:36:54.918+0000] {dag.py:3239} INFO - Sync 1 DAGs
[2026-07-25T08:36:54.944+0000] {logging_mixin.py:190} INFO - [2026-07-25T08:36:54.944+0000] {dag.py:4180} INFO - Setting next_dagrun for youtube_medallion_pipeline to None, run_after=None
[2026-07-25T08:36:54.975+0000] {processor.py:208} INFO - Processing /opt/airflow/dags/youtube_medallion_pipeline.py took 0.153 seconds
[2026-07-25T08:37:25.176+0000] {processor.py:186} INFO - Started process (PID=285) to work on /opt/airflow/dags/youtube_medallion_pipeline.py
[2026-07-25T08:37:25.178+0000] {processor.py:914} INFO - Processing file /opt/airflow/dags/youtube_medallion_pipeline.py for tasks to queue
[2026-07-25T08:37:25.183+0000] {logging_mixin.py:190} INFO - [2026-07-25T08:37:25.182+0000] {dagbag.py:588} INFO - Filling up the DagBag from /opt/airflow/dags/youtube_medallion_pipeline.py
[2026-07-25T08:37:25.208+0000] {processor.py:925} INFO - DAG(s) 'youtube_medallion_pipeline' retrieved from /opt/airflow/dags/youtube_medallion_pipeline.py
[2026-07-25T08:37:25.252+0000] {logging_mixin.py:190} INFO - [2026-07-25T08:37:25.251+0000] {dag.py:3239} INFO - Sync 1 DAGs
[2026-07-25T08:37:25.273+0000] {logging_mixin.py:190} INFO - [2026-07-25T08:37:25.273+0000] {dag.py:4180} INFO - Setting next_dagrun for youtube_medallion_pipeline to None, run_after=None
[2026-07-25T08:37:25.303+0000] {processor.py:208} INFO - Processing /opt/airflow/dags/youtube_medallion_pipeline.py took 0.134 seconds
[2026-07-25T08:37:55.776+0000] {processor.py:186} INFO - Started process (PID=290) to work on /opt/airflow/dags/youtube_medallion_pipeline.py
[2026-07-25T08:37:55.783+0000] {processor.py:914} INFO - Processing file /opt/airflow/dags/youtube_medallion_pipeline.py for tasks to queue
[2026-07-25T08:37:55.802+0000] {logging_mixin.py:190} INFO - [2026-07-25T08:37:55.801+0000] {dagbag.py:588} INFO - Filling up the DagBag from /opt/airflow/dags/youtube_medallion_pipeline.py
[2026-07-25T08:37:55.865+0000] {processor.py:925} INFO - DAG(s) 'youtube_medallion_pipeline' retrieved from /opt/airflow/dags/youtube_medallion_pipeline.py
[2026-07-25T08:37:55.937+0000] {logging_mixin.py:190} INFO - [2026-07-25T08:37:55.936+0000] {dag.py:3239} INFO - Sync 1 DAGs
[2026-07-25T08:37:55.962+0000] {logging_mixin.py:190} INFO - [2026-07-25T08:37:55.962+0000] {dag.py:4180} INFO - Setting next_dagrun for youtube_medallion_pipeline to None, run_after=None
[2026-07-25T08:37:56.026+0000] {processor.py:208} INFO - Processing /opt/airflow/dags/youtube_medallion_pipeline.py took 0.298 seconds
[2026-07-25T08:38:26.375+0000] {processor.py:186} INFO - Started process (PID=295) to work on /opt/airflow/dags/youtube_medallion_pipeline.py
[2026-07-25T08:38:26.378+0000] {processor.py:914} INFO - Processing file /opt/airflow/dags/youtube_medallion_pipeline.py for tasks to queue
[2026-07-25T08:38:26.383+0000] {logging_mixin.py:190} INFO - [2026-07-25T08:38:26.382+0000] {dagbag.py:588} INFO - Filling up the DagBag from /opt/airflow/dags/youtube_medallion_pipeline.py
[2026-07-25T08:38:26.406+0000] {processor.py:925} INFO - DAG(s) 'youtube_medallion_pipeline' retrieved from /opt/airflow/dags/youtube_medallion_pipeline.py
[2026-07-25T08:38:26.458+0000] {logging_mixin.py:190} INFO - [2026-07-25T08:38:26.457+0000] {dag.py:3239} INFO - Sync 1 DAGs
[2026-07-25T08:38:26.490+0000] {logging_mixin.py:190} INFO - [2026-07-25T08:38:26.490+0000] {dag.py:4180} INFO - Setting next_dagrun for youtube_medallion_pipeline to None, run_after=None
[2026-07-25T08:38:26.524+0000] {processor.py:208} INFO - Processing /opt/airflow/dags/youtube_medallion_pipeline.py took 0.156 seconds
[2026-07-25T08:38:56.824+0000] {processor.py:186} INFO - Started process (PID=308) to work on /opt/airflow/dags/youtube_medallion_pipeline.py
[2026-07-25T08:38:56.828+0000] {processor.py:914} INFO - Processing file /opt/airflow/dags/youtube_medallion_pipeline.py for tasks to queue
[2026-07-25T08:38:56.833+0000] {logging_mixin.py:190} INFO - [2026-07-25T08:38:56.833+0000] {dagbag.py:588} INFO - Filling up the DagBag from /opt/airflow/dags/youtube_medallion_pipeline.py
[2026-07-25T08:38:56.865+0000] {processor.py:925} INFO - DAG(s) 'youtube_medallion_pipeline' retrieved from /opt/airflow/dags/youtube_medallion_pipeline.py
[2026-07-25T08:38:56.923+0000] {logging_mixin.py:190} INFO - [2026-07-25T08:38:56.923+0000] {dag.py:3239} INFO - Sync 1 DAGs
[2026-07-25T08:38:57.175+0000] {logging_mixin.py:190} INFO - [2026-07-25T08:38:57.174+0000] {dag.py:4180} INFO - Setting next_dagrun for youtube_medallion_pipeline to None, run_after=None
[2026-07-25T08:38:57.807+0000] {processor.py:208} INFO - Processing /opt/airflow/dags/youtube_medallion_pipeline.py took 0.995 seconds
[2026-07-25T08:39:28.620+0000] {processor.py:186} INFO - Started process (PID=313) to work on /opt/airflow/dags/youtube_medallion_pipeline.py
[2026-07-25T08:39:28.623+0000] {processor.py:914} INFO - Processing file /opt/airflow/dags/youtube_medallion_pipeline.py for tasks to queue
[2026-07-25T08:39:28.629+0000] {logging_mixin.py:190} INFO - [2026-07-25T08:39:28.628+0000] {dagbag.py:588} INFO - Filling up the DagBag from /opt/airflow/dags/youtube_medallion_pipeline.py
[2026-07-25T08:39:28.652+0000] {processor.py:925} INFO - DAG(s) 'youtube_medallion_pipeline' retrieved from /opt/airflow/dags/youtube_medallion_pipeline.py
[2026-07-25T08:39:28.709+0000] {logging_mixin.py:190} INFO - [2026-07-25T08:39:28.708+0000] {dag.py:3239} INFO - Sync 1 DAGs
[2026-07-25T08:39:28.731+0000] {logging_mixin.py:190} INFO - [2026-07-25T08:39:28.731+0000] {dag.py:4180} INFO - Setting next_dagrun for youtube_medallion_pipeline to None, run_after=None
[2026-07-25T08:39:28.763+0000] {processor.py:208} INFO - Processing /opt/airflow/dags/youtube_medallion_pipeline.py took 0.151 seconds
[2026-07-25T08:39:59.595+0000] {processor.py:186} INFO - Started process (PID=318) to work on /opt/airflow/dags/youtube_medallion_pipeline.py
[2026-07-25T08:39:59.599+0000] {processor.py:914} INFO - Processing file /opt/airflow/dags/youtube_medallion_pipeline.py for tasks to queue
[2026-07-25T08:39:59.607+0000] {logging_mixin.py:190} INFO - [2026-07-25T08:39:59.606+0000] {dagbag.py:588} INFO - Filling up the DagBag from /opt/airflow/dags/youtube_medallion_pipeline.py
[2026-07-25T08:39:59.652+0000] {processor.py:925} INFO - DAG(s) 'youtube_medallion_pipeline' retrieved from /opt/airflow/dags/youtube_medallion_pipeline.py
[2026-07-25T08:39:59.717+0000] {logging_mixin.py:190} INFO - [2026-07-25T08:39:59.716+0000] {dag.py:3239} INFO - Sync 1 DAGs
[2026-07-25T08:39:59.756+0000] {logging_mixin.py:190} INFO - [2026-07-25T08:39:59.755+0000] {dag.py:4180} INFO - Setting next_dagrun for youtube_medallion_pipeline to None, run_after=None
[2026-07-25T08:39:59.805+0000] {processor.py:208} INFO - Processing /opt/airflow/dags/youtube_medallion_pipeline.py took 0.225 seconds
[2026-07-25T08:40:30.135+0000] {processor.py:186} INFO - Started process (PID=331) to work on /opt/airflow/dags/youtube_medallion_pipeline.py
[2026-07-25T08:40:30.137+0000] {processor.py:914} INFO - Processing file /opt/airflow/dags/youtube_medallion_pipeline.py for tasks to queue
[2026-07-25T08:40:30.142+0000] {logging_mixin.py:190} INFO - [2026-07-25T08:40:30.141+0000] {dagbag.py:588} INFO - Filling up the DagBag from /opt/airflow/dags/youtube_medallion_pipeline.py
[2026-07-25T08:40:30.168+0000] {processor.py:925} INFO - DAG(s) 'youtube_medallion_pipeline' retrieved from /opt/airflow/dags/youtube_medallion_pipeline.py
[2026-07-25T08:40:30.217+0000] {logging_mixin.py:190} INFO - [2026-07-25T08:40:30.216+0000] {dag.py:3239} INFO - Sync 1 DAGs
[2026-07-25T08:40:30.240+0000] {logging_mixin.py:190} INFO - [2026-07-25T08:40:30.240+0000] {dag.py:4180} INFO - Setting next_dagrun for youtube_medallion_pipeline to None, run_after=None
[2026-07-25T08:40:30.279+0000] {processor.py:208} INFO - Processing /opt/airflow/dags/youtube_medallion_pipeline.py took 0.153 seconds
[2026-07-25T08:41:00.438+0000] {processor.py:186} INFO - Started process (PID=336) to work on /opt/airflow/dags/youtube_medallion_pipeline.py
[2026-07-25T08:41:00.441+0000] {processor.py:914} INFO - Processing file /opt/airflow/dags/youtube_medallion_pipeline.py for tasks to queue
[2026-07-25T08:41:00.447+0000] {logging_mixin.py:190} INFO - [2026-07-25T08:41:00.446+0000] {dagbag.py:588} INFO - Filling up the DagBag from /opt/airflow/dags/youtube_medallion_pipeline.py
[2026-07-25T08:41:00.480+0000] {processor.py:925} INFO - DAG(s) 'youtube_medallion_pipeline' retrieved from /opt/airflow/dags/youtube_medallion_pipeline.py
[2026-07-25T08:41:00.540+0000] {logging_mixin.py:190} INFO - [2026-07-25T08:41:00.540+0000] {dag.py:3239} INFO - Sync 1 DAGs
[2026-07-25T08:41:00.570+0000] {logging_mixin.py:190} INFO - [2026-07-25T08:41:00.570+0000] {dag.py:4180} INFO - Setting next_dagrun for youtube_medallion_pipeline to None, run_after=None
[2026-07-25T08:41:00.620+0000] {processor.py:208} INFO - Processing /opt/airflow/dags/youtube_medallion_pipeline.py took 0.192 seconds
[2026-07-25T08:41:30.873+0000] {processor.py:186} INFO - Started process (PID=341) to work on /opt/airflow/dags/youtube_medallion_pipeline.py
[2026-07-25T08:41:30.877+0000] {processor.py:914} INFO - Processing file /opt/airflow/dags/youtube_medallion_pipeline.py for tasks to queue
[2026-07-25T08:41:30.882+0000] {logging_mixin.py:190} INFO - [2026-07-25T08:41:30.882+0000] {dagbag.py:588} INFO - Filling up the DagBag from /opt/airflow/dags/youtube_medallion_pipeline.py
[2026-07-25T08:41:30.908+0000] {processor.py:925} INFO - DAG(s) 'youtube_medallion_pipeline' retrieved from /opt/airflow/dags/youtube_medallion_pipeline.py
[2026-07-25T08:41:30.958+0000] {logging_mixin.py:190} INFO - [2026-07-25T08:41:30.958+0000] {dag.py:3239} INFO - Sync 1 DAGs
[2026-07-25T08:41:30.981+0000] {logging_mixin.py:190} INFO - [2026-07-25T08:41:30.981+0000] {dag.py:4180} INFO - Setting next_dagrun for youtube_medallion_pipeline to None, run_after=None
[2026-07-25T08:41:31.010+0000] {processor.py:208} INFO - Processing /opt/airflow/dags/youtube_medallion_pipeline.py took 0.145 seconds
[2026-07-25T08:42:01.153+0000] {processor.py:186} INFO - Started process (PID=346) to work on /opt/airflow/dags/youtube_medallion_pipeline.py
[2026-07-25T08:42:01.156+0000] {processor.py:914} INFO - Processing file /opt/airflow/dags/youtube_medallion_pipeline.py for tasks to queue
[2026-07-25T08:42:01.160+0000] {logging_mixin.py:190} INFO - [2026-07-25T08:42:01.159+0000] {dagbag.py:588} INFO - Filling up the DagBag from /opt/airflow/dags/youtube_medallion_pipeline.py
[2026-07-25T08:42:01.190+0000] {processor.py:925} INFO - DAG(s) 'youtube_medallion_pipeline' retrieved from /opt/airflow/dags/youtube_medallion_pipeline.py
[2026-07-25T08:42:01.241+0000] {logging_mixin.py:190} INFO - [2026-07-25T08:42:01.241+0000] {dag.py:3239} INFO - Sync 1 DAGs
[2026-07-25T08:42:01.269+0000] {logging_mixin.py:190} INFO - [2026-07-25T08:42:01.269+0000] {dag.py:4180} INFO - Setting next_dagrun for youtube_medallion_pipeline to None, run_after=None
[2026-07-25T08:42:01.299+0000] {processor.py:208} INFO - Processing /opt/airflow/dags/youtube_medallion_pipeline.py took 0.155 seconds
[2026-07-25T08:42:31.831+0000] {processor.py:186} INFO - Started process (PID=351) to work on /opt/airflow/dags/youtube_medallion_pipeline.py
[2026-07-25T08:42:31.833+0000] {processor.py:914} INFO - Processing file /opt/airflow/dags/youtube_medallion_pipeline.py for tasks to queue
[2026-07-25T08:42:31.837+0000] {logging_mixin.py:190} INFO - [2026-07-25T08:42:31.837+0000] {dagbag.py:588} INFO - Filling up the DagBag from /opt/airflow/dags/youtube_medallion_pipeline.py
[2026-07-25T08:42:31.862+0000] {processor.py:925} INFO - DAG(s) 'youtube_medallion_pipeline' retrieved from /opt/airflow/dags/youtube_medallion_pipeline.py
[2026-07-25T08:42:31.906+0000] {logging_mixin.py:190} INFO - [2026-07-25T08:42:31.905+0000] {dag.py:3239} INFO - Sync 1 DAGs
[2026-07-25T08:42:31.934+0000] {logging_mixin.py:190} INFO - [2026-07-25T08:42:31.934+0000] {dag.py:4180} INFO - Setting next_dagrun for youtube_medallion_pipeline to None, run_after=None
[2026-07-25T08:42:31.962+0000] {processor.py:208} INFO - Processing /opt/airflow/dags/youtube_medallion_pipeline.py took 0.139 seconds
[2026-07-25T08:43:02.087+0000] {processor.py:186} INFO - Started process (PID=356) to work on /opt/airflow/dags/youtube_medallion_pipeline.py
[2026-07-25T08:43:02.089+0000] {processor.py:914} INFO - Processing file /opt/airflow/dags/youtube_medallion_pipeline.py for tasks to queue
[2026-07-25T08:43:02.095+0000] {logging_mixin.py:190} INFO - [2026-07-25T08:43:02.094+0000] {dagbag.py:588} INFO - Filling up the DagBag from /opt/airflow/dags/youtube_medallion_pipeline.py
[2026-07-25T08:43:02.120+0000] {processor.py:925} INFO - DAG(s) 'youtube_medallion_pipeline' retrieved from /opt/airflow/dags/youtube_medallion_pipeline.py
[2026-07-25T08:43:02.208+0000] {logging_mixin.py:190} INFO - [2026-07-25T08:43:02.208+0000] {dag.py:3239} INFO - Sync 1 DAGs
[2026-07-25T08:43:02.242+0000] {logging_mixin.py:190} INFO - [2026-07-25T08:43:02.242+0000] {dag.py:4180} INFO - Setting next_dagrun for youtube_medallion_pipeline to None, run_after=None
[2026-07-25T08:43:02.274+0000] {processor.py:208} INFO - Processing /opt/airflow/dags/youtube_medallion_pipeline.py took 0.195 seconds
[2026-07-25T08:43:32.473+0000] {processor.py:186} INFO - Started process (PID=361) to work on /opt/airflow/dags/youtube_medallion_pipeline.py
[2026-07-25T08:43:32.475+0000] {processor.py:914} INFO - Processing file /opt/airflow/dags/youtube_medallion_pipeline.py for tasks to queue
[2026-07-25T08:43:32.481+0000] {logging_mixin.py:190} INFO - [2026-07-25T08:43:32.480+0000] {dagbag.py:588} INFO - Filling up the DagBag from /opt/airflow/dags/youtube_medallion_pipeline.py
[2026-07-25T08:43:32.511+0000] {processor.py:925} INFO - DAG(s) 'youtube_medallion_pipeline' retrieved from /opt/airflow/dags/youtube_medallion_pipeline.py
[2026-07-25T08:43:32.570+0000] {logging_mixin.py:190} INFO - [2026-07-25T08:43:32.570+0000] {dag.py:3239} INFO - Sync 1 DAGs
[2026-07-25T08:43:32.598+0000] {logging_mixin.py:190} INFO - [2026-07-25T08:43:32.598+0000] {dag.py:4180} INFO - Setting next_dagrun for youtube_medallion_pipeline to None, run_after=None
[2026-07-25T08:43:32.630+0000] {processor.py:208} INFO - Processing /opt/airflow/dags/youtube_medallion_pipeline.py took 0.164 seconds
[2026-07-25T08:44:02.779+0000] {processor.py:186} INFO - Started process (PID=366) to work on /opt/airflow/dags/youtube_medallion_pipeline.py
[2026-07-25T08:44:02.781+0000] {processor.py:914} INFO - Processing file /opt/airflow/dags/youtube_medallion_pipeline.py for tasks to queue
[2026-07-25T08:44:02.785+0000] {logging_mixin.py:190} INFO - [2026-07-25T08:44:02.785+0000] {dagbag.py:588} INFO - Filling up the DagBag from /opt/airflow/dags/youtube_medallion_pipeline.py
[2026-07-25T08:44:02.809+0000] {processor.py:925} INFO - DAG(s) 'youtube_medallion_pipeline' retrieved from /opt/airflow/dags/youtube_medallion_pipeline.py
[2026-07-25T08:44:02.855+0000] {logging_mixin.py:190} INFO - [2026-07-25T08:44:02.855+0000] {dag.py:3239} INFO - Sync 1 DAGs
[2026-07-25T08:44:02.887+0000] {logging_mixin.py:190} INFO - [2026-07-25T08:44:02.887+0000] {dag.py:4180} INFO - Setting next_dagrun for youtube_medallion_pipeline to None, run_after=None
[2026-07-25T08:44:02.915+0000] {processor.py:208} INFO - Processing /opt/airflow/dags/youtube_medallion_pipeline.py took 0.144 seconds
[2026-07-25T08:44:33.183+0000] {processor.py:186} INFO - Started process (PID=371) to work on /opt/airflow/dags/youtube_medallion_pipeline.py
[2026-07-25T08:44:33.186+0000] {processor.py:914} INFO - Processing file /opt/airflow/dags/youtube_medallion_pipeline.py for tasks to queue
[2026-07-25T08:44:33.190+0000] {logging_mixin.py:190} INFO - [2026-07-25T08:44:33.190+0000] {dagbag.py:588} INFO - Filling up the DagBag from /opt/airflow/dags/youtube_medallion_pipeline.py
[2026-07-25T08:44:33.219+0000] {processor.py:925} INFO - DAG(s) 'youtube_medallion_pipeline' retrieved from /opt/airflow/dags/youtube_medallion_pipeline.py
[2026-07-25T08:44:33.312+0000] {logging_mixin.py:190} INFO - [2026-07-25T08:44:33.311+0000] {dag.py:3239} INFO - Sync 1 DAGs
[2026-07-25T08:44:33.370+0000] {logging_mixin.py:190} INFO - [2026-07-25T08:44:33.370+0000] {dag.py:4180} INFO - Setting next_dagrun for youtube_medallion_pipeline to None, run_after=None
[2026-07-25T08:44:33.435+0000] {processor.py:208} INFO - Processing /opt/airflow/dags/youtube_medallion_pipeline.py took 0.278 seconds
[2026-07-25T08:45:03.766+0000] {processor.py:186} INFO - Started process (PID=376) to work on /opt/airflow/dags/youtube_medallion_pipeline.py
[2026-07-25T08:45:03.769+0000] {processor.py:914} INFO - Processing file /opt/airflow/dags/youtube_medallion_pipeline.py for tasks to queue
[2026-07-25T08:45:03.773+0000] {logging_mixin.py:190} INFO - [2026-07-25T08:45:03.773+0000] {dagbag.py:588} INFO - Filling up the DagBag from /opt/airflow/dags/youtube_medallion_pipeline.py
[2026-07-25T08:45:03.799+0000] {processor.py:925} INFO - DAG(s) 'youtube_medallion_pipeline' retrieved from /opt/airflow/dags/youtube_medallion_pipeline.py
[2026-07-25T08:45:03.843+0000] {logging_mixin.py:190} INFO - [2026-07-25T08:45:03.842+0000] {dag.py:3239} INFO - Sync 1 DAGs
[2026-07-25T08:45:03.866+0000] {logging_mixin.py:190} INFO - [2026-07-25T08:45:03.866+0000] {dag.py:4180} INFO - Setting next_dagrun for youtube_medallion_pipeline to None, run_after=None
[2026-07-25T08:45:03.907+0000] {processor.py:208} INFO - Processing /opt/airflow/dags/youtube_medallion_pipeline.py took 0.148 seconds
[2026-07-25T08:45:34.012+0000] {processor.py:186} INFO - Started process (PID=381) to work on /opt/airflow/dags/youtube_medallion_pipeline.py
[2026-07-25T08:45:34.014+0000] {processor.py:914} INFO - Processing file /opt/airflow/dags/youtube_medallion_pipeline.py for tasks to queue
[2026-07-25T08:45:34.019+0000] {logging_mixin.py:190} INFO - [2026-07-25T08:45:34.018+0000] {dagbag.py:588} INFO - Filling up the DagBag from /opt/airflow/dags/youtube_medallion_pipeline.py
[2026-07-25T08:45:34.041+0000] {processor.py:925} INFO - DAG(s) 'youtube_medallion_pipeline' retrieved from /opt/airflow/dags/youtube_medallion_pipeline.py
[2026-07-25T08:45:34.094+0000] {logging_mixin.py:190} INFO - [2026-07-25T08:45:34.093+0000] {dag.py:3239} INFO - Sync 1 DAGs
[2026-07-25T08:45:34.118+0000] {logging_mixin.py:190} INFO - [2026-07-25T08:45:34.118+0000] {dag.py:4180} INFO - Setting next_dagrun for youtube_medallion_pipeline to None, run_after=None
[2026-07-25T08:45:34.146+0000] {processor.py:208} INFO - Processing /opt/airflow/dags/youtube_medallion_pipeline.py took 0.142 seconds
[2026-07-25T08:46:04.253+0000] {processor.py:186} INFO - Started process (PID=386) to work on /opt/airflow/dags/youtube_medallion_pipeline.py
[2026-07-25T08:46:04.255+0000] {processor.py:914} INFO - Processing file /opt/airflow/dags/youtube_medallion_pipeline.py for tasks to queue
[2026-07-25T08:46:04.260+0000] {logging_mixin.py:190} INFO - [2026-07-25T08:46:04.260+0000] {dagbag.py:588} INFO - Filling up the DagBag from /opt/airflow/dags/youtube_medallion_pipeline.py
[2026-07-25T08:46:04.286+0000] {processor.py:925} INFO - DAG(s) 'youtube_medallion_pipeline' retrieved from /opt/airflow/dags/youtube_medallion_pipeline.py
[2026-07-25T08:46:04.332+0000] {logging_mixin.py:190} INFO - [2026-07-25T08:46:04.332+0000] {dag.py:3239} INFO - Sync 1 DAGs
[2026-07-25T08:46:04.378+0000] {logging_mixin.py:190} INFO - [2026-07-25T08:46:04.378+0000] {dag.py:4180} INFO - Setting next_dagrun for youtube_medallion_pipeline to None, run_after=None
[2026-07-25T08:46:04.411+0000] {processor.py:208} INFO - Processing /opt/airflow/dags/youtube_medallion_pipeline.py took 0.166 seconds
[2026-07-25T08:46:34.723+0000] {processor.py:186} INFO - Started process (PID=391) to work on /opt/airflow/dags/youtube_medallion_pipeline.py
[2026-07-25T08:46:34.725+0000] {processor.py:914} INFO - Processing file /opt/airflow/dags/youtube_medallion_pipeline.py for tasks to queue
[2026-07-25T08:46:34.730+0000] {logging_mixin.py:190} INFO - [2026-07-25T08:46:34.729+0000] {dagbag.py:588} INFO - Filling up the DagBag from /opt/airflow/dags/youtube_medallion_pipeline.py
[2026-07-25T08:46:34.758+0000] {processor.py:925} INFO - DAG(s) 'youtube_medallion_pipeline' retrieved from /opt/airflow/dags/youtube_medallion_pipeline.py
[2026-07-25T08:46:34.807+0000] {logging_mixin.py:190} INFO - [2026-07-25T08:46:34.807+0000] {dag.py:3239} INFO - Sync 1 DAGs
[2026-07-25T08:46:34.832+0000] {logging_mixin.py:190} INFO - [2026-07-25T08:46:34.832+0000] {dag.py:4180} INFO - Setting next_dagrun for youtube_medallion_pipeline to None, run_after=None
[2026-07-25T08:46:34.899+0000] {processor.py:208} INFO - Processing /opt/airflow/dags/youtube_medallion_pipeline.py took 0.183 seconds
[2026-07-25T08:47:05.023+0000] {processor.py:186} INFO - Started process (PID=396) to work on /opt/airflow/dags/youtube_medallion_pipeline.py
[2026-07-25T08:47:05.026+0000] {processor.py:914} INFO - Processing file /opt/airflow/dags/youtube_medallion_pipeline.py for tasks to queue
[2026-07-25T08:47:05.031+0000] {logging_mixin.py:190} INFO - [2026-07-25T08:47:05.030+0000] {dagbag.py:588} INFO - Filling up the DagBag from /opt/airflow/dags/youtube_medallion_pipeline.py
[2026-07-25T08:47:05.055+0000] {processor.py:925} INFO - DAG(s) 'youtube_medallion_pipeline' retrieved from /opt/airflow/dags/youtube_medallion_pipeline.py
[2026-07-25T08:47:05.102+0000] {logging_mixin.py:190} INFO - [2026-07-25T08:47:05.102+0000] {dag.py:3239} INFO - Sync 1 DAGs
[2026-07-25T08:47:05.126+0000] {logging_mixin.py:190} INFO - [2026-07-25T08:47:05.126+0000] {dag.py:4180} INFO - Setting next_dagrun for youtube_medallion_pipeline to None, run_after=None
[2026-07-25T08:47:05.157+0000] {processor.py:208} INFO - Processing /opt/airflow/dags/youtube_medallion_pipeline.py took 0.142 seconds
[2026-07-25T08:47:35.436+0000] {processor.py:186} INFO - Started process (PID=401) to work on /opt/airflow/dags/youtube_medallion_pipeline.py
[2026-07-25T08:47:35.438+0000] {processor.py:914} INFO - Processing file /opt/airflow/dags/youtube_medallion_pipeline.py for tasks to queue
[2026-07-25T08:47:35.442+0000] {logging_mixin.py:190} INFO - [2026-07-25T08:47:35.442+0000] {dagbag.py:588} INFO - Filling up the DagBag from /opt/airflow/dags/youtube_medallion_pipeline.py
[2026-07-25T08:47:35.464+0000] {processor.py:925} INFO - DAG(s) 'youtube_medallion_pipeline' retrieved from /opt/airflow/dags/youtube_medallion_pipeline.py
[2026-07-25T08:47:35.505+0000] {logging_mixin.py:190} INFO - [2026-07-25T08:47:35.505+0000] {dag.py:3239} INFO - Sync 1 DAGs
[2026-07-25T08:47:35.527+0000] {logging_mixin.py:190} INFO - [2026-07-25T08:47:35.527+0000] {dag.py:4180} INFO - Setting next_dagrun for youtube_medallion_pipeline to None, run_after=None
[2026-07-25T08:47:35.557+0000] {processor.py:208} INFO - Processing /opt/airflow/dags/youtube_medallion_pipeline.py took 0.127 seconds
[2026-07-25T08:48:05.691+0000] {processor.py:186} INFO - Started process (PID=406) to work on /opt/airflow/dags/youtube_medallion_pipeline.py
[2026-07-25T08:48:05.693+0000] {processor.py:914} INFO - Processing file /opt/airflow/dags/youtube_medallion_pipeline.py for tasks to queue
[2026-07-25T08:48:05.698+0000] {logging_mixin.py:190} INFO - [2026-07-25T08:48:05.697+0000] {dagbag.py:588} INFO - Filling up the DagBag from /opt/airflow/dags/youtube_medallion_pipeline.py
[2026-07-25T08:48:05.723+0000] {processor.py:925} INFO - DAG(s) 'youtube_medallion_pipeline' retrieved from /opt/airflow/dags/youtube_medallion_pipeline.py
[2026-07-25T08:48:05.767+0000] {logging_mixin.py:190} INFO - [2026-07-25T08:48:05.767+0000] {dag.py:3239} INFO - Sync 1 DAGs
[2026-07-25T08:48:05.791+0000] {logging_mixin.py:190} INFO - [2026-07-25T08:48:05.791+0000] {dag.py:4180} INFO - Setting next_dagrun for youtube_medallion_pipeline to None, run_after=None
[2026-07-25T08:48:05.822+0000] {processor.py:208} INFO - Processing /opt/airflow/dags/youtube_medallion_pipeline.py took 0.139 seconds
[2026-07-25T08:48:36.028+0000] {processor.py:186} INFO - Started process (PID=411) to work on /opt/airflow/dags/youtube_medallion_pipeline.py
[2026-07-25T08:48:36.030+0000] {processor.py:914} INFO - Processing file /opt/airflow/dags/youtube_medallion_pipeline.py for tasks to queue
[2026-07-25T08:48:36.033+0000] {logging_mixin.py:190} INFO - [2026-07-25T08:48:36.033+0000] {dagbag.py:588} INFO - Filling up the DagBag from /opt/airflow/dags/youtube_medallion_pipeline.py
[2026-07-25T08:48:36.055+0000] {processor.py:925} INFO - DAG(s) 'youtube_medallion_pipeline' retrieved from /opt/airflow/dags/youtube_medallion_pipeline.py
[2026-07-25T08:48:36.116+0000] {logging_mixin.py:190} INFO - [2026-07-25T08:48:36.116+0000] {dag.py:3239} INFO - Sync 1 DAGs
[2026-07-25T08:48:36.147+0000] {logging_mixin.py:190} INFO - [2026-07-25T08:48:36.147+0000] {dag.py:4180} INFO - Setting next_dagrun for youtube_medallion_pipeline to None, run_after=None
[2026-07-25T08:48:36.180+0000] {processor.py:208} INFO - Processing /opt/airflow/dags/youtube_medallion_pipeline.py took 0.158 seconds
[2026-07-25T08:49:06.346+0000] {processor.py:186} INFO - Started process (PID=416) to work on /opt/airflow/dags/youtube_medallion_pipeline.py
[2026-07-25T08:49:06.348+0000] {processor.py:914} INFO - Processing file /opt/airflow/dags/youtube_medallion_pipeline.py for tasks to queue
[2026-07-25T08:49:06.352+0000] {logging_mixin.py:190} INFO - [2026-07-25T08:49:06.352+0000] {dagbag.py:588} INFO - Filling up the DagBag from /opt/airflow/dags/youtube_medallion_pipeline.py
[2026-07-25T08:49:06.381+0000] {processor.py:925} INFO - DAG(s) 'youtube_medallion_pipeline' retrieved from /opt/airflow/dags/youtube_medallion_pipeline.py
[2026-07-25T08:49:06.448+0000] {logging_mixin.py:190} INFO - [2026-07-25T08:49:06.447+0000] {dag.py:3239} INFO - Sync 1 DAGs
[2026-07-25T08:49:06.470+0000] {logging_mixin.py:190} INFO - [2026-07-25T08:49:06.470+0000] {dag.py:4180} INFO - Setting next_dagrun for youtube_medallion_pipeline to None, run_after=None
[2026-07-25T08:49:06.501+0000] {processor.py:208} INFO - Processing /opt/airflow/dags/youtube_medallion_pipeline.py took 0.163 seconds
[2026-07-25T08:49:36.699+0000] {processor.py:186} INFO - Started process (PID=421) to work on /opt/airflow/dags/youtube_medallion_pipeline.py
[2026-07-25T08:49:36.701+0000] {processor.py:914} INFO - Processing file /opt/airflow/dags/youtube_medallion_pipeline.py for tasks to queue
[2026-07-25T08:49:36.706+0000] {logging_mixin.py:190} INFO - [2026-07-25T08:49:36.706+0000] {dagbag.py:588} INFO - Filling up the DagBag from /opt/airflow/dags/youtube_medallion_pipeline.py
[2026-07-25T08:49:36.735+0000] {processor.py:925} INFO - DAG(s) 'youtube_medallion_pipeline' retrieved from /opt/airflow/dags/youtube_medallion_pipeline.py
[2026-07-25T08:49:36.779+0000] {logging_mixin.py:190} INFO - [2026-07-25T08:49:36.778+0000] {dag.py:3239} INFO - Sync 1 DAGs
[2026-07-25T08:49:36.808+0000] {logging_mixin.py:190} INFO - [2026-07-25T08:49:36.807+0000] {dag.py:4180} INFO - Setting next_dagrun for youtube_medallion_pipeline to None, run_after=None
[2026-07-25T08:49:36.848+0000] {processor.py:208} INFO - Processing /opt/airflow/dags/youtube_medallion_pipeline.py took 0.157 seconds
[2026-07-25T08:51:03.062+0000] {processor.py:186} INFO - Started process (PID=170) to work on /opt/airflow/dags/youtube_medallion_pipeline.py
[2026-07-25T08:51:03.065+0000] {processor.py:914} INFO - Processing file /opt/airflow/dags/youtube_medallion_pipeline.py for tasks to queue
[2026-07-25T08:51:03.072+0000] {logging_mixin.py:190} INFO - [2026-07-25T08:51:03.071+0000] {dagbag.py:588} INFO - Filling up the DagBag from /opt/airflow/dags/youtube_medallion_pipeline.py
[2026-07-25T08:51:03.168+0000] {processor.py:925} INFO - DAG(s) 'youtube_medallion_pipeline' retrieved from /opt/airflow/dags/youtube_medallion_pipeline.py
[2026-07-25T08:51:03.284+0000] {logging_mixin.py:190} INFO - [2026-07-25T08:51:03.283+0000] {dag.py:3239} INFO - Sync 1 DAGs
[2026-07-25T08:51:03.348+0000] {logging_mixin.py:190} INFO - [2026-07-25T08:51:03.348+0000] {dag.py:4180} INFO - Setting next_dagrun for youtube_medallion_pipeline to None, run_after=None
[2026-07-25T08:51:03.415+0000] {processor.py:208} INFO - Processing /opt/airflow/dags/youtube_medallion_pipeline.py took 0.371 seconds
[2026-07-25T08:51:34.228+0000] {processor.py:186} INFO - Started process (PID=175) to work on /opt/airflow/dags/youtube_medallion_pipeline.py
[2026-07-25T08:51:34.234+0000] {processor.py:914} INFO - Processing file /opt/airflow/dags/youtube_medallion_pipeline.py for tasks to queue
[2026-07-25T08:51:34.242+0000] {logging_mixin.py:190} INFO - [2026-07-25T08:51:34.241+0000] {dagbag.py:588} INFO - Filling up the DagBag from /opt/airflow/dags/youtube_medallion_pipeline.py
[2026-07-25T08:51:34.293+0000] {processor.py:925} INFO - DAG(s) 'youtube_medallion_pipeline' retrieved from /opt/airflow/dags/youtube_medallion_pipeline.py
[2026-07-25T08:51:34.400+0000] {logging_mixin.py:190} INFO - [2026-07-25T08:51:34.399+0000] {dag.py:3239} INFO - Sync 1 DAGs
[2026-07-25T08:51:34.452+0000] {logging_mixin.py:190} INFO - [2026-07-25T08:51:34.451+0000] {dag.py:4180} INFO - Setting next_dagrun for youtube_medallion_pipeline to None, run_after=None
[2026-07-25T08:51:34.507+0000] {processor.py:208} INFO - Processing /opt/airflow/dags/youtube_medallion_pipeline.py took 0.299 seconds
[2026-07-25T08:52:04.857+0000] {processor.py:186} INFO - Started process (PID=180) to work on /opt/airflow/dags/youtube_medallion_pipeline.py
[2026-07-25T08:52:04.862+0000] {processor.py:914} INFO - Processing file /opt/airflow/dags/youtube_medallion_pipeline.py for tasks to queue
[2026-07-25T08:52:04.866+0000] {logging_mixin.py:190} INFO - [2026-07-25T08:52:04.866+0000] {dagbag.py:588} INFO - Filling up the DagBag from /opt/airflow/dags/youtube_medallion_pipeline.py
[2026-07-25T08:52:04.894+0000] {processor.py:925} INFO - DAG(s) 'youtube_medallion_pipeline' retrieved from /opt/airflow/dags/youtube_medallion_pipeline.py
[2026-07-25T08:52:04.951+0000] {logging_mixin.py:190} INFO - [2026-07-25T08:52:04.951+0000] {dag.py:3239} INFO - Sync 1 DAGs
[2026-07-25T08:52:04.978+0000] {logging_mixin.py:190} INFO - [2026-07-25T08:52:04.978+0000] {dag.py:4180} INFO - Setting next_dagrun for youtube_medallion_pipeline to None, run_after=None
[2026-07-25T08:52:05.015+0000] {processor.py:208} INFO - Processing /opt/airflow/dags/youtube_medallion_pipeline.py took 0.195 seconds
[2026-07-25T08:52:35.277+0000] {processor.py:186} INFO - Started process (PID=185) to work on /opt/airflow/dags/youtube_medallion_pipeline.py
[2026-07-25T08:52:35.279+0000] {processor.py:914} INFO - Processing file /opt/airflow/dags/youtube_medallion_pipeline.py for tasks to queue
[2026-07-25T08:52:35.283+0000] {logging_mixin.py:190} INFO - [2026-07-25T08:52:35.283+0000] {dagbag.py:588} INFO - Filling up the DagBag from /opt/airflow/dags/youtube_medallion_pipeline.py
[2026-07-25T08:52:35.312+0000] {processor.py:925} INFO - DAG(s) 'youtube_medallion_pipeline' retrieved from /opt/airflow/dags/youtube_medallion_pipeline.py
[2026-07-25T08:52:35.366+0000] {logging_mixin.py:190} INFO - [2026-07-25T08:52:35.366+0000] {dag.py:3239} INFO - Sync 1 DAGs
[2026-07-25T08:52:35.391+0000] {logging_mixin.py:190} INFO - [2026-07-25T08:52:35.390+0000] {dag.py:4180} INFO - Setting next_dagrun for youtube_medallion_pipeline to None, run_after=None
[2026-07-25T08:52:35.424+0000] {processor.py:208} INFO - Processing /opt/airflow/dags/youtube_medallion_pipeline.py took 0.155 seconds
[2026-07-25T08:53:06.328+0000] {processor.py:186} INFO - Started process (PID=190) to work on /opt/airflow/dags/youtube_medallion_pipeline.py
[2026-07-25T08:53:06.413+0000] {processor.py:914} INFO - Processing file /opt/airflow/dags/youtube_medallion_pipeline.py for tasks to queue
[2026-07-25T08:53:06.452+0000] {logging_mixin.py:190} INFO - [2026-07-25T08:53:06.452+0000] {dagbag.py:588} INFO - Filling up the DagBag from /opt/airflow/dags/youtube_medallion_pipeline.py
[2026-07-25T08:53:06.859+0000] {processor.py:925} INFO - DAG(s) 'youtube_medallion_pipeline' retrieved from /opt/airflow/dags/youtube_medallion_pipeline.py
[2026-07-25T08:53:06.996+0000] {logging_mixin.py:190} INFO - [2026-07-25T08:53:06.996+0000] {dag.py:3239} INFO - Sync 1 DAGs
[2026-07-25T08:53:07.282+0000] {logging_mixin.py:190} INFO - [2026-07-25T08:53:07.282+0000] {dag.py:4180} INFO - Setting next_dagrun for youtube_medallion_pipeline to None, run_after=None
[2026-07-25T08:53:07.771+0000] {processor.py:208} INFO - Processing /opt/airflow/dags/youtube_medallion_pipeline.py took 1.450 seconds
[2026-07-25T08:53:38.605+0000] {processor.py:186} INFO - Started process (PID=195) to work on /opt/airflow/dags/youtube_medallion_pipeline.py
[2026-07-25T08:53:38.608+0000] {processor.py:914} INFO - Processing file /opt/airflow/dags/youtube_medallion_pipeline.py for tasks to queue
[2026-07-25T08:53:38.612+0000] {logging_mixin.py:190} INFO - [2026-07-25T08:53:38.611+0000] {dagbag.py:588} INFO - Filling up the DagBag from /opt/airflow/dags/youtube_medallion_pipeline.py
[2026-07-25T08:53:38.637+0000] {processor.py:925} INFO - DAG(s) 'youtube_medallion_pipeline' retrieved from /opt/airflow/dags/youtube_medallion_pipeline.py
[2026-07-25T08:53:38.683+0000] {logging_mixin.py:190} INFO - [2026-07-25T08:53:38.682+0000] {dag.py:3239} INFO - Sync 1 DAGs
[2026-07-25T08:53:38.708+0000] {logging_mixin.py:190} INFO - [2026-07-25T08:53:38.708+0000] {dag.py:4180} INFO - Setting next_dagrun for youtube_medallion_pipeline to None, run_after=None
[2026-07-25T08:53:38.737+0000] {processor.py:208} INFO - Processing /opt/airflow/dags/youtube_medallion_pipeline.py took 0.140 seconds
[2026-07-25T08:54:08.937+0000] {processor.py:186} INFO - Started process (PID=208) to work on /opt/airflow/dags/youtube_medallion_pipeline.py
[2026-07-25T08:54:08.947+0000] {processor.py:914} INFO - Processing file /opt/airflow/dags/youtube_medallion_pipeline.py for tasks to queue
[2026-07-25T08:54:08.955+0000] {logging_mixin.py:190} INFO - [2026-07-25T08:54:08.955+0000] {dagbag.py:588} INFO - Filling up the DagBag from /opt/airflow/dags/youtube_medallion_pipeline.py
[2026-07-25T08:54:08.979+0000] {processor.py:925} INFO - DAG(s) 'youtube_medallion_pipeline' retrieved from /opt/airflow/dags/youtube_medallion_pipeline.py
[2026-07-25T08:54:09.042+0000] {logging_mixin.py:190} INFO - [2026-07-25T08:54:09.041+0000] {dag.py:3239} INFO - Sync 1 DAGs
[2026-07-25T08:54:09.065+0000] {logging_mixin.py:190} INFO - [2026-07-25T08:54:09.065+0000] {dag.py:4180} INFO - Setting next_dagrun for youtube_medallion_pipeline to None, run_after=None
[2026-07-25T08:54:09.096+0000] {processor.py:208} INFO - Processing /opt/airflow/dags/youtube_medallion_pipeline.py took 0.209 seconds
[2026-07-25T08:54:39.325+0000] {processor.py:186} INFO - Started process (PID=222) to work on /opt/airflow/dags/youtube_medallion_pipeline.py
[2026-07-25T08:54:39.327+0000] {processor.py:914} INFO - Processing file /opt/airflow/dags/youtube_medallion_pipeline.py for tasks to queue
[2026-07-25T08:54:39.332+0000] {logging_mixin.py:190} INFO - [2026-07-25T08:54:39.332+0000] {dagbag.py:588} INFO - Filling up the DagBag from /opt/airflow/dags/youtube_medallion_pipeline.py
[2026-07-25T08:54:39.364+0000] {processor.py:925} INFO - DAG(s) 'youtube_medallion_pipeline' retrieved from /opt/airflow/dags/youtube_medallion_pipeline.py
[2026-07-25T08:54:39.433+0000] {logging_mixin.py:190} INFO - [2026-07-25T08:54:39.432+0000] {dag.py:3239} INFO - Sync 1 DAGs
[2026-07-25T08:54:39.465+0000] {logging_mixin.py:190} INFO - [2026-07-25T08:54:39.465+0000] {dag.py:4180} INFO - Setting next_dagrun for youtube_medallion_pipeline to None, run_after=None
[2026-07-25T08:54:39.501+0000] {processor.py:208} INFO - Processing /opt/airflow/dags/youtube_medallion_pipeline.py took 0.187 seconds
[2026-07-25T08:55:09.699+0000] {processor.py:186} INFO - Started process (PID=243) to work on /opt/airflow/dags/youtube_medallion_pipeline.py
[2026-07-25T08:55:09.702+0000] {processor.py:914} INFO - Processing file /opt/airflow/dags/youtube_medallion_pipeline.py for tasks to queue
[2026-07-25T08:55:09.706+0000] {logging_mixin.py:190} INFO - [2026-07-25T08:55:09.705+0000] {dagbag.py:588} INFO - Filling up the DagBag from /opt/airflow/dags/youtube_medallion_pipeline.py
[2026-07-25T08:55:09.728+0000] {processor.py:925} INFO - DAG(s) 'youtube_medallion_pipeline' retrieved from /opt/airflow/dags/youtube_medallion_pipeline.py
[2026-07-25T08:55:09.773+0000] {logging_mixin.py:190} INFO - [2026-07-25T08:55:09.772+0000] {dag.py:3239} INFO - Sync 1 DAGs
[2026-07-25T08:55:09.799+0000] {logging_mixin.py:190} INFO - [2026-07-25T08:55:09.799+0000] {dag.py:4180} INFO - Setting next_dagrun for youtube_medallion_pipeline to None, run_after=None
[2026-07-25T08:55:09.836+0000] {processor.py:208} INFO - Processing /opt/airflow/dags/youtube_medallion_pipeline.py took 0.145 seconds
[2026-07-25T08:55:41.093+0000] {processor.py:186} INFO - Started process (PID=248) to work on /opt/airflow/dags/youtube_medallion_pipeline.py
[2026-07-25T08:55:41.121+0000] {processor.py:914} INFO - Processing file /opt/airflow/dags/youtube_medallion_pipeline.py for tasks to queue
[2026-07-25T08:55:41.131+0000] {logging_mixin.py:190} INFO - [2026-07-25T08:55:41.130+0000] {dagbag.py:588} INFO - Filling up the DagBag from /opt/airflow/dags/youtube_medallion_pipeline.py
[2026-07-25T08:55:41.188+0000] {processor.py:925} INFO - DAG(s) 'youtube_medallion_pipeline' retrieved from /opt/airflow/dags/youtube_medallion_pipeline.py
[2026-07-25T08:55:41.297+0000] {logging_mixin.py:190} INFO - [2026-07-25T08:55:41.296+0000] {dag.py:3239} INFO - Sync 1 DAGs
[2026-07-25T08:55:41.339+0000] {logging_mixin.py:190} INFO - [2026-07-25T08:55:41.338+0000] {dag.py:4180} INFO - Setting next_dagrun for youtube_medallion_pipeline to None, run_after=None
[2026-07-25T08:55:41.393+0000] {processor.py:208} INFO - Processing /opt/airflow/dags/youtube_medallion_pipeline.py took 0.310 seconds
[2026-07-25T08:56:11.596+0000] {processor.py:186} INFO - Started process (PID=253) to work on /opt/airflow/dags/youtube_medallion_pipeline.py
[2026-07-25T08:56:11.598+0000] {processor.py:914} INFO - Processing file /opt/airflow/dags/youtube_medallion_pipeline.py for tasks to queue
[2026-07-25T08:56:11.601+0000] {logging_mixin.py:190} INFO - [2026-07-25T08:56:11.601+0000] {dagbag.py:588} INFO - Filling up the DagBag from /opt/airflow/dags/youtube_medallion_pipeline.py
[2026-07-25T08:56:11.626+0000] {processor.py:925} INFO - DAG(s) 'youtube_medallion_pipeline' retrieved from /opt/airflow/dags/youtube_medallion_pipeline.py
[2026-07-25T08:56:11.671+0000] {logging_mixin.py:190} INFO - [2026-07-25T08:56:11.671+0000] {dag.py:3239} INFO - Sync 1 DAGs
[2026-07-25T08:56:11.695+0000] {logging_mixin.py:190} INFO - [2026-07-25T08:56:11.694+0000] {dag.py:4180} INFO - Setting next_dagrun for youtube_medallion_pipeline to None, run_after=None
[2026-07-25T08:56:11.727+0000] {processor.py:208} INFO - Processing /opt/airflow/dags/youtube_medallion_pipeline.py took 0.139 seconds
[2026-07-25T08:56:41.911+0000] {processor.py:186} INFO - Started process (PID=258) to work on /opt/airflow/dags/youtube_medallion_pipeline.py
[2026-07-25T08:56:41.913+0000] {processor.py:914} INFO - Processing file /opt/airflow/dags/youtube_medallion_pipeline.py for tasks to queue
[2026-07-25T08:56:41.917+0000] {logging_mixin.py:190} INFO - [2026-07-25T08:56:41.916+0000] {dagbag.py:588} INFO - Filling up the DagBag from /opt/airflow/dags/youtube_medallion_pipeline.py
[2026-07-25T08:56:41.942+0000] {processor.py:925} INFO - DAG(s) 'youtube_medallion_pipeline' retrieved from /opt/airflow/dags/youtube_medallion_pipeline.py
[2026-07-25T08:56:41.980+0000] {logging_mixin.py:190} INFO - [2026-07-25T08:56:41.979+0000] {dag.py:3239} INFO - Sync 1 DAGs
[2026-07-25T08:56:42.000+0000] {logging_mixin.py:190} INFO - [2026-07-25T08:56:42.000+0000] {dag.py:4180} INFO - Setting next_dagrun for youtube_medallion_pipeline to None, run_after=None
[2026-07-25T08:56:42.027+0000] {processor.py:208} INFO - Processing /opt/airflow/dags/youtube_medallion_pipeline.py took 0.123 seconds
[2026-07-25T08:57:12.207+0000] {processor.py:186} INFO - Started process (PID=263) to work on /opt/airflow/dags/youtube_medallion_pipeline.py
[2026-07-25T08:57:12.209+0000] {processor.py:914} INFO - Processing file /opt/airflow/dags/youtube_medallion_pipeline.py for tasks to queue
[2026-07-25T08:57:12.214+0000] {logging_mixin.py:190} INFO - [2026-07-25T08:57:12.213+0000] {dagbag.py:588} INFO - Filling up the DagBag from /opt/airflow/dags/youtube_medallion_pipeline.py
[2026-07-25T08:57:12.241+0000] {processor.py:925} INFO - DAG(s) 'youtube_medallion_pipeline' retrieved from /opt/airflow/dags/youtube_medallion_pipeline.py
[2026-07-25T08:57:12.284+0000] {logging_mixin.py:190} INFO - [2026-07-25T08:57:12.283+0000] {dag.py:3239} INFO - Sync 1 DAGs
[2026-07-25T08:57:12.305+0000] {logging_mixin.py:190} INFO - [2026-07-25T08:57:12.305+0000] {dag.py:4180} INFO - Setting next_dagrun for youtube_medallion_pipeline to None, run_after=None
[2026-07-25T08:57:12.334+0000] {processor.py:208} INFO - Processing /opt/airflow/dags/youtube_medallion_pipeline.py took 0.135 seconds
[2026-07-25T08:57:42.519+0000] {processor.py:186} INFO - Started process (PID=268) to work on /opt/airflow/dags/youtube_medallion_pipeline.py
[2026-07-25T08:57:42.521+0000] {processor.py:914} INFO - Processing file /opt/airflow/dags/youtube_medallion_pipeline.py for tasks to queue
[2026-07-25T08:57:42.524+0000] {logging_mixin.py:190} INFO - [2026-07-25T08:57:42.524+0000] {dagbag.py:588} INFO - Filling up the DagBag from /opt/airflow/dags/youtube_medallion_pipeline.py
[2026-07-25T08:57:42.547+0000] {processor.py:925} INFO - DAG(s) 'youtube_medallion_pipeline' retrieved from /opt/airflow/dags/youtube_medallion_pipeline.py
[2026-07-25T08:57:42.586+0000] {logging_mixin.py:190} INFO - [2026-07-25T08:57:42.586+0000] {dag.py:3239} INFO - Sync 1 DAGs
[2026-07-25T08:57:42.606+0000] {logging_mixin.py:190} INFO - [2026-07-25T08:57:42.606+0000] {dag.py:4180} INFO - Setting next_dagrun for youtube_medallion_pipeline to None, run_after=None
[2026-07-25T08:57:42.635+0000] {processor.py:208} INFO - Processing /opt/airflow/dags/youtube_medallion_pipeline.py took 0.122 seconds
[2026-07-25T08:58:12.816+0000] {processor.py:186} INFO - Started process (PID=273) to work on /opt/airflow/dags/youtube_medallion_pipeline.py
[2026-07-25T08:58:12.819+0000] {processor.py:914} INFO - Processing file /opt/airflow/dags/youtube_medallion_pipeline.py for tasks to queue
[2026-07-25T08:58:12.823+0000] {logging_mixin.py:190} INFO - [2026-07-25T08:58:12.823+0000] {dagbag.py:588} INFO - Filling up the DagBag from /opt/airflow/dags/youtube_medallion_pipeline.py
[2026-07-25T08:58:12.855+0000] {processor.py:925} INFO - DAG(s) 'youtube_medallion_pipeline' retrieved from /opt/airflow/dags/youtube_medallion_pipeline.py
[2026-07-25T08:58:12.906+0000] {logging_mixin.py:190} INFO - [2026-07-25T08:58:12.906+0000] {dag.py:3239} INFO - Sync 1 DAGs
[2026-07-25T08:58:12.934+0000] {logging_mixin.py:190} INFO - [2026-07-25T08:58:12.933+0000] {dag.py:4180} INFO - Setting next_dagrun for youtube_medallion_pipeline to None, run_after=None
[2026-07-25T08:58:12.965+0000] {processor.py:208} INFO - Processing /opt/airflow/dags/youtube_medallion_pipeline.py took 0.157 seconds
[2026-07-25T08:58:43.122+0000] {processor.py:186} INFO - Started process (PID=278) to work on /opt/airflow/dags/youtube_medallion_pipeline.py
[2026-07-25T08:58:43.124+0000] {processor.py:914} INFO - Processing file /opt/airflow/dags/youtube_medallion_pipeline.py for tasks to queue
[2026-07-25T08:58:43.130+0000] {logging_mixin.py:190} INFO - [2026-07-25T08:58:43.129+0000] {dagbag.py:588} INFO - Filling up the DagBag from /opt/airflow/dags/youtube_medallion_pipeline.py
[2026-07-25T08:58:43.158+0000] {processor.py:925} INFO - DAG(s) 'youtube_medallion_pipeline' retrieved from /opt/airflow/dags/youtube_medallion_pipeline.py
[2026-07-25T08:58:43.206+0000] {logging_mixin.py:190} INFO - [2026-07-25T08:58:43.205+0000] {dag.py:3239} INFO - Sync 1 DAGs
[2026-07-25T08:58:43.229+0000] {logging_mixin.py:190} INFO - [2026-07-25T08:58:43.228+0000] {dag.py:4180} INFO - Setting next_dagrun for youtube_medallion_pipeline to None, run_after=None
[2026-07-25T08:58:43.262+0000] {processor.py:208} INFO - Processing /opt/airflow/dags/youtube_medallion_pipeline.py took 0.149 seconds
[2026-07-25T08:59:13.452+0000] {processor.py:186} INFO - Started process (PID=283) to work on /opt/airflow/dags/youtube_medallion_pipeline.py
[2026-07-25T08:59:13.454+0000] {processor.py:914} INFO - Processing file /opt/airflow/dags/youtube_medallion_pipeline.py for tasks to queue
[2026-07-25T08:59:13.458+0000] {logging_mixin.py:190} INFO - [2026-07-25T08:59:13.458+0000] {dagbag.py:588} INFO - Filling up the DagBag from /opt/airflow/dags/youtube_medallion_pipeline.py
[2026-07-25T08:59:13.487+0000] {processor.py:925} INFO - DAG(s) 'youtube_medallion_pipeline' retrieved from /opt/airflow/dags/youtube_medallion_pipeline.py
[2026-07-25T08:59:13.534+0000] {logging_mixin.py:190} INFO - [2026-07-25T08:59:13.534+0000] {dag.py:3239} INFO - Sync 1 DAGs
[2026-07-25T08:59:13.558+0000] {logging_mixin.py:190} INFO - [2026-07-25T08:59:13.558+0000] {dag.py:4180} INFO - Setting next_dagrun for youtube_medallion_pipeline to None, run_after=None
[2026-07-25T08:59:13.590+0000] {processor.py:208} INFO - Processing /opt/airflow/dags/youtube_medallion_pipeline.py took 0.147 seconds
[2026-07-25T08:59:43.755+0000] {processor.py:186} INFO - Started process (PID=288) to work on /opt/airflow/dags/youtube_medallion_pipeline.py
[2026-07-25T08:59:43.757+0000] {processor.py:914} INFO - Processing file /opt/airflow/dags/youtube_medallion_pipeline.py for tasks to queue
[2026-07-25T08:59:43.762+0000] {logging_mixin.py:190} INFO - [2026-07-25T08:59:43.761+0000] {dagbag.py:588} INFO - Filling up the DagBag from /opt/airflow/dags/youtube_medallion_pipeline.py
[2026-07-25T08:59:43.793+0000] {processor.py:925} INFO - DAG(s) 'youtube_medallion_pipeline' retrieved from /opt/airflow/dags/youtube_medallion_pipeline.py
[2026-07-25T08:59:43.839+0000] {logging_mixin.py:190} INFO - [2026-07-25T08:59:43.838+0000] {dag.py:3239} INFO - Sync 1 DAGs
[2026-07-25T08:59:43.863+0000] {logging_mixin.py:190} INFO - [2026-07-25T08:59:43.863+0000] {dag.py:4180} INFO - Setting next_dagrun for youtube_medallion_pipeline to None, run_after=None
[2026-07-25T08:59:43.945+0000] {processor.py:208} INFO - Processing /opt/airflow/dags/youtube_medallion_pipeline.py took 0.197 seconds
[2026-07-25T11:24:31.145+0000] {processor.py:186} INFO - Started process (PID=161) to work on /opt/airflow/dags/youtube_medallion_pipeline.py
[2026-07-25T11:24:31.149+0000] {processor.py:914} INFO - Processing file /opt/airflow/dags/youtube_medallion_pipeline.py for tasks to queue
[2026-07-25T11:24:31.157+0000] {logging_mixin.py:190} INFO - [2026-07-25T11:24:31.156+0000] {dagbag.py:588} INFO - Filling up the DagBag from /opt/airflow/dags/youtube_medallion_pipeline.py
[2026-07-25T11:24:31.232+0000] {processor.py:925} INFO - DAG(s) 'youtube_medallion_pipeline' retrieved from /opt/airflow/dags/youtube_medallion_pipeline.py
[2026-07-25T11:24:31.327+0000] {logging_mixin.py:190} INFO - [2026-07-25T11:24:31.326+0000] {dag.py:3239} INFO - Sync 1 DAGs
[2026-07-25T11:24:31.369+0000] {logging_mixin.py:190} INFO - [2026-07-25T11:24:31.368+0000] {dag.py:4180} INFO - Setting next_dagrun for youtube_medallion_pipeline to None, run_after=None
[2026-07-25T11:24:31.414+0000] {processor.py:208} INFO - Processing /opt/airflow/dags/youtube_medallion_pipeline.py took 0.289 seconds
[2026-07-25T11:25:02.689+0000] {processor.py:186} INFO - Started process (PID=166) to work on /opt/airflow/dags/youtube_medallion_pipeline.py
[2026-07-25T11:25:02.754+0000] {processor.py:914} INFO - Processing file /opt/airflow/dags/youtube_medallion_pipeline.py for tasks to queue
[2026-07-25T11:25:02.765+0000] {logging_mixin.py:190} INFO - [2026-07-25T11:25:02.764+0000] {dagbag.py:588} INFO - Filling up the DagBag from /opt/airflow/dags/youtube_medallion_pipeline.py
[2026-07-25T11:25:03.223+0000] {processor.py:925} INFO - DAG(s) 'youtube_medallion_pipeline' retrieved from /opt/airflow/dags/youtube_medallion_pipeline.py
[2026-07-25T11:25:03.410+0000] {logging_mixin.py:190} INFO - [2026-07-25T11:25:03.409+0000] {dag.py:3239} INFO - Sync 1 DAGs
[2026-07-25T11:25:03.455+0000] {logging_mixin.py:190} INFO - [2026-07-25T11:25:03.455+0000] {dag.py:4180} INFO - Setting next_dagrun for youtube_medallion_pipeline to None, run_after=None
[2026-07-25T11:25:04.089+0000] {processor.py:208} INFO - Processing /opt/airflow/dags/youtube_medallion_pipeline.py took 1.409 seconds
[2026-07-25T11:25:34.923+0000] {processor.py:186} INFO - Started process (PID=171) to work on /opt/airflow/dags/youtube_medallion_pipeline.py
[2026-07-25T11:25:34.928+0000] {processor.py:914} INFO - Processing file /opt/airflow/dags/youtube_medallion_pipeline.py for tasks to queue
[2026-07-25T11:25:34.936+0000] {logging_mixin.py:190} INFO - [2026-07-25T11:25:34.935+0000] {dagbag.py:588} INFO - Filling up the DagBag from /opt/airflow/dags/youtube_medallion_pipeline.py
[2026-07-25T11:25:34.987+0000] {processor.py:925} INFO - DAG(s) 'youtube_medallion_pipeline' retrieved from /opt/airflow/dags/youtube_medallion_pipeline.py
[2026-07-25T11:25:35.207+0000] {logging_mixin.py:190} INFO - [2026-07-25T11:25:35.206+0000] {dag.py:3239} INFO - Sync 1 DAGs
[2026-07-25T11:25:35.315+0000] {logging_mixin.py:190} INFO - [2026-07-25T11:25:35.314+0000] {dag.py:4180} INFO - Setting next_dagrun for youtube_medallion_pipeline to None, run_after=None
[2026-07-25T11:25:35.377+0000] {processor.py:208} INFO - Processing /opt/airflow/dags/youtube_medallion_pipeline.py took 0.469 seconds
[2026-07-25T11:26:05.531+0000] {processor.py:186} INFO - Started process (PID=176) to work on /opt/airflow/dags/youtube_medallion_pipeline.py
[2026-07-25T11:26:05.541+0000] {processor.py:914} INFO - Processing file /opt/airflow/dags/youtube_medallion_pipeline.py for tasks to queue
[2026-07-25T11:26:05.573+0000] {logging_mixin.py:190} INFO - [2026-07-25T11:26:05.571+0000] {dagbag.py:588} INFO - Filling up the DagBag from /opt/airflow/dags/youtube_medallion_pipeline.py
[2026-07-25T11:26:05.676+0000] {processor.py:925} INFO - DAG(s) 'youtube_medallion_pipeline' retrieved from /opt/airflow/dags/youtube_medallion_pipeline.py
[2026-07-25T11:26:05.853+0000] {logging_mixin.py:190} INFO - [2026-07-25T11:26:05.853+0000] {dag.py:3239} INFO - Sync 1 DAGs
[2026-07-25T11:26:05.896+0000] {logging_mixin.py:190} INFO - [2026-07-25T11:26:05.896+0000] {dag.py:4180} INFO - Setting next_dagrun for youtube_medallion_pipeline to None, run_after=None
[2026-07-25T11:26:05.934+0000] {processor.py:208} INFO - Processing /opt/airflow/dags/youtube_medallion_pipeline.py took 0.439 seconds
[2026-07-25T11:26:36.295+0000] {processor.py:186} INFO - Started process (PID=181) to work on /opt/airflow/dags/youtube_medallion_pipeline.py
[2026-07-25T11:26:36.297+0000] {processor.py:914} INFO - Processing file /opt/airflow/dags/youtube_medallion_pipeline.py for tasks to queue
[2026-07-25T11:26:36.302+0000] {logging_mixin.py:190} INFO - [2026-07-25T11:26:36.302+0000] {dagbag.py:588} INFO - Filling up the DagBag from /opt/airflow/dags/youtube_medallion_pipeline.py
[2026-07-25T11:26:36.366+0000] {processor.py:925} INFO - DAG(s) 'youtube_medallion_pipeline' retrieved from /opt/airflow/dags/youtube_medallion_pipeline.py
[2026-07-25T11:26:36.421+0000] {logging_mixin.py:190} INFO - [2026-07-25T11:26:36.420+0000] {dag.py:3239} INFO - Sync 1 DAGs
[2026-07-25T11:26:36.447+0000] {logging_mixin.py:190} INFO - [2026-07-25T11:26:36.447+0000] {dag.py:4180} INFO - Setting next_dagrun for youtube_medallion_pipeline to None, run_after=None
[2026-07-25T11:26:36.487+0000] {processor.py:208} INFO - Processing /opt/airflow/dags/youtube_medallion_pipeline.py took 0.201 seconds
[2026-07-25T11:27:06.718+0000] {processor.py:186} INFO - Started process (PID=186) to work on /opt/airflow/dags/youtube_medallion_pipeline.py
[2026-07-25T11:27:06.722+0000] {processor.py:914} INFO - Processing file /opt/airflow/dags/youtube_medallion_pipeline.py for tasks to queue
[2026-07-25T11:27:06.734+0000] {logging_mixin.py:190} INFO - [2026-07-25T11:27:06.733+0000] {dagbag.py:588} INFO - Filling up the DagBag from /opt/airflow/dags/youtube_medallion_pipeline.py
[2026-07-25T11:27:06.794+0000] {processor.py:925} INFO - DAG(s) 'youtube_medallion_pipeline' retrieved from /opt/airflow/dags/youtube_medallion_pipeline.py
[2026-07-25T11:27:06.875+0000] {logging_mixin.py:190} INFO - [2026-07-25T11:27:06.874+0000] {dag.py:3239} INFO - Sync 1 DAGs
[2026-07-25T11:27:06.914+0000] {logging_mixin.py:190} INFO - [2026-07-25T11:27:06.913+0000] {dag.py:4180} INFO - Setting next_dagrun for youtube_medallion_pipeline to None, run_after=None
[2026-07-25T11:27:06.971+0000] {processor.py:208} INFO - Processing /opt/airflow/dags/youtube_medallion_pipeline.py took 0.326 seconds
[2026-07-25T11:27:37.597+0000] {processor.py:186} INFO - Started process (PID=191) to work on /opt/airflow/dags/youtube_medallion_pipeline.py
[2026-07-25T11:27:37.600+0000] {processor.py:914} INFO - Processing file /opt/airflow/dags/youtube_medallion_pipeline.py for tasks to queue
[2026-07-25T11:27:37.609+0000] {logging_mixin.py:190} INFO - [2026-07-25T11:27:37.608+0000] {dagbag.py:588} INFO - Filling up the DagBag from /opt/airflow/dags/youtube_medallion_pipeline.py
[2026-07-25T11:27:37.652+0000] {processor.py:925} INFO - DAG(s) 'youtube_medallion_pipeline' retrieved from /opt/airflow/dags/youtube_medallion_pipeline.py
[2026-07-25T11:27:37.710+0000] {logging_mixin.py:190} INFO - [2026-07-25T11:27:37.709+0000] {dag.py:3239} INFO - Sync 1 DAGs
[2026-07-25T11:27:37.737+0000] {logging_mixin.py:190} INFO - [2026-07-25T11:27:37.737+0000] {dag.py:4180} INFO - Setting next_dagrun for youtube_medallion_pipeline to None, run_after=None
[2026-07-25T11:27:37.795+0000] {processor.py:208} INFO - Processing /opt/airflow/dags/youtube_medallion_pipeline.py took 0.209 seconds
[2026-07-25T11:28:07.982+0000] {processor.py:186} INFO - Started process (PID=196) to work on /opt/airflow/dags/youtube_medallion_pipeline.py
[2026-07-25T11:28:07.986+0000] {processor.py:914} INFO - Processing file /opt/airflow/dags/youtube_medallion_pipeline.py for tasks to queue
[2026-07-25T11:28:07.994+0000] {logging_mixin.py:190} INFO - [2026-07-25T11:28:07.992+0000] {dagbag.py:588} INFO - Filling up the DagBag from /opt/airflow/dags/youtube_medallion_pipeline.py
[2026-07-25T11:28:08.042+0000] {processor.py:925} INFO - DAG(s) 'youtube_medallion_pipeline' retrieved from /opt/airflow/dags/youtube_medallion_pipeline.py
[2026-07-25T11:28:08.110+0000] {logging_mixin.py:190} INFO - [2026-07-25T11:28:08.109+0000] {dag.py:3239} INFO - Sync 1 DAGs
[2026-07-25T11:28:08.145+0000] {logging_mixin.py:190} INFO - [2026-07-25T11:28:08.145+0000] {dag.py:4180} INFO - Setting next_dagrun for youtube_medallion_pipeline to None, run_after=None
[2026-07-25T11:28:08.204+0000] {processor.py:208} INFO - Processing /opt/airflow/dags/youtube_medallion_pipeline.py took 0.241 seconds
[2026-07-25T11:28:38.478+0000] {processor.py:186} INFO - Started process (PID=201) to work on /opt/airflow/dags/youtube_medallion_pipeline.py
[2026-07-25T11:28:38.482+0000] {processor.py:914} INFO - Processing file /opt/airflow/dags/youtube_medallion_pipeline.py for tasks to queue
[2026-07-25T11:28:38.490+0000] {logging_mixin.py:190} INFO - [2026-07-25T11:28:38.489+0000] {dagbag.py:588} INFO - Filling up the DagBag from /opt/airflow/dags/youtube_medallion_pipeline.py
[2026-07-25T11:28:38.527+0000] {processor.py:925} INFO - DAG(s) 'youtube_medallion_pipeline' retrieved from /opt/airflow/dags/youtube_medallion_pipeline.py
[2026-07-25T11:28:38.586+0000] {logging_mixin.py:190} INFO - [2026-07-25T11:28:38.586+0000] {dag.py:3239} INFO - Sync 1 DAGs
[2026-07-25T11:28:38.614+0000] {logging_mixin.py:190} INFO - [2026-07-25T11:28:38.614+0000] {dag.py:4180} INFO - Setting next_dagrun for youtube_medallion_pipeline to None, run_after=None
[2026-07-25T11:28:38.669+0000] {processor.py:208} INFO - Processing /opt/airflow/dags/youtube_medallion_pipeline.py took 0.204 seconds
[2026-07-25T11:29:08.836+0000] {processor.py:186} INFO - Started process (PID=206) to work on /opt/airflow/dags/youtube_medallion_pipeline.py
[2026-07-25T11:29:08.838+0000] {processor.py:914} INFO - Processing file /opt/airflow/dags/youtube_medallion_pipeline.py for tasks to queue
[2026-07-25T11:29:08.844+0000] {logging_mixin.py:190} INFO - [2026-07-25T11:29:08.843+0000] {dagbag.py:588} INFO - Filling up the DagBag from /opt/airflow/dags/youtube_medallion_pipeline.py
[2026-07-25T11:29:08.879+0000] {processor.py:925} INFO - DAG(s) 'youtube_medallion_pipeline' retrieved from /opt/airflow/dags/youtube_medallion_pipeline.py
[2026-07-25T11:29:08.942+0000] {logging_mixin.py:190} INFO - [2026-07-25T11:29:08.941+0000] {dag.py:3239} INFO - Sync 1 DAGs
[2026-07-25T11:29:08.968+0000] {logging_mixin.py:190} INFO - [2026-07-25T11:29:08.968+0000] {dag.py:4180} INFO - Setting next_dagrun for youtube_medallion_pipeline to None, run_after=None
[2026-07-25T11:29:09.010+0000] {processor.py:208} INFO - Processing /opt/airflow/dags/youtube_medallion_pipeline.py took 0.183 seconds
[2026-07-25T11:29:39.383+0000] {processor.py:186} INFO - Started process (PID=211) to work on /opt/airflow/dags/youtube_medallion_pipeline.py
[2026-07-25T11:29:39.386+0000] {processor.py:914} INFO - Processing file /opt/airflow/dags/youtube_medallion_pipeline.py for tasks to queue
[2026-07-25T11:29:39.392+0000] {logging_mixin.py:190} INFO - [2026-07-25T11:29:39.391+0000] {dagbag.py:588} INFO - Filling up the DagBag from /opt/airflow/dags/youtube_medallion_pipeline.py
[2026-07-25T11:29:39.428+0000] {processor.py:925} INFO - DAG(s) 'youtube_medallion_pipeline' retrieved from /opt/airflow/dags/youtube_medallion_pipeline.py
[2026-07-25T11:29:39.503+0000] {logging_mixin.py:190} INFO - [2026-07-25T11:29:39.503+0000] {dag.py:3239} INFO - Sync 1 DAGs
[2026-07-25T11:29:39.531+0000] {logging_mixin.py:190} INFO - [2026-07-25T11:29:39.530+0000] {dag.py:4180} INFO - Setting next_dagrun for youtube_medallion_pipeline to None, run_after=None
[2026-07-25T11:29:39.572+0000] {processor.py:208} INFO - Processing /opt/airflow/dags/youtube_medallion_pipeline.py took 0.199 seconds
[2026-07-25T11:30:10.058+0000] {processor.py:186} INFO - Started process (PID=216) to work on /opt/airflow/dags/youtube_medallion_pipeline.py
[2026-07-25T11:30:10.065+0000] {processor.py:914} INFO - Processing file /opt/airflow/dags/youtube_medallion_pipeline.py for tasks to queue
[2026-07-25T11:30:10.087+0000] {logging_mixin.py:190} INFO - [2026-07-25T11:30:10.084+0000] {dagbag.py:588} INFO - Filling up the DagBag from /opt/airflow/dags/youtube_medallion_pipeline.py
[2026-07-25T11:30:10.247+0000] {processor.py:925} INFO - DAG(s) 'youtube_medallion_pipeline' retrieved from /opt/airflow/dags/youtube_medallion_pipeline.py
[2026-07-25T11:30:10.409+0000] {logging_mixin.py:190} INFO - [2026-07-25T11:30:10.408+0000] {dag.py:3239} INFO - Sync 1 DAGs
[2026-07-25T11:30:10.471+0000] {logging_mixin.py:190} INFO - [2026-07-25T11:30:10.471+0000] {dag.py:4180} INFO - Setting next_dagrun for youtube_medallion_pipeline to None, run_after=None
[2026-07-25T11:30:10.517+0000] {processor.py:208} INFO - Processing /opt/airflow/dags/youtube_medallion_pipeline.py took 0.492 seconds
[2026-07-25T11:30:40.972+0000] {processor.py:186} INFO - Started process (PID=221) to work on /opt/airflow/dags/youtube_medallion_pipeline.py
[2026-07-25T11:30:40.975+0000] {processor.py:914} INFO - Processing file /opt/airflow/dags/youtube_medallion_pipeline.py for tasks to queue
[2026-07-25T11:30:40.980+0000] {logging_mixin.py:190} INFO - [2026-07-25T11:30:40.979+0000] {dagbag.py:588} INFO - Filling up the DagBag from /opt/airflow/dags/youtube_medallion_pipeline.py
[2026-07-25T11:30:41.012+0000] {processor.py:925} INFO - DAG(s) 'youtube_medallion_pipeline' retrieved from /opt/airflow/dags/youtube_medallion_pipeline.py
[2026-07-25T11:30:41.069+0000] {logging_mixin.py:190} INFO - [2026-07-25T11:30:41.068+0000] {dag.py:3239} INFO - Sync 1 DAGs
[2026-07-25T11:30:41.095+0000] {logging_mixin.py:190} INFO - [2026-07-25T11:30:41.094+0000] {dag.py:4180} INFO - Setting next_dagrun for youtube_medallion_pipeline to None, run_after=None
[2026-07-25T11:30:41.131+0000] {processor.py:208} INFO - Processing /opt/airflow/dags/youtube_medallion_pipeline.py took 0.169 seconds
[2026-07-25T11:31:11.326+0000] {processor.py:186} INFO - Started process (PID=226) to work on /opt/airflow/dags/youtube_medallion_pipeline.py
[2026-07-25T11:31:11.329+0000] {processor.py:914} INFO - Processing file /opt/airflow/dags/youtube_medallion_pipeline.py for tasks to queue
[2026-07-25T11:31:11.335+0000] {logging_mixin.py:190} INFO - [2026-07-25T11:31:11.334+0000] {dagbag.py:588} INFO - Filling up the DagBag from /opt/airflow/dags/youtube_medallion_pipeline.py
[2026-07-25T11:31:11.366+0000] {processor.py:925} INFO - DAG(s) 'youtube_medallion_pipeline' retrieved from /opt/airflow/dags/youtube_medallion_pipeline.py
[2026-07-25T11:31:11.424+0000] {logging_mixin.py:190} INFO - [2026-07-25T11:31:11.424+0000] {dag.py:3239} INFO - Sync 1 DAGs
[2026-07-25T11:31:11.452+0000] {logging_mixin.py:190} INFO - [2026-07-25T11:31:11.452+0000] {dag.py:4180} INFO - Setting next_dagrun for youtube_medallion_pipeline to None, run_after=None
[2026-07-25T11:31:11.485+0000] {processor.py:208} INFO - Processing /opt/airflow/dags/youtube_medallion_pipeline.py took 0.172 seconds
[2026-07-25T11:31:41.805+0000] {processor.py:186} INFO - Started process (PID=231) to work on /opt/airflow/dags/youtube_medallion_pipeline.py
[2026-07-25T11:31:41.807+0000] {processor.py:914} INFO - Processing file /opt/airflow/dags/youtube_medallion_pipeline.py for tasks to queue
[2026-07-25T11:31:41.812+0000] {logging_mixin.py:190} INFO - [2026-07-25T11:31:41.811+0000] {dagbag.py:588} INFO - Filling up the DagBag from /opt/airflow/dags/youtube_medallion_pipeline.py
[2026-07-25T11:31:41.848+0000] {processor.py:925} INFO - DAG(s) 'youtube_medallion_pipeline' retrieved from /opt/airflow/dags/youtube_medallion_pipeline.py
[2026-07-25T11:31:41.897+0000] {logging_mixin.py:190} INFO - [2026-07-25T11:31:41.897+0000] {dag.py:3239} INFO - Sync 1 DAGs
[2026-07-25T11:31:41.926+0000] {logging_mixin.py:190} INFO - [2026-07-25T11:31:41.925+0000] {dag.py:4180} INFO - Setting next_dagrun for youtube_medallion_pipeline to None, run_after=None
[2026-07-25T11:31:41.974+0000] {processor.py:208} INFO - Processing /opt/airflow/dags/youtube_medallion_pipeline.py took 0.177 seconds
[2026-07-25T11:32:12.177+0000] {processor.py:186} INFO - Started process (PID=244) to work on /opt/airflow/dags/youtube_medallion_pipeline.py
[2026-07-25T11:32:12.197+0000] {processor.py:914} INFO - Processing file /opt/airflow/dags/youtube_medallion_pipeline.py for tasks to queue
[2026-07-25T11:32:12.209+0000] {logging_mixin.py:190} INFO - [2026-07-25T11:32:12.208+0000] {dagbag.py:588} INFO - Filling up the DagBag from /opt/airflow/dags/youtube_medallion_pipeline.py
[2026-07-25T11:32:12.295+0000] {processor.py:925} INFO - DAG(s) 'youtube_medallion_pipeline' retrieved from /opt/airflow/dags/youtube_medallion_pipeline.py
[2026-07-25T11:32:12.436+0000] {logging_mixin.py:190} INFO - [2026-07-25T11:32:12.436+0000] {dag.py:3239} INFO - Sync 1 DAGs
[2026-07-25T11:32:12.527+0000] {logging_mixin.py:190} INFO - [2026-07-25T11:32:12.527+0000] {dag.py:4180} INFO - Setting next_dagrun for youtube_medallion_pipeline to None, run_after=None
[2026-07-25T11:32:12.634+0000] {processor.py:208} INFO - Processing /opt/airflow/dags/youtube_medallion_pipeline.py took 0.491 seconds
[2026-07-25T11:32:44.008+0000] {processor.py:186} INFO - Started process (PID=249) to work on /opt/airflow/dags/youtube_medallion_pipeline.py
[2026-07-25T11:32:44.037+0000] {processor.py:914} INFO - Processing file /opt/airflow/dags/youtube_medallion_pipeline.py for tasks to queue
[2026-07-25T11:32:44.876+0000] {logging_mixin.py:190} INFO - [2026-07-25T11:32:44.838+0000] {dagbag.py:588} INFO - Filling up the DagBag from /opt/airflow/dags/youtube_medallion_pipeline.py
[2026-07-25T11:32:48.071+0000] {processor.py:925} INFO - DAG(s) 'youtube_medallion_pipeline' retrieved from /opt/airflow/dags/youtube_medallion_pipeline.py
[2026-07-25T11:33:02.615+0000] {logging_mixin.py:190} INFO - [2026-07-25T11:33:02.574+0000] {dag.py:3239} INFO - Sync 1 DAGs
[2026-07-25T11:33:04.873+0000] {logging_mixin.py:190} INFO - [2026-07-25T11:33:04.873+0000] {dag.py:4180} INFO - Setting next_dagrun for youtube_medallion_pipeline to None, run_after=None
[2026-07-25T11:33:05.181+0000] {processor.py:208} INFO - Processing /opt/airflow/dags/youtube_medallion_pipeline.py took 21.229 seconds
[2026-07-25T11:33:35.994+0000] {processor.py:186} INFO - Started process (PID=254) to work on /opt/airflow/dags/youtube_medallion_pipeline.py
[2026-07-25T11:33:36.005+0000] {processor.py:914} INFO - Processing file /opt/airflow/dags/youtube_medallion_pipeline.py for tasks to queue
[2026-07-25T11:33:36.062+0000] {logging_mixin.py:190} INFO - [2026-07-25T11:33:36.054+0000] {dagbag.py:588} INFO - Filling up the DagBag from /opt/airflow/dags/youtube_medallion_pipeline.py
[2026-07-25T11:33:36.359+0000] {processor.py:925} INFO - DAG(s) 'youtube_medallion_pipeline' retrieved from /opt/airflow/dags/youtube_medallion_pipeline.py
[2026-07-25T11:33:36.633+0000] {logging_mixin.py:190} INFO - [2026-07-25T11:33:36.632+0000] {dag.py:3239} INFO - Sync 1 DAGs
[2026-07-25T11:33:36.746+0000] {logging_mixin.py:190} INFO - [2026-07-25T11:33:36.746+0000] {dag.py:4180} INFO - Setting next_dagrun for youtube_medallion_pipeline to None, run_after=None
[2026-07-25T11:33:36.894+0000] {processor.py:208} INFO - Processing /opt/airflow/dags/youtube_medallion_pipeline.py took 1.004 seconds
[2026-07-25T11:34:07.678+0000] {processor.py:186} INFO - Started process (PID=268) to work on /opt/airflow/dags/youtube_medallion_pipeline.py
[2026-07-25T11:34:07.684+0000] {processor.py:914} INFO - Processing file /opt/airflow/dags/youtube_medallion_pipeline.py for tasks to queue
[2026-07-25T11:34:07.709+0000] {logging_mixin.py:190} INFO - [2026-07-25T11:34:07.707+0000] {dagbag.py:588} INFO - Filling up the DagBag from /opt/airflow/dags/youtube_medallion_pipeline.py
[2026-07-25T11:34:07.808+0000] {processor.py:925} INFO - DAG(s) 'youtube_medallion_pipeline' retrieved from /opt/airflow/dags/youtube_medallion_pipeline.py
[2026-07-25T11:34:08.091+0000] {logging_mixin.py:190} INFO - [2026-07-25T11:34:08.091+0000] {dag.py:3239} INFO - Sync 1 DAGs
[2026-07-25T11:34:08.260+0000] {logging_mixin.py:190} INFO - [2026-07-25T11:34:08.260+0000] {dag.py:4180} INFO - Setting next_dagrun for youtube_medallion_pipeline to None, run_after=None
[2026-07-25T11:34:08.553+0000] {processor.py:208} INFO - Processing /opt/airflow/dags/youtube_medallion_pipeline.py took 0.964 seconds
[2026-07-25T11:34:41.323+0000] {processor.py:186} INFO - Started process (PID=273) to work on /opt/airflow/dags/youtube_medallion_pipeline.py
[2026-07-25T11:34:41.329+0000] {processor.py:914} INFO - Processing file /opt/airflow/dags/youtube_medallion_pipeline.py for tasks to queue
[2026-07-25T11:34:41.362+0000] {logging_mixin.py:190} INFO - [2026-07-25T11:34:41.360+0000] {dagbag.py:588} INFO - Filling up the DagBag from /opt/airflow/dags/youtube_medallion_pipeline.py
[2026-07-25T11:34:41.529+0000] {processor.py:925} INFO - DAG(s) 'youtube_medallion_pipeline' retrieved from /opt/airflow/dags/youtube_medallion_pipeline.py
[2026-07-25T11:34:41.762+0000] {logging_mixin.py:190} INFO - [2026-07-25T11:34:41.761+0000] {dag.py:3239} INFO - Sync 1 DAGs
[2026-07-25T11:34:43.124+0000] {logging_mixin.py:190} INFO - [2026-07-25T11:34:43.123+0000] {dag.py:4180} INFO - Setting next_dagrun for youtube_medallion_pipeline to None, run_after=None
[2026-07-25T11:34:44.142+0000] {processor.py:208} INFO - Processing /opt/airflow/dags/youtube_medallion_pipeline.py took 2.932 seconds
[2026-07-25T11:35:15.279+0000] {processor.py:186} INFO - Started process (PID=288) to work on /opt/airflow/dags/youtube_medallion_pipeline.py
[2026-07-25T11:35:15.283+0000] {processor.py:914} INFO - Processing file /opt/airflow/dags/youtube_medallion_pipeline.py for tasks to queue
[2026-07-25T11:35:15.300+0000] {logging_mixin.py:190} INFO - [2026-07-25T11:35:15.299+0000] {dagbag.py:588} INFO - Filling up the DagBag from /opt/airflow/dags/youtube_medallion_pipeline.py
[2026-07-25T11:35:15.351+0000] {processor.py:925} INFO - DAG(s) 'youtube_medallion_pipeline' retrieved from /opt/airflow/dags/youtube_medallion_pipeline.py
[2026-07-25T11:35:15.452+0000] {logging_mixin.py:190} INFO - [2026-07-25T11:35:15.452+0000] {dag.py:3239} INFO - Sync 1 DAGs
[2026-07-25T11:35:15.523+0000] {logging_mixin.py:190} INFO - [2026-07-25T11:35:15.523+0000] {dag.py:4180} INFO - Setting next_dagrun for youtube_medallion_pipeline to None, run_after=None
[2026-07-25T11:35:15.580+0000] {processor.py:208} INFO - Processing /opt/airflow/dags/youtube_medallion_pipeline.py took 0.330 seconds
[2026-07-25T11:35:45.749+0000] {processor.py:186} INFO - Started process (PID=299) to work on /opt/airflow/dags/youtube_medallion_pipeline.py
[2026-07-25T11:35:45.751+0000] {processor.py:914} INFO - Processing file /opt/airflow/dags/youtube_medallion_pipeline.py for tasks to queue
[2026-07-25T11:35:45.758+0000] {logging_mixin.py:190} INFO - [2026-07-25T11:35:45.758+0000] {dagbag.py:588} INFO - Filling up the DagBag from /opt/airflow/dags/youtube_medallion_pipeline.py
[2026-07-25T11:35:45.796+0000] {processor.py:925} INFO - DAG(s) 'youtube_medallion_pipeline' retrieved from /opt/airflow/dags/youtube_medallion_pipeline.py
[2026-07-25T11:35:45.863+0000] {logging_mixin.py:190} INFO - [2026-07-25T11:35:45.863+0000] {dag.py:3239} INFO - Sync 1 DAGs
[2026-07-25T11:35:45.922+0000] {logging_mixin.py:190} INFO - [2026-07-25T11:35:45.921+0000] {dag.py:4180} INFO - Setting next_dagrun for youtube_medallion_pipeline to None, run_after=None
[2026-07-25T11:35:45.996+0000] {processor.py:208} INFO - Processing /opt/airflow/dags/youtube_medallion_pipeline.py took 0.259 seconds
[2026-07-25T11:36:16.393+0000] {processor.py:186} INFO - Started process (PID=304) to work on /opt/airflow/dags/youtube_medallion_pipeline.py
[2026-07-25T11:36:16.396+0000] {processor.py:914} INFO - Processing file /opt/airflow/dags/youtube_medallion_pipeline.py for tasks to queue
[2026-07-25T11:36:16.404+0000] {logging_mixin.py:190} INFO - [2026-07-25T11:36:16.403+0000] {dagbag.py:588} INFO - Filling up the DagBag from /opt/airflow/dags/youtube_medallion_pipeline.py
[2026-07-25T11:36:16.458+0000] {processor.py:925} INFO - DAG(s) 'youtube_medallion_pipeline' retrieved from /opt/airflow/dags/youtube_medallion_pipeline.py
[2026-07-25T11:36:16.533+0000] {logging_mixin.py:190} INFO - [2026-07-25T11:36:16.533+0000] {dag.py:3239} INFO - Sync 1 DAGs
[2026-07-25T11:36:16.571+0000] {logging_mixin.py:190} INFO - [2026-07-25T11:36:16.571+0000] {dag.py:4180} INFO - Setting next_dagrun for youtube_medallion_pipeline to None, run_after=None
[2026-07-25T11:36:16.621+0000] {processor.py:208} INFO - Processing /opt/airflow/dags/youtube_medallion_pipeline.py took 0.243 seconds
[2026-07-25T11:36:46.922+0000] {processor.py:186} INFO - Started process (PID=309) to work on /opt/airflow/dags/youtube_medallion_pipeline.py
[2026-07-25T11:36:46.927+0000] {processor.py:914} INFO - Processing file /opt/airflow/dags/youtube_medallion_pipeline.py for tasks to queue
[2026-07-25T11:36:46.940+0000] {logging_mixin.py:190} INFO - [2026-07-25T11:36:46.938+0000] {dagbag.py:588} INFO - Filling up the DagBag from /opt/airflow/dags/youtube_medallion_pipeline.py
[2026-07-25T11:36:47.039+0000] {processor.py:925} INFO - DAG(s) 'youtube_medallion_pipeline' retrieved from /opt/airflow/dags/youtube_medallion_pipeline.py
[2026-07-25T11:36:47.310+0000] {logging_mixin.py:190} INFO - [2026-07-25T11:36:47.308+0000] {dag.py:3239} INFO - Sync 1 DAGs
[2026-07-25T11:36:47.372+0000] {logging_mixin.py:190} INFO - [2026-07-25T11:36:47.371+0000] {dag.py:4180} INFO - Setting next_dagrun for youtube_medallion_pipeline to None, run_after=None
[2026-07-25T11:36:47.467+0000] {processor.py:208} INFO - Processing /opt/airflow/dags/youtube_medallion_pipeline.py took 0.567 seconds
[2026-07-25T11:37:17.946+0000] {processor.py:186} INFO - Started process (PID=314) to work on /opt/airflow/dags/youtube_medallion_pipeline.py
[2026-07-25T11:37:17.949+0000] {processor.py:914} INFO - Processing file /opt/airflow/dags/youtube_medallion_pipeline.py for tasks to queue
[2026-07-25T11:37:17.955+0000] {logging_mixin.py:190} INFO - [2026-07-25T11:37:17.954+0000] {dagbag.py:588} INFO - Filling up the DagBag from /opt/airflow/dags/youtube_medallion_pipeline.py
[2026-07-25T11:37:17.987+0000] {processor.py:925} INFO - DAG(s) 'youtube_medallion_pipeline' retrieved from /opt/airflow/dags/youtube_medallion_pipeline.py
[2026-07-25T11:37:18.073+0000] {logging_mixin.py:190} INFO - [2026-07-25T11:37:18.072+0000] {dag.py:3239} INFO - Sync 1 DAGs
[2026-07-25T11:37:18.136+0000] {logging_mixin.py:190} INFO - [2026-07-25T11:37:18.136+0000] {dag.py:4180} INFO - Setting next_dagrun for youtube_medallion_pipeline to None, run_after=None
[2026-07-25T11:37:18.213+0000] {processor.py:208} INFO - Processing /opt/airflow/dags/youtube_medallion_pipeline.py took 0.276 seconds
[2026-07-25T11:37:48.705+0000] {processor.py:186} INFO - Started process (PID=319) to work on /opt/airflow/dags/youtube_medallion_pipeline.py
[2026-07-25T11:37:48.715+0000] {processor.py:914} INFO - Processing file /opt/airflow/dags/youtube_medallion_pipeline.py for tasks to queue
[2026-07-25T11:37:48.740+0000] {logging_mixin.py:190} INFO - [2026-07-25T11:37:48.740+0000] {dagbag.py:588} INFO - Filling up the DagBag from /opt/airflow/dags/youtube_medallion_pipeline.py
[2026-07-25T11:37:48.772+0000] {processor.py:925} INFO - DAG(s) 'youtube_medallion_pipeline' retrieved from /opt/airflow/dags/youtube_medallion_pipeline.py
[2026-07-25T11:37:48.990+0000] {logging_mixin.py:190} INFO - [2026-07-25T11:37:48.990+0000] {dag.py:3239} INFO - Sync 1 DAGs
[2026-07-25T11:37:49.117+0000] {logging_mixin.py:190} INFO - [2026-07-25T11:37:49.116+0000] {dag.py:4180} INFO - Setting next_dagrun for youtube_medallion_pipeline to None, run_after=None
[2026-07-25T11:37:49.201+0000] {processor.py:208} INFO - Processing /opt/airflow/dags/youtube_medallion_pipeline.py took 0.571 seconds
[2026-07-25T11:38:19.630+0000] {processor.py:186} INFO - Started process (PID=324) to work on /opt/airflow/dags/youtube_medallion_pipeline.py
[2026-07-25T11:38:19.634+0000] {processor.py:914} INFO - Processing file /opt/airflow/dags/youtube_medallion_pipeline.py for tasks to queue
[2026-07-25T11:38:19.643+0000] {logging_mixin.py:190} INFO - [2026-07-25T11:38:19.642+0000] {dagbag.py:588} INFO - Filling up the DagBag from /opt/airflow/dags/youtube_medallion_pipeline.py
[2026-07-25T11:38:19.713+0000] {processor.py:925} INFO - DAG(s) 'youtube_medallion_pipeline' retrieved from /opt/airflow/dags/youtube_medallion_pipeline.py
[2026-07-25T11:38:19.835+0000] {logging_mixin.py:190} INFO - [2026-07-25T11:38:19.834+0000] {dag.py:3239} INFO - Sync 1 DAGs
[2026-07-25T11:38:19.914+0000] {logging_mixin.py:190} INFO - [2026-07-25T11:38:19.913+0000] {dag.py:4180} INFO - Setting next_dagrun for youtube_medallion_pipeline to None, run_after=None
[2026-07-25T11:38:20.014+0000] {processor.py:208} INFO - Processing /opt/airflow/dags/youtube_medallion_pipeline.py took 0.398 seconds
[2026-07-25T11:38:50.171+0000] {processor.py:186} INFO - Started process (PID=329) to work on /opt/airflow/dags/youtube_medallion_pipeline.py
[2026-07-25T11:38:50.175+0000] {processor.py:914} INFO - Processing file /opt/airflow/dags/youtube_medallion_pipeline.py for tasks to queue
[2026-07-25T11:38:50.180+0000] {logging_mixin.py:190} INFO - [2026-07-25T11:38:50.180+0000] {dagbag.py:588} INFO - Filling up the DagBag from /opt/airflow/dags/youtube_medallion_pipeline.py
[2026-07-25T11:38:50.216+0000] {processor.py:925} INFO - DAG(s) 'youtube_medallion_pipeline' retrieved from /opt/airflow/dags/youtube_medallion_pipeline.py
[2026-07-25T11:38:50.286+0000] {logging_mixin.py:190} INFO - [2026-07-25T11:38:50.285+0000] {dag.py:3239} INFO - Sync 1 DAGs
[2026-07-25T11:38:50.321+0000] {logging_mixin.py:190} INFO - [2026-07-25T11:38:50.320+0000] {dag.py:4180} INFO - Setting next_dagrun for youtube_medallion_pipeline to None, run_after=None
[2026-07-25T11:38:50.371+0000] {processor.py:208} INFO - Processing /opt/airflow/dags/youtube_medallion_pipeline.py took 0.213 seconds
[2026-07-25T11:39:21.061+0000] {processor.py:186} INFO - Started process (PID=334) to work on /opt/airflow/dags/youtube_medallion_pipeline.py
[2026-07-25T11:39:21.064+0000] {processor.py:914} INFO - Processing file /opt/airflow/dags/youtube_medallion_pipeline.py for tasks to queue
[2026-07-25T11:39:21.071+0000] {logging_mixin.py:190} INFO - [2026-07-25T11:39:21.070+0000] {dagbag.py:588} INFO - Filling up the DagBag from /opt/airflow/dags/youtube_medallion_pipeline.py
[2026-07-25T11:39:21.129+0000] {processor.py:925} INFO - DAG(s) 'youtube_medallion_pipeline' retrieved from /opt/airflow/dags/youtube_medallion_pipeline.py
[2026-07-25T11:39:21.332+0000] {logging_mixin.py:190} INFO - [2026-07-25T11:39:21.331+0000] {dag.py:3239} INFO - Sync 1 DAGs
[2026-07-25T11:39:21.379+0000] {logging_mixin.py:190} INFO - [2026-07-25T11:39:21.379+0000] {dag.py:4180} INFO - Setting next_dagrun for youtube_medallion_pipeline to None, run_after=None
[2026-07-25T11:39:21.444+0000] {processor.py:208} INFO - Processing /opt/airflow/dags/youtube_medallion_pipeline.py took 0.391 seconds
[2026-07-25T11:39:51.893+0000] {processor.py:186} INFO - Started process (PID=339) to work on /opt/airflow/dags/youtube_medallion_pipeline.py
[2026-07-25T11:39:51.896+0000] {processor.py:914} INFO - Processing file /opt/airflow/dags/youtube_medallion_pipeline.py for tasks to queue
[2026-07-25T11:39:51.905+0000] {logging_mixin.py:190} INFO - [2026-07-25T11:39:51.903+0000] {dagbag.py:588} INFO - Filling up the DagBag from /opt/airflow/dags/youtube_medallion_pipeline.py
[2026-07-25T11:39:51.976+0000] {processor.py:925} INFO - DAG(s) 'youtube_medallion_pipeline' retrieved from /opt/airflow/dags/youtube_medallion_pipeline.py
[2026-07-25T11:39:52.091+0000] {logging_mixin.py:190} INFO - [2026-07-25T11:39:52.091+0000] {dag.py:3239} INFO - Sync 1 DAGs
[2026-07-25T11:39:52.156+0000] {logging_mixin.py:190} INFO - [2026-07-25T11:39:52.155+0000] {dag.py:4180} INFO - Setting next_dagrun for youtube_medallion_pipeline to None, run_after=None
[2026-07-25T11:39:52.233+0000] {processor.py:208} INFO - Processing /opt/airflow/dags/youtube_medallion_pipeline.py took 0.371 seconds
[2026-07-25T11:40:22.392+0000] {processor.py:186} INFO - Started process (PID=344) to work on /opt/airflow/dags/youtube_medallion_pipeline.py
[2026-07-25T11:40:22.402+0000] {processor.py:914} INFO - Processing file /opt/airflow/dags/youtube_medallion_pipeline.py for tasks to queue
[2026-07-25T11:40:22.426+0000] {logging_mixin.py:190} INFO - [2026-07-25T11:40:22.423+0000] {dagbag.py:588} INFO - Filling up the DagBag from /opt/airflow/dags/youtube_medallion_pipeline.py
[2026-07-25T11:40:22.512+0000] {processor.py:925} INFO - DAG(s) 'youtube_medallion_pipeline' retrieved from /opt/airflow/dags/youtube_medallion_pipeline.py
[2026-07-25T11:40:22.654+0000] {logging_mixin.py:190} INFO - [2026-07-25T11:40:22.653+0000] {dag.py:3239} INFO - Sync 1 DAGs
[2026-07-25T11:40:22.720+0000] {logging_mixin.py:190} INFO - [2026-07-25T11:40:22.719+0000] {dag.py:4180} INFO - Setting next_dagrun for youtube_medallion_pipeline to None, run_after=None
[2026-07-25T11:40:22.821+0000] {processor.py:208} INFO - Processing /opt/airflow/dags/youtube_medallion_pipeline.py took 0.453 seconds
[2026-07-25T11:40:53.160+0000] {processor.py:186} INFO - Started process (PID=349) to work on /opt/airflow/dags/youtube_medallion_pipeline.py
[2026-07-25T11:40:53.163+0000] {processor.py:914} INFO - Processing file /opt/airflow/dags/youtube_medallion_pipeline.py for tasks to queue
[2026-07-25T11:40:53.168+0000] {logging_mixin.py:190} INFO - [2026-07-25T11:40:53.167+0000] {dagbag.py:588} INFO - Filling up the DagBag from /opt/airflow/dags/youtube_medallion_pipeline.py
[2026-07-25T11:40:53.200+0000] {processor.py:925} INFO - DAG(s) 'youtube_medallion_pipeline' retrieved from /opt/airflow/dags/youtube_medallion_pipeline.py
[2026-07-25T11:40:53.283+0000] {logging_mixin.py:190} INFO - [2026-07-25T11:40:53.282+0000] {dag.py:3239} INFO - Sync 1 DAGs
[2026-07-25T11:40:53.359+0000] {logging_mixin.py:190} INFO - [2026-07-25T11:40:53.358+0000] {dag.py:4180} INFO - Setting next_dagrun for youtube_medallion_pipeline to None, run_after=None
[2026-07-25T11:40:53.397+0000] {processor.py:208} INFO - Processing /opt/airflow/dags/youtube_medallion_pipeline.py took 0.254 seconds
[2026-07-25T11:41:23.544+0000] {processor.py:186} INFO - Started process (PID=354) to work on /opt/airflow/dags/youtube_medallion_pipeline.py
[2026-07-25T11:41:23.547+0000] {processor.py:914} INFO - Processing file /opt/airflow/dags/youtube_medallion_pipeline.py for tasks to queue
[2026-07-25T11:41:23.554+0000] {logging_mixin.py:190} INFO - [2026-07-25T11:41:23.552+0000] {dagbag.py:588} INFO - Filling up the DagBag from /opt/airflow/dags/youtube_medallion_pipeline.py
[2026-07-25T11:41:23.590+0000] {processor.py:925} INFO - DAG(s) 'youtube_medallion_pipeline' retrieved from /opt/airflow/dags/youtube_medallion_pipeline.py
[2026-07-25T11:41:23.705+0000] {logging_mixin.py:190} INFO - [2026-07-25T11:41:23.704+0000] {dag.py:3239} INFO - Sync 1 DAGs
[2026-07-25T11:41:23.793+0000] {logging_mixin.py:190} INFO - [2026-07-25T11:41:23.793+0000] {dag.py:4180} INFO - Setting next_dagrun for youtube_medallion_pipeline to None, run_after=None
[2026-07-25T11:41:23.877+0000] {processor.py:208} INFO - Processing /opt/airflow/dags/youtube_medallion_pipeline.py took 0.344 seconds
[2026-07-25T11:41:54.217+0000] {processor.py:186} INFO - Started process (PID=359) to work on /opt/airflow/dags/youtube_medallion_pipeline.py
[2026-07-25T11:41:54.220+0000] {processor.py:914} INFO - Processing file /opt/airflow/dags/youtube_medallion_pipeline.py for tasks to queue
[2026-07-25T11:41:54.227+0000] {logging_mixin.py:190} INFO - [2026-07-25T11:41:54.226+0000] {dagbag.py:588} INFO - Filling up the DagBag from /opt/airflow/dags/youtube_medallion_pipeline.py
[2026-07-25T11:41:54.265+0000] {processor.py:925} INFO - DAG(s) 'youtube_medallion_pipeline' retrieved from /opt/airflow/dags/youtube_medallion_pipeline.py
[2026-07-25T11:41:54.379+0000] {logging_mixin.py:190} INFO - [2026-07-25T11:41:54.378+0000] {dag.py:3239} INFO - Sync 1 DAGs
[2026-07-25T11:41:54.539+0000] {logging_mixin.py:190} INFO - [2026-07-25T11:41:54.538+0000] {dag.py:4180} INFO - Setting next_dagrun for youtube_medallion_pipeline to None, run_after=None
[2026-07-25T11:41:54.617+0000] {processor.py:208} INFO - Processing /opt/airflow/dags/youtube_medallion_pipeline.py took 0.413 seconds
[2026-07-25T11:42:25.068+0000] {processor.py:186} INFO - Started process (PID=364) to work on /opt/airflow/dags/youtube_medallion_pipeline.py
[2026-07-25T11:42:25.071+0000] {processor.py:914} INFO - Processing file /opt/airflow/dags/youtube_medallion_pipeline.py for tasks to queue
[2026-07-25T11:42:25.080+0000] {logging_mixin.py:190} INFO - [2026-07-25T11:42:25.079+0000] {dagbag.py:588} INFO - Filling up the DagBag from /opt/airflow/dags/youtube_medallion_pipeline.py
[2026-07-25T11:42:25.131+0000] {processor.py:925} INFO - DAG(s) 'youtube_medallion_pipeline' retrieved from /opt/airflow/dags/youtube_medallion_pipeline.py
[2026-07-25T11:42:25.264+0000] {logging_mixin.py:190} INFO - [2026-07-25T11:42:25.263+0000] {dag.py:3239} INFO - Sync 1 DAGs
[2026-07-25T11:42:25.342+0000] {logging_mixin.py:190} INFO - [2026-07-25T11:42:25.341+0000] {dag.py:4180} INFO - Setting next_dagrun for youtube_medallion_pipeline to None, run_after=None
[2026-07-25T11:42:25.380+0000] {processor.py:208} INFO - Processing /opt/airflow/dags/youtube_medallion_pipeline.py took 0.323 seconds
[2026-07-25T11:42:55.793+0000] {processor.py:186} INFO - Started process (PID=369) to work on /opt/airflow/dags/youtube_medallion_pipeline.py
[2026-07-25T11:42:55.796+0000] {processor.py:914} INFO - Processing file /opt/airflow/dags/youtube_medallion_pipeline.py for tasks to queue
[2026-07-25T11:42:55.803+0000] {logging_mixin.py:190} INFO - [2026-07-25T11:42:55.803+0000] {dagbag.py:588} INFO - Filling up the DagBag from /opt/airflow/dags/youtube_medallion_pipeline.py
[2026-07-25T11:42:55.841+0000] {processor.py:925} INFO - DAG(s) 'youtube_medallion_pipeline' retrieved from /opt/airflow/dags/youtube_medallion_pipeline.py
[2026-07-25T11:42:55.902+0000] {logging_mixin.py:190} INFO - [2026-07-25T11:42:55.902+0000] {dag.py:3239} INFO - Sync 1 DAGs
[2026-07-25T11:42:55.932+0000] {logging_mixin.py:190} INFO - [2026-07-25T11:42:55.932+0000] {dag.py:4180} INFO - Setting next_dagrun for youtube_medallion_pipeline to None, run_after=None
[2026-07-25T11:42:55.973+0000] {processor.py:208} INFO - Processing /opt/airflow/dags/youtube_medallion_pipeline.py took 0.194 seconds
[2026-07-25T11:43:26.118+0000] {processor.py:186} INFO - Started process (PID=374) to work on /opt/airflow/dags/youtube_medallion_pipeline.py
[2026-07-25T11:43:26.121+0000] {processor.py:914} INFO - Processing file /opt/airflow/dags/youtube_medallion_pipeline.py for tasks to queue
[2026-07-25T11:43:26.129+0000] {logging_mixin.py:190} INFO - [2026-07-25T11:43:26.128+0000] {dagbag.py:588} INFO - Filling up the DagBag from /opt/airflow/dags/youtube_medallion_pipeline.py
[2026-07-25T11:43:26.166+0000] {processor.py:925} INFO - DAG(s) 'youtube_medallion_pipeline' retrieved from /opt/airflow/dags/youtube_medallion_pipeline.py
[2026-07-25T11:43:26.229+0000] {logging_mixin.py:190} INFO - [2026-07-25T11:43:26.229+0000] {dag.py:3239} INFO - Sync 1 DAGs
[2026-07-25T11:43:26.259+0000] {logging_mixin.py:190} INFO - [2026-07-25T11:43:26.259+0000] {dag.py:4180} INFO - Setting next_dagrun for youtube_medallion_pipeline to None, run_after=None
[2026-07-25T11:43:26.301+0000] {processor.py:208} INFO - Processing /opt/airflow/dags/youtube_medallion_pipeline.py took 0.195 seconds
[2026-07-25T11:43:56.725+0000] {processor.py:186} INFO - Started process (PID=379) to work on /opt/airflow/dags/youtube_medallion_pipeline.py
[2026-07-25T11:43:56.729+0000] {processor.py:914} INFO - Processing file /opt/airflow/dags/youtube_medallion_pipeline.py for tasks to queue
[2026-07-25T11:43:56.735+0000] {logging_mixin.py:190} INFO - [2026-07-25T11:43:56.734+0000] {dagbag.py:588} INFO - Filling up the DagBag from /opt/airflow/dags/youtube_medallion_pipeline.py
[2026-07-25T11:43:56.771+0000] {processor.py:925} INFO - DAG(s) 'youtube_medallion_pipeline' retrieved from /opt/airflow/dags/youtube_medallion_pipeline.py
[2026-07-25T11:43:56.826+0000] {logging_mixin.py:190} INFO - [2026-07-25T11:43:56.825+0000] {dag.py:3239} INFO - Sync 1 DAGs
[2026-07-25T11:43:56.855+0000] {logging_mixin.py:190} INFO - [2026-07-25T11:43:56.854+0000] {dag.py:4180} INFO - Setting next_dagrun for youtube_medallion_pipeline to None, run_after=None
[2026-07-25T11:43:56.895+0000] {processor.py:208} INFO - Processing /opt/airflow/dags/youtube_medallion_pipeline.py took 0.180 seconds
[2026-07-25T11:44:27.096+0000] {processor.py:186} INFO - Started process (PID=384) to work on /opt/airflow/dags/youtube_medallion_pipeline.py
[2026-07-25T11:44:27.099+0000] {processor.py:914} INFO - Processing file /opt/airflow/dags/youtube_medallion_pipeline.py for tasks to queue
[2026-07-25T11:44:27.106+0000] {logging_mixin.py:190} INFO - [2026-07-25T11:44:27.105+0000] {dagbag.py:588} INFO - Filling up the DagBag from /opt/airflow/dags/youtube_medallion_pipeline.py
[2026-07-25T11:44:27.146+0000] {processor.py:925} INFO - DAG(s) 'youtube_medallion_pipeline' retrieved from /opt/airflow/dags/youtube_medallion_pipeline.py
[2026-07-25T11:44:27.287+0000] {logging_mixin.py:190} INFO - [2026-07-25T11:44:27.286+0000] {dag.py:3239} INFO - Sync 1 DAGs
[2026-07-25T11:44:27.332+0000] {logging_mixin.py:190} INFO - [2026-07-25T11:44:27.331+0000] {dag.py:4180} INFO - Setting next_dagrun for youtube_medallion_pipeline to None, run_after=None
[2026-07-25T11:44:27.395+0000] {processor.py:208} INFO - Processing /opt/airflow/dags/youtube_medallion_pipeline.py took 0.312 seconds
[2026-07-25T11:44:57.741+0000] {processor.py:186} INFO - Started process (PID=389) to work on /opt/airflow/dags/youtube_medallion_pipeline.py
[2026-07-25T11:44:57.743+0000] {processor.py:914} INFO - Processing file /opt/airflow/dags/youtube_medallion_pipeline.py for tasks to queue
[2026-07-25T11:44:57.749+0000] {logging_mixin.py:190} INFO - [2026-07-25T11:44:57.748+0000] {dagbag.py:588} INFO - Filling up the DagBag from /opt/airflow/dags/youtube_medallion_pipeline.py
[2026-07-25T11:44:57.792+0000] {processor.py:925} INFO - DAG(s) 'youtube_medallion_pipeline' retrieved from /opt/airflow/dags/youtube_medallion_pipeline.py
[2026-07-25T11:44:57.854+0000] {logging_mixin.py:190} INFO - [2026-07-25T11:44:57.853+0000] {dag.py:3239} INFO - Sync 1 DAGs
[2026-07-25T11:44:57.886+0000] {logging_mixin.py:190} INFO - [2026-07-25T11:44:57.885+0000] {dag.py:4180} INFO - Setting next_dagrun for youtube_medallion_pipeline to None, run_after=None
[2026-07-25T11:44:57.931+0000] {processor.py:208} INFO - Processing /opt/airflow/dags/youtube_medallion_pipeline.py took 0.204 seconds
[2026-07-25T11:45:28.155+0000] {processor.py:186} INFO - Started process (PID=394) to work on /opt/airflow/dags/youtube_medallion_pipeline.py
[2026-07-25T11:45:28.158+0000] {processor.py:914} INFO - Processing file /opt/airflow/dags/youtube_medallion_pipeline.py for tasks to queue
[2026-07-25T11:45:28.164+0000] {logging_mixin.py:190} INFO - [2026-07-25T11:45:28.163+0000] {dagbag.py:588} INFO - Filling up the DagBag from /opt/airflow/dags/youtube_medallion_pipeline.py
[2026-07-25T11:45:28.200+0000] {processor.py:925} INFO - DAG(s) 'youtube_medallion_pipeline' retrieved from /opt/airflow/dags/youtube_medallion_pipeline.py
[2026-07-25T11:45:28.267+0000] {logging_mixin.py:190} INFO - [2026-07-25T11:45:28.267+0000] {dag.py:3239} INFO - Sync 1 DAGs
[2026-07-25T11:45:28.312+0000] {logging_mixin.py:190} INFO - [2026-07-25T11:45:28.311+0000] {dag.py:4180} INFO - Setting next_dagrun for youtube_medallion_pipeline to None, run_after=None
[2026-07-25T11:45:28.353+0000] {processor.py:208} INFO - Processing /opt/airflow/dags/youtube_medallion_pipeline.py took 0.211 seconds
[2026-07-25T11:45:58.716+0000] {processor.py:186} INFO - Started process (PID=399) to work on /opt/airflow/dags/youtube_medallion_pipeline.py
[2026-07-25T11:45:58.718+0000] {processor.py:914} INFO - Processing file /opt/airflow/dags/youtube_medallion_pipeline.py for tasks to queue
[2026-07-25T11:45:58.723+0000] {logging_mixin.py:190} INFO - [2026-07-25T11:45:58.722+0000] {dagbag.py:588} INFO - Filling up the DagBag from /opt/airflow/dags/youtube_medallion_pipeline.py
[2026-07-25T11:45:58.749+0000] {processor.py:925} INFO - DAG(s) 'youtube_medallion_pipeline' retrieved from /opt/airflow/dags/youtube_medallion_pipeline.py
[2026-07-25T11:45:58.797+0000] {logging_mixin.py:190} INFO - [2026-07-25T11:45:58.796+0000] {dag.py:3239} INFO - Sync 1 DAGs
[2026-07-25T11:45:58.820+0000] {logging_mixin.py:190} INFO - [2026-07-25T11:45:58.819+0000] {dag.py:4180} INFO - Setting next_dagrun for youtube_medallion_pipeline to None, run_after=None
[2026-07-25T11:45:58.852+0000] {processor.py:208} INFO - Processing /opt/airflow/dags/youtube_medallion_pipeline.py took 0.146 seconds
[2026-07-25T11:46:29.087+0000] {processor.py:186} INFO - Started process (PID=404) to work on /opt/airflow/dags/youtube_medallion_pipeline.py
[2026-07-25T11:46:29.090+0000] {processor.py:914} INFO - Processing file /opt/airflow/dags/youtube_medallion_pipeline.py for tasks to queue
[2026-07-25T11:46:29.095+0000] {logging_mixin.py:190} INFO - [2026-07-25T11:46:29.094+0000] {dagbag.py:588} INFO - Filling up the DagBag from /opt/airflow/dags/youtube_medallion_pipeline.py
[2026-07-25T11:46:29.136+0000] {processor.py:925} INFO - DAG(s) 'youtube_medallion_pipeline' retrieved from /opt/airflow/dags/youtube_medallion_pipeline.py
[2026-07-25T11:46:29.208+0000] {logging_mixin.py:190} INFO - [2026-07-25T11:46:29.207+0000] {dag.py:3239} INFO - Sync 1 DAGs
[2026-07-25T11:46:29.263+0000] {logging_mixin.py:190} INFO - [2026-07-25T11:46:29.262+0000] {dag.py:4180} INFO - Setting next_dagrun for youtube_medallion_pipeline to None, run_after=None
[2026-07-25T11:46:29.327+0000] {processor.py:208} INFO - Processing /opt/airflow/dags/youtube_medallion_pipeline.py took 0.251 seconds
[2026-07-25T11:46:59.578+0000] {processor.py:186} INFO - Started process (PID=409) to work on /opt/airflow/dags/youtube_medallion_pipeline.py
[2026-07-25T11:46:59.581+0000] {processor.py:914} INFO - Processing file /opt/airflow/dags/youtube_medallion_pipeline.py for tasks to queue
[2026-07-25T11:46:59.587+0000] {logging_mixin.py:190} INFO - [2026-07-25T11:46:59.587+0000] {dagbag.py:588} INFO - Filling up the DagBag from /opt/airflow/dags/youtube_medallion_pipeline.py
[2026-07-25T11:46:59.616+0000] {processor.py:925} INFO - DAG(s) 'youtube_medallion_pipeline' retrieved from /opt/airflow/dags/youtube_medallion_pipeline.py
[2026-07-25T11:46:59.672+0000] {logging_mixin.py:190} INFO - [2026-07-25T11:46:59.671+0000] {dag.py:3239} INFO - Sync 1 DAGs
[2026-07-25T11:46:59.698+0000] {logging_mixin.py:190} INFO - [2026-07-25T11:46:59.698+0000] {dag.py:4180} INFO - Setting next_dagrun for youtube_medallion_pipeline to None, run_after=None
[2026-07-25T11:46:59.738+0000] {processor.py:208} INFO - Processing /opt/airflow/dags/youtube_medallion_pipeline.py took 0.169 seconds
[2026-07-25T11:47:30.067+0000] {processor.py:186} INFO - Started process (PID=414) to work on /opt/airflow/dags/youtube_medallion_pipeline.py
[2026-07-25T11:47:30.071+0000] {processor.py:914} INFO - Processing file /opt/airflow/dags/youtube_medallion_pipeline.py for tasks to queue
[2026-07-25T11:47:30.077+0000] {logging_mixin.py:190} INFO - [2026-07-25T11:47:30.076+0000] {dagbag.py:588} INFO - Filling up the DagBag from /opt/airflow/dags/youtube_medallion_pipeline.py
[2026-07-25T11:47:30.114+0000] {processor.py:925} INFO - DAG(s) 'youtube_medallion_pipeline' retrieved from /opt/airflow/dags/youtube_medallion_pipeline.py
[2026-07-25T11:47:30.180+0000] {logging_mixin.py:190} INFO - [2026-07-25T11:47:30.180+0000] {dag.py:3239} INFO - Sync 1 DAGs
[2026-07-25T11:47:30.214+0000] {logging_mixin.py:190} INFO - [2026-07-25T11:47:30.214+0000] {dag.py:4180} INFO - Setting next_dagrun for youtube_medallion_pipeline to None, run_after=None
[2026-07-25T11:47:30.264+0000] {processor.py:208} INFO - Processing /opt/airflow/dags/youtube_medallion_pipeline.py took 0.205 seconds
[2026-07-25T11:48:00.462+0000] {processor.py:186} INFO - Started process (PID=419) to work on /opt/airflow/dags/youtube_medallion_pipeline.py
[2026-07-25T11:48:00.465+0000] {processor.py:914} INFO - Processing file /opt/airflow/dags/youtube_medallion_pipeline.py for tasks to queue
[2026-07-25T11:48:00.473+0000] {logging_mixin.py:190} INFO - [2026-07-25T11:48:00.472+0000] {dagbag.py:588} INFO - Filling up the DagBag from /opt/airflow/dags/youtube_medallion_pipeline.py
[2026-07-25T11:48:00.512+0000] {processor.py:925} INFO - DAG(s) 'youtube_medallion_pipeline' retrieved from /opt/airflow/dags/youtube_medallion_pipeline.py
[2026-07-25T11:48:00.578+0000] {logging_mixin.py:190} INFO - [2026-07-25T11:48:00.577+0000] {dag.py:3239} INFO - Sync 1 DAGs
[2026-07-25T11:48:00.611+0000] {logging_mixin.py:190} INFO - [2026-07-25T11:48:00.610+0000] {dag.py:4180} INFO - Setting next_dagrun for youtube_medallion_pipeline to None, run_after=None
[2026-07-25T11:48:00.653+0000] {processor.py:208} INFO - Processing /opt/airflow/dags/youtube_medallion_pipeline.py took 0.204 seconds
[2026-07-25T11:48:31.052+0000] {processor.py:186} INFO - Started process (PID=424) to work on /opt/airflow/dags/youtube_medallion_pipeline.py
[2026-07-25T11:48:31.055+0000] {processor.py:914} INFO - Processing file /opt/airflow/dags/youtube_medallion_pipeline.py for tasks to queue
[2026-07-25T11:48:31.060+0000] {logging_mixin.py:190} INFO - [2026-07-25T11:48:31.059+0000] {dagbag.py:588} INFO - Filling up the DagBag from /opt/airflow/dags/youtube_medallion_pipeline.py
[2026-07-25T11:48:31.094+0000] {processor.py:925} INFO - DAG(s) 'youtube_medallion_pipeline' retrieved from /opt/airflow/dags/youtube_medallion_pipeline.py
[2026-07-25T11:48:31.151+0000] {logging_mixin.py:190} INFO - [2026-07-25T11:48:31.150+0000] {dag.py:3239} INFO - Sync 1 DAGs
[2026-07-25T11:48:31.184+0000] {logging_mixin.py:190} INFO - [2026-07-25T11:48:31.183+0000] {dag.py:4180} INFO - Setting next_dagrun for youtube_medallion_pipeline to None, run_after=None
[2026-07-25T11:48:31.232+0000] {processor.py:208} INFO - Processing /opt/airflow/dags/youtube_medallion_pipeline.py took 0.189 seconds
[2026-07-25T11:49:01.435+0000] {processor.py:186} INFO - Started process (PID=429) to work on /opt/airflow/dags/youtube_medallion_pipeline.py
[2026-07-25T11:49:01.438+0000] {processor.py:914} INFO - Processing file /opt/airflow/dags/youtube_medallion_pipeline.py for tasks to queue
[2026-07-25T11:49:01.443+0000] {logging_mixin.py:190} INFO - [2026-07-25T11:49:01.442+0000] {dagbag.py:588} INFO - Filling up the DagBag from /opt/airflow/dags/youtube_medallion_pipeline.py
[2026-07-25T11:49:01.476+0000] {processor.py:925} INFO - DAG(s) 'youtube_medallion_pipeline' retrieved from /opt/airflow/dags/youtube_medallion_pipeline.py
[2026-07-25T11:49:01.553+0000] {logging_mixin.py:190} INFO - [2026-07-25T11:49:01.552+0000] {dag.py:3239} INFO - Sync 1 DAGs
[2026-07-25T11:49:01.608+0000] {logging_mixin.py:190} INFO - [2026-07-25T11:49:01.608+0000] {dag.py:4180} INFO - Setting next_dagrun for youtube_medallion_pipeline to None, run_after=None
[2026-07-25T11:49:01.664+0000] {processor.py:208} INFO - Processing /opt/airflow/dags/youtube_medallion_pipeline.py took 0.237 seconds
[2026-07-25T11:49:32.074+0000] {processor.py:186} INFO - Started process (PID=434) to work on /opt/airflow/dags/youtube_medallion_pipeline.py
[2026-07-25T11:49:32.077+0000] {processor.py:914} INFO - Processing file /opt/airflow/dags/youtube_medallion_pipeline.py for tasks to queue
[2026-07-25T11:49:32.084+0000] {logging_mixin.py:190} INFO - [2026-07-25T11:49:32.083+0000] {dagbag.py:588} INFO - Filling up the DagBag from /opt/airflow/dags/youtube_medallion_pipeline.py
[2026-07-25T11:49:32.120+0000] {processor.py:925} INFO - DAG(s) 'youtube_medallion_pipeline' retrieved from /opt/airflow/dags/youtube_medallion_pipeline.py
[2026-07-25T11:49:32.187+0000] {logging_mixin.py:190} INFO - [2026-07-25T11:49:32.186+0000] {dag.py:3239} INFO - Sync 1 DAGs
[2026-07-25T11:49:32.218+0000] {logging_mixin.py:190} INFO - [2026-07-25T11:49:32.218+0000] {dag.py:4180} INFO - Setting next_dagrun for youtube_medallion_pipeline to None, run_after=None
[2026-07-25T11:49:32.264+0000] {processor.py:208} INFO - Processing /opt/airflow/dags/youtube_medallion_pipeline.py took 0.200 seconds
[2026-07-25T11:50:02.395+0000] {processor.py:186} INFO - Started process (PID=439) to work on /opt/airflow/dags/youtube_medallion_pipeline.py
[2026-07-25T11:50:02.397+0000] {processor.py:914} INFO - Processing file /opt/airflow/dags/youtube_medallion_pipeline.py for tasks to queue
[2026-07-25T11:50:02.403+0000] {logging_mixin.py:190} INFO - [2026-07-25T11:50:02.402+0000] {dagbag.py:588} INFO - Filling up the DagBag from /opt/airflow/dags/youtube_medallion_pipeline.py
[2026-07-25T11:50:02.432+0000] {processor.py:925} INFO - DAG(s) 'youtube_medallion_pipeline' retrieved from /opt/airflow/dags/youtube_medallion_pipeline.py
[2026-07-25T11:50:02.477+0000] {logging_mixin.py:190} INFO - [2026-07-25T11:50:02.477+0000] {dag.py:3239} INFO - Sync 1 DAGs
[2026-07-25T11:50:02.500+0000] {logging_mixin.py:190} INFO - [2026-07-25T11:50:02.500+0000] {dag.py:4180} INFO - Setting next_dagrun for youtube_medallion_pipeline to None, run_after=None
[2026-07-25T11:50:02.532+0000] {processor.py:208} INFO - Processing /opt/airflow/dags/youtube_medallion_pipeline.py took 0.145 seconds
[2026-07-25T11:50:32.732+0000] {processor.py:186} INFO - Started process (PID=444) to work on /opt/airflow/dags/youtube_medallion_pipeline.py
[2026-07-25T11:50:32.734+0000] {processor.py:914} INFO - Processing file /opt/airflow/dags/youtube_medallion_pipeline.py for tasks to queue
[2026-07-25T11:50:32.740+0000] {logging_mixin.py:190} INFO - [2026-07-25T11:50:32.739+0000] {dagbag.py:588} INFO - Filling up the DagBag from /opt/airflow/dags/youtube_medallion_pipeline.py
[2026-07-25T11:50:32.773+0000] {processor.py:925} INFO - DAG(s) 'youtube_medallion_pipeline' retrieved from /opt/airflow/dags/youtube_medallion_pipeline.py
[2026-07-25T11:50:32.883+0000] {logging_mixin.py:190} INFO - [2026-07-25T11:50:32.882+0000] {dag.py:3239} INFO - Sync 1 DAGs
[2026-07-25T11:50:32.946+0000] {logging_mixin.py:190} INFO - [2026-07-25T11:50:32.945+0000] {dag.py:4180} INFO - Setting next_dagrun for youtube_medallion_pipeline to None, run_after=None
[2026-07-25T11:50:33.027+0000] {processor.py:208} INFO - Processing /opt/airflow/dags/youtube_medallion_pipeline.py took 0.304 seconds
[2026-07-25T11:51:03.306+0000] {processor.py:186} INFO - Started process (PID=449) to work on /opt/airflow/dags/youtube_medallion_pipeline.py
[2026-07-25T11:51:03.308+0000] {processor.py:914} INFO - Processing file /opt/airflow/dags/youtube_medallion_pipeline.py for tasks to queue
[2026-07-25T11:51:03.315+0000] {logging_mixin.py:190} INFO - [2026-07-25T11:51:03.314+0000] {dagbag.py:588} INFO - Filling up the DagBag from /opt/airflow/dags/youtube_medallion_pipeline.py
[2026-07-25T11:51:03.352+0000] {processor.py:925} INFO - DAG(s) 'youtube_medallion_pipeline' retrieved from /opt/airflow/dags/youtube_medallion_pipeline.py
[2026-07-25T11:51:03.417+0000] {logging_mixin.py:190} INFO - [2026-07-25T11:51:03.416+0000] {dag.py:3239} INFO - Sync 1 DAGs
[2026-07-25T11:51:03.444+0000] {logging_mixin.py:190} INFO - [2026-07-25T11:51:03.443+0000] {dag.py:4180} INFO - Setting next_dagrun for youtube_medallion_pipeline to None, run_after=None
[2026-07-25T11:51:03.493+0000] {processor.py:208} INFO - Processing /opt/airflow/dags/youtube_medallion_pipeline.py took 0.198 seconds
[2026-07-25T11:51:33.783+0000] {processor.py:186} INFO - Started process (PID=454) to work on /opt/airflow/dags/youtube_medallion_pipeline.py
[2026-07-25T11:51:33.786+0000] {processor.py:914} INFO - Processing file /opt/airflow/dags/youtube_medallion_pipeline.py for tasks to queue
[2026-07-25T11:51:33.793+0000] {logging_mixin.py:190} INFO - [2026-07-25T11:51:33.792+0000] {dagbag.py:588} INFO - Filling up the DagBag from /opt/airflow/dags/youtube_medallion_pipeline.py
[2026-07-25T11:51:33.834+0000] {processor.py:925} INFO - DAG(s) 'youtube_medallion_pipeline' retrieved from /opt/airflow/dags/youtube_medallion_pipeline.py
[2026-07-25T11:51:33.905+0000] {logging_mixin.py:190} INFO - [2026-07-25T11:51:33.905+0000] {dag.py:3239} INFO - Sync 1 DAGs
[2026-07-25T11:51:33.940+0000] {logging_mixin.py:190} INFO - [2026-07-25T11:51:33.939+0000] {dag.py:4180} INFO - Setting next_dagrun for youtube_medallion_pipeline to None, run_after=None
[2026-07-25T11:51:33.997+0000] {processor.py:208} INFO - Processing /opt/airflow/dags/youtube_medallion_pipeline.py took 0.223 seconds
[2026-07-25T11:52:04.274+0000] {processor.py:186} INFO - Started process (PID=459) to work on /opt/airflow/dags/youtube_medallion_pipeline.py
[2026-07-25T11:52:04.278+0000] {processor.py:914} INFO - Processing file /opt/airflow/dags/youtube_medallion_pipeline.py for tasks to queue
[2026-07-25T11:52:04.289+0000] {logging_mixin.py:190} INFO - [2026-07-25T11:52:04.287+0000] {dagbag.py:588} INFO - Filling up the DagBag from /opt/airflow/dags/youtube_medallion_pipeline.py
[2026-07-25T11:52:04.347+0000] {processor.py:925} INFO - DAG(s) 'youtube_medallion_pipeline' retrieved from /opt/airflow/dags/youtube_medallion_pipeline.py
[2026-07-25T11:52:04.421+0000] {logging_mixin.py:190} INFO - [2026-07-25T11:52:04.420+0000] {dag.py:3239} INFO - Sync 1 DAGs
[2026-07-25T11:52:04.459+0000] {logging_mixin.py:190} INFO - [2026-07-25T11:52:04.458+0000] {dag.py:4180} INFO - Setting next_dagrun for youtube_medallion_pipeline to None, run_after=None
[2026-07-25T11:52:04.516+0000] {processor.py:208} INFO - Processing /opt/airflow/dags/youtube_medallion_pipeline.py took 0.257 seconds
[2026-07-25T11:52:34.790+0000] {processor.py:186} INFO - Started process (PID=464) to work on /opt/airflow/dags/youtube_medallion_pipeline.py
[2026-07-25T11:52:34.800+0000] {processor.py:914} INFO - Processing file /opt/airflow/dags/youtube_medallion_pipeline.py for tasks to queue
[2026-07-25T11:52:34.814+0000] {logging_mixin.py:190} INFO - [2026-07-25T11:52:34.813+0000] {dagbag.py:588} INFO - Filling up the DagBag from /opt/airflow/dags/youtube_medallion_pipeline.py
[2026-07-25T11:52:34.908+0000] {processor.py:925} INFO - DAG(s) 'youtube_medallion_pipeline' retrieved from /opt/airflow/dags/youtube_medallion_pipeline.py
[2026-07-25T11:52:35.026+0000] {logging_mixin.py:190} INFO - [2026-07-25T11:52:35.026+0000] {dag.py:3239} INFO - Sync 1 DAGs
[2026-07-25T11:52:35.147+0000] {logging_mixin.py:190} INFO - [2026-07-25T11:52:35.147+0000] {dag.py:4180} INFO - Setting next_dagrun for youtube_medallion_pipeline to None, run_after=None
[2026-07-25T11:52:35.196+0000] {processor.py:208} INFO - Processing /opt/airflow/dags/youtube_medallion_pipeline.py took 0.429 seconds
[2026-07-25T11:53:05.595+0000] {processor.py:186} INFO - Started process (PID=469) to work on /opt/airflow/dags/youtube_medallion_pipeline.py
[2026-07-25T11:53:05.598+0000] {processor.py:914} INFO - Processing file /opt/airflow/dags/youtube_medallion_pipeline.py for tasks to queue
[2026-07-25T11:53:05.607+0000] {logging_mixin.py:190} INFO - [2026-07-25T11:53:05.606+0000] {dagbag.py:588} INFO - Filling up the DagBag from /opt/airflow/dags/youtube_medallion_pipeline.py
[2026-07-25T11:53:05.647+0000] {processor.py:925} INFO - DAG(s) 'youtube_medallion_pipeline' retrieved from /opt/airflow/dags/youtube_medallion_pipeline.py
[2026-07-25T11:53:05.715+0000] {logging_mixin.py:190} INFO - [2026-07-25T11:53:05.714+0000] {dag.py:3239} INFO - Sync 1 DAGs
[2026-07-25T11:53:05.748+0000] {logging_mixin.py:190} INFO - [2026-07-25T11:53:05.748+0000] {dag.py:4180} INFO - Setting next_dagrun for youtube_medallion_pipeline to None, run_after=None
[2026-07-25T11:53:05.793+0000] {processor.py:208} INFO - Processing /opt/airflow/dags/youtube_medallion_pipeline.py took 0.211 seconds
[2026-07-25T11:53:35.934+0000] {processor.py:186} INFO - Started process (PID=474) to work on /opt/airflow/dags/youtube_medallion_pipeline.py
[2026-07-25T11:53:35.937+0000] {processor.py:914} INFO - Processing file /opt/airflow/dags/youtube_medallion_pipeline.py for tasks to queue
[2026-07-25T11:53:35.942+0000] {logging_mixin.py:190} INFO - [2026-07-25T11:53:35.941+0000] {dagbag.py:588} INFO - Filling up the DagBag from /opt/airflow/dags/youtube_medallion_pipeline.py
[2026-07-25T11:53:35.974+0000] {processor.py:925} INFO - DAG(s) 'youtube_medallion_pipeline' retrieved from /opt/airflow/dags/youtube_medallion_pipeline.py
[2026-07-25T11:53:36.037+0000] {logging_mixin.py:190} INFO - [2026-07-25T11:53:36.037+0000] {dag.py:3239} INFO - Sync 1 DAGs
[2026-07-25T11:53:36.062+0000] {logging_mixin.py:190} INFO - [2026-07-25T11:53:36.062+0000] {dag.py:4180} INFO - Setting next_dagrun for youtube_medallion_pipeline to None, run_after=None
[2026-07-25T11:53:36.107+0000] {processor.py:208} INFO - Processing /opt/airflow/dags/youtube_medallion_pipeline.py took 0.181 seconds
[2026-07-25T11:54:06.283+0000] {processor.py:186} INFO - Started process (PID=479) to work on /opt/airflow/dags/youtube_medallion_pipeline.py
[2026-07-25T11:54:06.285+0000] {processor.py:914} INFO - Processing file /opt/airflow/dags/youtube_medallion_pipeline.py for tasks to queue
[2026-07-25T11:54:06.291+0000] {logging_mixin.py:190} INFO - [2026-07-25T11:54:06.290+0000] {dagbag.py:588} INFO - Filling up the DagBag from /opt/airflow/dags/youtube_medallion_pipeline.py
[2026-07-25T11:54:06.323+0000] {processor.py:925} INFO - DAG(s) 'youtube_medallion_pipeline' retrieved from /opt/airflow/dags/youtube_medallion_pipeline.py
[2026-07-25T11:54:06.394+0000] {logging_mixin.py:190} INFO - [2026-07-25T11:54:06.393+0000] {dag.py:3239} INFO - Sync 1 DAGs
[2026-07-25T11:54:06.422+0000] {logging_mixin.py:190} INFO - [2026-07-25T11:54:06.422+0000] {dag.py:4180} INFO - Setting next_dagrun for youtube_medallion_pipeline to None, run_after=None
[2026-07-25T11:54:06.456+0000] {processor.py:208} INFO - Processing /opt/airflow/dags/youtube_medallion_pipeline.py took 0.182 seconds
[2026-07-25T11:54:36.981+0000] {processor.py:186} INFO - Started process (PID=484) to work on /opt/airflow/dags/youtube_medallion_pipeline.py
[2026-07-25T11:54:36.985+0000] {processor.py:914} INFO - Processing file /opt/airflow/dags/youtube_medallion_pipeline.py for tasks to queue
[2026-07-25T11:54:36.994+0000] {logging_mixin.py:190} INFO - [2026-07-25T11:54:36.992+0000] {dagbag.py:588} INFO - Filling up the DagBag from /opt/airflow/dags/youtube_medallion_pipeline.py
[2026-07-25T11:54:37.032+0000] {processor.py:925} INFO - DAG(s) 'youtube_medallion_pipeline' retrieved from /opt/airflow/dags/youtube_medallion_pipeline.py
[2026-07-25T11:54:37.096+0000] {logging_mixin.py:190} INFO - [2026-07-25T11:54:37.096+0000] {dag.py:3239} INFO - Sync 1 DAGs
[2026-07-25T11:54:37.125+0000] {logging_mixin.py:190} INFO - [2026-07-25T11:54:37.124+0000] {dag.py:4180} INFO - Setting next_dagrun for youtube_medallion_pipeline to None, run_after=None
[2026-07-25T11:54:37.174+0000] {processor.py:208} INFO - Processing /opt/airflow/dags/youtube_medallion_pipeline.py took 0.205 seconds
[2026-07-25T11:55:07.374+0000] {processor.py:186} INFO - Started process (PID=489) to work on /opt/airflow/dags/youtube_medallion_pipeline.py
[2026-07-25T11:55:07.378+0000] {processor.py:914} INFO - Processing file /opt/airflow/dags/youtube_medallion_pipeline.py for tasks to queue
[2026-07-25T11:55:07.383+0000] {logging_mixin.py:190} INFO - [2026-07-25T11:55:07.382+0000] {dagbag.py:588} INFO - Filling up the DagBag from /opt/airflow/dags/youtube_medallion_pipeline.py
[2026-07-25T11:55:07.412+0000] {processor.py:925} INFO - DAG(s) 'youtube_medallion_pipeline' retrieved from /opt/airflow/dags/youtube_medallion_pipeline.py
[2026-07-25T11:55:07.461+0000] {logging_mixin.py:190} INFO - [2026-07-25T11:55:07.460+0000] {dag.py:3239} INFO - Sync 1 DAGs
[2026-07-25T11:55:07.485+0000] {logging_mixin.py:190} INFO - [2026-07-25T11:55:07.485+0000] {dag.py:4180} INFO - Setting next_dagrun for youtube_medallion_pipeline to None, run_after=None
[2026-07-25T11:55:07.517+0000] {processor.py:208} INFO - Processing /opt/airflow/dags/youtube_medallion_pipeline.py took 0.152 seconds
[2026-07-25T11:55:37.766+0000] {processor.py:186} INFO - Started process (PID=494) to work on /opt/airflow/dags/youtube_medallion_pipeline.py
[2026-07-25T11:55:37.769+0000] {processor.py:914} INFO - Processing file /opt/airflow/dags/youtube_medallion_pipeline.py for tasks to queue
[2026-07-25T11:55:37.775+0000] {logging_mixin.py:190} INFO - [2026-07-25T11:55:37.774+0000] {dagbag.py:588} INFO - Filling up the DagBag from /opt/airflow/dags/youtube_medallion_pipeline.py
[2026-07-25T11:55:37.822+0000] {processor.py:925} INFO - DAG(s) 'youtube_medallion_pipeline' retrieved from /opt/airflow/dags/youtube_medallion_pipeline.py
[2026-07-25T11:55:37.879+0000] {logging_mixin.py:190} INFO - [2026-07-25T11:55:37.879+0000] {dag.py:3239} INFO - Sync 1 DAGs
[2026-07-25T11:55:37.906+0000] {logging_mixin.py:190} INFO - [2026-07-25T11:55:37.905+0000] {dag.py:4180} INFO - Setting next_dagrun for youtube_medallion_pipeline to None, run_after=None
[2026-07-25T11:55:37.949+0000] {processor.py:208} INFO - Processing /opt/airflow/dags/youtube_medallion_pipeline.py took 0.193 seconds
[2026-07-25T11:56:08.136+0000] {processor.py:186} INFO - Started process (PID=499) to work on /opt/airflow/dags/youtube_medallion_pipeline.py
[2026-07-25T11:56:08.139+0000] {processor.py:914} INFO - Processing file /opt/airflow/dags/youtube_medallion_pipeline.py for tasks to queue
[2026-07-25T11:56:08.145+0000] {logging_mixin.py:190} INFO - [2026-07-25T11:56:08.144+0000] {dagbag.py:588} INFO - Filling up the DagBag from /opt/airflow/dags/youtube_medallion_pipeline.py
[2026-07-25T11:56:08.179+0000] {processor.py:925} INFO - DAG(s) 'youtube_medallion_pipeline' retrieved from /opt/airflow/dags/youtube_medallion_pipeline.py
[2026-07-25T11:56:08.237+0000] {logging_mixin.py:190} INFO - [2026-07-25T11:56:08.237+0000] {dag.py:3239} INFO - Sync 1 DAGs
[2026-07-25T11:56:08.263+0000] {logging_mixin.py:190} INFO - [2026-07-25T11:56:08.263+0000] {dag.py:4180} INFO - Setting next_dagrun for youtube_medallion_pipeline to None, run_after=None
[2026-07-25T11:56:08.308+0000] {processor.py:208} INFO - Processing /opt/airflow/dags/youtube_medallion_pipeline.py took 0.182 seconds
[2026-07-25T11:56:38.679+0000] {processor.py:186} INFO - Started process (PID=504) to work on /opt/airflow/dags/youtube_medallion_pipeline.py
[2026-07-25T11:56:38.682+0000] {processor.py:914} INFO - Processing file /opt/airflow/dags/youtube_medallion_pipeline.py for tasks to queue
[2026-07-25T11:56:38.692+0000] {logging_mixin.py:190} INFO - [2026-07-25T11:56:38.691+0000] {dagbag.py:588} INFO - Filling up the DagBag from /opt/airflow/dags/youtube_medallion_pipeline.py
[2026-07-25T11:56:38.729+0000] {processor.py:925} INFO - DAG(s) 'youtube_medallion_pipeline' retrieved from /opt/airflow/dags/youtube_medallion_pipeline.py
[2026-07-25T11:56:38.787+0000] {logging_mixin.py:190} INFO - [2026-07-25T11:56:38.786+0000] {dag.py:3239} INFO - Sync 1 DAGs
[2026-07-25T11:56:38.814+0000] {logging_mixin.py:190} INFO - [2026-07-25T11:56:38.813+0000] {dag.py:4180} INFO - Setting next_dagrun for youtube_medallion_pipeline to None, run_after=None
[2026-07-25T11:56:38.857+0000] {processor.py:208} INFO - Processing /opt/airflow/dags/youtube_medallion_pipeline.py took 0.188 seconds
[2026-07-25T11:57:09.051+0000] {processor.py:186} INFO - Started process (PID=509) to work on /opt/airflow/dags/youtube_medallion_pipeline.py
[2026-07-25T11:57:09.056+0000] {processor.py:914} INFO - Processing file /opt/airflow/dags/youtube_medallion_pipeline.py for tasks to queue
[2026-07-25T11:57:09.061+0000] {logging_mixin.py:190} INFO - [2026-07-25T11:57:09.060+0000] {dagbag.py:588} INFO - Filling up the DagBag from /opt/airflow/dags/youtube_medallion_pipeline.py
[2026-07-25T11:57:09.098+0000] {processor.py:925} INFO - DAG(s) 'youtube_medallion_pipeline' retrieved from /opt/airflow/dags/youtube_medallion_pipeline.py
[2026-07-25T11:57:09.158+0000] {logging_mixin.py:190} INFO - [2026-07-25T11:57:09.157+0000] {dag.py:3239} INFO - Sync 1 DAGs
[2026-07-25T11:57:09.188+0000] {logging_mixin.py:190} INFO - [2026-07-25T11:57:09.187+0000] {dag.py:4180} INFO - Setting next_dagrun for youtube_medallion_pipeline to None, run_after=None
[2026-07-25T11:57:09.233+0000] {processor.py:208} INFO - Processing /opt/airflow/dags/youtube_medallion_pipeline.py took 0.192 seconds
[2026-07-25T11:57:39.650+0000] {processor.py:186} INFO - Started process (PID=514) to work on /opt/airflow/dags/youtube_medallion_pipeline.py
[2026-07-25T11:57:39.654+0000] {processor.py:914} INFO - Processing file /opt/airflow/dags/youtube_medallion_pipeline.py for tasks to queue
[2026-07-25T11:57:39.658+0000] {logging_mixin.py:190} INFO - [2026-07-25T11:57:39.658+0000] {dagbag.py:588} INFO - Filling up the DagBag from /opt/airflow/dags/youtube_medallion_pipeline.py
[2026-07-25T11:57:39.698+0000] {processor.py:925} INFO - DAG(s) 'youtube_medallion_pipeline' retrieved from /opt/airflow/dags/youtube_medallion_pipeline.py
[2026-07-25T11:57:39.846+0000] {logging_mixin.py:190} INFO - [2026-07-25T11:57:39.845+0000] {dag.py:3239} INFO - Sync 1 DAGs
[2026-07-25T11:57:39.882+0000] {logging_mixin.py:190} INFO - [2026-07-25T11:57:39.881+0000] {dag.py:4180} INFO - Setting next_dagrun for youtube_medallion_pipeline to None, run_after=None
[2026-07-25T11:57:39.953+0000] {processor.py:208} INFO - Processing /opt/airflow/dags/youtube_medallion_pipeline.py took 0.312 seconds
[2026-07-25T11:58:10.285+0000] {processor.py:186} INFO - Started process (PID=519) to work on /opt/airflow/dags/youtube_medallion_pipeline.py
[2026-07-25T11:58:10.306+0000] {processor.py:914} INFO - Processing file /opt/airflow/dags/youtube_medallion_pipeline.py for tasks to queue
[2026-07-25T11:58:10.321+0000] {logging_mixin.py:190} INFO - [2026-07-25T11:58:10.316+0000] {dagbag.py:588} INFO - Filling up the DagBag from /opt/airflow/dags/youtube_medallion_pipeline.py
[2026-07-25T11:58:10.580+0000] {processor.py:925} INFO - DAG(s) 'youtube_medallion_pipeline' retrieved from /opt/airflow/dags/youtube_medallion_pipeline.py
[2026-07-25T11:58:10.698+0000] {logging_mixin.py:190} INFO - [2026-07-25T11:58:10.697+0000] {dag.py:3239} INFO - Sync 1 DAGs
[2026-07-25T11:58:10.776+0000] {logging_mixin.py:190} INFO - [2026-07-25T11:58:10.776+0000] {dag.py:4180} INFO - Setting next_dagrun for youtube_medallion_pipeline to None, run_after=None
[2026-07-25T11:58:10.858+0000] {processor.py:208} INFO - Processing /opt/airflow/dags/youtube_medallion_pipeline.py took 0.595 seconds
[2026-07-25T11:58:41.355+0000] {processor.py:186} INFO - Started process (PID=524) to work on /opt/airflow/dags/youtube_medallion_pipeline.py
[2026-07-25T11:58:41.357+0000] {processor.py:914} INFO - Processing file /opt/airflow/dags/youtube_medallion_pipeline.py for tasks to queue
[2026-07-25T11:58:41.371+0000] {logging_mixin.py:190} INFO - [2026-07-25T11:58:41.370+0000] {dagbag.py:588} INFO - Filling up the DagBag from /opt/airflow/dags/youtube_medallion_pipeline.py
[2026-07-25T11:58:41.414+0000] {processor.py:925} INFO - DAG(s) 'youtube_medallion_pipeline' retrieved from /opt/airflow/dags/youtube_medallion_pipeline.py
[2026-07-25T11:58:41.481+0000] {logging_mixin.py:190} INFO - [2026-07-25T11:58:41.480+0000] {dag.py:3239} INFO - Sync 1 DAGs
[2026-07-25T11:58:41.523+0000] {logging_mixin.py:190} INFO - [2026-07-25T11:58:41.523+0000] {dag.py:4180} INFO - Setting next_dagrun for youtube_medallion_pipeline to None, run_after=None
[2026-07-25T11:58:41.577+0000] {processor.py:208} INFO - Processing /opt/airflow/dags/youtube_medallion_pipeline.py took 0.234 seconds
[2026-07-25T11:59:11.756+0000] {processor.py:186} INFO - Started process (PID=529) to work on /opt/airflow/dags/youtube_medallion_pipeline.py
[2026-07-25T11:59:11.759+0000] {processor.py:914} INFO - Processing file /opt/airflow/dags/youtube_medallion_pipeline.py for tasks to queue
[2026-07-25T11:59:11.765+0000] {logging_mixin.py:190} INFO - [2026-07-25T11:59:11.765+0000] {dagbag.py:588} INFO - Filling up the DagBag from /opt/airflow/dags/youtube_medallion_pipeline.py
[2026-07-25T11:59:11.803+0000] {processor.py:925} INFO - DAG(s) 'youtube_medallion_pipeline' retrieved from /opt/airflow/dags/youtube_medallion_pipeline.py
[2026-07-25T11:59:11.864+0000] {logging_mixin.py:190} INFO - [2026-07-25T11:59:11.864+0000] {dag.py:3239} INFO - Sync 1 DAGs
[2026-07-25T11:59:11.894+0000] {logging_mixin.py:190} INFO - [2026-07-25T11:59:11.894+0000] {dag.py:4180} INFO - Setting next_dagrun for youtube_medallion_pipeline to None, run_after=None
[2026-07-25T11:59:11.939+0000] {processor.py:208} INFO - Processing /opt/airflow/dags/youtube_medallion_pipeline.py took 0.197 seconds
[2026-07-25T11:59:42.362+0000] {processor.py:186} INFO - Started process (PID=534) to work on /opt/airflow/dags/youtube_medallion_pipeline.py
[2026-07-25T11:59:42.365+0000] {processor.py:914} INFO - Processing file /opt/airflow/dags/youtube_medallion_pipeline.py for tasks to queue
[2026-07-25T11:59:42.372+0000] {logging_mixin.py:190} INFO - [2026-07-25T11:59:42.371+0000] {dagbag.py:588} INFO - Filling up the DagBag from /opt/airflow/dags/youtube_medallion_pipeline.py
[2026-07-25T11:59:42.415+0000] {processor.py:925} INFO - DAG(s) 'youtube_medallion_pipeline' retrieved from /opt/airflow/dags/youtube_medallion_pipeline.py
[2026-07-25T11:59:42.465+0000] {logging_mixin.py:190} INFO - [2026-07-25T11:59:42.465+0000] {dag.py:3239} INFO - Sync 1 DAGs
[2026-07-25T11:59:42.493+0000] {logging_mixin.py:190} INFO - [2026-07-25T11:59:42.493+0000] {dag.py:4180} INFO - Setting next_dagrun for youtube_medallion_pipeline to None, run_after=None
[2026-07-25T11:59:42.537+0000] {processor.py:208} INFO - Processing /opt/airflow/dags/youtube_medallion_pipeline.py took 0.184 seconds
[2026-07-25T12:00:12.715+0000] {processor.py:186} INFO - Started process (PID=539) to work on /opt/airflow/dags/youtube_medallion_pipeline.py
[2026-07-25T12:00:12.719+0000] {processor.py:914} INFO - Processing file /opt/airflow/dags/youtube_medallion_pipeline.py for tasks to queue
[2026-07-25T12:00:12.724+0000] {logging_mixin.py:190} INFO - [2026-07-25T12:00:12.723+0000] {dagbag.py:588} INFO - Filling up the DagBag from /opt/airflow/dags/youtube_medallion_pipeline.py
[2026-07-25T12:00:12.759+0000] {processor.py:925} INFO - DAG(s) 'youtube_medallion_pipeline' retrieved from /opt/airflow/dags/youtube_medallion_pipeline.py
[2026-07-25T12:00:12.815+0000] {logging_mixin.py:190} INFO - [2026-07-25T12:00:12.814+0000] {dag.py:3239} INFO - Sync 1 DAGs
[2026-07-25T12:00:12.842+0000] {logging_mixin.py:190} INFO - [2026-07-25T12:00:12.841+0000] {dag.py:4180} INFO - Setting next_dagrun for youtube_medallion_pipeline to None, run_after=None
[2026-07-25T12:00:12.886+0000] {processor.py:208} INFO - Processing /opt/airflow/dags/youtube_medallion_pipeline.py took 0.179 seconds
[2026-07-25T12:00:43.261+0000] {processor.py:186} INFO - Started process (PID=544) to work on /opt/airflow/dags/youtube_medallion_pipeline.py
[2026-07-25T12:00:43.264+0000] {processor.py:914} INFO - Processing file /opt/airflow/dags/youtube_medallion_pipeline.py for tasks to queue
[2026-07-25T12:00:43.269+0000] {logging_mixin.py:190} INFO - [2026-07-25T12:00:43.269+0000] {dagbag.py:588} INFO - Filling up the DagBag from /opt/airflow/dags/youtube_medallion_pipeline.py
[2026-07-25T12:00:43.302+0000] {processor.py:925} INFO - DAG(s) 'youtube_medallion_pipeline' retrieved from /opt/airflow/dags/youtube_medallion_pipeline.py
[2026-07-25T12:00:43.359+0000] {logging_mixin.py:190} INFO - [2026-07-25T12:00:43.359+0000] {dag.py:3239} INFO - Sync 1 DAGs
[2026-07-25T12:00:43.403+0000] {logging_mixin.py:190} INFO - [2026-07-25T12:00:43.402+0000] {dag.py:4180} INFO - Setting next_dagrun for youtube_medallion_pipeline to None, run_after=None
[2026-07-25T12:00:43.470+0000] {processor.py:208} INFO - Processing /opt/airflow/dags/youtube_medallion_pipeline.py took 0.217 seconds
[2026-07-25T12:01:13.674+0000] {processor.py:186} INFO - Started process (PID=549) to work on /opt/airflow/dags/youtube_medallion_pipeline.py
[2026-07-25T12:01:13.677+0000] {processor.py:914} INFO - Processing file /opt/airflow/dags/youtube_medallion_pipeline.py for tasks to queue
[2026-07-25T12:01:13.683+0000] {logging_mixin.py:190} INFO - [2026-07-25T12:01:13.682+0000] {dagbag.py:588} INFO - Filling up the DagBag from /opt/airflow/dags/youtube_medallion_pipeline.py
[2026-07-25T12:01:13.713+0000] {processor.py:925} INFO - DAG(s) 'youtube_medallion_pipeline' retrieved from /opt/airflow/dags/youtube_medallion_pipeline.py
[2026-07-25T12:01:13.776+0000] {logging_mixin.py:190} INFO - [2026-07-25T12:01:13.776+0000] {dag.py:3239} INFO - Sync 1 DAGs
[2026-07-25T12:01:13.807+0000] {logging_mixin.py:190} INFO - [2026-07-25T12:01:13.807+0000] {dag.py:4180} INFO - Setting next_dagrun for youtube_medallion_pipeline to None, run_after=None
[2026-07-25T12:01:13.852+0000] {processor.py:208} INFO - Processing /opt/airflow/dags/youtube_medallion_pipeline.py took 0.190 seconds
[2026-07-25T12:01:44.011+0000] {processor.py:186} INFO - Started process (PID=554) to work on /opt/airflow/dags/youtube_medallion_pipeline.py
[2026-07-25T12:01:44.014+0000] {processor.py:914} INFO - Processing file /opt/airflow/dags/youtube_medallion_pipeline.py for tasks to queue
[2026-07-25T12:01:44.019+0000] {logging_mixin.py:190} INFO - [2026-07-25T12:01:44.018+0000] {dagbag.py:588} INFO - Filling up the DagBag from /opt/airflow/dags/youtube_medallion_pipeline.py
[2026-07-25T12:01:44.048+0000] {processor.py:925} INFO - DAG(s) 'youtube_medallion_pipeline' retrieved from /opt/airflow/dags/youtube_medallion_pipeline.py
[2026-07-25T12:01:44.096+0000] {logging_mixin.py:190} INFO - [2026-07-25T12:01:44.095+0000] {dag.py:3239} INFO - Sync 1 DAGs
[2026-07-25T12:01:44.119+0000] {logging_mixin.py:190} INFO - [2026-07-25T12:01:44.119+0000] {dag.py:4180} INFO - Setting next_dagrun for youtube_medallion_pipeline to None, run_after=None
[2026-07-25T12:01:44.153+0000] {processor.py:208} INFO - Processing /opt/airflow/dags/youtube_medallion_pipeline.py took 0.152 seconds
[2026-07-25T12:02:14.388+0000] {processor.py:186} INFO - Started process (PID=559) to work on /opt/airflow/dags/youtube_medallion_pipeline.py
[2026-07-25T12:02:14.391+0000] {processor.py:914} INFO - Processing file /opt/airflow/dags/youtube_medallion_pipeline.py for tasks to queue
[2026-07-25T12:02:14.399+0000] {logging_mixin.py:190} INFO - [2026-07-25T12:02:14.398+0000] {dagbag.py:588} INFO - Filling up the DagBag from /opt/airflow/dags/youtube_medallion_pipeline.py
[2026-07-25T12:02:14.438+0000] {processor.py:925} INFO - DAG(s) 'youtube_medallion_pipeline' retrieved from /opt/airflow/dags/youtube_medallion_pipeline.py
[2026-07-25T12:02:14.508+0000] {logging_mixin.py:190} INFO - [2026-07-25T12:02:14.507+0000] {dag.py:3239} INFO - Sync 1 DAGs
[2026-07-25T12:02:14.541+0000] {logging_mixin.py:190} INFO - [2026-07-25T12:02:14.541+0000] {dag.py:4180} INFO - Setting next_dagrun for youtube_medallion_pipeline to None, run_after=None
[2026-07-25T12:02:14.589+0000] {processor.py:208} INFO - Processing /opt/airflow/dags/youtube_medallion_pipeline.py took 0.214 seconds
[2026-07-25T12:02:44.905+0000] {processor.py:186} INFO - Started process (PID=564) to work on /opt/airflow/dags/youtube_medallion_pipeline.py
[2026-07-25T12:02:44.908+0000] {processor.py:914} INFO - Processing file /opt/airflow/dags/youtube_medallion_pipeline.py for tasks to queue
[2026-07-25T12:02:44.913+0000] {logging_mixin.py:190} INFO - [2026-07-25T12:02:44.913+0000] {dagbag.py:588} INFO - Filling up the DagBag from /opt/airflow/dags/youtube_medallion_pipeline.py
[2026-07-25T12:02:44.948+0000] {processor.py:925} INFO - DAG(s) 'youtube_medallion_pipeline' retrieved from /opt/airflow/dags/youtube_medallion_pipeline.py
[2026-07-25T12:02:45.004+0000] {logging_mixin.py:190} INFO - [2026-07-25T12:02:45.003+0000] {dag.py:3239} INFO - Sync 1 DAGs
[2026-07-25T12:02:45.033+0000] {logging_mixin.py:190} INFO - [2026-07-25T12:02:45.032+0000] {dag.py:4180} INFO - Setting next_dagrun for youtube_medallion_pipeline to None, run_after=None
[2026-07-25T12:02:45.086+0000] {processor.py:208} INFO - Processing /opt/airflow/dags/youtube_medallion_pipeline.py took 0.191 seconds
[2026-07-25T12:03:15.368+0000] {processor.py:186} INFO - Started process (PID=569) to work on /opt/airflow/dags/youtube_medallion_pipeline.py
[2026-07-25T12:03:15.370+0000] {processor.py:914} INFO - Processing file /opt/airflow/dags/youtube_medallion_pipeline.py for tasks to queue
[2026-07-25T12:03:15.377+0000] {logging_mixin.py:190} INFO - [2026-07-25T12:03:15.376+0000] {dagbag.py:588} INFO - Filling up the DagBag from /opt/airflow/dags/youtube_medallion_pipeline.py
[2026-07-25T12:03:15.411+0000] {processor.py:925} INFO - DAG(s) 'youtube_medallion_pipeline' retrieved from /opt/airflow/dags/youtube_medallion_pipeline.py
[2026-07-25T12:03:15.488+0000] {logging_mixin.py:190} INFO - [2026-07-25T12:03:15.488+0000] {dag.py:3239} INFO - Sync 1 DAGs
[2026-07-25T12:03:15.519+0000] {logging_mixin.py:190} INFO - [2026-07-25T12:03:15.519+0000] {dag.py:4180} INFO - Setting next_dagrun for youtube_medallion_pipeline to None, run_after=None
[2026-07-25T12:03:15.581+0000] {processor.py:208} INFO - Processing /opt/airflow/dags/youtube_medallion_pipeline.py took 0.224 seconds
[2026-07-25T12:03:45.910+0000] {processor.py:186} INFO - Started process (PID=574) to work on /opt/airflow/dags/youtube_medallion_pipeline.py
[2026-07-25T12:03:45.912+0000] {processor.py:914} INFO - Processing file /opt/airflow/dags/youtube_medallion_pipeline.py for tasks to queue
[2026-07-25T12:03:45.920+0000] {logging_mixin.py:190} INFO - [2026-07-25T12:03:45.919+0000] {dagbag.py:588} INFO - Filling up the DagBag from /opt/airflow/dags/youtube_medallion_pipeline.py
[2026-07-25T12:03:45.968+0000] {processor.py:925} INFO - DAG(s) 'youtube_medallion_pipeline' retrieved from /opt/airflow/dags/youtube_medallion_pipeline.py
[2026-07-25T12:03:46.065+0000] {logging_mixin.py:190} INFO - [2026-07-25T12:03:46.064+0000] {dag.py:3239} INFO - Sync 1 DAGs
[2026-07-25T12:03:46.114+0000] {logging_mixin.py:190} INFO - [2026-07-25T12:03:46.113+0000] {dag.py:4180} INFO - Setting next_dagrun for youtube_medallion_pipeline to None, run_after=None
[2026-07-25T12:03:46.190+0000] {processor.py:208} INFO - Processing /opt/airflow/dags/youtube_medallion_pipeline.py took 0.291 seconds
[2026-07-25T12:04:16.354+0000] {processor.py:186} INFO - Started process (PID=579) to work on /opt/airflow/dags/youtube_medallion_pipeline.py
[2026-07-25T12:04:16.356+0000] {processor.py:914} INFO - Processing file /opt/airflow/dags/youtube_medallion_pipeline.py for tasks to queue
[2026-07-25T12:04:16.361+0000] {logging_mixin.py:190} INFO - [2026-07-25T12:04:16.361+0000] {dagbag.py:588} INFO - Filling up the DagBag from /opt/airflow/dags/youtube_medallion_pipeline.py
[2026-07-25T12:04:16.397+0000] {processor.py:925} INFO - DAG(s) 'youtube_medallion_pipeline' retrieved from /opt/airflow/dags/youtube_medallion_pipeline.py
[2026-07-25T12:04:16.466+0000] {logging_mixin.py:190} INFO - [2026-07-25T12:04:16.465+0000] {dag.py:3239} INFO - Sync 1 DAGs
[2026-07-25T12:04:16.495+0000] {logging_mixin.py:190} INFO - [2026-07-25T12:04:16.495+0000] {dag.py:4180} INFO - Setting next_dagrun for youtube_medallion_pipeline to None, run_after=None
[2026-07-25T12:04:16.535+0000] {processor.py:208} INFO - Processing /opt/airflow/dags/youtube_medallion_pipeline.py took 0.191 seconds
[2026-07-25T12:04:46.770+0000] {processor.py:186} INFO - Started process (PID=584) to work on /opt/airflow/dags/youtube_medallion_pipeline.py
[2026-07-25T12:04:46.775+0000] {processor.py:914} INFO - Processing file /opt/airflow/dags/youtube_medallion_pipeline.py for tasks to queue
[2026-07-25T12:04:46.782+0000] {logging_mixin.py:190} INFO - [2026-07-25T12:04:46.781+0000] {dagbag.py:588} INFO - Filling up the DagBag from /opt/airflow/dags/youtube_medallion_pipeline.py
[2026-07-25T12:04:46.827+0000] {processor.py:925} INFO - DAG(s) 'youtube_medallion_pipeline' retrieved from /opt/airflow/dags/youtube_medallion_pipeline.py
[2026-07-25T12:04:46.885+0000] {logging_mixin.py:190} INFO - [2026-07-25T12:04:46.884+0000] {dag.py:3239} INFO - Sync 1 DAGs
[2026-07-25T12:04:46.916+0000] {logging_mixin.py:190} INFO - [2026-07-25T12:04:46.916+0000] {dag.py:4180} INFO - Setting next_dagrun for youtube_medallion_pipeline to None, run_after=None
[2026-07-25T12:04:46.956+0000] {processor.py:208} INFO - Processing /opt/airflow/dags/youtube_medallion_pipeline.py took 0.198 seconds
[2026-07-25T12:05:17.296+0000] {processor.py:186} INFO - Started process (PID=589) to work on /opt/airflow/dags/youtube_medallion_pipeline.py
[2026-07-25T12:05:17.300+0000] {processor.py:914} INFO - Processing file /opt/airflow/dags/youtube_medallion_pipeline.py for tasks to queue
[2026-07-25T12:05:17.307+0000] {logging_mixin.py:190} INFO - [2026-07-25T12:05:17.306+0000] {dagbag.py:588} INFO - Filling up the DagBag from /opt/airflow/dags/youtube_medallion_pipeline.py
[2026-07-25T12:05:17.359+0000] {processor.py:925} INFO - DAG(s) 'youtube_medallion_pipeline' retrieved from /opt/airflow/dags/youtube_medallion_pipeline.py
[2026-07-25T12:05:17.424+0000] {logging_mixin.py:190} INFO - [2026-07-25T12:05:17.423+0000] {dag.py:3239} INFO - Sync 1 DAGs
[2026-07-25T12:05:17.456+0000] {logging_mixin.py:190} INFO - [2026-07-25T12:05:17.455+0000] {dag.py:4180} INFO - Setting next_dagrun for youtube_medallion_pipeline to None, run_after=None
[2026-07-25T12:05:17.508+0000] {processor.py:208} INFO - Processing /opt/airflow/dags/youtube_medallion_pipeline.py took 0.224 seconds
[2026-07-25T12:05:47.750+0000] {processor.py:186} INFO - Started process (PID=594) to work on /opt/airflow/dags/youtube_medallion_pipeline.py
[2026-07-25T12:05:47.753+0000] {processor.py:914} INFO - Processing file /opt/airflow/dags/youtube_medallion_pipeline.py for tasks to queue
[2026-07-25T12:05:47.760+0000] {logging_mixin.py:190} INFO - [2026-07-25T12:05:47.758+0000] {dagbag.py:588} INFO - Filling up the DagBag from /opt/airflow/dags/youtube_medallion_pipeline.py
[2026-07-25T12:05:47.802+0000] {processor.py:925} INFO - DAG(s) 'youtube_medallion_pipeline' retrieved from /opt/airflow/dags/youtube_medallion_pipeline.py
[2026-07-25T12:05:47.865+0000] {logging_mixin.py:190} INFO - [2026-07-25T12:05:47.865+0000] {dag.py:3239} INFO - Sync 1 DAGs
[2026-07-25T12:05:47.900+0000] {logging_mixin.py:190} INFO - [2026-07-25T12:05:47.899+0000] {dag.py:4180} INFO - Setting next_dagrun for youtube_medallion_pipeline to None, run_after=None
[2026-07-25T12:05:47.955+0000] {processor.py:208} INFO - Processing /opt/airflow/dags/youtube_medallion_pipeline.py took 0.217 seconds
[2026-07-25T12:06:18.294+0000] {processor.py:186} INFO - Started process (PID=599) to work on /opt/airflow/dags/youtube_medallion_pipeline.py
[2026-07-25T12:06:18.297+0000] {processor.py:914} INFO - Processing file /opt/airflow/dags/youtube_medallion_pipeline.py for tasks to queue
[2026-07-25T12:06:18.307+0000] {logging_mixin.py:190} INFO - [2026-07-25T12:06:18.307+0000] {dagbag.py:588} INFO - Filling up the DagBag from /opt/airflow/dags/youtube_medallion_pipeline.py
[2026-07-25T12:06:18.354+0000] {processor.py:925} INFO - DAG(s) 'youtube_medallion_pipeline' retrieved from /opt/airflow/dags/youtube_medallion_pipeline.py
[2026-07-25T12:06:18.413+0000] {logging_mixin.py:190} INFO - [2026-07-25T12:06:18.412+0000] {dag.py:3239} INFO - Sync 1 DAGs
[2026-07-25T12:06:18.448+0000] {logging_mixin.py:190} INFO - [2026-07-25T12:06:18.448+0000] {dag.py:4180} INFO - Setting next_dagrun for youtube_medallion_pipeline to None, run_after=None
[2026-07-25T12:06:18.496+0000] {processor.py:208} INFO - Processing /opt/airflow/dags/youtube_medallion_pipeline.py took 0.218 seconds
[2026-07-25T12:06:48.819+0000] {processor.py:186} INFO - Started process (PID=604) to work on /opt/airflow/dags/youtube_medallion_pipeline.py
[2026-07-25T12:06:48.822+0000] {processor.py:914} INFO - Processing file /opt/airflow/dags/youtube_medallion_pipeline.py for tasks to queue
[2026-07-25T12:06:48.828+0000] {logging_mixin.py:190} INFO - [2026-07-25T12:06:48.828+0000] {dagbag.py:588} INFO - Filling up the DagBag from /opt/airflow/dags/youtube_medallion_pipeline.py
[2026-07-25T12:06:48.863+0000] {processor.py:925} INFO - DAG(s) 'youtube_medallion_pipeline' retrieved from /opt/airflow/dags/youtube_medallion_pipeline.py
[2026-07-25T12:06:48.916+0000] {logging_mixin.py:190} INFO - [2026-07-25T12:06:48.916+0000] {dag.py:3239} INFO - Sync 1 DAGs
[2026-07-25T12:06:48.947+0000] {logging_mixin.py:190} INFO - [2026-07-25T12:06:48.946+0000] {dag.py:4180} INFO - Setting next_dagrun for youtube_medallion_pipeline to None, run_after=None
[2026-07-25T12:06:48.992+0000] {processor.py:208} INFO - Processing /opt/airflow/dags/youtube_medallion_pipeline.py took 0.183 seconds
[2026-07-25T12:07:19.207+0000] {processor.py:186} INFO - Started process (PID=609) to work on /opt/airflow/dags/youtube_medallion_pipeline.py
[2026-07-25T12:07:19.210+0000] {processor.py:914} INFO - Processing file /opt/airflow/dags/youtube_medallion_pipeline.py for tasks to queue
[2026-07-25T12:07:19.218+0000] {logging_mixin.py:190} INFO - [2026-07-25T12:07:19.216+0000] {dagbag.py:588} INFO - Filling up the DagBag from /opt/airflow/dags/youtube_medallion_pipeline.py
[2026-07-25T12:07:19.253+0000] {processor.py:925} INFO - DAG(s) 'youtube_medallion_pipeline' retrieved from /opt/airflow/dags/youtube_medallion_pipeline.py
[2026-07-25T12:07:19.313+0000] {logging_mixin.py:190} INFO - [2026-07-25T12:07:19.312+0000] {dag.py:3239} INFO - Sync 1 DAGs
[2026-07-25T12:07:19.341+0000] {logging_mixin.py:190} INFO - [2026-07-25T12:07:19.340+0000] {dag.py:4180} INFO - Setting next_dagrun for youtube_medallion_pipeline to None, run_after=None
[2026-07-25T12:07:19.379+0000] {processor.py:208} INFO - Processing /opt/airflow/dags/youtube_medallion_pipeline.py took 0.183 seconds
[2026-07-25T12:07:49.748+0000] {processor.py:186} INFO - Started process (PID=614) to work on /opt/airflow/dags/youtube_medallion_pipeline.py
[2026-07-25T12:07:49.754+0000] {processor.py:914} INFO - Processing file /opt/airflow/dags/youtube_medallion_pipeline.py for tasks to queue
[2026-07-25T12:07:49.781+0000] {logging_mixin.py:190} INFO - [2026-07-25T12:07:49.779+0000] {dagbag.py:588} INFO - Filling up the DagBag from /opt/airflow/dags/youtube_medallion_pipeline.py
[2026-07-25T12:07:50.114+0000] {processor.py:925} INFO - DAG(s) 'youtube_medallion_pipeline' retrieved from /opt/airflow/dags/youtube_medallion_pipeline.py
[2026-07-25T12:07:50.275+0000] {logging_mixin.py:190} INFO - [2026-07-25T12:07:50.274+0000] {dag.py:3239} INFO - Sync 1 DAGs
[2026-07-25T12:07:50.349+0000] {logging_mixin.py:190} INFO - [2026-07-25T12:07:50.348+0000] {dag.py:4180} INFO - Setting next_dagrun for youtube_medallion_pipeline to None, run_after=None
[2026-07-25T12:07:50.441+0000] {processor.py:208} INFO - Processing /opt/airflow/dags/youtube_medallion_pipeline.py took 0.737 seconds
[2026-07-25T12:08:20.910+0000] {processor.py:186} INFO - Started process (PID=619) to work on /opt/airflow/dags/youtube_medallion_pipeline.py
[2026-07-25T12:08:20.914+0000] {processor.py:914} INFO - Processing file /opt/airflow/dags/youtube_medallion_pipeline.py for tasks to queue
[2026-07-25T12:08:20.920+0000] {logging_mixin.py:190} INFO - [2026-07-25T12:08:20.919+0000] {dagbag.py:588} INFO - Filling up the DagBag from /opt/airflow/dags/youtube_medallion_pipeline.py
[2026-07-25T12:08:20.962+0000] {processor.py:925} INFO - DAG(s) 'youtube_medallion_pipeline' retrieved from /opt/airflow/dags/youtube_medallion_pipeline.py
[2026-07-25T12:08:21.030+0000] {logging_mixin.py:190} INFO - [2026-07-25T12:08:21.030+0000] {dag.py:3239} INFO - Sync 1 DAGs
[2026-07-25T12:08:21.094+0000] {logging_mixin.py:190} INFO - [2026-07-25T12:08:21.094+0000] {dag.py:4180} INFO - Setting next_dagrun for youtube_medallion_pipeline to None, run_after=None
[2026-07-25T12:08:21.126+0000] {processor.py:208} INFO - Processing /opt/airflow/dags/youtube_medallion_pipeline.py took 0.228 seconds
[2026-07-25T12:08:51.832+0000] {processor.py:186} INFO - Started process (PID=624) to work on /opt/airflow/dags/youtube_medallion_pipeline.py
[2026-07-25T12:08:51.836+0000] {processor.py:914} INFO - Processing file /opt/airflow/dags/youtube_medallion_pipeline.py for tasks to queue
[2026-07-25T12:08:51.865+0000] {logging_mixin.py:190} INFO - [2026-07-25T12:08:51.859+0000] {dagbag.py:588} INFO - Filling up the DagBag from /opt/airflow/dags/youtube_medallion_pipeline.py
[2026-07-25T12:08:51.972+0000] {processor.py:925} INFO - DAG(s) 'youtube_medallion_pipeline' retrieved from /opt/airflow/dags/youtube_medallion_pipeline.py
[2026-07-25T12:08:52.187+0000] {logging_mixin.py:190} INFO - [2026-07-25T12:08:52.186+0000] {dag.py:3239} INFO - Sync 1 DAGs
[2026-07-25T12:08:52.289+0000] {logging_mixin.py:190} INFO - [2026-07-25T12:08:52.289+0000] {dag.py:4180} INFO - Setting next_dagrun for youtube_medallion_pipeline to None, run_after=None
[2026-07-25T12:08:52.366+0000] {processor.py:208} INFO - Processing /opt/airflow/dags/youtube_medallion_pipeline.py took 0.578 seconds
[2026-07-25T12:09:22.909+0000] {processor.py:186} INFO - Started process (PID=629) to work on /opt/airflow/dags/youtube_medallion_pipeline.py
[2026-07-25T12:09:22.918+0000] {processor.py:914} INFO - Processing file /opt/airflow/dags/youtube_medallion_pipeline.py for tasks to queue
[2026-07-25T12:09:22.952+0000] {logging_mixin.py:190} INFO - [2026-07-25T12:09:22.948+0000] {dagbag.py:588} INFO - Filling up the DagBag from /opt/airflow/dags/youtube_medallion_pipeline.py
[2026-07-25T12:09:23.049+0000] {processor.py:925} INFO - DAG(s) 'youtube_medallion_pipeline' retrieved from /opt/airflow/dags/youtube_medallion_pipeline.py
[2026-07-25T12:09:23.105+0000] {logging_mixin.py:190} INFO - [2026-07-25T12:09:23.105+0000] {dag.py:3239} INFO - Sync 1 DAGs
[2026-07-25T12:09:23.129+0000] {logging_mixin.py:190} INFO - [2026-07-25T12:09:23.129+0000] {dag.py:4180} INFO - Setting next_dagrun for youtube_medallion_pipeline to None, run_after=None
[2026-07-25T12:09:23.161+0000] {processor.py:208} INFO - Processing /opt/airflow/dags/youtube_medallion_pipeline.py took 0.327 seconds
[2026-07-25T12:09:53.329+0000] {processor.py:186} INFO - Started process (PID=634) to work on /opt/airflow/dags/youtube_medallion_pipeline.py
[2026-07-25T12:09:53.332+0000] {processor.py:914} INFO - Processing file /opt/airflow/dags/youtube_medallion_pipeline.py for tasks to queue
[2026-07-25T12:09:53.339+0000] {logging_mixin.py:190} INFO - [2026-07-25T12:09:53.338+0000] {dagbag.py:588} INFO - Filling up the DagBag from /opt/airflow/dags/youtube_medallion_pipeline.py
[2026-07-25T12:09:53.378+0000] {processor.py:925} INFO - DAG(s) 'youtube_medallion_pipeline' retrieved from /opt/airflow/dags/youtube_medallion_pipeline.py
[2026-07-25T12:09:53.437+0000] {logging_mixin.py:190} INFO - [2026-07-25T12:09:53.437+0000] {dag.py:3239} INFO - Sync 1 DAGs
[2026-07-25T12:09:53.463+0000] {logging_mixin.py:190} INFO - [2026-07-25T12:09:53.463+0000] {dag.py:4180} INFO - Setting next_dagrun for youtube_medallion_pipeline to None, run_after=None
[2026-07-25T12:09:53.508+0000] {processor.py:208} INFO - Processing /opt/airflow/dags/youtube_medallion_pipeline.py took 0.188 seconds
[2026-07-25T12:10:24.008+0000] {processor.py:186} INFO - Started process (PID=639) to work on /opt/airflow/dags/youtube_medallion_pipeline.py
[2026-07-25T12:10:24.010+0000] {processor.py:914} INFO - Processing file /opt/airflow/dags/youtube_medallion_pipeline.py for tasks to queue
[2026-07-25T12:10:24.017+0000] {logging_mixin.py:190} INFO - [2026-07-25T12:10:24.016+0000] {dagbag.py:588} INFO - Filling up the DagBag from /opt/airflow/dags/youtube_medallion_pipeline.py
[2026-07-25T12:10:24.050+0000] {processor.py:925} INFO - DAG(s) 'youtube_medallion_pipeline' retrieved from /opt/airflow/dags/youtube_medallion_pipeline.py
[2026-07-25T12:10:24.110+0000] {logging_mixin.py:190} INFO - [2026-07-25T12:10:24.109+0000] {dag.py:3239} INFO - Sync 1 DAGs
[2026-07-25T12:10:24.147+0000] {logging_mixin.py:190} INFO - [2026-07-25T12:10:24.147+0000] {dag.py:4180} INFO - Setting next_dagrun for youtube_medallion_pipeline to None, run_after=None
[2026-07-25T12:10:24.194+0000] {processor.py:208} INFO - Processing /opt/airflow/dags/youtube_medallion_pipeline.py took 0.196 seconds
[2026-07-25T12:10:54.388+0000] {processor.py:186} INFO - Started process (PID=644) to work on /opt/airflow/dags/youtube_medallion_pipeline.py
[2026-07-25T12:10:54.392+0000] {processor.py:914} INFO - Processing file /opt/airflow/dags/youtube_medallion_pipeline.py for tasks to queue
[2026-07-25T12:10:54.403+0000] {logging_mixin.py:190} INFO - [2026-07-25T12:10:54.402+0000] {dagbag.py:588} INFO - Filling up the DagBag from /opt/airflow/dags/youtube_medallion_pipeline.py
[2026-07-25T12:10:54.454+0000] {processor.py:925} INFO - DAG(s) 'youtube_medallion_pipeline' retrieved from /opt/airflow/dags/youtube_medallion_pipeline.py
[2026-07-25T12:10:54.560+0000] {logging_mixin.py:190} INFO - [2026-07-25T12:10:54.559+0000] {dag.py:3239} INFO - Sync 1 DAGs
[2026-07-25T12:10:54.622+0000] {logging_mixin.py:190} INFO - [2026-07-25T12:10:54.622+0000] {dag.py:4180} INFO - Setting next_dagrun for youtube_medallion_pipeline to None, run_after=None
[2026-07-25T12:10:54.671+0000] {processor.py:208} INFO - Processing /opt/airflow/dags/youtube_medallion_pipeline.py took 0.301 seconds
[2026-07-25T12:11:25.018+0000] {processor.py:186} INFO - Started process (PID=649) to work on /opt/airflow/dags/youtube_medallion_pipeline.py
[2026-07-25T12:11:25.020+0000] {processor.py:914} INFO - Processing file /opt/airflow/dags/youtube_medallion_pipeline.py for tasks to queue
[2026-07-25T12:11:25.026+0000] {logging_mixin.py:190} INFO - [2026-07-25T12:11:25.025+0000] {dagbag.py:588} INFO - Filling up the DagBag from /opt/airflow/dags/youtube_medallion_pipeline.py
[2026-07-25T12:11:25.060+0000] {processor.py:925} INFO - DAG(s) 'youtube_medallion_pipeline' retrieved from /opt/airflow/dags/youtube_medallion_pipeline.py
[2026-07-25T12:11:25.117+0000] {logging_mixin.py:190} INFO - [2026-07-25T12:11:25.116+0000] {dag.py:3239} INFO - Sync 1 DAGs
[2026-07-25T12:11:25.143+0000] {logging_mixin.py:190} INFO - [2026-07-25T12:11:25.142+0000] {dag.py:4180} INFO - Setting next_dagrun for youtube_medallion_pipeline to None, run_after=None
[2026-07-25T12:11:25.189+0000] {processor.py:208} INFO - Processing /opt/airflow/dags/youtube_medallion_pipeline.py took 0.184 seconds
[2026-07-25T12:11:55.397+0000] {processor.py:186} INFO - Started process (PID=654) to work on /opt/airflow/dags/youtube_medallion_pipeline.py
[2026-07-25T12:11:55.400+0000] {processor.py:914} INFO - Processing file /opt/airflow/dags/youtube_medallion_pipeline.py for tasks to queue
[2026-07-25T12:11:55.407+0000] {logging_mixin.py:190} INFO - [2026-07-25T12:11:55.406+0000] {dagbag.py:588} INFO - Filling up the DagBag from /opt/airflow/dags/youtube_medallion_pipeline.py
[2026-07-25T12:11:55.530+0000] {processor.py:925} INFO - DAG(s) 'youtube_medallion_pipeline' retrieved from /opt/airflow/dags/youtube_medallion_pipeline.py
[2026-07-25T12:11:55.919+0000] {logging_mixin.py:190} INFO - [2026-07-25T12:11:55.917+0000] {dag.py:3239} INFO - Sync 1 DAGs
[2026-07-25T12:11:55.961+0000] {logging_mixin.py:190} INFO - [2026-07-25T12:11:55.960+0000] {dag.py:4180} INFO - Setting next_dagrun for youtube_medallion_pipeline to None, run_after=None
[2026-07-25T12:11:56.020+0000] {processor.py:208} INFO - Processing /opt/airflow/dags/youtube_medallion_pipeline.py took 0.640 seconds
[2026-07-25T12:12:26.232+0000] {processor.py:186} INFO - Started process (PID=659) to work on /opt/airflow/dags/youtube_medallion_pipeline.py
[2026-07-25T12:12:26.237+0000] {processor.py:914} INFO - Processing file /opt/airflow/dags/youtube_medallion_pipeline.py for tasks to queue
[2026-07-25T12:12:26.244+0000] {logging_mixin.py:190} INFO - [2026-07-25T12:12:26.243+0000] {dagbag.py:588} INFO - Filling up the DagBag from /opt/airflow/dags/youtube_medallion_pipeline.py
[2026-07-25T12:12:26.292+0000] {processor.py:925} INFO - DAG(s) 'youtube_medallion_pipeline' retrieved from /opt/airflow/dags/youtube_medallion_pipeline.py
[2026-07-25T12:12:26.362+0000] {logging_mixin.py:190} INFO - [2026-07-25T12:12:26.362+0000] {dag.py:3239} INFO - Sync 1 DAGs
[2026-07-25T12:12:26.393+0000] {logging_mixin.py:190} INFO - [2026-07-25T12:12:26.392+0000] {dag.py:4180} INFO - Setting next_dagrun for youtube_medallion_pipeline to None, run_after=None
[2026-07-25T12:12:26.443+0000] {processor.py:208} INFO - Processing /opt/airflow/dags/youtube_medallion_pipeline.py took 0.227 seconds
[2026-07-25T12:12:56.798+0000] {processor.py:186} INFO - Started process (PID=664) to work on /opt/airflow/dags/youtube_medallion_pipeline.py
[2026-07-25T12:12:56.802+0000] {processor.py:914} INFO - Processing file /opt/airflow/dags/youtube_medallion_pipeline.py for tasks to queue
[2026-07-25T12:12:56.809+0000] {logging_mixin.py:190} INFO - [2026-07-25T12:12:56.808+0000] {dagbag.py:588} INFO - Filling up the DagBag from /opt/airflow/dags/youtube_medallion_pipeline.py
[2026-07-25T12:12:56.860+0000] {processor.py:925} INFO - DAG(s) 'youtube_medallion_pipeline' retrieved from /opt/airflow/dags/youtube_medallion_pipeline.py
[2026-07-25T12:12:56.937+0000] {logging_mixin.py:190} INFO - [2026-07-25T12:12:56.937+0000] {dag.py:3239} INFO - Sync 1 DAGs
[2026-07-25T12:12:56.973+0000] {logging_mixin.py:190} INFO - [2026-07-25T12:12:56.972+0000] {dag.py:4180} INFO - Setting next_dagrun for youtube_medallion_pipeline to None, run_after=None
[2026-07-25T12:12:57.028+0000] {processor.py:208} INFO - Processing /opt/airflow/dags/youtube_medallion_pipeline.py took 0.242 seconds
[2026-07-25T12:13:27.217+0000] {processor.py:186} INFO - Started process (PID=669) to work on /opt/airflow/dags/youtube_medallion_pipeline.py
[2026-07-25T12:13:27.220+0000] {processor.py:914} INFO - Processing file /opt/airflow/dags/youtube_medallion_pipeline.py for tasks to queue
[2026-07-25T12:13:27.226+0000] {logging_mixin.py:190} INFO - [2026-07-25T12:13:27.225+0000] {dagbag.py:588} INFO - Filling up the DagBag from /opt/airflow/dags/youtube_medallion_pipeline.py
[2026-07-25T12:13:27.263+0000] {processor.py:925} INFO - DAG(s) 'youtube_medallion_pipeline' retrieved from /opt/airflow/dags/youtube_medallion_pipeline.py
[2026-07-25T12:13:27.321+0000] {logging_mixin.py:190} INFO - [2026-07-25T12:13:27.321+0000] {dag.py:3239} INFO - Sync 1 DAGs
[2026-07-25T12:13:27.349+0000] {logging_mixin.py:190} INFO - [2026-07-25T12:13:27.348+0000] {dag.py:4180} INFO - Setting next_dagrun for youtube_medallion_pipeline to None, run_after=None
[2026-07-25T12:13:27.388+0000] {processor.py:208} INFO - Processing /opt/airflow/dags/youtube_medallion_pipeline.py took 0.180 seconds
[2026-07-25T12:13:57.826+0000] {processor.py:186} INFO - Started process (PID=674) to work on /opt/airflow/dags/youtube_medallion_pipeline.py
[2026-07-25T12:13:57.829+0000] {processor.py:914} INFO - Processing file /opt/airflow/dags/youtube_medallion_pipeline.py for tasks to queue
[2026-07-25T12:13:57.838+0000] {logging_mixin.py:190} INFO - [2026-07-25T12:13:57.837+0000] {dagbag.py:588} INFO - Filling up the DagBag from /opt/airflow/dags/youtube_medallion_pipeline.py
[2026-07-25T12:13:57.894+0000] {processor.py:925} INFO - DAG(s) 'youtube_medallion_pipeline' retrieved from /opt/airflow/dags/youtube_medallion_pipeline.py
[2026-07-25T12:13:57.964+0000] {logging_mixin.py:190} INFO - [2026-07-25T12:13:57.963+0000] {dag.py:3239} INFO - Sync 1 DAGs
[2026-07-25T12:13:57.993+0000] {logging_mixin.py:190} INFO - [2026-07-25T12:13:57.993+0000] {dag.py:4180} INFO - Setting next_dagrun for youtube_medallion_pipeline to None, run_after=None
[2026-07-25T12:13:58.038+0000] {processor.py:208} INFO - Processing /opt/airflow/dags/youtube_medallion_pipeline.py took 0.233 seconds
[2026-07-25T12:14:28.229+0000] {processor.py:186} INFO - Started process (PID=679) to work on /opt/airflow/dags/youtube_medallion_pipeline.py
[2026-07-25T12:14:28.232+0000] {processor.py:914} INFO - Processing file /opt/airflow/dags/youtube_medallion_pipeline.py for tasks to queue
[2026-07-25T12:14:28.237+0000] {logging_mixin.py:190} INFO - [2026-07-25T12:14:28.237+0000] {dagbag.py:588} INFO - Filling up the DagBag from /opt/airflow/dags/youtube_medallion_pipeline.py
[2026-07-25T12:14:28.271+0000] {processor.py:925} INFO - DAG(s) 'youtube_medallion_pipeline' retrieved from /opt/airflow/dags/youtube_medallion_pipeline.py
[2026-07-25T12:14:28.329+0000] {logging_mixin.py:190} INFO - [2026-07-25T12:14:28.328+0000] {dag.py:3239} INFO - Sync 1 DAGs
[2026-07-25T12:14:28.354+0000] {logging_mixin.py:190} INFO - [2026-07-25T12:14:28.354+0000] {dag.py:4180} INFO - Setting next_dagrun for youtube_medallion_pipeline to None, run_after=None
[2026-07-25T12:14:28.411+0000] {processor.py:208} INFO - Processing /opt/airflow/dags/youtube_medallion_pipeline.py took 0.190 seconds
[2026-07-25T12:14:58.898+0000] {processor.py:186} INFO - Started process (PID=684) to work on /opt/airflow/dags/youtube_medallion_pipeline.py
[2026-07-25T12:14:58.900+0000] {processor.py:914} INFO - Processing file /opt/airflow/dags/youtube_medallion_pipeline.py for tasks to queue
[2026-07-25T12:14:58.904+0000] {logging_mixin.py:190} INFO - [2026-07-25T12:14:58.904+0000] {dagbag.py:588} INFO - Filling up the DagBag from /opt/airflow/dags/youtube_medallion_pipeline.py
[2026-07-25T12:14:58.934+0000] {processor.py:925} INFO - DAG(s) 'youtube_medallion_pipeline' retrieved from /opt/airflow/dags/youtube_medallion_pipeline.py
[2026-07-25T12:14:58.984+0000] {logging_mixin.py:190} INFO - [2026-07-25T12:14:58.983+0000] {dag.py:3239} INFO - Sync 1 DAGs
[2026-07-25T12:14:59.010+0000] {logging_mixin.py:190} INFO - [2026-07-25T12:14:59.009+0000] {dag.py:4180} INFO - Setting next_dagrun for youtube_medallion_pipeline to None, run_after=None
[2026-07-25T12:14:59.047+0000] {processor.py:208} INFO - Processing /opt/airflow/dags/youtube_medallion_pipeline.py took 0.159 seconds
[2026-07-25T12:15:29.584+0000] {processor.py:186} INFO - Started process (PID=689) to work on /opt/airflow/dags/youtube_medallion_pipeline.py
[2026-07-25T12:15:29.587+0000] {processor.py:914} INFO - Processing file /opt/airflow/dags/youtube_medallion_pipeline.py for tasks to queue
[2026-07-25T12:15:29.591+0000] {logging_mixin.py:190} INFO - [2026-07-25T12:15:29.590+0000] {dagbag.py:588} INFO - Filling up the DagBag from /opt/airflow/dags/youtube_medallion_pipeline.py
[2026-07-25T12:15:29.621+0000] {processor.py:925} INFO - DAG(s) 'youtube_medallion_pipeline' retrieved from /opt/airflow/dags/youtube_medallion_pipeline.py
[2026-07-25T12:15:29.668+0000] {logging_mixin.py:190} INFO - [2026-07-25T12:15:29.668+0000] {dag.py:3239} INFO - Sync 1 DAGs
[2026-07-25T12:15:29.741+0000] {logging_mixin.py:190} INFO - [2026-07-25T12:15:29.741+0000] {dag.py:4180} INFO - Setting next_dagrun for youtube_medallion_pipeline to None, run_after=None
[2026-07-25T12:15:29.773+0000] {processor.py:208} INFO - Processing /opt/airflow/dags/youtube_medallion_pipeline.py took 0.198 seconds
[2026-07-25T12:16:00.090+0000] {processor.py:186} INFO - Started process (PID=694) to work on /opt/airflow/dags/youtube_medallion_pipeline.py
[2026-07-25T12:16:00.093+0000] {processor.py:914} INFO - Processing file /opt/airflow/dags/youtube_medallion_pipeline.py for tasks to queue
[2026-07-25T12:16:00.102+0000] {logging_mixin.py:190} INFO - [2026-07-25T12:16:00.101+0000] {dagbag.py:588} INFO - Filling up the DagBag from /opt/airflow/dags/youtube_medallion_pipeline.py
[2026-07-25T12:16:00.154+0000] {processor.py:925} INFO - DAG(s) 'youtube_medallion_pipeline' retrieved from /opt/airflow/dags/youtube_medallion_pipeline.py
[2026-07-25T12:16:00.227+0000] {logging_mixin.py:190} INFO - [2026-07-25T12:16:00.227+0000] {dag.py:3239} INFO - Sync 1 DAGs
[2026-07-25T12:16:00.262+0000] {logging_mixin.py:190} INFO - [2026-07-25T12:16:00.261+0000] {dag.py:4180} INFO - Setting next_dagrun for youtube_medallion_pipeline to None, run_after=None
[2026-07-25T12:16:00.332+0000] {processor.py:208} INFO - Processing /opt/airflow/dags/youtube_medallion_pipeline.py took 0.260 seconds
[2026-07-25T12:16:30.943+0000] {processor.py:186} INFO - Started process (PID=699) to work on /opt/airflow/dags/youtube_medallion_pipeline.py
[2026-07-25T12:16:30.949+0000] {processor.py:914} INFO - Processing file /opt/airflow/dags/youtube_medallion_pipeline.py for tasks to queue
[2026-07-25T12:16:30.959+0000] {logging_mixin.py:190} INFO - [2026-07-25T12:16:30.958+0000] {dagbag.py:588} INFO - Filling up the DagBag from /opt/airflow/dags/youtube_medallion_pipeline.py
[2026-07-25T12:16:31.072+0000] {processor.py:925} INFO - DAG(s) 'youtube_medallion_pipeline' retrieved from /opt/airflow/dags/youtube_medallion_pipeline.py
[2026-07-25T12:16:31.575+0000] {logging_mixin.py:190} INFO - [2026-07-25T12:16:31.574+0000] {dag.py:3239} INFO - Sync 1 DAGs
[2026-07-25T12:16:31.668+0000] {logging_mixin.py:190} INFO - [2026-07-25T12:16:31.667+0000] {dag.py:4180} INFO - Setting next_dagrun for youtube_medallion_pipeline to None, run_after=None
[2026-07-25T12:16:31.756+0000] {processor.py:208} INFO - Processing /opt/airflow/dags/youtube_medallion_pipeline.py took 0.909 seconds
[2026-07-25T12:17:02.236+0000] {processor.py:186} INFO - Started process (PID=704) to work on /opt/airflow/dags/youtube_medallion_pipeline.py
[2026-07-25T12:17:02.239+0000] {processor.py:914} INFO - Processing file /opt/airflow/dags/youtube_medallion_pipeline.py for tasks to queue
[2026-07-25T12:17:02.249+0000] {logging_mixin.py:190} INFO - [2026-07-25T12:17:02.246+0000] {dagbag.py:588} INFO - Filling up the DagBag from /opt/airflow/dags/youtube_medallion_pipeline.py
[2026-07-25T12:17:02.292+0000] {processor.py:925} INFO - DAG(s) 'youtube_medallion_pipeline' retrieved from /opt/airflow/dags/youtube_medallion_pipeline.py
[2026-07-25T12:17:02.365+0000] {logging_mixin.py:190} INFO - [2026-07-25T12:17:02.364+0000] {dag.py:3239} INFO - Sync 1 DAGs
[2026-07-25T12:17:02.398+0000] {logging_mixin.py:190} INFO - [2026-07-25T12:17:02.397+0000] {dag.py:4180} INFO - Setting next_dagrun for youtube_medallion_pipeline to None, run_after=None
[2026-07-25T12:17:02.457+0000] {processor.py:208} INFO - Processing /opt/airflow/dags/youtube_medallion_pipeline.py took 0.236 seconds
[2026-07-25T12:17:32.581+0000] {processor.py:186} INFO - Started process (PID=709) to work on /opt/airflow/dags/youtube_medallion_pipeline.py
[2026-07-25T12:17:32.585+0000] {processor.py:914} INFO - Processing file /opt/airflow/dags/youtube_medallion_pipeline.py for tasks to queue
[2026-07-25T12:17:32.593+0000] {logging_mixin.py:190} INFO - [2026-07-25T12:17:32.592+0000] {dagbag.py:588} INFO - Filling up the DagBag from /opt/airflow/dags/youtube_medallion_pipeline.py
[2026-07-25T12:17:32.650+0000] {processor.py:925} INFO - DAG(s) 'youtube_medallion_pipeline' retrieved from /opt/airflow/dags/youtube_medallion_pipeline.py
[2026-07-25T12:17:33.099+0000] {logging_mixin.py:190} INFO - [2026-07-25T12:17:33.098+0000] {dag.py:3239} INFO - Sync 1 DAGs
[2026-07-25T12:17:33.133+0000] {logging_mixin.py:190} INFO - [2026-07-25T12:17:33.133+0000] {dag.py:4180} INFO - Setting next_dagrun for youtube_medallion_pipeline to None, run_after=None
[2026-07-25T12:17:33.187+0000] {processor.py:208} INFO - Processing /opt/airflow/dags/youtube_medallion_pipeline.py took 0.618 seconds
[2026-07-25T12:18:03.631+0000] {processor.py:186} INFO - Started process (PID=714) to work on /opt/airflow/dags/youtube_medallion_pipeline.py
[2026-07-25T12:18:03.635+0000] {processor.py:914} INFO - Processing file /opt/airflow/dags/youtube_medallion_pipeline.py for tasks to queue
[2026-07-25T12:18:03.641+0000] {logging_mixin.py:190} INFO - [2026-07-25T12:18:03.640+0000] {dagbag.py:588} INFO - Filling up the DagBag from /opt/airflow/dags/youtube_medallion_pipeline.py
[2026-07-25T12:18:03.678+0000] {processor.py:925} INFO - DAG(s) 'youtube_medallion_pipeline' retrieved from /opt/airflow/dags/youtube_medallion_pipeline.py
[2026-07-25T12:18:03.742+0000] {logging_mixin.py:190} INFO - [2026-07-25T12:18:03.742+0000] {dag.py:3239} INFO - Sync 1 DAGs
[2026-07-25T12:18:03.773+0000] {logging_mixin.py:190} INFO - [2026-07-25T12:18:03.773+0000] {dag.py:4180} INFO - Setting next_dagrun for youtube_medallion_pipeline to None, run_after=None
[2026-07-25T12:18:03.834+0000] {processor.py:208} INFO - Processing /opt/airflow/dags/youtube_medallion_pipeline.py took 0.216 seconds
[2026-07-25T12:18:33.972+0000] {processor.py:186} INFO - Started process (PID=719) to work on /opt/airflow/dags/youtube_medallion_pipeline.py
[2026-07-25T12:18:33.975+0000] {processor.py:914} INFO - Processing file /opt/airflow/dags/youtube_medallion_pipeline.py for tasks to queue
[2026-07-25T12:18:33.984+0000] {logging_mixin.py:190} INFO - [2026-07-25T12:18:33.982+0000] {dagbag.py:588} INFO - Filling up the DagBag from /opt/airflow/dags/youtube_medallion_pipeline.py
[2026-07-25T12:18:34.035+0000] {processor.py:925} INFO - DAG(s) 'youtube_medallion_pipeline' retrieved from /opt/airflow/dags/youtube_medallion_pipeline.py
[2026-07-25T12:18:34.104+0000] {logging_mixin.py:190} INFO - [2026-07-25T12:18:34.103+0000] {dag.py:3239} INFO - Sync 1 DAGs
[2026-07-25T12:18:34.134+0000] {logging_mixin.py:190} INFO - [2026-07-25T12:18:34.133+0000] {dag.py:4180} INFO - Setting next_dagrun for youtube_medallion_pipeline to None, run_after=None
[2026-07-25T12:18:34.177+0000] {processor.py:208} INFO - Processing /opt/airflow/dags/youtube_medallion_pipeline.py took 0.223 seconds
[2026-07-25T12:19:04.336+0000] {processor.py:186} INFO - Started process (PID=724) to work on /opt/airflow/dags/youtube_medallion_pipeline.py
[2026-07-25T12:19:04.339+0000] {processor.py:914} INFO - Processing file /opt/airflow/dags/youtube_medallion_pipeline.py for tasks to queue
[2026-07-25T12:19:04.351+0000] {logging_mixin.py:190} INFO - [2026-07-25T12:19:04.350+0000] {dagbag.py:588} INFO - Filling up the DagBag from /opt/airflow/dags/youtube_medallion_pipeline.py
[2026-07-25T12:19:04.395+0000] {processor.py:925} INFO - DAG(s) 'youtube_medallion_pipeline' retrieved from /opt/airflow/dags/youtube_medallion_pipeline.py
[2026-07-25T12:19:04.498+0000] {logging_mixin.py:190} INFO - [2026-07-25T12:19:04.496+0000] {dag.py:3239} INFO - Sync 1 DAGs
[2026-07-25T12:19:04.743+0000] {logging_mixin.py:190} INFO - [2026-07-25T12:19:04.742+0000] {dag.py:4180} INFO - Setting next_dagrun for youtube_medallion_pipeline to None, run_after=None
[2026-07-25T12:19:04.847+0000] {processor.py:208} INFO - Processing /opt/airflow/dags/youtube_medallion_pipeline.py took 0.522 seconds
[2026-07-25T12:19:35.171+0000] {processor.py:186} INFO - Started process (PID=729) to work on /opt/airflow/dags/youtube_medallion_pipeline.py
[2026-07-25T12:19:35.175+0000] {processor.py:914} INFO - Processing file /opt/airflow/dags/youtube_medallion_pipeline.py for tasks to queue
[2026-07-25T12:19:35.182+0000] {logging_mixin.py:190} INFO - [2026-07-25T12:19:35.181+0000] {dagbag.py:588} INFO - Filling up the DagBag from /opt/airflow/dags/youtube_medallion_pipeline.py
[2026-07-25T12:19:35.224+0000] {processor.py:925} INFO - DAG(s) 'youtube_medallion_pipeline' retrieved from /opt/airflow/dags/youtube_medallion_pipeline.py
[2026-07-25T12:19:35.286+0000] {logging_mixin.py:190} INFO - [2026-07-25T12:19:35.286+0000] {dag.py:3239} INFO - Sync 1 DAGs
[2026-07-25T12:19:35.319+0000] {logging_mixin.py:190} INFO - [2026-07-25T12:19:35.319+0000] {dag.py:4180} INFO - Setting next_dagrun for youtube_medallion_pipeline to None, run_after=None
[2026-07-25T12:19:35.360+0000] {processor.py:208} INFO - Processing /opt/airflow/dags/youtube_medallion_pipeline.py took 0.202 seconds
[2026-07-25T12:20:05.655+0000] {processor.py:186} INFO - Started process (PID=734) to work on /opt/airflow/dags/youtube_medallion_pipeline.py
[2026-07-25T12:20:05.661+0000] {processor.py:914} INFO - Processing file /opt/airflow/dags/youtube_medallion_pipeline.py for tasks to queue
[2026-07-25T12:20:05.673+0000] {logging_mixin.py:190} INFO - [2026-07-25T12:20:05.672+0000] {dagbag.py:588} INFO - Filling up the DagBag from /opt/airflow/dags/youtube_medallion_pipeline.py
[2026-07-25T12:20:05.738+0000] {processor.py:925} INFO - DAG(s) 'youtube_medallion_pipeline' retrieved from /opt/airflow/dags/youtube_medallion_pipeline.py
[2026-07-25T12:20:05.805+0000] {logging_mixin.py:190} INFO - [2026-07-25T12:20:05.804+0000] {dag.py:3239} INFO - Sync 1 DAGs
[2026-07-25T12:20:05.879+0000] {logging_mixin.py:190} INFO - [2026-07-25T12:20:05.878+0000] {dag.py:4180} INFO - Setting next_dagrun for youtube_medallion_pipeline to None, run_after=None
[2026-07-25T12:20:05.950+0000] {processor.py:208} INFO - Processing /opt/airflow/dags/youtube_medallion_pipeline.py took 0.328 seconds
[2026-07-25T12:20:36.165+0000] {processor.py:186} INFO - Started process (PID=739) to work on /opt/airflow/dags/youtube_medallion_pipeline.py
[2026-07-25T12:20:36.169+0000] {processor.py:914} INFO - Processing file /opt/airflow/dags/youtube_medallion_pipeline.py for tasks to queue
[2026-07-25T12:20:36.176+0000] {logging_mixin.py:190} INFO - [2026-07-25T12:20:36.175+0000] {dagbag.py:588} INFO - Filling up the DagBag from /opt/airflow/dags/youtube_medallion_pipeline.py
[2026-07-25T12:20:36.319+0000] {processor.py:925} INFO - DAG(s) 'youtube_medallion_pipeline' retrieved from /opt/airflow/dags/youtube_medallion_pipeline.py
[2026-07-25T12:20:36.395+0000] {logging_mixin.py:190} INFO - [2026-07-25T12:20:36.394+0000] {dag.py:3239} INFO - Sync 1 DAGs
[2026-07-25T12:20:36.423+0000] {logging_mixin.py:190} INFO - [2026-07-25T12:20:36.422+0000] {dag.py:4180} INFO - Setting next_dagrun for youtube_medallion_pipeline to None, run_after=None
[2026-07-25T12:20:36.463+0000] {processor.py:208} INFO - Processing /opt/airflow/dags/youtube_medallion_pipeline.py took 0.311 seconds
[2026-07-25T12:21:06.801+0000] {processor.py:186} INFO - Started process (PID=744) to work on /opt/airflow/dags/youtube_medallion_pipeline.py
[2026-07-25T12:21:06.803+0000] {processor.py:914} INFO - Processing file /opt/airflow/dags/youtube_medallion_pipeline.py for tasks to queue
[2026-07-25T12:21:06.809+0000] {logging_mixin.py:190} INFO - [2026-07-25T12:21:06.809+0000] {dagbag.py:588} INFO - Filling up the DagBag from /opt/airflow/dags/youtube_medallion_pipeline.py
[2026-07-25T12:21:06.843+0000] {processor.py:925} INFO - DAG(s) 'youtube_medallion_pipeline' retrieved from /opt/airflow/dags/youtube_medallion_pipeline.py
[2026-07-25T12:21:06.897+0000] {logging_mixin.py:190} INFO - [2026-07-25T12:21:06.897+0000] {dag.py:3239} INFO - Sync 1 DAGs
[2026-07-25T12:21:06.928+0000] {logging_mixin.py:190} INFO - [2026-07-25T12:21:06.927+0000] {dag.py:4180} INFO - Setting next_dagrun for youtube_medallion_pipeline to None, run_after=None
[2026-07-25T12:21:06.997+0000] {processor.py:208} INFO - Processing /opt/airflow/dags/youtube_medallion_pipeline.py took 0.208 seconds
[2026-07-25T12:21:37.538+0000] {processor.py:186} INFO - Started process (PID=749) to work on /opt/airflow/dags/youtube_medallion_pipeline.py
[2026-07-25T12:21:37.549+0000] {processor.py:914} INFO - Processing file /opt/airflow/dags/youtube_medallion_pipeline.py for tasks to queue
[2026-07-25T12:21:37.616+0000] {logging_mixin.py:190} INFO - [2026-07-25T12:21:37.613+0000] {dagbag.py:588} INFO - Filling up the DagBag from /opt/airflow/dags/youtube_medallion_pipeline.py
[2026-07-25T12:21:37.901+0000] {processor.py:925} INFO - DAG(s) 'youtube_medallion_pipeline' retrieved from /opt/airflow/dags/youtube_medallion_pipeline.py
[2026-07-25T12:21:38.305+0000] {logging_mixin.py:190} INFO - [2026-07-25T12:21:38.305+0000] {dag.py:3239} INFO - Sync 1 DAGs
[2026-07-25T12:21:38.486+0000] {logging_mixin.py:190} INFO - [2026-07-25T12:21:38.486+0000] {dag.py:4180} INFO - Setting next_dagrun for youtube_medallion_pipeline to None, run_after=None
[2026-07-25T12:21:38.686+0000] {processor.py:208} INFO - Processing /opt/airflow/dags/youtube_medallion_pipeline.py took 1.279 seconds
[2026-07-25T12:22:08.931+0000] {processor.py:186} INFO - Started process (PID=754) to work on /opt/airflow/dags/youtube_medallion_pipeline.py
[2026-07-25T12:22:08.943+0000] {processor.py:914} INFO - Processing file /opt/airflow/dags/youtube_medallion_pipeline.py for tasks to queue
[2026-07-25T12:22:08.975+0000] {logging_mixin.py:190} INFO - [2026-07-25T12:22:08.972+0000] {dagbag.py:588} INFO - Filling up the DagBag from /opt/airflow/dags/youtube_medallion_pipeline.py
[2026-07-25T12:22:09.100+0000] {processor.py:925} INFO - DAG(s) 'youtube_medallion_pipeline' retrieved from /opt/airflow/dags/youtube_medallion_pipeline.py
[2026-07-25T12:22:09.169+0000] {logging_mixin.py:190} INFO - [2026-07-25T12:22:09.169+0000] {dag.py:3239} INFO - Sync 1 DAGs
[2026-07-25T12:22:09.192+0000] {logging_mixin.py:190} INFO - [2026-07-25T12:22:09.192+0000] {dag.py:4180} INFO - Setting next_dagrun for youtube_medallion_pipeline to None, run_after=None
[2026-07-25T12:22:09.229+0000] {processor.py:208} INFO - Processing /opt/airflow/dags/youtube_medallion_pipeline.py took 0.407 seconds
[2026-07-25T12:22:39.436+0000] {processor.py:186} INFO - Started process (PID=759) to work on /opt/airflow/dags/youtube_medallion_pipeline.py
[2026-07-25T12:22:39.438+0000] {processor.py:914} INFO - Processing file /opt/airflow/dags/youtube_medallion_pipeline.py for tasks to queue
[2026-07-25T12:22:39.456+0000] {logging_mixin.py:190} INFO - [2026-07-25T12:22:39.454+0000] {dagbag.py:588} INFO - Filling up the DagBag from /opt/airflow/dags/youtube_medallion_pipeline.py
[2026-07-25T12:22:39.512+0000] {processor.py:925} INFO - DAG(s) 'youtube_medallion_pipeline' retrieved from /opt/airflow/dags/youtube_medallion_pipeline.py
[2026-07-25T12:22:39.577+0000] {logging_mixin.py:190} INFO - [2026-07-25T12:22:39.576+0000] {dag.py:3239} INFO - Sync 1 DAGs
[2026-07-25T12:22:39.614+0000] {logging_mixin.py:190} INFO - [2026-07-25T12:22:39.614+0000] {dag.py:4180} INFO - Setting next_dagrun for youtube_medallion_pipeline to None, run_after=None
[2026-07-25T12:22:39.658+0000] {processor.py:208} INFO - Processing /opt/airflow/dags/youtube_medallion_pipeline.py took 0.234 seconds
[2026-07-25T12:23:10.184+0000] {processor.py:186} INFO - Started process (PID=764) to work on /opt/airflow/dags/youtube_medallion_pipeline.py
[2026-07-25T12:23:10.187+0000] {processor.py:914} INFO - Processing file /opt/airflow/dags/youtube_medallion_pipeline.py for tasks to queue
[2026-07-25T12:23:10.192+0000] {logging_mixin.py:190} INFO - [2026-07-25T12:23:10.191+0000] {dagbag.py:588} INFO - Filling up the DagBag from /opt/airflow/dags/youtube_medallion_pipeline.py
[2026-07-25T12:23:10.219+0000] {processor.py:925} INFO - DAG(s) 'youtube_medallion_pipeline' retrieved from /opt/airflow/dags/youtube_medallion_pipeline.py
[2026-07-25T12:23:10.277+0000] {logging_mixin.py:190} INFO - [2026-07-25T12:23:10.276+0000] {dag.py:3239} INFO - Sync 1 DAGs
[2026-07-25T12:23:10.333+0000] {logging_mixin.py:190} INFO - [2026-07-25T12:23:10.332+0000] {dag.py:4180} INFO - Setting next_dagrun for youtube_medallion_pipeline to None, run_after=None
[2026-07-25T12:23:10.429+0000] {processor.py:208} INFO - Processing /opt/airflow/dags/youtube_medallion_pipeline.py took 0.252 seconds
[2026-07-25T12:23:40.562+0000] {processor.py:186} INFO - Started process (PID=769) to work on /opt/airflow/dags/youtube_medallion_pipeline.py
[2026-07-25T12:23:40.565+0000] {processor.py:914} INFO - Processing file /opt/airflow/dags/youtube_medallion_pipeline.py for tasks to queue
[2026-07-25T12:23:40.572+0000] {logging_mixin.py:190} INFO - [2026-07-25T12:23:40.571+0000] {dagbag.py:588} INFO - Filling up the DagBag from /opt/airflow/dags/youtube_medallion_pipeline.py
[2026-07-25T12:23:40.621+0000] {processor.py:925} INFO - DAG(s) 'youtube_medallion_pipeline' retrieved from /opt/airflow/dags/youtube_medallion_pipeline.py
[2026-07-25T12:23:40.751+0000] {logging_mixin.py:190} INFO - [2026-07-25T12:23:40.750+0000] {dag.py:3239} INFO - Sync 1 DAGs
[2026-07-25T12:23:40.818+0000] {logging_mixin.py:190} INFO - [2026-07-25T12:23:40.817+0000] {dag.py:4180} INFO - Setting next_dagrun for youtube_medallion_pipeline to None, run_after=None
[2026-07-25T12:23:40.854+0000] {processor.py:208} INFO - Processing /opt/airflow/dags/youtube_medallion_pipeline.py took 0.303 seconds
[2026-07-25T12:24:11.151+0000] {processor.py:186} INFO - Started process (PID=774) to work on /opt/airflow/dags/youtube_medallion_pipeline.py
[2026-07-25T12:24:11.154+0000] {processor.py:914} INFO - Processing file /opt/airflow/dags/youtube_medallion_pipeline.py for tasks to queue
[2026-07-25T12:24:11.161+0000] {logging_mixin.py:190} INFO - [2026-07-25T12:24:11.160+0000] {dagbag.py:588} INFO - Filling up the DagBag from /opt/airflow/dags/youtube_medallion_pipeline.py
[2026-07-25T12:24:11.198+0000] {processor.py:925} INFO - DAG(s) 'youtube_medallion_pipeline' retrieved from /opt/airflow/dags/youtube_medallion_pipeline.py
[2026-07-25T12:24:11.260+0000] {logging_mixin.py:190} INFO - [2026-07-25T12:24:11.259+0000] {dag.py:3239} INFO - Sync 1 DAGs
[2026-07-25T12:24:11.306+0000] {logging_mixin.py:190} INFO - [2026-07-25T12:24:11.305+0000] {dag.py:4180} INFO - Setting next_dagrun for youtube_medallion_pipeline to None, run_after=None
[2026-07-25T12:24:11.367+0000] {processor.py:208} INFO - Processing /opt/airflow/dags/youtube_medallion_pipeline.py took 0.235 seconds
[2026-07-25T12:24:41.799+0000] {processor.py:186} INFO - Started process (PID=779) to work on /opt/airflow/dags/youtube_medallion_pipeline.py
[2026-07-25T12:24:41.838+0000] {processor.py:914} INFO - Processing file /opt/airflow/dags/youtube_medallion_pipeline.py for tasks to queue
[2026-07-25T12:24:43.266+0000] {logging_mixin.py:190} INFO - [2026-07-25T12:24:42.903+0000] {dagbag.py:588} INFO - Filling up the DagBag from /opt/airflow/dags/youtube_medallion_pipeline.py
[2026-07-25T12:24:47.159+0000] {processor.py:925} INFO - DAG(s) 'youtube_medallion_pipeline' retrieved from /opt/airflow/dags/youtube_medallion_pipeline.py
[2026-07-25T12:24:47.379+0000] {logging_mixin.py:190} INFO - [2026-07-25T12:24:47.379+0000] {dag.py:3239} INFO - Sync 1 DAGs
[2026-07-25T12:24:47.461+0000] {logging_mixin.py:190} INFO - [2026-07-25T12:24:47.460+0000] {dag.py:4180} INFO - Setting next_dagrun for youtube_medallion_pipeline to None, run_after=None
[2026-07-25T12:24:47.578+0000] {processor.py:208} INFO - Processing /opt/airflow/dags/youtube_medallion_pipeline.py took 5.829 seconds
[2026-07-25T12:25:17.803+0000] {processor.py:186} INFO - Started process (PID=784) to work on /opt/airflow/dags/youtube_medallion_pipeline.py
[2026-07-25T12:25:17.807+0000] {processor.py:914} INFO - Processing file /opt/airflow/dags/youtube_medallion_pipeline.py for tasks to queue
[2026-07-25T12:25:17.813+0000] {logging_mixin.py:190} INFO - [2026-07-25T12:25:17.812+0000] {dagbag.py:588} INFO - Filling up the DagBag from /opt/airflow/dags/youtube_medallion_pipeline.py
[2026-07-25T12:25:17.850+0000] {processor.py:925} INFO - DAG(s) 'youtube_medallion_pipeline' retrieved from /opt/airflow/dags/youtube_medallion_pipeline.py
[2026-07-25T12:25:17.919+0000] {logging_mixin.py:190} INFO - [2026-07-25T12:25:17.918+0000] {dag.py:3239} INFO - Sync 1 DAGs
[2026-07-25T12:25:17.949+0000] {logging_mixin.py:190} INFO - [2026-07-25T12:25:17.948+0000] {dag.py:4180} INFO - Setting next_dagrun for youtube_medallion_pipeline to None, run_after=None
[2026-07-25T12:25:17.992+0000] {processor.py:208} INFO - Processing /opt/airflow/dags/youtube_medallion_pipeline.py took 0.199 seconds
[2026-07-25T12:25:48.197+0000] {processor.py:186} INFO - Started process (PID=789) to work on /opt/airflow/dags/youtube_medallion_pipeline.py
[2026-07-25T12:25:48.203+0000] {processor.py:914} INFO - Processing file /opt/airflow/dags/youtube_medallion_pipeline.py for tasks to queue
[2026-07-25T12:25:48.213+0000] {logging_mixin.py:190} INFO - [2026-07-25T12:25:48.210+0000] {dagbag.py:588} INFO - Filling up the DagBag from /opt/airflow/dags/youtube_medallion_pipeline.py
[2026-07-25T12:25:48.264+0000] {processor.py:925} INFO - DAG(s) 'youtube_medallion_pipeline' retrieved from /opt/airflow/dags/youtube_medallion_pipeline.py
[2026-07-25T12:25:48.348+0000] {logging_mixin.py:190} INFO - [2026-07-25T12:25:48.347+0000] {dag.py:3239} INFO - Sync 1 DAGs
[2026-07-25T12:25:48.384+0000] {logging_mixin.py:190} INFO - [2026-07-25T12:25:48.384+0000] {dag.py:4180} INFO - Setting next_dagrun for youtube_medallion_pipeline to None, run_after=None
[2026-07-25T12:25:48.432+0000] {processor.py:208} INFO - Processing /opt/airflow/dags/youtube_medallion_pipeline.py took 0.254 seconds
[2026-07-25T12:26:18.802+0000] {processor.py:186} INFO - Started process (PID=794) to work on /opt/airflow/dags/youtube_medallion_pipeline.py
[2026-07-25T12:26:18.806+0000] {processor.py:914} INFO - Processing file /opt/airflow/dags/youtube_medallion_pipeline.py for tasks to queue
[2026-07-25T12:26:18.814+0000] {logging_mixin.py:190} INFO - [2026-07-25T12:26:18.813+0000] {dagbag.py:588} INFO - Filling up the DagBag from /opt/airflow/dags/youtube_medallion_pipeline.py
[2026-07-25T12:26:18.845+0000] {processor.py:925} INFO - DAG(s) 'youtube_medallion_pipeline' retrieved from /opt/airflow/dags/youtube_medallion_pipeline.py
[2026-07-25T12:26:19.066+0000] {logging_mixin.py:190} INFO - [2026-07-25T12:26:19.065+0000] {dag.py:3239} INFO - Sync 1 DAGs
[2026-07-25T12:26:19.255+0000] {logging_mixin.py:190} INFO - [2026-07-25T12:26:19.255+0000] {dag.py:4180} INFO - Setting next_dagrun for youtube_medallion_pipeline to None, run_after=None
[2026-07-25T12:26:19.320+0000] {processor.py:208} INFO - Processing /opt/airflow/dags/youtube_medallion_pipeline.py took 0.531 seconds
[2026-07-25T12:26:49.737+0000] {processor.py:186} INFO - Started process (PID=799) to work on /opt/airflow/dags/youtube_medallion_pipeline.py
[2026-07-25T12:26:49.740+0000] {processor.py:914} INFO - Processing file /opt/airflow/dags/youtube_medallion_pipeline.py for tasks to queue
[2026-07-25T12:26:49.747+0000] {logging_mixin.py:190} INFO - [2026-07-25T12:26:49.746+0000] {dagbag.py:588} INFO - Filling up the DagBag from /opt/airflow/dags/youtube_medallion_pipeline.py
[2026-07-25T12:26:49.785+0000] {processor.py:925} INFO - DAG(s) 'youtube_medallion_pipeline' retrieved from /opt/airflow/dags/youtube_medallion_pipeline.py
[2026-07-25T12:26:49.849+0000] {logging_mixin.py:190} INFO - [2026-07-25T12:26:49.848+0000] {dag.py:3239} INFO - Sync 1 DAGs
[2026-07-25T12:26:49.906+0000] {logging_mixin.py:190} INFO - [2026-07-25T12:26:49.906+0000] {dag.py:4180} INFO - Setting next_dagrun for youtube_medallion_pipeline to None, run_after=None
[2026-07-25T12:26:50.035+0000] {processor.py:208} INFO - Processing /opt/airflow/dags/youtube_medallion_pipeline.py took 0.311 seconds
[2026-07-25T12:27:20.493+0000] {processor.py:186} INFO - Started process (PID=804) to work on /opt/airflow/dags/youtube_medallion_pipeline.py
[2026-07-25T12:27:20.498+0000] {processor.py:914} INFO - Processing file /opt/airflow/dags/youtube_medallion_pipeline.py for tasks to queue
[2026-07-25T12:27:20.505+0000] {logging_mixin.py:190} INFO - [2026-07-25T12:27:20.504+0000] {dagbag.py:588} INFO - Filling up the DagBag from /opt/airflow/dags/youtube_medallion_pipeline.py
[2026-07-25T12:27:20.546+0000] {processor.py:925} INFO - DAG(s) 'youtube_medallion_pipeline' retrieved from /opt/airflow/dags/youtube_medallion_pipeline.py
[2026-07-25T12:27:20.595+0000] {logging_mixin.py:190} INFO - [2026-07-25T12:27:20.595+0000] {dag.py:3239} INFO - Sync 1 DAGs
[2026-07-25T12:27:20.634+0000] {logging_mixin.py:190} INFO - [2026-07-25T12:27:20.634+0000] {dag.py:4180} INFO - Setting next_dagrun for youtube_medallion_pipeline to None, run_after=None
[2026-07-25T12:27:21.025+0000] {processor.py:208} INFO - Processing /opt/airflow/dags/youtube_medallion_pipeline.py took 0.551 seconds
[2026-07-25T12:27:51.445+0000] {processor.py:186} INFO - Started process (PID=809) to work on /opt/airflow/dags/youtube_medallion_pipeline.py
[2026-07-25T12:27:51.448+0000] {processor.py:914} INFO - Processing file /opt/airflow/dags/youtube_medallion_pipeline.py for tasks to queue
[2026-07-25T12:27:51.454+0000] {logging_mixin.py:190} INFO - [2026-07-25T12:27:51.454+0000] {dagbag.py:588} INFO - Filling up the DagBag from /opt/airflow/dags/youtube_medallion_pipeline.py
[2026-07-25T12:27:51.496+0000] {processor.py:925} INFO - DAG(s) 'youtube_medallion_pipeline' retrieved from /opt/airflow/dags/youtube_medallion_pipeline.py
[2026-07-25T12:27:51.562+0000] {logging_mixin.py:190} INFO - [2026-07-25T12:27:51.561+0000] {dag.py:3239} INFO - Sync 1 DAGs
[2026-07-25T12:27:51.606+0000] {logging_mixin.py:190} INFO - [2026-07-25T12:27:51.605+0000] {dag.py:4180} INFO - Setting next_dagrun for youtube_medallion_pipeline to None, run_after=None
[2026-07-25T12:27:51.670+0000] {processor.py:208} INFO - Processing /opt/airflow/dags/youtube_medallion_pipeline.py took 0.236 seconds
[2026-07-25T12:28:21.846+0000] {processor.py:186} INFO - Started process (PID=814) to work on /opt/airflow/dags/youtube_medallion_pipeline.py
[2026-07-25T12:28:21.853+0000] {processor.py:914} INFO - Processing file /opt/airflow/dags/youtube_medallion_pipeline.py for tasks to queue
[2026-07-25T12:28:21.868+0000] {logging_mixin.py:190} INFO - [2026-07-25T12:28:21.859+0000] {dagbag.py:588} INFO - Filling up the DagBag from /opt/airflow/dags/youtube_medallion_pipeline.py
[2026-07-25T12:28:21.917+0000] {processor.py:925} INFO - DAG(s) 'youtube_medallion_pipeline' retrieved from /opt/airflow/dags/youtube_medallion_pipeline.py
[2026-07-25T12:28:21.987+0000] {logging_mixin.py:190} INFO - [2026-07-25T12:28:21.987+0000] {dag.py:3239} INFO - Sync 1 DAGs
[2026-07-25T12:28:22.019+0000] {logging_mixin.py:190} INFO - [2026-07-25T12:28:22.019+0000] {dag.py:4180} INFO - Setting next_dagrun for youtube_medallion_pipeline to None, run_after=None
[2026-07-25T12:28:22.062+0000] {processor.py:208} INFO - Processing /opt/airflow/dags/youtube_medallion_pipeline.py took 0.234 seconds
[2026-07-25T12:28:52.466+0000] {processor.py:186} INFO - Started process (PID=819) to work on /opt/airflow/dags/youtube_medallion_pipeline.py
[2026-07-25T12:28:52.472+0000] {processor.py:914} INFO - Processing file /opt/airflow/dags/youtube_medallion_pipeline.py for tasks to queue
[2026-07-25T12:28:52.488+0000] {logging_mixin.py:190} INFO - [2026-07-25T12:28:52.486+0000] {dagbag.py:588} INFO - Filling up the DagBag from /opt/airflow/dags/youtube_medallion_pipeline.py
[2026-07-25T12:28:52.554+0000] {processor.py:925} INFO - DAG(s) 'youtube_medallion_pipeline' retrieved from /opt/airflow/dags/youtube_medallion_pipeline.py
[2026-07-25T12:28:52.647+0000] {logging_mixin.py:190} INFO - [2026-07-25T12:28:52.646+0000] {dag.py:3239} INFO - Sync 1 DAGs
[2026-07-25T12:28:52.737+0000] {logging_mixin.py:190} INFO - [2026-07-25T12:28:52.736+0000] {dag.py:4180} INFO - Setting next_dagrun for youtube_medallion_pipeline to None, run_after=None
[2026-07-25T12:28:52.797+0000] {processor.py:208} INFO - Processing /opt/airflow/dags/youtube_medallion_pipeline.py took 0.353 seconds
[2026-07-25T12:29:23.202+0000] {processor.py:186} INFO - Started process (PID=824) to work on /opt/airflow/dags/youtube_medallion_pipeline.py
[2026-07-25T12:29:23.205+0000] {processor.py:914} INFO - Processing file /opt/airflow/dags/youtube_medallion_pipeline.py for tasks to queue
[2026-07-25T12:29:23.211+0000] {logging_mixin.py:190} INFO - [2026-07-25T12:29:23.210+0000] {dagbag.py:588} INFO - Filling up the DagBag from /opt/airflow/dags/youtube_medallion_pipeline.py
[2026-07-25T12:29:23.251+0000] {processor.py:925} INFO - DAG(s) 'youtube_medallion_pipeline' retrieved from /opt/airflow/dags/youtube_medallion_pipeline.py
[2026-07-25T12:29:23.307+0000] {logging_mixin.py:190} INFO - [2026-07-25T12:29:23.307+0000] {dag.py:3239} INFO - Sync 1 DAGs
[2026-07-25T12:29:23.340+0000] {logging_mixin.py:190} INFO - [2026-07-25T12:29:23.340+0000] {dag.py:4180} INFO - Setting next_dagrun for youtube_medallion_pipeline to None, run_after=None
[2026-07-25T12:29:23.388+0000] {processor.py:208} INFO - Processing /opt/airflow/dags/youtube_medallion_pipeline.py took 0.196 seconds
[2026-07-25T12:29:53.566+0000] {processor.py:186} INFO - Started process (PID=829) to work on /opt/airflow/dags/youtube_medallion_pipeline.py
[2026-07-25T12:29:53.568+0000] {processor.py:914} INFO - Processing file /opt/airflow/dags/youtube_medallion_pipeline.py for tasks to queue
[2026-07-25T12:29:53.576+0000] {logging_mixin.py:190} INFO - [2026-07-25T12:29:53.575+0000] {dagbag.py:588} INFO - Filling up the DagBag from /opt/airflow/dags/youtube_medallion_pipeline.py
[2026-07-25T12:29:53.612+0000] {processor.py:925} INFO - DAG(s) 'youtube_medallion_pipeline' retrieved from /opt/airflow/dags/youtube_medallion_pipeline.py
[2026-07-25T12:29:53.718+0000] {logging_mixin.py:190} INFO - [2026-07-25T12:29:53.718+0000] {dag.py:3239} INFO - Sync 1 DAGs
[2026-07-25T12:29:53.757+0000] {logging_mixin.py:190} INFO - [2026-07-25T12:29:53.756+0000] {dag.py:4180} INFO - Setting next_dagrun for youtube_medallion_pipeline to None, run_after=None
[2026-07-25T12:29:53.817+0000] {processor.py:208} INFO - Processing /opt/airflow/dags/youtube_medallion_pipeline.py took 0.264 seconds
[2026-07-25T12:30:23.971+0000] {processor.py:186} INFO - Started process (PID=834) to work on /opt/airflow/dags/youtube_medallion_pipeline.py
[2026-07-25T12:30:23.975+0000] {processor.py:914} INFO - Processing file /opt/airflow/dags/youtube_medallion_pipeline.py for tasks to queue
[2026-07-25T12:30:23.986+0000] {logging_mixin.py:190} INFO - [2026-07-25T12:30:23.985+0000] {dagbag.py:588} INFO - Filling up the DagBag from /opt/airflow/dags/youtube_medallion_pipeline.py
[2026-07-25T12:30:24.040+0000] {processor.py:925} INFO - DAG(s) 'youtube_medallion_pipeline' retrieved from /opt/airflow/dags/youtube_medallion_pipeline.py
[2026-07-25T12:30:24.130+0000] {logging_mixin.py:190} INFO - [2026-07-25T12:30:24.129+0000] {dag.py:3239} INFO - Sync 1 DAGs
[2026-07-25T12:30:24.170+0000] {logging_mixin.py:190} INFO - [2026-07-25T12:30:24.169+0000] {dag.py:4180} INFO - Setting next_dagrun for youtube_medallion_pipeline to None, run_after=None
[2026-07-25T12:30:24.234+0000] {processor.py:208} INFO - Processing /opt/airflow/dags/youtube_medallion_pipeline.py took 0.278 seconds
[2026-07-25T12:30:54.605+0000] {processor.py:186} INFO - Started process (PID=839) to work on /opt/airflow/dags/youtube_medallion_pipeline.py
[2026-07-25T12:30:54.609+0000] {processor.py:914} INFO - Processing file /opt/airflow/dags/youtube_medallion_pipeline.py for tasks to queue
[2026-07-25T12:30:54.616+0000] {logging_mixin.py:190} INFO - [2026-07-25T12:30:54.615+0000] {dagbag.py:588} INFO - Filling up the DagBag from /opt/airflow/dags/youtube_medallion_pipeline.py
[2026-07-25T12:30:54.652+0000] {processor.py:925} INFO - DAG(s) 'youtube_medallion_pipeline' retrieved from /opt/airflow/dags/youtube_medallion_pipeline.py
[2026-07-25T12:30:54.724+0000] {logging_mixin.py:190} INFO - [2026-07-25T12:30:54.723+0000] {dag.py:3239} INFO - Sync 1 DAGs
[2026-07-25T12:30:54.844+0000] {logging_mixin.py:190} INFO - [2026-07-25T12:30:54.844+0000] {dag.py:4180} INFO - Setting next_dagrun for youtube_medallion_pipeline to None, run_after=None
[2026-07-25T12:30:54.904+0000] {processor.py:208} INFO - Processing /opt/airflow/dags/youtube_medallion_pipeline.py took 0.309 seconds
[2026-07-25T12:31:25.345+0000] {processor.py:186} INFO - Started process (PID=844) to work on /opt/airflow/dags/youtube_medallion_pipeline.py
[2026-07-25T12:31:25.349+0000] {processor.py:914} INFO - Processing file /opt/airflow/dags/youtube_medallion_pipeline.py for tasks to queue
[2026-07-25T12:31:25.355+0000] {logging_mixin.py:190} INFO - [2026-07-25T12:31:25.354+0000] {dagbag.py:588} INFO - Filling up the DagBag from /opt/airflow/dags/youtube_medallion_pipeline.py
[2026-07-25T12:31:25.395+0000] {processor.py:925} INFO - DAG(s) 'youtube_medallion_pipeline' retrieved from /opt/airflow/dags/youtube_medallion_pipeline.py
[2026-07-25T12:31:25.464+0000] {logging_mixin.py:190} INFO - [2026-07-25T12:31:25.463+0000] {dag.py:3239} INFO - Sync 1 DAGs
[2026-07-25T12:31:25.500+0000] {logging_mixin.py:190} INFO - [2026-07-25T12:31:25.499+0000] {dag.py:4180} INFO - Setting next_dagrun for youtube_medallion_pipeline to None, run_after=None
[2026-07-25T12:31:25.550+0000] {processor.py:208} INFO - Processing /opt/airflow/dags/youtube_medallion_pipeline.py took 0.214 seconds
[2026-07-25T12:31:55.698+0000] {processor.py:186} INFO - Started process (PID=849) to work on /opt/airflow/dags/youtube_medallion_pipeline.py
[2026-07-25T12:31:55.701+0000] {processor.py:914} INFO - Processing file /opt/airflow/dags/youtube_medallion_pipeline.py for tasks to queue
[2026-07-25T12:31:55.706+0000] {logging_mixin.py:190} INFO - [2026-07-25T12:31:55.706+0000] {dagbag.py:588} INFO - Filling up the DagBag from /opt/airflow/dags/youtube_medallion_pipeline.py
[2026-07-25T12:31:55.746+0000] {processor.py:925} INFO - DAG(s) 'youtube_medallion_pipeline' retrieved from /opt/airflow/dags/youtube_medallion_pipeline.py
[2026-07-25T12:31:55.808+0000] {logging_mixin.py:190} INFO - [2026-07-25T12:31:55.808+0000] {dag.py:3239} INFO - Sync 1 DAGs
[2026-07-25T12:31:55.898+0000] {logging_mixin.py:190} INFO - [2026-07-25T12:31:55.897+0000] {dag.py:4180} INFO - Setting next_dagrun for youtube_medallion_pipeline to None, run_after=None
[2026-07-25T12:31:55.989+0000] {processor.py:208} INFO - Processing /opt/airflow/dags/youtube_medallion_pipeline.py took 0.302 seconds
[2026-07-25T12:32:26.383+0000] {processor.py:186} INFO - Started process (PID=854) to work on /opt/airflow/dags/youtube_medallion_pipeline.py
[2026-07-25T12:32:26.386+0000] {processor.py:914} INFO - Processing file /opt/airflow/dags/youtube_medallion_pipeline.py for tasks to queue
[2026-07-25T12:32:26.391+0000] {logging_mixin.py:190} INFO - [2026-07-25T12:32:26.391+0000] {dagbag.py:588} INFO - Filling up the DagBag from /opt/airflow/dags/youtube_medallion_pipeline.py
[2026-07-25T12:32:26.427+0000] {processor.py:925} INFO - DAG(s) 'youtube_medallion_pipeline' retrieved from /opt/airflow/dags/youtube_medallion_pipeline.py
[2026-07-25T12:32:26.483+0000] {logging_mixin.py:190} INFO - [2026-07-25T12:32:26.483+0000] {dag.py:3239} INFO - Sync 1 DAGs
[2026-07-25T12:32:26.513+0000] {logging_mixin.py:190} INFO - [2026-07-25T12:32:26.512+0000] {dag.py:4180} INFO - Setting next_dagrun for youtube_medallion_pipeline to None, run_after=None
[2026-07-25T12:32:26.556+0000] {processor.py:208} INFO - Processing /opt/airflow/dags/youtube_medallion_pipeline.py took 0.184 seconds
[2026-07-25T14:26:40.089+0000] {processor.py:186} INFO - Started process (PID=865) to work on /opt/airflow/dags/youtube_medallion_pipeline.py
[2026-07-25T14:26:40.107+0000] {processor.py:914} INFO - Processing file /opt/airflow/dags/youtube_medallion_pipeline.py for tasks to queue
[2026-07-25T14:26:40.123+0000] {logging_mixin.py:190} INFO - [2026-07-25T14:26:40.116+0000] {dagbag.py:588} INFO - Filling up the DagBag from /opt/airflow/dags/youtube_medallion_pipeline.py
[2026-07-25T14:26:40.297+0000] {processor.py:925} INFO - DAG(s) 'youtube_medallion_pipeline' retrieved from /opt/airflow/dags/youtube_medallion_pipeline.py
[2026-07-25T14:26:40.881+0000] {logging_mixin.py:190} INFO - [2026-07-25T14:26:40.881+0000] {dag.py:3239} INFO - Sync 1 DAGs
[2026-07-25T14:26:45.047+0000] {logging_mixin.py:190} INFO - [2026-07-25T14:26:45.046+0000] {dag.py:4180} INFO - Setting next_dagrun for youtube_medallion_pipeline to None, run_after=None
[2026-07-25T14:26:45.088+0000] {processor.py:208} INFO - Processing /opt/airflow/dags/youtube_medallion_pipeline.py took 5.083 seconds
[2026-07-25T14:27:15.880+0000] {processor.py:186} INFO - Started process (PID=870) to work on /opt/airflow/dags/youtube_medallion_pipeline.py
[2026-07-25T14:27:15.884+0000] {processor.py:914} INFO - Processing file /opt/airflow/dags/youtube_medallion_pipeline.py for tasks to queue
[2026-07-25T14:27:15.894+0000] {logging_mixin.py:190} INFO - [2026-07-25T14:27:15.892+0000] {dagbag.py:588} INFO - Filling up the DagBag from /opt/airflow/dags/youtube_medallion_pipeline.py
[2026-07-25T14:27:15.943+0000] {processor.py:925} INFO - DAG(s) 'youtube_medallion_pipeline' retrieved from /opt/airflow/dags/youtube_medallion_pipeline.py
[2026-07-25T14:27:16.021+0000] {logging_mixin.py:190} INFO - [2026-07-25T14:27:16.021+0000] {dag.py:3239} INFO - Sync 1 DAGs
[2026-07-25T14:27:16.043+0000] {logging_mixin.py:190} INFO - [2026-07-25T14:27:16.043+0000] {dag.py:4180} INFO - Setting next_dagrun for youtube_medallion_pipeline to None, run_after=None
[2026-07-25T14:27:16.074+0000] {processor.py:208} INFO - Processing /opt/airflow/dags/youtube_medallion_pipeline.py took 0.214 seconds
[2026-07-25T14:27:46.528+0000] {processor.py:186} INFO - Started process (PID=875) to work on /opt/airflow/dags/youtube_medallion_pipeline.py
[2026-07-25T14:27:46.531+0000] {processor.py:914} INFO - Processing file /opt/airflow/dags/youtube_medallion_pipeline.py for tasks to queue
[2026-07-25T14:27:46.538+0000] {logging_mixin.py:190} INFO - [2026-07-25T14:27:46.537+0000] {dagbag.py:588} INFO - Filling up the DagBag from /opt/airflow/dags/youtube_medallion_pipeline.py
[2026-07-25T14:27:46.568+0000] {processor.py:925} INFO - DAG(s) 'youtube_medallion_pipeline' retrieved from /opt/airflow/dags/youtube_medallion_pipeline.py
[2026-07-25T14:27:46.655+0000] {logging_mixin.py:190} INFO - [2026-07-25T14:27:46.653+0000] {dag.py:3239} INFO - Sync 1 DAGs
[2026-07-25T14:27:46.686+0000] {logging_mixin.py:190} INFO - [2026-07-25T14:27:46.686+0000] {dag.py:4180} INFO - Setting next_dagrun for youtube_medallion_pipeline to None, run_after=None
[2026-07-25T14:27:46.733+0000] {processor.py:208} INFO - Processing /opt/airflow/dags/youtube_medallion_pipeline.py took 0.251 seconds
[2026-07-25T14:28:17.028+0000] {processor.py:186} INFO - Started process (PID=880) to work on /opt/airflow/dags/youtube_medallion_pipeline.py
[2026-07-25T14:28:17.032+0000] {processor.py:914} INFO - Processing file /opt/airflow/dags/youtube_medallion_pipeline.py for tasks to queue
[2026-07-25T14:28:17.036+0000] {logging_mixin.py:190} INFO - [2026-07-25T14:28:17.035+0000] {dagbag.py:588} INFO - Filling up the DagBag from /opt/airflow/dags/youtube_medallion_pipeline.py
[2026-07-25T14:28:17.066+0000] {processor.py:925} INFO - DAG(s) 'youtube_medallion_pipeline' retrieved from /opt/airflow/dags/youtube_medallion_pipeline.py
[2026-07-25T14:28:17.146+0000] {logging_mixin.py:190} INFO - [2026-07-25T14:28:17.145+0000] {dag.py:3239} INFO - Sync 1 DAGs
[2026-07-25T14:28:17.194+0000] {logging_mixin.py:190} INFO - [2026-07-25T14:28:17.194+0000] {dag.py:4180} INFO - Setting next_dagrun for youtube_medallion_pipeline to None, run_after=None
[2026-07-25T14:28:17.229+0000] {processor.py:208} INFO - Processing /opt/airflow/dags/youtube_medallion_pipeline.py took 0.216 seconds
[2026-07-25T14:28:47.927+0000] {processor.py:186} INFO - Started process (PID=885) to work on /opt/airflow/dags/youtube_medallion_pipeline.py
[2026-07-25T14:28:47.940+0000] {processor.py:914} INFO - Processing file /opt/airflow/dags/youtube_medallion_pipeline.py for tasks to queue
[2026-07-25T14:28:47.944+0000] {logging_mixin.py:190} INFO - [2026-07-25T14:28:47.944+0000] {dagbag.py:588} INFO - Filling up the DagBag from /opt/airflow/dags/youtube_medallion_pipeline.py
[2026-07-25T14:28:47.976+0000] {processor.py:925} INFO - DAG(s) 'youtube_medallion_pipeline' retrieved from /opt/airflow/dags/youtube_medallion_pipeline.py
[2026-07-25T14:28:48.109+0000] {logging_mixin.py:190} INFO - [2026-07-25T14:28:48.109+0000] {dag.py:3239} INFO - Sync 1 DAGs
[2026-07-25T14:28:48.170+0000] {logging_mixin.py:190} INFO - [2026-07-25T14:28:48.170+0000] {dag.py:4180} INFO - Setting next_dagrun for youtube_medallion_pipeline to None, run_after=None
[2026-07-25T14:28:48.213+0000] {processor.py:208} INFO - Processing /opt/airflow/dags/youtube_medallion_pipeline.py took 0.296 seconds
[2026-07-25T14:29:21.260+0000] {processor.py:186} INFO - Started process (PID=890) to work on /opt/airflow/dags/youtube_medallion_pipeline.py
[2026-07-25T14:29:21.384+0000] {processor.py:914} INFO - Processing file /opt/airflow/dags/youtube_medallion_pipeline.py for tasks to queue
[2026-07-25T14:29:21.388+0000] {logging_mixin.py:190} INFO - [2026-07-25T14:29:21.387+0000] {dagbag.py:588} INFO - Filling up the DagBag from /opt/airflow/dags/youtube_medallion_pipeline.py
[2026-07-25T14:29:21.585+0000] {processor.py:925} INFO - DAG(s) 'youtube_medallion_pipeline' retrieved from /opt/airflow/dags/youtube_medallion_pipeline.py
[2026-07-25T14:29:22.755+0000] {logging_mixin.py:190} INFO - [2026-07-25T14:29:22.755+0000] {dag.py:3239} INFO - Sync 1 DAGs
[2026-07-25T14:29:22.995+0000] {logging_mixin.py:190} INFO - [2026-07-25T14:29:22.995+0000] {dag.py:4180} INFO - Setting next_dagrun for youtube_medallion_pipeline to None, run_after=None
[2026-07-25T14:29:23.848+0000] {processor.py:208} INFO - Processing /opt/airflow/dags/youtube_medallion_pipeline.py took 2.597 seconds
[2026-07-25T14:29:54.580+0000] {processor.py:186} INFO - Started process (PID=895) to work on /opt/airflow/dags/youtube_medallion_pipeline.py
[2026-07-25T14:29:54.583+0000] {processor.py:914} INFO - Processing file /opt/airflow/dags/youtube_medallion_pipeline.py for tasks to queue
[2026-07-25T14:29:54.586+0000] {logging_mixin.py:190} INFO - [2026-07-25T14:29:54.586+0000] {dagbag.py:588} INFO - Filling up the DagBag from /opt/airflow/dags/youtube_medallion_pipeline.py
[2026-07-25T14:29:54.612+0000] {processor.py:925} INFO - DAG(s) 'youtube_medallion_pipeline' retrieved from /opt/airflow/dags/youtube_medallion_pipeline.py
[2026-07-25T14:29:54.673+0000] {logging_mixin.py:190} INFO - [2026-07-25T14:29:54.673+0000] {dag.py:3239} INFO - Sync 1 DAGs
[2026-07-25T14:29:54.721+0000] {logging_mixin.py:190} INFO - [2026-07-25T14:29:54.720+0000] {dag.py:4180} INFO - Setting next_dagrun for youtube_medallion_pipeline to None, run_after=None
[2026-07-25T14:29:54.764+0000] {processor.py:208} INFO - Processing /opt/airflow/dags/youtube_medallion_pipeline.py took 0.193 seconds
[2026-07-25T14:30:24.943+0000] {processor.py:186} INFO - Started process (PID=900) to work on /opt/airflow/dags/youtube_medallion_pipeline.py
[2026-07-25T14:30:24.946+0000] {processor.py:914} INFO - Processing file /opt/airflow/dags/youtube_medallion_pipeline.py for tasks to queue
[2026-07-25T14:30:24.951+0000] {logging_mixin.py:190} INFO - [2026-07-25T14:30:24.950+0000] {dagbag.py:588} INFO - Filling up the DagBag from /opt/airflow/dags/youtube_medallion_pipeline.py
[2026-07-25T14:30:24.980+0000] {processor.py:925} INFO - DAG(s) 'youtube_medallion_pipeline' retrieved from /opt/airflow/dags/youtube_medallion_pipeline.py
[2026-07-25T14:30:25.044+0000] {logging_mixin.py:190} INFO - [2026-07-25T14:30:25.043+0000] {dag.py:3239} INFO - Sync 1 DAGs
[2026-07-25T14:30:25.069+0000] {logging_mixin.py:190} INFO - [2026-07-25T14:30:25.069+0000] {dag.py:4180} INFO - Setting next_dagrun for youtube_medallion_pipeline to None, run_after=None
[2026-07-25T14:30:25.114+0000] {processor.py:208} INFO - Processing /opt/airflow/dags/youtube_medallion_pipeline.py took 0.182 seconds
[2026-07-25T14:30:55.462+0000] {processor.py:186} INFO - Started process (PID=905) to work on /opt/airflow/dags/youtube_medallion_pipeline.py
[2026-07-25T14:30:55.465+0000] {processor.py:914} INFO - Processing file /opt/airflow/dags/youtube_medallion_pipeline.py for tasks to queue
[2026-07-25T14:30:55.468+0000] {logging_mixin.py:190} INFO - [2026-07-25T14:30:55.468+0000] {dagbag.py:588} INFO - Filling up the DagBag from /opt/airflow/dags/youtube_medallion_pipeline.py
[2026-07-25T14:30:55.561+0000] {processor.py:925} INFO - DAG(s) 'youtube_medallion_pipeline' retrieved from /opt/airflow/dags/youtube_medallion_pipeline.py
[2026-07-25T14:30:55.642+0000] {logging_mixin.py:190} INFO - [2026-07-25T14:30:55.641+0000] {dag.py:3239} INFO - Sync 1 DAGs
[2026-07-25T14:30:55.715+0000] {logging_mixin.py:190} INFO - [2026-07-25T14:30:55.714+0000] {dag.py:4180} INFO - Setting next_dagrun for youtube_medallion_pipeline to None, run_after=None
[2026-07-25T14:30:55.762+0000] {processor.py:208} INFO - Processing /opt/airflow/dags/youtube_medallion_pipeline.py took 0.312 seconds
[2026-07-25T14:31:25.866+0000] {processor.py:186} INFO - Started process (PID=910) to work on /opt/airflow/dags/youtube_medallion_pipeline.py
[2026-07-25T14:31:25.870+0000] {processor.py:914} INFO - Processing file /opt/airflow/dags/youtube_medallion_pipeline.py for tasks to queue
[2026-07-25T14:31:25.875+0000] {logging_mixin.py:190} INFO - [2026-07-25T14:31:25.873+0000] {dagbag.py:588} INFO - Filling up the DagBag from /opt/airflow/dags/youtube_medallion_pipeline.py
[2026-07-25T14:31:25.904+0000] {processor.py:925} INFO - DAG(s) 'youtube_medallion_pipeline' retrieved from /opt/airflow/dags/youtube_medallion_pipeline.py
[2026-07-25T14:31:25.980+0000] {logging_mixin.py:190} INFO - [2026-07-25T14:31:25.980+0000] {dag.py:3239} INFO - Sync 1 DAGs
[2026-07-25T14:31:26.011+0000] {logging_mixin.py:190} INFO - [2026-07-25T14:31:26.010+0000] {dag.py:4180} INFO - Setting next_dagrun for youtube_medallion_pipeline to None, run_after=None
[2026-07-25T14:31:26.052+0000] {processor.py:208} INFO - Processing /opt/airflow/dags/youtube_medallion_pipeline.py took 0.199 seconds
[2026-07-25T14:31:56.294+0000] {processor.py:186} INFO - Started process (PID=915) to work on /opt/airflow/dags/youtube_medallion_pipeline.py
[2026-07-25T14:31:56.297+0000] {processor.py:914} INFO - Processing file /opt/airflow/dags/youtube_medallion_pipeline.py for tasks to queue
[2026-07-25T14:31:56.300+0000] {logging_mixin.py:190} INFO - [2026-07-25T14:31:56.300+0000] {dagbag.py:588} INFO - Filling up the DagBag from /opt/airflow/dags/youtube_medallion_pipeline.py
[2026-07-25T14:31:56.328+0000] {processor.py:925} INFO - DAG(s) 'youtube_medallion_pipeline' retrieved from /opt/airflow/dags/youtube_medallion_pipeline.py
[2026-07-25T14:31:56.389+0000] {logging_mixin.py:190} INFO - [2026-07-25T14:31:56.388+0000] {dag.py:3239} INFO - Sync 1 DAGs
[2026-07-25T14:31:56.418+0000] {logging_mixin.py:190} INFO - [2026-07-25T14:31:56.417+0000] {dag.py:4180} INFO - Setting next_dagrun for youtube_medallion_pipeline to None, run_after=None
[2026-07-25T14:31:56.456+0000] {processor.py:208} INFO - Processing /opt/airflow/dags/youtube_medallion_pipeline.py took 0.173 seconds
[2026-07-25T14:32:26.838+0000] {processor.py:186} INFO - Started process (PID=920) to work on /opt/airflow/dags/youtube_medallion_pipeline.py
[2026-07-25T14:32:26.842+0000] {processor.py:914} INFO - Processing file /opt/airflow/dags/youtube_medallion_pipeline.py for tasks to queue
[2026-07-25T14:32:26.847+0000] {logging_mixin.py:190} INFO - [2026-07-25T14:32:26.846+0000] {dagbag.py:588} INFO - Filling up the DagBag from /opt/airflow/dags/youtube_medallion_pipeline.py
[2026-07-25T14:32:26.877+0000] {processor.py:925} INFO - DAG(s) 'youtube_medallion_pipeline' retrieved from /opt/airflow/dags/youtube_medallion_pipeline.py
[2026-07-25T14:32:26.981+0000] {logging_mixin.py:190} INFO - [2026-07-25T14:32:26.980+0000] {dag.py:3239} INFO - Sync 1 DAGs
[2026-07-25T14:32:27.045+0000] {logging_mixin.py:190} INFO - [2026-07-25T14:32:27.045+0000] {dag.py:4180} INFO - Setting next_dagrun for youtube_medallion_pipeline to None, run_after=None
[2026-07-25T14:32:27.091+0000] {processor.py:208} INFO - Processing /opt/airflow/dags/youtube_medallion_pipeline.py took 0.270 seconds
[2026-07-25T14:32:57.233+0000] {processor.py:186} INFO - Started process (PID=925) to work on /opt/airflow/dags/youtube_medallion_pipeline.py
[2026-07-25T14:32:57.236+0000] {processor.py:914} INFO - Processing file /opt/airflow/dags/youtube_medallion_pipeline.py for tasks to queue
[2026-07-25T14:32:57.240+0000] {logging_mixin.py:190} INFO - [2026-07-25T14:32:57.239+0000] {dagbag.py:588} INFO - Filling up the DagBag from /opt/airflow/dags/youtube_medallion_pipeline.py
[2026-07-25T14:32:57.265+0000] {processor.py:925} INFO - DAG(s) 'youtube_medallion_pipeline' retrieved from /opt/airflow/dags/youtube_medallion_pipeline.py
[2026-07-25T14:32:57.340+0000] {logging_mixin.py:190} INFO - [2026-07-25T14:32:57.340+0000] {dag.py:3239} INFO - Sync 1 DAGs
[2026-07-25T14:32:57.376+0000] {logging_mixin.py:190} INFO - [2026-07-25T14:32:57.375+0000] {dag.py:4180} INFO - Setting next_dagrun for youtube_medallion_pipeline to None, run_after=None
[2026-07-25T14:32:57.431+0000] {processor.py:208} INFO - Processing /opt/airflow/dags/youtube_medallion_pipeline.py took 0.208 seconds
[2026-07-25T14:33:27.821+0000] {processor.py:186} INFO - Started process (PID=930) to work on /opt/airflow/dags/youtube_medallion_pipeline.py
[2026-07-25T14:33:27.824+0000] {processor.py:914} INFO - Processing file /opt/airflow/dags/youtube_medallion_pipeline.py for tasks to queue
[2026-07-25T14:33:27.828+0000] {logging_mixin.py:190} INFO - [2026-07-25T14:33:27.827+0000] {dagbag.py:588} INFO - Filling up the DagBag from /opt/airflow/dags/youtube_medallion_pipeline.py
[2026-07-25T14:33:27.857+0000] {processor.py:925} INFO - DAG(s) 'youtube_medallion_pipeline' retrieved from /opt/airflow/dags/youtube_medallion_pipeline.py
[2026-07-25T14:33:27.920+0000] {logging_mixin.py:190} INFO - [2026-07-25T14:33:27.919+0000] {dag.py:3239} INFO - Sync 1 DAGs
[2026-07-25T14:33:27.948+0000] {logging_mixin.py:190} INFO - [2026-07-25T14:33:27.948+0000] {dag.py:4180} INFO - Setting next_dagrun for youtube_medallion_pipeline to None, run_after=None
[2026-07-25T14:33:27.992+0000] {processor.py:208} INFO - Processing /opt/airflow/dags/youtube_medallion_pipeline.py took 0.179 seconds
[2026-07-25T14:33:58.228+0000] {processor.py:186} INFO - Started process (PID=935) to work on /opt/airflow/dags/youtube_medallion_pipeline.py
[2026-07-25T14:33:58.231+0000] {processor.py:914} INFO - Processing file /opt/airflow/dags/youtube_medallion_pipeline.py for tasks to queue
[2026-07-25T14:33:58.236+0000] {logging_mixin.py:190} INFO - [2026-07-25T14:33:58.235+0000] {dagbag.py:588} INFO - Filling up the DagBag from /opt/airflow/dags/youtube_medallion_pipeline.py
[2026-07-25T14:33:58.266+0000] {processor.py:925} INFO - DAG(s) 'youtube_medallion_pipeline' retrieved from /opt/airflow/dags/youtube_medallion_pipeline.py
[2026-07-25T14:33:58.336+0000] {logging_mixin.py:190} INFO - [2026-07-25T14:33:58.335+0000] {dag.py:3239} INFO - Sync 1 DAGs
[2026-07-25T14:33:58.365+0000] {logging_mixin.py:190} INFO - [2026-07-25T14:33:58.364+0000] {dag.py:4180} INFO - Setting next_dagrun for youtube_medallion_pipeline to None, run_after=None
[2026-07-25T14:33:58.407+0000] {processor.py:208} INFO - Processing /opt/airflow/dags/youtube_medallion_pipeline.py took 0.199 seconds
[2026-07-25T14:34:28.746+0000] {processor.py:186} INFO - Started process (PID=940) to work on /opt/airflow/dags/youtube_medallion_pipeline.py
[2026-07-25T14:34:28.750+0000] {processor.py:914} INFO - Processing file /opt/airflow/dags/youtube_medallion_pipeline.py for tasks to queue
[2026-07-25T14:34:28.756+0000] {logging_mixin.py:190} INFO - [2026-07-25T14:34:28.755+0000] {dagbag.py:588} INFO - Filling up the DagBag from /opt/airflow/dags/youtube_medallion_pipeline.py
[2026-07-25T14:34:28.782+0000] {processor.py:925} INFO - DAG(s) 'youtube_medallion_pipeline' retrieved from /opt/airflow/dags/youtube_medallion_pipeline.py
[2026-07-25T14:34:28.901+0000] {logging_mixin.py:190} INFO - [2026-07-25T14:34:28.900+0000] {dag.py:3239} INFO - Sync 1 DAGs
[2026-07-25T14:34:28.935+0000] {logging_mixin.py:190} INFO - [2026-07-25T14:34:28.934+0000] {dag.py:4180} INFO - Setting next_dagrun for youtube_medallion_pipeline to None, run_after=None
[2026-07-25T14:34:28.985+0000] {processor.py:208} INFO - Processing /opt/airflow/dags/youtube_medallion_pipeline.py took 0.253 seconds
[2026-07-25T14:34:59.229+0000] {processor.py:186} INFO - Started process (PID=945) to work on /opt/airflow/dags/youtube_medallion_pipeline.py
[2026-07-25T14:34:59.232+0000] {processor.py:914} INFO - Processing file /opt/airflow/dags/youtube_medallion_pipeline.py for tasks to queue
[2026-07-25T14:34:59.236+0000] {logging_mixin.py:190} INFO - [2026-07-25T14:34:59.235+0000] {dagbag.py:588} INFO - Filling up the DagBag from /opt/airflow/dags/youtube_medallion_pipeline.py
[2026-07-25T14:34:59.263+0000] {processor.py:925} INFO - DAG(s) 'youtube_medallion_pipeline' retrieved from /opt/airflow/dags/youtube_medallion_pipeline.py
[2026-07-25T14:34:59.333+0000] {logging_mixin.py:190} INFO - [2026-07-25T14:34:59.332+0000] {dag.py:3239} INFO - Sync 1 DAGs
[2026-07-25T14:34:59.366+0000] {logging_mixin.py:190} INFO - [2026-07-25T14:34:59.365+0000] {dag.py:4180} INFO - Setting next_dagrun for youtube_medallion_pipeline to None, run_after=None
[2026-07-25T14:34:59.414+0000] {processor.py:208} INFO - Processing /opt/airflow/dags/youtube_medallion_pipeline.py took 0.197 seconds
[2026-07-25T14:35:29.764+0000] {processor.py:186} INFO - Started process (PID=950) to work on /opt/airflow/dags/youtube_medallion_pipeline.py
[2026-07-25T14:35:29.767+0000] {processor.py:914} INFO - Processing file /opt/airflow/dags/youtube_medallion_pipeline.py for tasks to queue
[2026-07-25T14:35:29.771+0000] {logging_mixin.py:190} INFO - [2026-07-25T14:35:29.770+0000] {dagbag.py:588} INFO - Filling up the DagBag from /opt/airflow/dags/youtube_medallion_pipeline.py
[2026-07-25T14:35:29.801+0000] {processor.py:925} INFO - DAG(s) 'youtube_medallion_pipeline' retrieved from /opt/airflow/dags/youtube_medallion_pipeline.py
[2026-07-25T14:35:29.857+0000] {logging_mixin.py:190} INFO - [2026-07-25T14:35:29.856+0000] {dag.py:3239} INFO - Sync 1 DAGs
[2026-07-25T14:35:29.882+0000] {logging_mixin.py:190} INFO - [2026-07-25T14:35:29.882+0000] {dag.py:4180} INFO - Setting next_dagrun for youtube_medallion_pipeline to None, run_after=None
[2026-07-25T14:35:29.925+0000] {processor.py:208} INFO - Processing /opt/airflow/dags/youtube_medallion_pipeline.py took 0.173 seconds
[2026-07-25T14:36:00.130+0000] {processor.py:186} INFO - Started process (PID=955) to work on /opt/airflow/dags/youtube_medallion_pipeline.py
[2026-07-25T14:36:00.134+0000] {processor.py:914} INFO - Processing file /opt/airflow/dags/youtube_medallion_pipeline.py for tasks to queue
[2026-07-25T14:36:00.139+0000] {logging_mixin.py:190} INFO - [2026-07-25T14:36:00.138+0000] {dagbag.py:588} INFO - Filling up the DagBag from /opt/airflow/dags/youtube_medallion_pipeline.py
[2026-07-25T14:36:00.171+0000] {processor.py:925} INFO - DAG(s) 'youtube_medallion_pipeline' retrieved from /opt/airflow/dags/youtube_medallion_pipeline.py
[2026-07-25T14:36:00.241+0000] {logging_mixin.py:190} INFO - [2026-07-25T14:36:00.240+0000] {dag.py:3239} INFO - Sync 1 DAGs
[2026-07-25T14:36:00.272+0000] {logging_mixin.py:190} INFO - [2026-07-25T14:36:00.272+0000] {dag.py:4180} INFO - Setting next_dagrun for youtube_medallion_pipeline to None, run_after=None
[2026-07-25T14:36:00.319+0000] {processor.py:208} INFO - Processing /opt/airflow/dags/youtube_medallion_pipeline.py took 0.202 seconds
[2026-07-25T14:36:30.750+0000] {processor.py:186} INFO - Started process (PID=960) to work on /opt/airflow/dags/youtube_medallion_pipeline.py
[2026-07-25T14:36:30.762+0000] {processor.py:914} INFO - Processing file /opt/airflow/dags/youtube_medallion_pipeline.py for tasks to queue
[2026-07-25T14:36:30.770+0000] {logging_mixin.py:190} INFO - [2026-07-25T14:36:30.769+0000] {dagbag.py:588} INFO - Filling up the DagBag from /opt/airflow/dags/youtube_medallion_pipeline.py
[2026-07-25T14:36:30.857+0000] {processor.py:925} INFO - DAG(s) 'youtube_medallion_pipeline' retrieved from /opt/airflow/dags/youtube_medallion_pipeline.py
[2026-07-25T14:36:31.017+0000] {logging_mixin.py:190} INFO - [2026-07-25T14:36:31.017+0000] {dag.py:3239} INFO - Sync 1 DAGs
[2026-07-25T14:36:31.168+0000] {logging_mixin.py:190} INFO - [2026-07-25T14:36:31.167+0000] {dag.py:4180} INFO - Setting next_dagrun for youtube_medallion_pipeline to None, run_after=None
[2026-07-25T14:36:31.238+0000] {processor.py:208} INFO - Processing /opt/airflow/dags/youtube_medallion_pipeline.py took 0.522 seconds
[2026-07-25T14:37:01.731+0000] {processor.py:186} INFO - Started process (PID=965) to work on /opt/airflow/dags/youtube_medallion_pipeline.py
[2026-07-25T14:37:01.735+0000] {processor.py:914} INFO - Processing file /opt/airflow/dags/youtube_medallion_pipeline.py for tasks to queue
[2026-07-25T14:37:01.740+0000] {logging_mixin.py:190} INFO - [2026-07-25T14:37:01.739+0000] {dagbag.py:588} INFO - Filling up the DagBag from /opt/airflow/dags/youtube_medallion_pipeline.py
[2026-07-25T14:37:01.772+0000] {processor.py:925} INFO - DAG(s) 'youtube_medallion_pipeline' retrieved from /opt/airflow/dags/youtube_medallion_pipeline.py
[2026-07-25T14:37:01.833+0000] {logging_mixin.py:190} INFO - [2026-07-25T14:37:01.833+0000] {dag.py:3239} INFO - Sync 1 DAGs
[2026-07-25T14:37:01.862+0000] {logging_mixin.py:190} INFO - [2026-07-25T14:37:01.862+0000] {dag.py:4180} INFO - Setting next_dagrun for youtube_medallion_pipeline to None, run_after=None
[2026-07-25T14:37:01.916+0000] {processor.py:208} INFO - Processing /opt/airflow/dags/youtube_medallion_pipeline.py took 0.197 seconds
[2026-07-25T14:37:32.115+0000] {processor.py:186} INFO - Started process (PID=970) to work on /opt/airflow/dags/youtube_medallion_pipeline.py
[2026-07-25T14:37:32.119+0000] {processor.py:914} INFO - Processing file /opt/airflow/dags/youtube_medallion_pipeline.py for tasks to queue
[2026-07-25T14:37:32.128+0000] {logging_mixin.py:190} INFO - [2026-07-25T14:37:32.124+0000] {dagbag.py:588} INFO - Filling up the DagBag from /opt/airflow/dags/youtube_medallion_pipeline.py
[2026-07-25T14:37:32.167+0000] {processor.py:925} INFO - DAG(s) 'youtube_medallion_pipeline' retrieved from /opt/airflow/dags/youtube_medallion_pipeline.py
[2026-07-25T14:37:32.321+0000] {logging_mixin.py:190} INFO - [2026-07-25T14:37:32.321+0000] {dag.py:3239} INFO - Sync 1 DAGs
[2026-07-25T14:37:32.380+0000] {logging_mixin.py:190} INFO - [2026-07-25T14:37:32.379+0000] {dag.py:4180} INFO - Setting next_dagrun for youtube_medallion_pipeline to None, run_after=None
[2026-07-25T14:37:32.420+0000] {processor.py:208} INFO - Processing /opt/airflow/dags/youtube_medallion_pipeline.py took 0.322 seconds
[2026-07-25T14:38:03.499+0000] {processor.py:186} INFO - Started process (PID=975) to work on /opt/airflow/dags/youtube_medallion_pipeline.py
[2026-07-25T14:38:03.501+0000] {processor.py:914} INFO - Processing file /opt/airflow/dags/youtube_medallion_pipeline.py for tasks to queue
[2026-07-25T14:38:03.505+0000] {logging_mixin.py:190} INFO - [2026-07-25T14:38:03.504+0000] {dagbag.py:588} INFO - Filling up the DagBag from /opt/airflow/dags/youtube_medallion_pipeline.py
[2026-07-25T14:38:03.534+0000] {processor.py:925} INFO - DAG(s) 'youtube_medallion_pipeline' retrieved from /opt/airflow/dags/youtube_medallion_pipeline.py
[2026-07-25T14:38:03.602+0000] {logging_mixin.py:190} INFO - [2026-07-25T14:38:03.602+0000] {dag.py:3239} INFO - Sync 1 DAGs
[2026-07-25T14:38:03.636+0000] {logging_mixin.py:190} INFO - [2026-07-25T14:38:03.636+0000] {dag.py:4180} INFO - Setting next_dagrun for youtube_medallion_pipeline to None, run_after=None
[2026-07-25T14:38:03.680+0000] {processor.py:208} INFO - Processing /opt/airflow/dags/youtube_medallion_pipeline.py took 0.204 seconds
[2026-07-25T14:38:33.894+0000] {processor.py:186} INFO - Started process (PID=980) to work on /opt/airflow/dags/youtube_medallion_pipeline.py
[2026-07-25T14:38:33.897+0000] {processor.py:914} INFO - Processing file /opt/airflow/dags/youtube_medallion_pipeline.py for tasks to queue
[2026-07-25T14:38:33.900+0000] {logging_mixin.py:190} INFO - [2026-07-25T14:38:33.899+0000] {dagbag.py:588} INFO - Filling up the DagBag from /opt/airflow/dags/youtube_medallion_pipeline.py
[2026-07-25T14:38:33.922+0000] {processor.py:925} INFO - DAG(s) 'youtube_medallion_pipeline' retrieved from /opt/airflow/dags/youtube_medallion_pipeline.py
[2026-07-25T14:38:33.988+0000] {logging_mixin.py:190} INFO - [2026-07-25T14:38:33.987+0000] {dag.py:3239} INFO - Sync 1 DAGs
[2026-07-25T14:38:34.017+0000] {logging_mixin.py:190} INFO - [2026-07-25T14:38:34.017+0000] {dag.py:4180} INFO - Setting next_dagrun for youtube_medallion_pipeline to None, run_after=None
[2026-07-25T14:38:34.060+0000] {processor.py:208} INFO - Processing /opt/airflow/dags/youtube_medallion_pipeline.py took 0.177 seconds
[2026-07-25T14:39:04.328+0000] {processor.py:186} INFO - Started process (PID=985) to work on /opt/airflow/dags/youtube_medallion_pipeline.py
[2026-07-25T14:39:04.332+0000] {processor.py:914} INFO - Processing file /opt/airflow/dags/youtube_medallion_pipeline.py for tasks to queue
[2026-07-25T14:39:04.338+0000] {logging_mixin.py:190} INFO - [2026-07-25T14:39:04.337+0000] {dagbag.py:588} INFO - Filling up the DagBag from /opt/airflow/dags/youtube_medallion_pipeline.py
[2026-07-25T14:39:04.370+0000] {processor.py:925} INFO - DAG(s) 'youtube_medallion_pipeline' retrieved from /opt/airflow/dags/youtube_medallion_pipeline.py
[2026-07-25T14:39:04.439+0000] {logging_mixin.py:190} INFO - [2026-07-25T14:39:04.438+0000] {dag.py:3239} INFO - Sync 1 DAGs
[2026-07-25T14:39:04.472+0000] {logging_mixin.py:190} INFO - [2026-07-25T14:39:04.471+0000] {dag.py:4180} INFO - Setting next_dagrun for youtube_medallion_pipeline to None, run_after=None
[2026-07-25T14:39:04.517+0000] {processor.py:208} INFO - Processing /opt/airflow/dags/youtube_medallion_pipeline.py took 0.205 seconds
[2026-07-25T14:39:34.802+0000] {processor.py:186} INFO - Started process (PID=990) to work on /opt/airflow/dags/youtube_medallion_pipeline.py
[2026-07-25T14:39:34.804+0000] {processor.py:914} INFO - Processing file /opt/airflow/dags/youtube_medallion_pipeline.py for tasks to queue
[2026-07-25T14:39:34.809+0000] {logging_mixin.py:190} INFO - [2026-07-25T14:39:34.807+0000] {dagbag.py:588} INFO - Filling up the DagBag from /opt/airflow/dags/youtube_medallion_pipeline.py
[2026-07-25T14:39:34.840+0000] {processor.py:925} INFO - DAG(s) 'youtube_medallion_pipeline' retrieved from /opt/airflow/dags/youtube_medallion_pipeline.py
[2026-07-25T14:39:34.941+0000] {logging_mixin.py:190} INFO - [2026-07-25T14:39:34.940+0000] {dag.py:3239} INFO - Sync 1 DAGs
[2026-07-25T14:39:34.970+0000] {logging_mixin.py:190} INFO - [2026-07-25T14:39:34.969+0000] {dag.py:4180} INFO - Setting next_dagrun for youtube_medallion_pipeline to None, run_after=None
[2026-07-25T14:39:35.015+0000] {processor.py:208} INFO - Processing /opt/airflow/dags/youtube_medallion_pipeline.py took 0.228 seconds
[2026-07-25T14:40:05.328+0000] {processor.py:186} INFO - Started process (PID=995) to work on /opt/airflow/dags/youtube_medallion_pipeline.py
[2026-07-25T14:40:05.331+0000] {processor.py:914} INFO - Processing file /opt/airflow/dags/youtube_medallion_pipeline.py for tasks to queue
[2026-07-25T14:40:05.334+0000] {logging_mixin.py:190} INFO - [2026-07-25T14:40:05.333+0000] {dagbag.py:588} INFO - Filling up the DagBag from /opt/airflow/dags/youtube_medallion_pipeline.py
[2026-07-25T14:40:05.358+0000] {processor.py:925} INFO - DAG(s) 'youtube_medallion_pipeline' retrieved from /opt/airflow/dags/youtube_medallion_pipeline.py
[2026-07-25T14:40:05.410+0000] {logging_mixin.py:190} INFO - [2026-07-25T14:40:05.409+0000] {dag.py:3239} INFO - Sync 1 DAGs
[2026-07-25T14:40:05.432+0000] {logging_mixin.py:190} INFO - [2026-07-25T14:40:05.432+0000] {dag.py:4180} INFO - Setting next_dagrun for youtube_medallion_pipeline to None, run_after=None
[2026-07-25T14:40:05.468+0000] {processor.py:208} INFO - Processing /opt/airflow/dags/youtube_medallion_pipeline.py took 0.150 seconds
[2026-07-25T14:40:35.743+0000] {processor.py:186} INFO - Started process (PID=1000) to work on /opt/airflow/dags/youtube_medallion_pipeline.py
[2026-07-25T14:40:35.746+0000] {processor.py:914} INFO - Processing file /opt/airflow/dags/youtube_medallion_pipeline.py for tasks to queue
[2026-07-25T14:40:35.751+0000] {logging_mixin.py:190} INFO - [2026-07-25T14:40:35.750+0000] {dagbag.py:588} INFO - Filling up the DagBag from /opt/airflow/dags/youtube_medallion_pipeline.py
[2026-07-25T14:40:35.780+0000] {processor.py:925} INFO - DAG(s) 'youtube_medallion_pipeline' retrieved from /opt/airflow/dags/youtube_medallion_pipeline.py
[2026-07-25T14:40:35.836+0000] {logging_mixin.py:190} INFO - [2026-07-25T14:40:35.836+0000] {dag.py:3239} INFO - Sync 1 DAGs
[2026-07-25T14:40:35.863+0000] {logging_mixin.py:190} INFO - [2026-07-25T14:40:35.863+0000] {dag.py:4180} INFO - Setting next_dagrun for youtube_medallion_pipeline to None, run_after=None
[2026-07-25T14:40:35.914+0000] {processor.py:208} INFO - Processing /opt/airflow/dags/youtube_medallion_pipeline.py took 0.182 seconds
[2026-07-25T14:41:06.151+0000] {processor.py:186} INFO - Started process (PID=1005) to work on /opt/airflow/dags/youtube_medallion_pipeline.py
[2026-07-25T14:41:06.153+0000] {processor.py:914} INFO - Processing file /opt/airflow/dags/youtube_medallion_pipeline.py for tasks to queue
[2026-07-25T14:41:06.158+0000] {logging_mixin.py:190} INFO - [2026-07-25T14:41:06.157+0000] {dagbag.py:588} INFO - Filling up the DagBag from /opt/airflow/dags/youtube_medallion_pipeline.py
[2026-07-25T14:41:06.183+0000] {processor.py:925} INFO - DAG(s) 'youtube_medallion_pipeline' retrieved from /opt/airflow/dags/youtube_medallion_pipeline.py
[2026-07-25T14:41:06.244+0000] {logging_mixin.py:190} INFO - [2026-07-25T14:41:06.244+0000] {dag.py:3239} INFO - Sync 1 DAGs
[2026-07-25T14:41:06.268+0000] {logging_mixin.py:190} INFO - [2026-07-25T14:41:06.268+0000] {dag.py:4180} INFO - Setting next_dagrun for youtube_medallion_pipeline to None, run_after=None
[2026-07-25T14:41:06.304+0000] {processor.py:208} INFO - Processing /opt/airflow/dags/youtube_medallion_pipeline.py took 0.159 seconds
[2026-07-25T14:41:36.531+0000] {processor.py:186} INFO - Started process (PID=1010) to work on /opt/airflow/dags/youtube_medallion_pipeline.py
[2026-07-25T14:41:36.540+0000] {processor.py:914} INFO - Processing file /opt/airflow/dags/youtube_medallion_pipeline.py for tasks to queue
[2026-07-25T14:41:36.552+0000] {logging_mixin.py:190} INFO - [2026-07-25T14:41:36.550+0000] {dagbag.py:588} INFO - Filling up the DagBag from /opt/airflow/dags/youtube_medallion_pipeline.py
[2026-07-25T14:41:36.612+0000] {processor.py:925} INFO - DAG(s) 'youtube_medallion_pipeline' retrieved from /opt/airflow/dags/youtube_medallion_pipeline.py
[2026-07-25T14:41:36.727+0000] {logging_mixin.py:190} INFO - [2026-07-25T14:41:36.726+0000] {dag.py:3239} INFO - Sync 1 DAGs
[2026-07-25T14:41:36.790+0000] {logging_mixin.py:190} INFO - [2026-07-25T14:41:36.789+0000] {dag.py:4180} INFO - Setting next_dagrun for youtube_medallion_pipeline to None, run_after=None
[2026-07-25T14:41:36.855+0000] {processor.py:208} INFO - Processing /opt/airflow/dags/youtube_medallion_pipeline.py took 0.339 seconds
[2026-07-25T14:42:07.081+0000] {processor.py:186} INFO - Started process (PID=1015) to work on /opt/airflow/dags/youtube_medallion_pipeline.py
[2026-07-25T14:42:07.087+0000] {processor.py:914} INFO - Processing file /opt/airflow/dags/youtube_medallion_pipeline.py for tasks to queue
[2026-07-25T14:42:07.095+0000] {logging_mixin.py:190} INFO - [2026-07-25T14:42:07.093+0000] {dagbag.py:588} INFO - Filling up the DagBag from /opt/airflow/dags/youtube_medallion_pipeline.py
[2026-07-25T14:42:07.139+0000] {processor.py:925} INFO - DAG(s) 'youtube_medallion_pipeline' retrieved from /opt/airflow/dags/youtube_medallion_pipeline.py
[2026-07-25T14:42:07.205+0000] {logging_mixin.py:190} INFO - [2026-07-25T14:42:07.204+0000] {dag.py:3239} INFO - Sync 1 DAGs
[2026-07-25T14:42:07.237+0000] {logging_mixin.py:190} INFO - [2026-07-25T14:42:07.236+0000] {dag.py:4180} INFO - Setting next_dagrun for youtube_medallion_pipeline to None, run_after=None
[2026-07-25T14:42:07.280+0000] {processor.py:208} INFO - Processing /opt/airflow/dags/youtube_medallion_pipeline.py took 0.250 seconds
[2026-07-25T14:42:37.567+0000] {processor.py:186} INFO - Started process (PID=1020) to work on /opt/airflow/dags/youtube_medallion_pipeline.py
[2026-07-25T14:42:37.570+0000] {processor.py:914} INFO - Processing file /opt/airflow/dags/youtube_medallion_pipeline.py for tasks to queue
[2026-07-25T14:42:37.572+0000] {logging_mixin.py:190} INFO - [2026-07-25T14:42:37.572+0000] {dagbag.py:588} INFO - Filling up the DagBag from /opt/airflow/dags/youtube_medallion_pipeline.py
[2026-07-25T14:42:37.595+0000] {processor.py:925} INFO - DAG(s) 'youtube_medallion_pipeline' retrieved from /opt/airflow/dags/youtube_medallion_pipeline.py
[2026-07-25T14:42:37.671+0000] {logging_mixin.py:190} INFO - [2026-07-25T14:42:37.670+0000] {dag.py:3239} INFO - Sync 1 DAGs
[2026-07-25T14:42:37.722+0000] {logging_mixin.py:190} INFO - [2026-07-25T14:42:37.721+0000] {dag.py:4180} INFO - Setting next_dagrun for youtube_medallion_pipeline to None, run_after=None
[2026-07-25T14:42:37.771+0000] {processor.py:208} INFO - Processing /opt/airflow/dags/youtube_medallion_pipeline.py took 0.215 seconds
[2026-07-25T14:43:08.117+0000] {processor.py:186} INFO - Started process (PID=1025) to work on /opt/airflow/dags/youtube_medallion_pipeline.py
[2026-07-25T14:43:08.124+0000] {processor.py:914} INFO - Processing file /opt/airflow/dags/youtube_medallion_pipeline.py for tasks to queue
[2026-07-25T14:43:08.131+0000] {logging_mixin.py:190} INFO - [2026-07-25T14:43:08.129+0000] {dagbag.py:588} INFO - Filling up the DagBag from /opt/airflow/dags/youtube_medallion_pipeline.py
[2026-07-25T14:43:08.180+0000] {processor.py:925} INFO - DAG(s) 'youtube_medallion_pipeline' retrieved from /opt/airflow/dags/youtube_medallion_pipeline.py
[2026-07-25T14:43:08.269+0000] {logging_mixin.py:190} INFO - [2026-07-25T14:43:08.268+0000] {dag.py:3239} INFO - Sync 1 DAGs
[2026-07-25T14:43:08.304+0000] {logging_mixin.py:190} INFO - [2026-07-25T14:43:08.303+0000] {dag.py:4180} INFO - Setting next_dagrun for youtube_medallion_pipeline to None, run_after=None
[2026-07-25T14:43:08.349+0000] {processor.py:208} INFO - Processing /opt/airflow/dags/youtube_medallion_pipeline.py took 0.257 seconds
[2026-07-25T14:43:38.531+0000] {processor.py:186} INFO - Started process (PID=1030) to work on /opt/airflow/dags/youtube_medallion_pipeline.py
[2026-07-25T14:43:38.534+0000] {processor.py:914} INFO - Processing file /opt/airflow/dags/youtube_medallion_pipeline.py for tasks to queue
[2026-07-25T14:43:38.539+0000] {logging_mixin.py:190} INFO - [2026-07-25T14:43:38.538+0000] {dagbag.py:588} INFO - Filling up the DagBag from /opt/airflow/dags/youtube_medallion_pipeline.py
[2026-07-25T14:43:38.565+0000] {processor.py:925} INFO - DAG(s) 'youtube_medallion_pipeline' retrieved from /opt/airflow/dags/youtube_medallion_pipeline.py
[2026-07-25T14:43:38.632+0000] {logging_mixin.py:190} INFO - [2026-07-25T14:43:38.632+0000] {dag.py:3239} INFO - Sync 1 DAGs
[2026-07-25T14:43:38.662+0000] {logging_mixin.py:190} INFO - [2026-07-25T14:43:38.662+0000] {dag.py:4180} INFO - Setting next_dagrun for youtube_medallion_pipeline to None, run_after=None
[2026-07-25T14:43:38.706+0000] {processor.py:208} INFO - Processing /opt/airflow/dags/youtube_medallion_pipeline.py took 0.188 seconds
[2026-07-25T14:44:09.147+0000] {processor.py:186} INFO - Started process (PID=1035) to work on /opt/airflow/dags/youtube_medallion_pipeline.py
[2026-07-25T14:44:09.150+0000] {processor.py:914} INFO - Processing file /opt/airflow/dags/youtube_medallion_pipeline.py for tasks to queue
[2026-07-25T14:44:09.155+0000] {logging_mixin.py:190} INFO - [2026-07-25T14:44:09.154+0000] {dagbag.py:588} INFO - Filling up the DagBag from /opt/airflow/dags/youtube_medallion_pipeline.py
[2026-07-25T14:44:09.195+0000] {processor.py:925} INFO - DAG(s) 'youtube_medallion_pipeline' retrieved from /opt/airflow/dags/youtube_medallion_pipeline.py
[2026-07-25T14:44:09.295+0000] {logging_mixin.py:190} INFO - [2026-07-25T14:44:09.295+0000] {dag.py:3239} INFO - Sync 1 DAGs
[2026-07-25T14:44:09.322+0000] {logging_mixin.py:190} INFO - [2026-07-25T14:44:09.322+0000] {dag.py:4180} INFO - Setting next_dagrun for youtube_medallion_pipeline to None, run_after=None
[2026-07-25T14:44:09.364+0000] {processor.py:208} INFO - Processing /opt/airflow/dags/youtube_medallion_pipeline.py took 0.229 seconds
[2026-07-25T14:44:39.559+0000] {processor.py:186} INFO - Started process (PID=1040) to work on /opt/airflow/dags/youtube_medallion_pipeline.py
[2026-07-25T14:44:39.562+0000] {processor.py:914} INFO - Processing file /opt/airflow/dags/youtube_medallion_pipeline.py for tasks to queue
[2026-07-25T14:44:39.565+0000] {logging_mixin.py:190} INFO - [2026-07-25T14:44:39.565+0000] {dagbag.py:588} INFO - Filling up the DagBag from /opt/airflow/dags/youtube_medallion_pipeline.py
[2026-07-25T14:44:39.592+0000] {processor.py:925} INFO - DAG(s) 'youtube_medallion_pipeline' retrieved from /opt/airflow/dags/youtube_medallion_pipeline.py
[2026-07-25T14:44:39.663+0000] {logging_mixin.py:190} INFO - [2026-07-25T14:44:39.663+0000] {dag.py:3239} INFO - Sync 1 DAGs
[2026-07-25T14:44:39.700+0000] {logging_mixin.py:190} INFO - [2026-07-25T14:44:39.699+0000] {dag.py:4180} INFO - Setting next_dagrun for youtube_medallion_pipeline to None, run_after=None
[2026-07-25T14:44:39.744+0000] {processor.py:208} INFO - Processing /opt/airflow/dags/youtube_medallion_pipeline.py took 0.196 seconds
[2026-07-25T14:45:10.164+0000] {processor.py:186} INFO - Started process (PID=1045) to work on /opt/airflow/dags/youtube_medallion_pipeline.py
[2026-07-25T14:45:10.168+0000] {processor.py:914} INFO - Processing file /opt/airflow/dags/youtube_medallion_pipeline.py for tasks to queue
[2026-07-25T14:45:10.174+0000] {logging_mixin.py:190} INFO - [2026-07-25T14:45:10.172+0000] {dagbag.py:588} INFO - Filling up the DagBag from /opt/airflow/dags/youtube_medallion_pipeline.py
[2026-07-25T14:45:10.215+0000] {processor.py:925} INFO - DAG(s) 'youtube_medallion_pipeline' retrieved from /opt/airflow/dags/youtube_medallion_pipeline.py
[2026-07-25T14:45:10.313+0000] {logging_mixin.py:190} INFO - [2026-07-25T14:45:10.313+0000] {dag.py:3239} INFO - Sync 1 DAGs
[2026-07-25T14:45:10.343+0000] {logging_mixin.py:190} INFO - [2026-07-25T14:45:10.343+0000] {dag.py:4180} INFO - Setting next_dagrun for youtube_medallion_pipeline to None, run_after=None
[2026-07-25T14:45:10.387+0000] {processor.py:208} INFO - Processing /opt/airflow/dags/youtube_medallion_pipeline.py took 0.240 seconds
[2026-07-25T14:45:40.665+0000] {processor.py:186} INFO - Started process (PID=1050) to work on /opt/airflow/dags/youtube_medallion_pipeline.py
[2026-07-25T14:45:40.678+0000] {processor.py:914} INFO - Processing file /opt/airflow/dags/youtube_medallion_pipeline.py for tasks to queue
[2026-07-25T14:45:40.694+0000] {logging_mixin.py:190} INFO - [2026-07-25T14:45:40.689+0000] {dagbag.py:588} INFO - Filling up the DagBag from /opt/airflow/dags/youtube_medallion_pipeline.py
[2026-07-25T14:45:40.756+0000] {processor.py:925} INFO - DAG(s) 'youtube_medallion_pipeline' retrieved from /opt/airflow/dags/youtube_medallion_pipeline.py
[2026-07-25T14:45:40.845+0000] {logging_mixin.py:190} INFO - [2026-07-25T14:45:40.844+0000] {dag.py:3239} INFO - Sync 1 DAGs
[2026-07-25T14:45:40.895+0000] {logging_mixin.py:190} INFO - [2026-07-25T14:45:40.894+0000] {dag.py:4180} INFO - Setting next_dagrun for youtube_medallion_pipeline to None, run_after=None
[2026-07-25T14:45:40.974+0000] {processor.py:208} INFO - Processing /opt/airflow/dags/youtube_medallion_pipeline.py took 0.409 seconds
[2026-07-25T14:46:11.106+0000] {processor.py:186} INFO - Started process (PID=1055) to work on /opt/airflow/dags/youtube_medallion_pipeline.py
[2026-07-25T14:46:11.109+0000] {processor.py:914} INFO - Processing file /opt/airflow/dags/youtube_medallion_pipeline.py for tasks to queue
[2026-07-25T14:46:11.115+0000] {logging_mixin.py:190} INFO - [2026-07-25T14:46:11.114+0000] {dagbag.py:588} INFO - Filling up the DagBag from /opt/airflow/dags/youtube_medallion_pipeline.py
[2026-07-25T14:46:11.142+0000] {processor.py:925} INFO - DAG(s) 'youtube_medallion_pipeline' retrieved from /opt/airflow/dags/youtube_medallion_pipeline.py
[2026-07-25T14:46:11.202+0000] {logging_mixin.py:190} INFO - [2026-07-25T14:46:11.201+0000] {dag.py:3239} INFO - Sync 1 DAGs
[2026-07-25T14:46:11.244+0000] {logging_mixin.py:190} INFO - [2026-07-25T14:46:11.244+0000] {dag.py:4180} INFO - Setting next_dagrun for youtube_medallion_pipeline to None, run_after=None
[2026-07-25T14:46:11.299+0000] {processor.py:208} INFO - Processing /opt/airflow/dags/youtube_medallion_pipeline.py took 0.207 seconds
[2026-07-25T14:46:41.781+0000] {processor.py:186} INFO - Started process (PID=1060) to work on /opt/airflow/dags/youtube_medallion_pipeline.py
[2026-07-25T14:46:41.784+0000] {processor.py:914} INFO - Processing file /opt/airflow/dags/youtube_medallion_pipeline.py for tasks to queue
[2026-07-25T14:46:41.788+0000] {logging_mixin.py:190} INFO - [2026-07-25T14:46:41.787+0000] {dagbag.py:588} INFO - Filling up the DagBag from /opt/airflow/dags/youtube_medallion_pipeline.py
[2026-07-25T14:46:41.814+0000] {processor.py:925} INFO - DAG(s) 'youtube_medallion_pipeline' retrieved from /opt/airflow/dags/youtube_medallion_pipeline.py
[2026-07-25T14:46:41.869+0000] {logging_mixin.py:190} INFO - [2026-07-25T14:46:41.869+0000] {dag.py:3239} INFO - Sync 1 DAGs
[2026-07-25T14:46:41.894+0000] {logging_mixin.py:190} INFO - [2026-07-25T14:46:41.894+0000] {dag.py:4180} INFO - Setting next_dagrun for youtube_medallion_pipeline to None, run_after=None
[2026-07-25T14:46:41.933+0000] {processor.py:208} INFO - Processing /opt/airflow/dags/youtube_medallion_pipeline.py took 0.160 seconds
[2026-07-25T14:47:12.136+0000] {processor.py:186} INFO - Started process (PID=1065) to work on /opt/airflow/dags/youtube_medallion_pipeline.py
[2026-07-25T14:47:12.138+0000] {processor.py:914} INFO - Processing file /opt/airflow/dags/youtube_medallion_pipeline.py for tasks to queue
[2026-07-25T14:47:12.143+0000] {logging_mixin.py:190} INFO - [2026-07-25T14:47:12.142+0000] {dagbag.py:588} INFO - Filling up the DagBag from /opt/airflow/dags/youtube_medallion_pipeline.py
[2026-07-25T14:47:12.167+0000] {processor.py:925} INFO - DAG(s) 'youtube_medallion_pipeline' retrieved from /opt/airflow/dags/youtube_medallion_pipeline.py
[2026-07-25T14:47:12.234+0000] {logging_mixin.py:190} INFO - [2026-07-25T14:47:12.233+0000] {dag.py:3239} INFO - Sync 1 DAGs
[2026-07-25T14:47:12.269+0000] {logging_mixin.py:190} INFO - [2026-07-25T14:47:12.269+0000] {dag.py:4180} INFO - Setting next_dagrun for youtube_medallion_pipeline to None, run_after=None
[2026-07-25T14:47:12.316+0000] {processor.py:208} INFO - Processing /opt/airflow/dags/youtube_medallion_pipeline.py took 0.191 seconds
[2026-07-25T14:47:42.681+0000] {processor.py:186} INFO - Started process (PID=1070) to work on /opt/airflow/dags/youtube_medallion_pipeline.py
[2026-07-25T14:47:42.684+0000] {processor.py:914} INFO - Processing file /opt/airflow/dags/youtube_medallion_pipeline.py for tasks to queue
[2026-07-25T14:47:42.688+0000] {logging_mixin.py:190} INFO - [2026-07-25T14:47:42.687+0000] {dagbag.py:588} INFO - Filling up the DagBag from /opt/airflow/dags/youtube_medallion_pipeline.py
[2026-07-25T14:47:42.723+0000] {processor.py:925} INFO - DAG(s) 'youtube_medallion_pipeline' retrieved from /opt/airflow/dags/youtube_medallion_pipeline.py
[2026-07-25T14:47:42.783+0000] {logging_mixin.py:190} INFO - [2026-07-25T14:47:42.783+0000] {dag.py:3239} INFO - Sync 1 DAGs
[2026-07-25T14:47:42.810+0000] {logging_mixin.py:190} INFO - [2026-07-25T14:47:42.809+0000] {dag.py:4180} INFO - Setting next_dagrun for youtube_medallion_pipeline to None, run_after=None
[2026-07-25T14:47:42.850+0000] {processor.py:208} INFO - Processing /opt/airflow/dags/youtube_medallion_pipeline.py took 0.182 seconds
[2026-07-25T14:48:13.012+0000] {processor.py:186} INFO - Started process (PID=1075) to work on /opt/airflow/dags/youtube_medallion_pipeline.py
[2026-07-25T14:48:13.015+0000] {processor.py:914} INFO - Processing file /opt/airflow/dags/youtube_medallion_pipeline.py for tasks to queue
[2026-07-25T14:48:13.019+0000] {logging_mixin.py:190} INFO - [2026-07-25T14:48:13.018+0000] {dagbag.py:588} INFO - Filling up the DagBag from /opt/airflow/dags/youtube_medallion_pipeline.py
[2026-07-25T14:48:13.047+0000] {processor.py:925} INFO - DAG(s) 'youtube_medallion_pipeline' retrieved from /opt/airflow/dags/youtube_medallion_pipeline.py
[2026-07-25T14:48:13.105+0000] {logging_mixin.py:190} INFO - [2026-07-25T14:48:13.105+0000] {dag.py:3239} INFO - Sync 1 DAGs
[2026-07-25T14:48:13.133+0000] {logging_mixin.py:190} INFO - [2026-07-25T14:48:13.133+0000] {dag.py:4180} INFO - Setting next_dagrun for youtube_medallion_pipeline to None, run_after=None
[2026-07-25T14:48:13.173+0000] {processor.py:208} INFO - Processing /opt/airflow/dags/youtube_medallion_pipeline.py took 0.170 seconds
[2026-07-25T14:48:43.556+0000] {processor.py:186} INFO - Started process (PID=1080) to work on /opt/airflow/dags/youtube_medallion_pipeline.py
[2026-07-25T14:48:43.560+0000] {processor.py:914} INFO - Processing file /opt/airflow/dags/youtube_medallion_pipeline.py for tasks to queue
[2026-07-25T14:48:43.564+0000] {logging_mixin.py:190} INFO - [2026-07-25T14:48:43.563+0000] {dagbag.py:588} INFO - Filling up the DagBag from /opt/airflow/dags/youtube_medallion_pipeline.py
[2026-07-25T14:48:43.597+0000] {processor.py:925} INFO - DAG(s) 'youtube_medallion_pipeline' retrieved from /opt/airflow/dags/youtube_medallion_pipeline.py
[2026-07-25T14:48:43.663+0000] {logging_mixin.py:190} INFO - [2026-07-25T14:48:43.662+0000] {dag.py:3239} INFO - Sync 1 DAGs
[2026-07-25T14:48:43.696+0000] {logging_mixin.py:190} INFO - [2026-07-25T14:48:43.695+0000] {dag.py:4180} INFO - Setting next_dagrun for youtube_medallion_pipeline to None, run_after=None
[2026-07-25T14:48:43.743+0000] {processor.py:208} INFO - Processing /opt/airflow/dags/youtube_medallion_pipeline.py took 0.198 seconds
[2026-07-25T14:49:13.907+0000] {processor.py:186} INFO - Started process (PID=1085) to work on /opt/airflow/dags/youtube_medallion_pipeline.py
[2026-07-25T14:49:13.910+0000] {processor.py:914} INFO - Processing file /opt/airflow/dags/youtube_medallion_pipeline.py for tasks to queue
[2026-07-25T14:49:13.913+0000] {logging_mixin.py:190} INFO - [2026-07-25T14:49:13.912+0000] {dagbag.py:588} INFO - Filling up the DagBag from /opt/airflow/dags/youtube_medallion_pipeline.py
[2026-07-25T14:49:13.940+0000] {processor.py:925} INFO - DAG(s) 'youtube_medallion_pipeline' retrieved from /opt/airflow/dags/youtube_medallion_pipeline.py
[2026-07-25T14:49:13.997+0000] {logging_mixin.py:190} INFO - [2026-07-25T14:49:13.996+0000] {dag.py:3239} INFO - Sync 1 DAGs
[2026-07-25T14:49:14.022+0000] {logging_mixin.py:190} INFO - [2026-07-25T14:49:14.021+0000] {dag.py:4180} INFO - Setting next_dagrun for youtube_medallion_pipeline to None, run_after=None
[2026-07-25T14:49:14.062+0000] {processor.py:208} INFO - Processing /opt/airflow/dags/youtube_medallion_pipeline.py took 0.165 seconds
[2026-07-25T14:49:44.417+0000] {processor.py:186} INFO - Started process (PID=1090) to work on /opt/airflow/dags/youtube_medallion_pipeline.py
[2026-07-25T14:49:44.420+0000] {processor.py:914} INFO - Processing file /opt/airflow/dags/youtube_medallion_pipeline.py for tasks to queue
[2026-07-25T14:49:44.425+0000] {logging_mixin.py:190} INFO - [2026-07-25T14:49:44.424+0000] {dagbag.py:588} INFO - Filling up the DagBag from /opt/airflow/dags/youtube_medallion_pipeline.py
[2026-07-25T14:49:44.464+0000] {processor.py:925} INFO - DAG(s) 'youtube_medallion_pipeline' retrieved from /opt/airflow/dags/youtube_medallion_pipeline.py
[2026-07-25T14:49:44.528+0000] {logging_mixin.py:190} INFO - [2026-07-25T14:49:44.527+0000] {dag.py:3239} INFO - Sync 1 DAGs
[2026-07-25T14:49:44.554+0000] {logging_mixin.py:190} INFO - [2026-07-25T14:49:44.553+0000] {dag.py:4180} INFO - Setting next_dagrun for youtube_medallion_pipeline to None, run_after=None
[2026-07-25T14:49:44.615+0000] {processor.py:208} INFO - Processing /opt/airflow/dags/youtube_medallion_pipeline.py took 0.207 seconds
[2026-07-25T14:50:14.772+0000] {processor.py:186} INFO - Started process (PID=1095) to work on /opt/airflow/dags/youtube_medallion_pipeline.py
[2026-07-25T14:50:14.775+0000] {processor.py:914} INFO - Processing file /opt/airflow/dags/youtube_medallion_pipeline.py for tasks to queue
[2026-07-25T14:50:14.779+0000] {logging_mixin.py:190} INFO - [2026-07-25T14:50:14.778+0000] {dagbag.py:588} INFO - Filling up the DagBag from /opt/airflow/dags/youtube_medallion_pipeline.py
[2026-07-25T14:50:14.806+0000] {processor.py:925} INFO - DAG(s) 'youtube_medallion_pipeline' retrieved from /opt/airflow/dags/youtube_medallion_pipeline.py
[2026-07-25T14:50:14.864+0000] {logging_mixin.py:190} INFO - [2026-07-25T14:50:14.863+0000] {dag.py:3239} INFO - Sync 1 DAGs
[2026-07-25T14:50:14.890+0000] {logging_mixin.py:190} INFO - [2026-07-25T14:50:14.890+0000] {dag.py:4180} INFO - Setting next_dagrun for youtube_medallion_pipeline to None, run_after=None
[2026-07-25T14:50:14.930+0000] {processor.py:208} INFO - Processing /opt/airflow/dags/youtube_medallion_pipeline.py took 0.169 seconds
[2026-07-25T14:52:16.800+0000] {processor.py:186} INFO - Started process (PID=1100) to work on /opt/airflow/dags/youtube_medallion_pipeline.py
[2026-07-25T14:52:16.805+0000] {processor.py:914} INFO - Processing file /opt/airflow/dags/youtube_medallion_pipeline.py for tasks to queue
[2026-07-25T14:52:16.824+0000] {logging_mixin.py:190} INFO - [2026-07-25T14:52:16.823+0000] {dagbag.py:588} INFO - Filling up the DagBag from /opt/airflow/dags/youtube_medallion_pipeline.py
[2026-07-25T14:52:16.939+0000] {processor.py:925} INFO - DAG(s) 'youtube_medallion_pipeline' retrieved from /opt/airflow/dags/youtube_medallion_pipeline.py
[2026-07-25T14:52:17.419+0000] {logging_mixin.py:190} INFO - [2026-07-25T14:52:17.419+0000] {dag.py:3239} INFO - Sync 1 DAGs
[2026-07-25T14:52:17.694+0000] {logging_mixin.py:190} INFO - [2026-07-25T14:52:17.693+0000] {dag.py:4180} INFO - Setting next_dagrun for youtube_medallion_pipeline to None, run_after=None
[2026-07-25T14:52:17.802+0000] {processor.py:208} INFO - Processing /opt/airflow/dags/youtube_medallion_pipeline.py took 1.060 seconds
[2026-07-25T14:52:49.198+0000] {processor.py:186} INFO - Started process (PID=1105) to work on /opt/airflow/dags/youtube_medallion_pipeline.py
[2026-07-25T14:52:49.208+0000] {processor.py:914} INFO - Processing file /opt/airflow/dags/youtube_medallion_pipeline.py for tasks to queue
[2026-07-25T14:52:49.234+0000] {logging_mixin.py:190} INFO - [2026-07-25T14:52:49.223+0000] {dagbag.py:588} INFO - Filling up the DagBag from /opt/airflow/dags/youtube_medallion_pipeline.py
[2026-07-25T14:52:49.430+0000] {processor.py:925} INFO - DAG(s) 'youtube_medallion_pipeline' retrieved from /opt/airflow/dags/youtube_medallion_pipeline.py
[2026-07-25T14:52:50.164+0000] {logging_mixin.py:190} INFO - [2026-07-25T14:52:50.162+0000] {dag.py:3239} INFO - Sync 1 DAGs
[2026-07-25T14:52:50.384+0000] {logging_mixin.py:190} INFO - [2026-07-25T14:52:50.384+0000] {dag.py:4180} INFO - Setting next_dagrun for youtube_medallion_pipeline to None, run_after=None
[2026-07-25T14:52:50.509+0000] {processor.py:208} INFO - Processing /opt/airflow/dags/youtube_medallion_pipeline.py took 1.503 seconds
[2026-07-25T14:53:21.725+0000] {processor.py:186} INFO - Started process (PID=1110) to work on /opt/airflow/dags/youtube_medallion_pipeline.py
[2026-07-25T14:53:21.735+0000] {processor.py:914} INFO - Processing file /opt/airflow/dags/youtube_medallion_pipeline.py for tasks to queue
[2026-07-25T14:53:21.748+0000] {logging_mixin.py:190} INFO - [2026-07-25T14:53:21.746+0000] {dagbag.py:588} INFO - Filling up the DagBag from /opt/airflow/dags/youtube_medallion_pipeline.py
[2026-07-25T14:53:22.146+0000] {processor.py:925} INFO - DAG(s) 'youtube_medallion_pipeline' retrieved from /opt/airflow/dags/youtube_medallion_pipeline.py
[2026-07-25T14:53:24.019+0000] {logging_mixin.py:190} INFO - [2026-07-25T14:53:24.017+0000] {dag.py:3239} INFO - Sync 1 DAGs
[2026-07-25T14:53:24.103+0000] {logging_mixin.py:190} INFO - [2026-07-25T14:53:24.103+0000] {dag.py:4180} INFO - Setting next_dagrun for youtube_medallion_pipeline to None, run_after=None
[2026-07-25T14:53:24.201+0000] {processor.py:208} INFO - Processing /opt/airflow/dags/youtube_medallion_pipeline.py took 3.005 seconds
[2026-07-25T14:53:54.777+0000] {processor.py:186} INFO - Started process (PID=1115) to work on /opt/airflow/dags/youtube_medallion_pipeline.py
[2026-07-25T14:53:54.793+0000] {processor.py:914} INFO - Processing file /opt/airflow/dags/youtube_medallion_pipeline.py for tasks to queue
[2026-07-25T14:53:54.814+0000] {logging_mixin.py:190} INFO - [2026-07-25T14:53:54.805+0000] {dagbag.py:588} INFO - Filling up the DagBag from /opt/airflow/dags/youtube_medallion_pipeline.py
[2026-07-25T14:53:54.940+0000] {processor.py:925} INFO - DAG(s) 'youtube_medallion_pipeline' retrieved from /opt/airflow/dags/youtube_medallion_pipeline.py
[2026-07-25T14:53:55.022+0000] {logging_mixin.py:190} INFO - [2026-07-25T14:53:55.021+0000] {dag.py:3239} INFO - Sync 1 DAGs
[2026-07-25T14:53:55.072+0000] {logging_mixin.py:190} INFO - [2026-07-25T14:53:55.072+0000] {dag.py:4180} INFO - Setting next_dagrun for youtube_medallion_pipeline to None, run_after=None
[2026-07-25T14:53:55.116+0000] {processor.py:208} INFO - Processing /opt/airflow/dags/youtube_medallion_pipeline.py took 0.516 seconds
[2026-07-25T14:54:25.433+0000] {processor.py:186} INFO - Started process (PID=1120) to work on /opt/airflow/dags/youtube_medallion_pipeline.py
[2026-07-25T14:54:25.439+0000] {processor.py:914} INFO - Processing file /opt/airflow/dags/youtube_medallion_pipeline.py for tasks to queue
[2026-07-25T14:54:25.454+0000] {logging_mixin.py:190} INFO - [2026-07-25T14:54:25.446+0000] {dagbag.py:588} INFO - Filling up the DagBag from /opt/airflow/dags/youtube_medallion_pipeline.py
[2026-07-25T14:54:25.523+0000] {processor.py:925} INFO - DAG(s) 'youtube_medallion_pipeline' retrieved from /opt/airflow/dags/youtube_medallion_pipeline.py
[2026-07-25T14:54:25.624+0000] {logging_mixin.py:190} INFO - [2026-07-25T14:54:25.624+0000] {dag.py:3239} INFO - Sync 1 DAGs
[2026-07-25T14:54:25.663+0000] {logging_mixin.py:190} INFO - [2026-07-25T14:54:25.663+0000] {dag.py:4180} INFO - Setting next_dagrun for youtube_medallion_pipeline to None, run_after=None
[2026-07-25T14:54:25.729+0000] {processor.py:208} INFO - Processing /opt/airflow/dags/youtube_medallion_pipeline.py took 0.329 seconds
[2026-07-25T14:54:56.043+0000] {processor.py:186} INFO - Started process (PID=1125) to work on /opt/airflow/dags/youtube_medallion_pipeline.py
[2026-07-25T14:54:56.048+0000] {processor.py:914} INFO - Processing file /opt/airflow/dags/youtube_medallion_pipeline.py for tasks to queue
[2026-07-25T14:54:56.051+0000] {logging_mixin.py:190} INFO - [2026-07-25T14:54:56.050+0000] {dagbag.py:588} INFO - Filling up the DagBag from /opt/airflow/dags/youtube_medallion_pipeline.py
[2026-07-25T14:54:56.105+0000] {processor.py:925} INFO - DAG(s) 'youtube_medallion_pipeline' retrieved from /opt/airflow/dags/youtube_medallion_pipeline.py
[2026-07-25T14:54:56.240+0000] {logging_mixin.py:190} INFO - [2026-07-25T14:54:56.239+0000] {dag.py:3239} INFO - Sync 1 DAGs
[2026-07-25T14:54:56.277+0000] {logging_mixin.py:190} INFO - [2026-07-25T14:54:56.277+0000] {dag.py:4180} INFO - Setting next_dagrun for youtube_medallion_pipeline to None, run_after=None
[2026-07-25T14:54:56.323+0000] {processor.py:208} INFO - Processing /opt/airflow/dags/youtube_medallion_pipeline.py took 0.297 seconds
[2026-07-25T14:55:26.764+0000] {processor.py:186} INFO - Started process (PID=1130) to work on /opt/airflow/dags/youtube_medallion_pipeline.py
[2026-07-25T14:55:26.767+0000] {processor.py:914} INFO - Processing file /opt/airflow/dags/youtube_medallion_pipeline.py for tasks to queue
[2026-07-25T14:55:26.771+0000] {logging_mixin.py:190} INFO - [2026-07-25T14:55:26.770+0000] {dagbag.py:588} INFO - Filling up the DagBag from /opt/airflow/dags/youtube_medallion_pipeline.py
[2026-07-25T14:55:26.836+0000] {processor.py:925} INFO - DAG(s) 'youtube_medallion_pipeline' retrieved from /opt/airflow/dags/youtube_medallion_pipeline.py
[2026-07-25T14:55:26.969+0000] {logging_mixin.py:190} INFO - [2026-07-25T14:55:26.968+0000] {dag.py:3239} INFO - Sync 1 DAGs
[2026-07-25T14:55:27.402+0000] {logging_mixin.py:190} INFO - [2026-07-25T14:55:27.400+0000] {dag.py:4180} INFO - Setting next_dagrun for youtube_medallion_pipeline to None, run_after=None
[2026-07-25T14:55:28.095+0000] {processor.py:208} INFO - Processing /opt/airflow/dags/youtube_medallion_pipeline.py took 1.355 seconds
[2026-07-25T14:55:58.828+0000] {processor.py:186} INFO - Started process (PID=1135) to work on /opt/airflow/dags/youtube_medallion_pipeline.py
[2026-07-25T14:55:58.838+0000] {processor.py:914} INFO - Processing file /opt/airflow/dags/youtube_medallion_pipeline.py for tasks to queue
[2026-07-25T14:55:58.854+0000] {logging_mixin.py:190} INFO - [2026-07-25T14:55:58.852+0000] {dagbag.py:588} INFO - Filling up the DagBag from /opt/airflow/dags/youtube_medallion_pipeline.py
[2026-07-25T14:55:58.930+0000] {processor.py:925} INFO - DAG(s) 'youtube_medallion_pipeline' retrieved from /opt/airflow/dags/youtube_medallion_pipeline.py
[2026-07-25T14:55:59.138+0000] {logging_mixin.py:190} INFO - [2026-07-25T14:55:59.137+0000] {dag.py:3239} INFO - Sync 1 DAGs
[2026-07-25T14:55:59.237+0000] {logging_mixin.py:190} INFO - [2026-07-25T14:55:59.237+0000] {dag.py:4180} INFO - Setting next_dagrun for youtube_medallion_pipeline to None, run_after=None
[2026-07-25T14:55:59.351+0000] {processor.py:208} INFO - Processing /opt/airflow/dags/youtube_medallion_pipeline.py took 0.564 seconds
[2026-07-25T14:56:29.989+0000] {processor.py:186} INFO - Started process (PID=1140) to work on /opt/airflow/dags/youtube_medallion_pipeline.py
[2026-07-25T14:56:30.004+0000] {processor.py:914} INFO - Processing file /opt/airflow/dags/youtube_medallion_pipeline.py for tasks to queue
[2026-07-25T14:56:30.015+0000] {logging_mixin.py:190} INFO - [2026-07-25T14:56:30.014+0000] {dagbag.py:588} INFO - Filling up the DagBag from /opt/airflow/dags/youtube_medallion_pipeline.py
[2026-07-25T14:56:30.072+0000] {processor.py:925} INFO - DAG(s) 'youtube_medallion_pipeline' retrieved from /opt/airflow/dags/youtube_medallion_pipeline.py
[2026-07-25T14:56:30.195+0000] {logging_mixin.py:190} INFO - [2026-07-25T14:56:30.193+0000] {dag.py:3239} INFO - Sync 1 DAGs
[2026-07-25T14:56:30.250+0000] {logging_mixin.py:190} INFO - [2026-07-25T14:56:30.250+0000] {dag.py:4180} INFO - Setting next_dagrun for youtube_medallion_pipeline to None, run_after=None
[2026-07-25T14:56:30.439+0000] {processor.py:208} INFO - Processing /opt/airflow/dags/youtube_medallion_pipeline.py took 0.548 seconds
[2026-07-25T14:57:01.106+0000] {processor.py:186} INFO - Started process (PID=1145) to work on /opt/airflow/dags/youtube_medallion_pipeline.py
[2026-07-25T14:57:01.130+0000] {processor.py:914} INFO - Processing file /opt/airflow/dags/youtube_medallion_pipeline.py for tasks to queue
[2026-07-25T14:57:01.133+0000] {logging_mixin.py:190} INFO - [2026-07-25T14:57:01.132+0000] {dagbag.py:588} INFO - Filling up the DagBag from /opt/airflow/dags/youtube_medallion_pipeline.py
[2026-07-25T14:57:01.189+0000] {processor.py:925} INFO - DAG(s) 'youtube_medallion_pipeline' retrieved from /opt/airflow/dags/youtube_medallion_pipeline.py
[2026-07-25T14:57:01.296+0000] {logging_mixin.py:190} INFO - [2026-07-25T14:57:01.295+0000] {dag.py:3239} INFO - Sync 1 DAGs
[2026-07-25T14:57:01.329+0000] {logging_mixin.py:190} INFO - [2026-07-25T14:57:01.328+0000] {dag.py:4180} INFO - Setting next_dagrun for youtube_medallion_pipeline to None, run_after=None
[2026-07-25T14:57:01.377+0000] {processor.py:208} INFO - Processing /opt/airflow/dags/youtube_medallion_pipeline.py took 0.289 seconds
[2026-07-25T14:57:32.271+0000] {processor.py:186} INFO - Started process (PID=1150) to work on /opt/airflow/dags/youtube_medallion_pipeline.py
[2026-07-25T14:57:32.281+0000] {processor.py:914} INFO - Processing file /opt/airflow/dags/youtube_medallion_pipeline.py for tasks to queue
[2026-07-25T14:57:32.286+0000] {logging_mixin.py:190} INFO - [2026-07-25T14:57:32.285+0000] {dagbag.py:588} INFO - Filling up the DagBag from /opt/airflow/dags/youtube_medallion_pipeline.py
[2026-07-25T14:57:32.328+0000] {processor.py:925} INFO - DAG(s) 'youtube_medallion_pipeline' retrieved from /opt/airflow/dags/youtube_medallion_pipeline.py
[2026-07-25T14:57:32.499+0000] {logging_mixin.py:190} INFO - [2026-07-25T14:57:32.497+0000] {dag.py:3239} INFO - Sync 1 DAGs
[2026-07-25T14:57:32.601+0000] {logging_mixin.py:190} INFO - [2026-07-25T14:57:32.601+0000] {dag.py:4180} INFO - Setting next_dagrun for youtube_medallion_pipeline to None, run_after=None
[2026-07-25T14:57:32.652+0000] {processor.py:208} INFO - Processing /opt/airflow/dags/youtube_medallion_pipeline.py took 0.398 seconds
[2026-07-25T14:58:03.103+0000] {processor.py:186} INFO - Started process (PID=1155) to work on /opt/airflow/dags/youtube_medallion_pipeline.py
[2026-07-25T14:58:03.106+0000] {processor.py:914} INFO - Processing file /opt/airflow/dags/youtube_medallion_pipeline.py for tasks to queue
[2026-07-25T14:58:03.110+0000] {logging_mixin.py:190} INFO - [2026-07-25T14:58:03.108+0000] {dagbag.py:588} INFO - Filling up the DagBag from /opt/airflow/dags/youtube_medallion_pipeline.py
[2026-07-25T14:58:03.152+0000] {processor.py:925} INFO - DAG(s) 'youtube_medallion_pipeline' retrieved from /opt/airflow/dags/youtube_medallion_pipeline.py
[2026-07-25T14:58:03.221+0000] {logging_mixin.py:190} INFO - [2026-07-25T14:58:03.220+0000] {dag.py:3239} INFO - Sync 1 DAGs
[2026-07-25T14:58:03.315+0000] {logging_mixin.py:190} INFO - [2026-07-25T14:58:03.314+0000] {dag.py:4180} INFO - Setting next_dagrun for youtube_medallion_pipeline to None, run_after=None
[2026-07-25T14:58:03.484+0000] {processor.py:208} INFO - Processing /opt/airflow/dags/youtube_medallion_pipeline.py took 0.395 seconds
[2026-07-25T14:58:34.054+0000] {processor.py:186} INFO - Started process (PID=1160) to work on /opt/airflow/dags/youtube_medallion_pipeline.py
[2026-07-25T14:58:34.056+0000] {processor.py:914} INFO - Processing file /opt/airflow/dags/youtube_medallion_pipeline.py for tasks to queue
[2026-07-25T14:58:34.064+0000] {logging_mixin.py:190} INFO - [2026-07-25T14:58:34.062+0000] {dagbag.py:588} INFO - Filling up the DagBag from /opt/airflow/dags/youtube_medallion_pipeline.py
[2026-07-25T14:58:34.096+0000] {processor.py:925} INFO - DAG(s) 'youtube_medallion_pipeline' retrieved from /opt/airflow/dags/youtube_medallion_pipeline.py
[2026-07-25T14:58:34.190+0000] {logging_mixin.py:190} INFO - [2026-07-25T14:58:34.189+0000] {dag.py:3239} INFO - Sync 1 DAGs
[2026-07-25T14:58:34.276+0000] {logging_mixin.py:190} INFO - [2026-07-25T14:58:34.275+0000] {dag.py:4180} INFO - Setting next_dagrun for youtube_medallion_pipeline to None, run_after=None
[2026-07-25T14:58:34.314+0000] {processor.py:208} INFO - Processing /opt/airflow/dags/youtube_medallion_pipeline.py took 0.277 seconds
[2026-07-25T14:59:04.707+0000] {processor.py:186} INFO - Started process (PID=1165) to work on /opt/airflow/dags/youtube_medallion_pipeline.py
[2026-07-25T14:59:04.713+0000] {processor.py:914} INFO - Processing file /opt/airflow/dags/youtube_medallion_pipeline.py for tasks to queue
[2026-07-25T14:59:04.717+0000] {logging_mixin.py:190} INFO - [2026-07-25T14:59:04.717+0000] {dagbag.py:588} INFO - Filling up the DagBag from /opt/airflow/dags/youtube_medallion_pipeline.py
[2026-07-25T14:59:04.770+0000] {processor.py:925} INFO - DAG(s) 'youtube_medallion_pipeline' retrieved from /opt/airflow/dags/youtube_medallion_pipeline.py
[2026-07-25T14:59:05.020+0000] {logging_mixin.py:190} INFO - [2026-07-25T14:59:05.019+0000] {dag.py:3239} INFO - Sync 1 DAGs
[2026-07-25T14:59:05.051+0000] {logging_mixin.py:190} INFO - [2026-07-25T14:59:05.050+0000] {dag.py:4180} INFO - Setting next_dagrun for youtube_medallion_pipeline to None, run_after=None
[2026-07-25T14:59:05.163+0000] {processor.py:208} INFO - Processing /opt/airflow/dags/youtube_medallion_pipeline.py took 0.465 seconds
[2026-07-25T14:59:35.638+0000] {processor.py:186} INFO - Started process (PID=1170) to work on /opt/airflow/dags/youtube_medallion_pipeline.py
[2026-07-25T14:59:35.640+0000] {processor.py:914} INFO - Processing file /opt/airflow/dags/youtube_medallion_pipeline.py for tasks to queue
[2026-07-25T14:59:35.645+0000] {logging_mixin.py:190} INFO - [2026-07-25T14:59:35.644+0000] {dagbag.py:588} INFO - Filling up the DagBag from /opt/airflow/dags/youtube_medallion_pipeline.py
[2026-07-25T14:59:35.673+0000] {processor.py:925} INFO - DAG(s) 'youtube_medallion_pipeline' retrieved from /opt/airflow/dags/youtube_medallion_pipeline.py
[2026-07-25T14:59:35.755+0000] {logging_mixin.py:190} INFO - [2026-07-25T14:59:35.755+0000] {dag.py:3239} INFO - Sync 1 DAGs
[2026-07-25T14:59:35.867+0000] {logging_mixin.py:190} INFO - [2026-07-25T14:59:35.867+0000] {dag.py:4180} INFO - Setting next_dagrun for youtube_medallion_pipeline to None, run_after=None
[2026-07-25T14:59:36.007+0000] {processor.py:208} INFO - Processing /opt/airflow/dags/youtube_medallion_pipeline.py took 0.383 seconds
[2026-07-25T15:00:06.406+0000] {processor.py:186} INFO - Started process (PID=1175) to work on /opt/airflow/dags/youtube_medallion_pipeline.py
[2026-07-25T15:00:06.410+0000] {processor.py:914} INFO - Processing file /opt/airflow/dags/youtube_medallion_pipeline.py for tasks to queue
[2026-07-25T15:00:06.414+0000] {logging_mixin.py:190} INFO - [2026-07-25T15:00:06.413+0000] {dagbag.py:588} INFO - Filling up the DagBag from /opt/airflow/dags/youtube_medallion_pipeline.py
[2026-07-25T15:00:06.438+0000] {processor.py:925} INFO - DAG(s) 'youtube_medallion_pipeline' retrieved from /opt/airflow/dags/youtube_medallion_pipeline.py
[2026-07-25T15:00:06.540+0000] {logging_mixin.py:190} INFO - [2026-07-25T15:00:06.540+0000] {dag.py:3239} INFO - Sync 1 DAGs
[2026-07-25T15:00:06.633+0000] {logging_mixin.py:190} INFO - [2026-07-25T15:00:06.632+0000] {dag.py:4180} INFO - Setting next_dagrun for youtube_medallion_pipeline to None, run_after=None
[2026-07-25T15:00:06.669+0000] {processor.py:208} INFO - Processing /opt/airflow/dags/youtube_medallion_pipeline.py took 0.272 seconds
[2026-07-25T15:00:37.120+0000] {processor.py:186} INFO - Started process (PID=1180) to work on /opt/airflow/dags/youtube_medallion_pipeline.py
[2026-07-25T15:00:37.123+0000] {processor.py:914} INFO - Processing file /opt/airflow/dags/youtube_medallion_pipeline.py for tasks to queue
[2026-07-25T15:00:37.128+0000] {logging_mixin.py:190} INFO - [2026-07-25T15:00:37.127+0000] {dagbag.py:588} INFO - Filling up the DagBag from /opt/airflow/dags/youtube_medallion_pipeline.py
[2026-07-25T15:00:37.169+0000] {processor.py:925} INFO - DAG(s) 'youtube_medallion_pipeline' retrieved from /opt/airflow/dags/youtube_medallion_pipeline.py
[2026-07-25T15:00:37.236+0000] {logging_mixin.py:190} INFO - [2026-07-25T15:00:37.236+0000] {dag.py:3239} INFO - Sync 1 DAGs
[2026-07-25T15:00:37.290+0000] {logging_mixin.py:190} INFO - [2026-07-25T15:00:37.290+0000] {dag.py:4180} INFO - Setting next_dagrun for youtube_medallion_pipeline to None, run_after=None
[2026-07-25T15:00:37.384+0000] {processor.py:208} INFO - Processing /opt/airflow/dags/youtube_medallion_pipeline.py took 0.281 seconds
[2026-07-25T15:01:07.839+0000] {processor.py:186} INFO - Started process (PID=1185) to work on /opt/airflow/dags/youtube_medallion_pipeline.py
[2026-07-25T15:01:07.842+0000] {processor.py:914} INFO - Processing file /opt/airflow/dags/youtube_medallion_pipeline.py for tasks to queue
[2026-07-25T15:01:07.849+0000] {logging_mixin.py:190} INFO - [2026-07-25T15:01:07.848+0000] {dagbag.py:588} INFO - Filling up the DagBag from /opt/airflow/dags/youtube_medallion_pipeline.py
[2026-07-25T15:01:07.902+0000] {processor.py:925} INFO - DAG(s) 'youtube_medallion_pipeline' retrieved from /opt/airflow/dags/youtube_medallion_pipeline.py
[2026-07-25T15:01:07.986+0000] {logging_mixin.py:190} INFO - [2026-07-25T15:01:07.986+0000] {dag.py:3239} INFO - Sync 1 DAGs
[2026-07-25T15:01:08.018+0000] {logging_mixin.py:190} INFO - [2026-07-25T15:01:08.018+0000] {dag.py:4180} INFO - Setting next_dagrun for youtube_medallion_pipeline to None, run_after=None
[2026-07-25T15:01:08.060+0000] {processor.py:208} INFO - Processing /opt/airflow/dags/youtube_medallion_pipeline.py took 0.241 seconds
[2026-07-25T15:01:38.455+0000] {processor.py:186} INFO - Started process (PID=1190) to work on /opt/airflow/dags/youtube_medallion_pipeline.py
[2026-07-25T15:01:38.458+0000] {processor.py:914} INFO - Processing file /opt/airflow/dags/youtube_medallion_pipeline.py for tasks to queue
[2026-07-25T15:01:38.462+0000] {logging_mixin.py:190} INFO - [2026-07-25T15:01:38.461+0000] {dagbag.py:588} INFO - Filling up the DagBag from /opt/airflow/dags/youtube_medallion_pipeline.py
[2026-07-25T15:01:38.488+0000] {processor.py:925} INFO - DAG(s) 'youtube_medallion_pipeline' retrieved from /opt/airflow/dags/youtube_medallion_pipeline.py
[2026-07-25T15:01:38.550+0000] {logging_mixin.py:190} INFO - [2026-07-25T15:01:38.550+0000] {dag.py:3239} INFO - Sync 1 DAGs
[2026-07-25T15:01:38.668+0000] {logging_mixin.py:190} INFO - [2026-07-25T15:01:38.667+0000] {dag.py:4180} INFO - Setting next_dagrun for youtube_medallion_pipeline to None, run_after=None
[2026-07-25T15:01:38.779+0000] {processor.py:208} INFO - Processing /opt/airflow/dags/youtube_medallion_pipeline.py took 0.335 seconds
[2026-07-25T15:02:09.150+0000] {processor.py:186} INFO - Started process (PID=1195) to work on /opt/airflow/dags/youtube_medallion_pipeline.py
[2026-07-25T15:02:09.152+0000] {processor.py:914} INFO - Processing file /opt/airflow/dags/youtube_medallion_pipeline.py for tasks to queue
[2026-07-25T15:02:09.155+0000] {logging_mixin.py:190} INFO - [2026-07-25T15:02:09.154+0000] {dagbag.py:588} INFO - Filling up the DagBag from /opt/airflow/dags/youtube_medallion_pipeline.py
[2026-07-25T15:02:09.180+0000] {processor.py:925} INFO - DAG(s) 'youtube_medallion_pipeline' retrieved from /opt/airflow/dags/youtube_medallion_pipeline.py
[2026-07-25T15:02:09.252+0000] {logging_mixin.py:190} INFO - [2026-07-25T15:02:09.252+0000] {dag.py:3239} INFO - Sync 1 DAGs
[2026-07-25T15:02:09.298+0000] {logging_mixin.py:190} INFO - [2026-07-25T15:02:09.298+0000] {dag.py:4180} INFO - Setting next_dagrun for youtube_medallion_pipeline to None, run_after=None
[2026-07-25T15:02:09.332+0000] {processor.py:208} INFO - Processing /opt/airflow/dags/youtube_medallion_pipeline.py took 0.193 seconds
[2026-07-25T15:02:39.523+0000] {processor.py:186} INFO - Started process (PID=1200) to work on /opt/airflow/dags/youtube_medallion_pipeline.py
[2026-07-25T15:02:39.528+0000] {processor.py:914} INFO - Processing file /opt/airflow/dags/youtube_medallion_pipeline.py for tasks to queue
[2026-07-25T15:02:39.531+0000] {logging_mixin.py:190} INFO - [2026-07-25T15:02:39.530+0000] {dagbag.py:588} INFO - Filling up the DagBag from /opt/airflow/dags/youtube_medallion_pipeline.py
[2026-07-25T15:02:39.561+0000] {processor.py:925} INFO - DAG(s) 'youtube_medallion_pipeline' retrieved from /opt/airflow/dags/youtube_medallion_pipeline.py
[2026-07-25T15:02:39.646+0000] {logging_mixin.py:190} INFO - [2026-07-25T15:02:39.645+0000] {dag.py:3239} INFO - Sync 1 DAGs
[2026-07-25T15:02:39.681+0000] {logging_mixin.py:190} INFO - [2026-07-25T15:02:39.680+0000] {dag.py:4180} INFO - Setting next_dagrun for youtube_medallion_pipeline to None, run_after=None
[2026-07-25T15:02:39.726+0000] {processor.py:208} INFO - Processing /opt/airflow/dags/youtube_medallion_pipeline.py took 0.219 seconds
[2026-07-25T15:03:09.955+0000] {processor.py:186} INFO - Started process (PID=1205) to work on /opt/airflow/dags/youtube_medallion_pipeline.py
[2026-07-25T15:03:09.961+0000] {processor.py:914} INFO - Processing file /opt/airflow/dags/youtube_medallion_pipeline.py for tasks to queue
[2026-07-25T15:03:09.966+0000] {logging_mixin.py:190} INFO - [2026-07-25T15:03:09.964+0000] {dagbag.py:588} INFO - Filling up the DagBag from /opt/airflow/dags/youtube_medallion_pipeline.py
[2026-07-25T15:03:09.993+0000] {processor.py:925} INFO - DAG(s) 'youtube_medallion_pipeline' retrieved from /opt/airflow/dags/youtube_medallion_pipeline.py
[2026-07-25T15:03:10.055+0000] {logging_mixin.py:190} INFO - [2026-07-25T15:03:10.054+0000] {dag.py:3239} INFO - Sync 1 DAGs
[2026-07-25T15:03:10.089+0000] {logging_mixin.py:190} INFO - [2026-07-25T15:03:10.088+0000] {dag.py:4180} INFO - Setting next_dagrun for youtube_medallion_pipeline to None, run_after=None
[2026-07-25T15:03:10.135+0000] {processor.py:208} INFO - Processing /opt/airflow/dags/youtube_medallion_pipeline.py took 0.190 seconds
[2026-07-25T15:03:40.390+0000] {processor.py:186} INFO - Started process (PID=1210) to work on /opt/airflow/dags/youtube_medallion_pipeline.py
[2026-07-25T15:03:40.393+0000] {processor.py:914} INFO - Processing file /opt/airflow/dags/youtube_medallion_pipeline.py for tasks to queue
[2026-07-25T15:03:40.397+0000] {logging_mixin.py:190} INFO - [2026-07-25T15:03:40.396+0000] {dagbag.py:588} INFO - Filling up the DagBag from /opt/airflow/dags/youtube_medallion_pipeline.py
[2026-07-25T15:03:40.415+0000] {processor.py:925} INFO - DAG(s) 'youtube_medallion_pipeline' retrieved from /opt/airflow/dags/youtube_medallion_pipeline.py
[2026-07-25T15:03:40.470+0000] {logging_mixin.py:190} INFO - [2026-07-25T15:03:40.470+0000] {dag.py:3239} INFO - Sync 1 DAGs
[2026-07-25T15:03:40.503+0000] {logging_mixin.py:190} INFO - [2026-07-25T15:03:40.502+0000] {dag.py:4180} INFO - Setting next_dagrun for youtube_medallion_pipeline to None, run_after=None
[2026-07-25T15:03:40.540+0000] {processor.py:208} INFO - Processing /opt/airflow/dags/youtube_medallion_pipeline.py took 0.159 seconds
[2026-07-25T15:04:10.704+0000] {processor.py:186} INFO - Started process (PID=1215) to work on /opt/airflow/dags/youtube_medallion_pipeline.py
[2026-07-25T15:04:10.706+0000] {processor.py:914} INFO - Processing file /opt/airflow/dags/youtube_medallion_pipeline.py for tasks to queue
[2026-07-25T15:04:10.710+0000] {logging_mixin.py:190} INFO - [2026-07-25T15:04:10.709+0000] {dagbag.py:588} INFO - Filling up the DagBag from /opt/airflow/dags/youtube_medallion_pipeline.py
[2026-07-25T15:04:10.772+0000] {processor.py:925} INFO - DAG(s) 'youtube_medallion_pipeline' retrieved from /opt/airflow/dags/youtube_medallion_pipeline.py
[2026-07-25T15:04:11.009+0000] {logging_mixin.py:190} INFO - [2026-07-25T15:04:11.009+0000] {dag.py:3239} INFO - Sync 1 DAGs
[2026-07-25T15:04:11.126+0000] {logging_mixin.py:190} INFO - [2026-07-25T15:04:11.125+0000] {dag.py:4180} INFO - Setting next_dagrun for youtube_medallion_pipeline to None, run_after=None
[2026-07-25T15:04:11.210+0000] {processor.py:208} INFO - Processing /opt/airflow/dags/youtube_medallion_pipeline.py took 0.515 seconds
[2026-07-25T15:04:41.517+0000] {processor.py:186} INFO - Started process (PID=1220) to work on /opt/airflow/dags/youtube_medallion_pipeline.py
[2026-07-25T15:04:41.519+0000] {processor.py:914} INFO - Processing file /opt/airflow/dags/youtube_medallion_pipeline.py for tasks to queue
[2026-07-25T15:04:41.522+0000] {logging_mixin.py:190} INFO - [2026-07-25T15:04:41.522+0000] {dagbag.py:588} INFO - Filling up the DagBag from /opt/airflow/dags/youtube_medallion_pipeline.py
[2026-07-25T15:04:41.545+0000] {processor.py:925} INFO - DAG(s) 'youtube_medallion_pipeline' retrieved from /opt/airflow/dags/youtube_medallion_pipeline.py
[2026-07-25T15:04:41.605+0000] {logging_mixin.py:190} INFO - [2026-07-25T15:04:41.604+0000] {dag.py:3239} INFO - Sync 1 DAGs
[2026-07-25T15:04:41.631+0000] {logging_mixin.py:190} INFO - [2026-07-25T15:04:41.630+0000] {dag.py:4180} INFO - Setting next_dagrun for youtube_medallion_pipeline to None, run_after=None
[2026-07-25T15:04:41.663+0000] {processor.py:208} INFO - Processing /opt/airflow/dags/youtube_medallion_pipeline.py took 0.157 seconds
[2026-07-25T15:05:11.779+0000] {processor.py:186} INFO - Started process (PID=1225) to work on /opt/airflow/dags/youtube_medallion_pipeline.py
[2026-07-25T15:05:11.781+0000] {processor.py:914} INFO - Processing file /opt/airflow/dags/youtube_medallion_pipeline.py for tasks to queue
[2026-07-25T15:05:11.784+0000] {logging_mixin.py:190} INFO - [2026-07-25T15:05:11.783+0000] {dagbag.py:588} INFO - Filling up the DagBag from /opt/airflow/dags/youtube_medallion_pipeline.py
[2026-07-25T15:05:11.803+0000] {processor.py:925} INFO - DAG(s) 'youtube_medallion_pipeline' retrieved from /opt/airflow/dags/youtube_medallion_pipeline.py
[2026-07-25T15:05:11.849+0000] {logging_mixin.py:190} INFO - [2026-07-25T15:05:11.849+0000] {dag.py:3239} INFO - Sync 1 DAGs
[2026-07-25T15:05:11.870+0000] {logging_mixin.py:190} INFO - [2026-07-25T15:05:11.870+0000] {dag.py:4180} INFO - Setting next_dagrun for youtube_medallion_pipeline to None, run_after=None
[2026-07-25T15:05:11.900+0000] {processor.py:208} INFO - Processing /opt/airflow/dags/youtube_medallion_pipeline.py took 0.130 seconds
[2026-07-25T15:05:42.249+0000] {processor.py:186} INFO - Started process (PID=1230) to work on /opt/airflow/dags/youtube_medallion_pipeline.py
[2026-07-25T15:05:42.251+0000] {processor.py:914} INFO - Processing file /opt/airflow/dags/youtube_medallion_pipeline.py for tasks to queue
[2026-07-25T15:05:42.253+0000] {logging_mixin.py:190} INFO - [2026-07-25T15:05:42.253+0000] {dagbag.py:588} INFO - Filling up the DagBag from /opt/airflow/dags/youtube_medallion_pipeline.py
[2026-07-25T15:05:42.277+0000] {processor.py:925} INFO - DAG(s) 'youtube_medallion_pipeline' retrieved from /opt/airflow/dags/youtube_medallion_pipeline.py
[2026-07-25T15:05:42.323+0000] {logging_mixin.py:190} INFO - [2026-07-25T15:05:42.323+0000] {dag.py:3239} INFO - Sync 1 DAGs
[2026-07-25T15:05:42.345+0000] {logging_mixin.py:190} INFO - [2026-07-25T15:05:42.345+0000] {dag.py:4180} INFO - Setting next_dagrun for youtube_medallion_pipeline to None, run_after=None
[2026-07-25T15:05:42.386+0000] {processor.py:208} INFO - Processing /opt/airflow/dags/youtube_medallion_pipeline.py took 0.147 seconds
[2026-07-25T15:06:12.569+0000] {processor.py:186} INFO - Started process (PID=1235) to work on /opt/airflow/dags/youtube_medallion_pipeline.py
[2026-07-25T15:06:12.572+0000] {processor.py:914} INFO - Processing file /opt/airflow/dags/youtube_medallion_pipeline.py for tasks to queue
[2026-07-25T15:06:12.579+0000] {logging_mixin.py:190} INFO - [2026-07-25T15:06:12.578+0000] {dagbag.py:588} INFO - Filling up the DagBag from /opt/airflow/dags/youtube_medallion_pipeline.py
[2026-07-25T15:06:12.610+0000] {processor.py:925} INFO - DAG(s) 'youtube_medallion_pipeline' retrieved from /opt/airflow/dags/youtube_medallion_pipeline.py
[2026-07-25T15:06:12.669+0000] {logging_mixin.py:190} INFO - [2026-07-25T15:06:12.669+0000] {dag.py:3239} INFO - Sync 1 DAGs
[2026-07-25T15:06:12.691+0000] {logging_mixin.py:190} INFO - [2026-07-25T15:06:12.690+0000] {dag.py:4180} INFO - Setting next_dagrun for youtube_medallion_pipeline to None, run_after=None
[2026-07-25T15:06:12.744+0000] {processor.py:208} INFO - Processing /opt/airflow/dags/youtube_medallion_pipeline.py took 0.188 seconds
[2026-07-25T15:06:43.174+0000] {processor.py:186} INFO - Started process (PID=1240) to work on /opt/airflow/dags/youtube_medallion_pipeline.py
[2026-07-25T15:06:43.182+0000] {processor.py:914} INFO - Processing file /opt/airflow/dags/youtube_medallion_pipeline.py for tasks to queue
[2026-07-25T15:06:43.198+0000] {logging_mixin.py:190} INFO - [2026-07-25T15:06:43.189+0000] {dagbag.py:588} INFO - Filling up the DagBag from /opt/airflow/dags/youtube_medallion_pipeline.py
[2026-07-25T15:06:43.264+0000] {processor.py:925} INFO - DAG(s) 'youtube_medallion_pipeline' retrieved from /opt/airflow/dags/youtube_medallion_pipeline.py
[2026-07-25T15:06:43.496+0000] {logging_mixin.py:190} INFO - [2026-07-25T15:06:43.495+0000] {dag.py:3239} INFO - Sync 1 DAGs
[2026-07-25T15:06:43.601+0000] {logging_mixin.py:190} INFO - [2026-07-25T15:06:43.601+0000] {dag.py:4180} INFO - Setting next_dagrun for youtube_medallion_pipeline to None, run_after=None
[2026-07-25T15:06:43.687+0000] {processor.py:208} INFO - Processing /opt/airflow/dags/youtube_medallion_pipeline.py took 0.572 seconds
[2026-07-25T15:07:14.084+0000] {processor.py:186} INFO - Started process (PID=1245) to work on /opt/airflow/dags/youtube_medallion_pipeline.py
[2026-07-25T15:07:14.086+0000] {processor.py:914} INFO - Processing file /opt/airflow/dags/youtube_medallion_pipeline.py for tasks to queue
[2026-07-25T15:07:14.090+0000] {logging_mixin.py:190} INFO - [2026-07-25T15:07:14.089+0000] {dagbag.py:588} INFO - Filling up the DagBag from /opt/airflow/dags/youtube_medallion_pipeline.py
[2026-07-25T15:07:14.128+0000] {processor.py:925} INFO - DAG(s) 'youtube_medallion_pipeline' retrieved from /opt/airflow/dags/youtube_medallion_pipeline.py
[2026-07-25T15:07:14.202+0000] {logging_mixin.py:190} INFO - [2026-07-25T15:07:14.202+0000] {dag.py:3239} INFO - Sync 1 DAGs
[2026-07-25T15:07:14.228+0000] {logging_mixin.py:190} INFO - [2026-07-25T15:07:14.227+0000] {dag.py:4180} INFO - Setting next_dagrun for youtube_medallion_pipeline to None, run_after=None
[2026-07-25T15:07:14.293+0000] {processor.py:208} INFO - Processing /opt/airflow/dags/youtube_medallion_pipeline.py took 0.221 seconds
[2026-07-25T15:07:44.721+0000] {processor.py:186} INFO - Started process (PID=1250) to work on /opt/airflow/dags/youtube_medallion_pipeline.py
[2026-07-25T15:07:44.724+0000] {processor.py:914} INFO - Processing file /opt/airflow/dags/youtube_medallion_pipeline.py for tasks to queue
[2026-07-25T15:07:44.729+0000] {logging_mixin.py:190} INFO - [2026-07-25T15:07:44.728+0000] {dagbag.py:588} INFO - Filling up the DagBag from /opt/airflow/dags/youtube_medallion_pipeline.py
[2026-07-25T15:07:44.753+0000] {processor.py:925} INFO - DAG(s) 'youtube_medallion_pipeline' retrieved from /opt/airflow/dags/youtube_medallion_pipeline.py
[2026-07-25T15:07:44.902+0000] {logging_mixin.py:190} INFO - [2026-07-25T15:07:44.902+0000] {dag.py:3239} INFO - Sync 1 DAGs
[2026-07-25T15:07:44.962+0000] {logging_mixin.py:190} INFO - [2026-07-25T15:07:44.961+0000] {dag.py:4180} INFO - Setting next_dagrun for youtube_medallion_pipeline to None, run_after=None
[2026-07-25T15:07:45.040+0000] {processor.py:208} INFO - Processing /opt/airflow/dags/youtube_medallion_pipeline.py took 0.328 seconds
[2026-07-25T15:08:15.398+0000] {processor.py:186} INFO - Started process (PID=1255) to work on /opt/airflow/dags/youtube_medallion_pipeline.py
[2026-07-25T15:08:15.400+0000] {processor.py:914} INFO - Processing file /opt/airflow/dags/youtube_medallion_pipeline.py for tasks to queue
[2026-07-25T15:08:15.403+0000] {logging_mixin.py:190} INFO - [2026-07-25T15:08:15.403+0000] {dagbag.py:588} INFO - Filling up the DagBag from /opt/airflow/dags/youtube_medallion_pipeline.py
[2026-07-25T15:08:15.425+0000] {processor.py:925} INFO - DAG(s) 'youtube_medallion_pipeline' retrieved from /opt/airflow/dags/youtube_medallion_pipeline.py
[2026-07-25T15:08:15.513+0000] {logging_mixin.py:190} INFO - [2026-07-25T15:08:15.512+0000] {dag.py:3239} INFO - Sync 1 DAGs
[2026-07-25T15:08:15.617+0000] {logging_mixin.py:190} INFO - [2026-07-25T15:08:15.616+0000] {dag.py:4180} INFO - Setting next_dagrun for youtube_medallion_pipeline to None, run_after=None
[2026-07-25T15:08:15.693+0000] {processor.py:208} INFO - Processing /opt/airflow/dags/youtube_medallion_pipeline.py took 0.305 seconds
[2026-07-25T15:08:46.045+0000] {processor.py:186} INFO - Started process (PID=1260) to work on /opt/airflow/dags/youtube_medallion_pipeline.py
[2026-07-25T15:08:46.047+0000] {processor.py:914} INFO - Processing file /opt/airflow/dags/youtube_medallion_pipeline.py for tasks to queue
[2026-07-25T15:08:46.051+0000] {logging_mixin.py:190} INFO - [2026-07-25T15:08:46.050+0000] {dagbag.py:588} INFO - Filling up the DagBag from /opt/airflow/dags/youtube_medallion_pipeline.py
[2026-07-25T15:08:46.086+0000] {processor.py:925} INFO - DAG(s) 'youtube_medallion_pipeline' retrieved from /opt/airflow/dags/youtube_medallion_pipeline.py
[2026-07-25T15:08:46.150+0000] {logging_mixin.py:190} INFO - [2026-07-25T15:08:46.149+0000] {dag.py:3239} INFO - Sync 1 DAGs
[2026-07-25T15:08:46.174+0000] {logging_mixin.py:190} INFO - [2026-07-25T15:08:46.174+0000] {dag.py:4180} INFO - Setting next_dagrun for youtube_medallion_pipeline to None, run_after=None
[2026-07-25T15:08:46.213+0000] {processor.py:208} INFO - Processing /opt/airflow/dags/youtube_medallion_pipeline.py took 0.178 seconds
[2026-07-25T15:09:16.322+0000] {processor.py:186} INFO - Started process (PID=1265) to work on /opt/airflow/dags/youtube_medallion_pipeline.py
[2026-07-25T15:09:16.325+0000] {processor.py:914} INFO - Processing file /opt/airflow/dags/youtube_medallion_pipeline.py for tasks to queue
[2026-07-25T15:09:16.329+0000] {logging_mixin.py:190} INFO - [2026-07-25T15:09:16.328+0000] {dagbag.py:588} INFO - Filling up the DagBag from /opt/airflow/dags/youtube_medallion_pipeline.py
[2026-07-25T15:09:16.351+0000] {processor.py:925} INFO - DAG(s) 'youtube_medallion_pipeline' retrieved from /opt/airflow/dags/youtube_medallion_pipeline.py
[2026-07-25T15:09:16.404+0000] {logging_mixin.py:190} INFO - [2026-07-25T15:09:16.404+0000] {dag.py:3239} INFO - Sync 1 DAGs
[2026-07-25T15:09:16.428+0000] {logging_mixin.py:190} INFO - [2026-07-25T15:09:16.427+0000] {dag.py:4180} INFO - Setting next_dagrun for youtube_medallion_pipeline to None, run_after=None
[2026-07-25T15:09:16.481+0000] {processor.py:208} INFO - Processing /opt/airflow/dags/youtube_medallion_pipeline.py took 0.170 seconds
[2026-07-25T15:09:46.770+0000] {processor.py:186} INFO - Started process (PID=1270) to work on /opt/airflow/dags/youtube_medallion_pipeline.py
[2026-07-25T15:09:46.773+0000] {processor.py:914} INFO - Processing file /opt/airflow/dags/youtube_medallion_pipeline.py for tasks to queue
[2026-07-25T15:09:46.778+0000] {logging_mixin.py:190} INFO - [2026-07-25T15:09:46.777+0000] {dagbag.py:588} INFO - Filling up the DagBag from /opt/airflow/dags/youtube_medallion_pipeline.py
[2026-07-25T15:09:46.802+0000] {processor.py:925} INFO - DAG(s) 'youtube_medallion_pipeline' retrieved from /opt/airflow/dags/youtube_medallion_pipeline.py
[2026-07-25T15:09:46.957+0000] {logging_mixin.py:190} INFO - [2026-07-25T15:09:46.956+0000] {dag.py:3239} INFO - Sync 1 DAGs
[2026-07-25T15:09:47.034+0000] {logging_mixin.py:190} INFO - [2026-07-25T15:09:47.034+0000] {dag.py:4180} INFO - Setting next_dagrun for youtube_medallion_pipeline to None, run_after=None
[2026-07-25T15:09:47.076+0000] {processor.py:208} INFO - Processing /opt/airflow/dags/youtube_medallion_pipeline.py took 0.317 seconds
[2026-07-25T15:10:17.385+0000] {processor.py:186} INFO - Started process (PID=1275) to work on /opt/airflow/dags/youtube_medallion_pipeline.py
[2026-07-25T15:10:17.387+0000] {processor.py:914} INFO - Processing file /opt/airflow/dags/youtube_medallion_pipeline.py for tasks to queue
[2026-07-25T15:10:17.391+0000] {logging_mixin.py:190} INFO - [2026-07-25T15:10:17.390+0000] {dagbag.py:588} INFO - Filling up the DagBag from /opt/airflow/dags/youtube_medallion_pipeline.py
[2026-07-25T15:10:17.419+0000] {processor.py:925} INFO - DAG(s) 'youtube_medallion_pipeline' retrieved from /opt/airflow/dags/youtube_medallion_pipeline.py
[2026-07-25T15:10:17.499+0000] {logging_mixin.py:190} INFO - [2026-07-25T15:10:17.499+0000] {dag.py:3239} INFO - Sync 1 DAGs
[2026-07-25T15:10:17.549+0000] {logging_mixin.py:190} INFO - [2026-07-25T15:10:17.548+0000] {dag.py:4180} INFO - Setting next_dagrun for youtube_medallion_pipeline to None, run_after=None
[2026-07-25T15:10:17.583+0000] {processor.py:208} INFO - Processing /opt/airflow/dags/youtube_medallion_pipeline.py took 0.209 seconds
[2026-07-25T15:10:47.705+0000] {processor.py:186} INFO - Started process (PID=1280) to work on /opt/airflow/dags/youtube_medallion_pipeline.py
[2026-07-25T15:10:47.708+0000] {processor.py:914} INFO - Processing file /opt/airflow/dags/youtube_medallion_pipeline.py for tasks to queue
[2026-07-25T15:10:47.710+0000] {logging_mixin.py:190} INFO - [2026-07-25T15:10:47.710+0000] {dagbag.py:588} INFO - Filling up the DagBag from /opt/airflow/dags/youtube_medallion_pipeline.py
[2026-07-25T15:10:47.730+0000] {processor.py:925} INFO - DAG(s) 'youtube_medallion_pipeline' retrieved from /opt/airflow/dags/youtube_medallion_pipeline.py
[2026-07-25T15:10:47.777+0000] {logging_mixin.py:190} INFO - [2026-07-25T15:10:47.776+0000] {dag.py:3239} INFO - Sync 1 DAGs
[2026-07-25T15:10:47.801+0000] {logging_mixin.py:190} INFO - [2026-07-25T15:10:47.800+0000] {dag.py:4180} INFO - Setting next_dagrun for youtube_medallion_pipeline to None, run_after=None
[2026-07-25T15:10:47.840+0000] {processor.py:208} INFO - Processing /opt/airflow/dags/youtube_medallion_pipeline.py took 0.145 seconds
[2026-07-25T15:11:18.153+0000] {processor.py:186} INFO - Started process (PID=1285) to work on /opt/airflow/dags/youtube_medallion_pipeline.py
[2026-07-25T15:11:18.159+0000] {processor.py:914} INFO - Processing file /opt/airflow/dags/youtube_medallion_pipeline.py for tasks to queue
[2026-07-25T15:11:18.165+0000] {logging_mixin.py:190} INFO - [2026-07-25T15:11:18.163+0000] {dagbag.py:588} INFO - Filling up the DagBag from /opt/airflow/dags/youtube_medallion_pipeline.py
[2026-07-25T15:11:18.202+0000] {processor.py:925} INFO - DAG(s) 'youtube_medallion_pipeline' retrieved from /opt/airflow/dags/youtube_medallion_pipeline.py
[2026-07-25T15:11:18.287+0000] {logging_mixin.py:190} INFO - [2026-07-25T15:11:18.286+0000] {dag.py:3239} INFO - Sync 1 DAGs
[2026-07-25T15:11:18.312+0000] {logging_mixin.py:190} INFO - [2026-07-25T15:11:18.311+0000] {dag.py:4180} INFO - Setting next_dagrun for youtube_medallion_pipeline to None, run_after=None
[2026-07-25T15:11:18.355+0000] {processor.py:208} INFO - Processing /opt/airflow/dags/youtube_medallion_pipeline.py took 0.211 seconds
[2026-07-25T15:11:48.477+0000] {processor.py:186} INFO - Started process (PID=1290) to work on /opt/airflow/dags/youtube_medallion_pipeline.py
[2026-07-25T15:11:48.479+0000] {processor.py:914} INFO - Processing file /opt/airflow/dags/youtube_medallion_pipeline.py for tasks to queue
[2026-07-25T15:11:48.482+0000] {logging_mixin.py:190} INFO - [2026-07-25T15:11:48.481+0000] {dagbag.py:588} INFO - Filling up the DagBag from /opt/airflow/dags/youtube_medallion_pipeline.py
[2026-07-25T15:11:48.504+0000] {processor.py:925} INFO - DAG(s) 'youtube_medallion_pipeline' retrieved from /opt/airflow/dags/youtube_medallion_pipeline.py
[2026-07-25T15:11:48.567+0000] {logging_mixin.py:190} INFO - [2026-07-25T15:11:48.566+0000] {dag.py:3239} INFO - Sync 1 DAGs
[2026-07-25T15:11:48.633+0000] {logging_mixin.py:190} INFO - [2026-07-25T15:11:48.633+0000] {dag.py:4180} INFO - Setting next_dagrun for youtube_medallion_pipeline to None, run_after=None
[2026-07-25T15:11:48.761+0000] {processor.py:208} INFO - Processing /opt/airflow/dags/youtube_medallion_pipeline.py took 0.294 seconds
[2026-07-25T15:12:18.919+0000] {processor.py:186} INFO - Started process (PID=1295) to work on /opt/airflow/dags/youtube_medallion_pipeline.py
[2026-07-25T15:12:18.921+0000] {processor.py:914} INFO - Processing file /opt/airflow/dags/youtube_medallion_pipeline.py for tasks to queue
[2026-07-25T15:12:18.926+0000] {logging_mixin.py:190} INFO - [2026-07-25T15:12:18.925+0000] {dagbag.py:588} INFO - Filling up the DagBag from /opt/airflow/dags/youtube_medallion_pipeline.py
[2026-07-25T15:12:18.943+0000] {processor.py:925} INFO - DAG(s) 'youtube_medallion_pipeline' retrieved from /opt/airflow/dags/youtube_medallion_pipeline.py
[2026-07-25T15:12:18.991+0000] {logging_mixin.py:190} INFO - [2026-07-25T15:12:18.990+0000] {dag.py:3239} INFO - Sync 1 DAGs
[2026-07-25T15:12:19.011+0000] {logging_mixin.py:190} INFO - [2026-07-25T15:12:19.011+0000] {dag.py:4180} INFO - Setting next_dagrun for youtube_medallion_pipeline to None, run_after=None
[2026-07-25T15:12:19.044+0000] {processor.py:208} INFO - Processing /opt/airflow/dags/youtube_medallion_pipeline.py took 0.132 seconds
[2026-07-25T15:12:49.231+0000] {processor.py:186} INFO - Started process (PID=1300) to work on /opt/airflow/dags/youtube_medallion_pipeline.py
[2026-07-25T15:12:49.233+0000] {processor.py:914} INFO - Processing file /opt/airflow/dags/youtube_medallion_pipeline.py for tasks to queue
[2026-07-25T15:12:49.236+0000] {logging_mixin.py:190} INFO - [2026-07-25T15:12:49.235+0000] {dagbag.py:588} INFO - Filling up the DagBag from /opt/airflow/dags/youtube_medallion_pipeline.py
[2026-07-25T15:12:49.254+0000] {processor.py:925} INFO - DAG(s) 'youtube_medallion_pipeline' retrieved from /opt/airflow/dags/youtube_medallion_pipeline.py
[2026-07-25T15:12:49.306+0000] {logging_mixin.py:190} INFO - [2026-07-25T15:12:49.305+0000] {dag.py:3239} INFO - Sync 1 DAGs
[2026-07-25T15:12:49.333+0000] {logging_mixin.py:190} INFO - [2026-07-25T15:12:49.333+0000] {dag.py:4180} INFO - Setting next_dagrun for youtube_medallion_pipeline to None, run_after=None
[2026-07-25T15:12:49.370+0000] {processor.py:208} INFO - Processing /opt/airflow/dags/youtube_medallion_pipeline.py took 0.149 seconds
[2026-07-25T15:13:19.697+0000] {processor.py:186} INFO - Started process (PID=1305) to work on /opt/airflow/dags/youtube_medallion_pipeline.py
[2026-07-25T15:13:19.699+0000] {processor.py:914} INFO - Processing file /opt/airflow/dags/youtube_medallion_pipeline.py for tasks to queue
[2026-07-25T15:13:19.702+0000] {logging_mixin.py:190} INFO - [2026-07-25T15:13:19.701+0000] {dagbag.py:588} INFO - Filling up the DagBag from /opt/airflow/dags/youtube_medallion_pipeline.py
[2026-07-25T15:13:19.723+0000] {processor.py:925} INFO - DAG(s) 'youtube_medallion_pipeline' retrieved from /opt/airflow/dags/youtube_medallion_pipeline.py
[2026-07-25T15:13:19.772+0000] {logging_mixin.py:190} INFO - [2026-07-25T15:13:19.771+0000] {dag.py:3239} INFO - Sync 1 DAGs
[2026-07-25T15:13:19.795+0000] {logging_mixin.py:190} INFO - [2026-07-25T15:13:19.794+0000] {dag.py:4180} INFO - Setting next_dagrun for youtube_medallion_pipeline to None, run_after=None
[2026-07-25T15:13:19.823+0000] {processor.py:208} INFO - Processing /opt/airflow/dags/youtube_medallion_pipeline.py took 0.135 seconds
[2026-07-25T15:13:49.970+0000] {processor.py:186} INFO - Started process (PID=1310) to work on /opt/airflow/dags/youtube_medallion_pipeline.py
[2026-07-25T15:13:49.972+0000] {processor.py:914} INFO - Processing file /opt/airflow/dags/youtube_medallion_pipeline.py for tasks to queue
[2026-07-25T15:13:49.976+0000] {logging_mixin.py:190} INFO - [2026-07-25T15:13:49.975+0000] {dagbag.py:588} INFO - Filling up the DagBag from /opt/airflow/dags/youtube_medallion_pipeline.py
[2026-07-25T15:13:49.999+0000] {processor.py:925} INFO - DAG(s) 'youtube_medallion_pipeline' retrieved from /opt/airflow/dags/youtube_medallion_pipeline.py
[2026-07-25T15:13:50.052+0000] {logging_mixin.py:190} INFO - [2026-07-25T15:13:50.052+0000] {dag.py:3239} INFO - Sync 1 DAGs
[2026-07-25T15:13:50.082+0000] {logging_mixin.py:190} INFO - [2026-07-25T15:13:50.081+0000] {dag.py:4180} INFO - Setting next_dagrun for youtube_medallion_pipeline to None, run_after=None
[2026-07-25T15:13:50.114+0000] {processor.py:208} INFO - Processing /opt/airflow/dags/youtube_medallion_pipeline.py took 0.152 seconds
[2026-07-25T15:14:20.357+0000] {processor.py:186} INFO - Started process (PID=1315) to work on /opt/airflow/dags/youtube_medallion_pipeline.py
[2026-07-25T15:14:20.359+0000] {processor.py:914} INFO - Processing file /opt/airflow/dags/youtube_medallion_pipeline.py for tasks to queue
[2026-07-25T15:14:20.362+0000] {logging_mixin.py:190} INFO - [2026-07-25T15:14:20.361+0000] {dagbag.py:588} INFO - Filling up the DagBag from /opt/airflow/dags/youtube_medallion_pipeline.py
[2026-07-25T15:14:20.381+0000] {processor.py:925} INFO - DAG(s) 'youtube_medallion_pipeline' retrieved from /opt/airflow/dags/youtube_medallion_pipeline.py
[2026-07-25T15:14:20.439+0000] {logging_mixin.py:190} INFO - [2026-07-25T15:14:20.438+0000] {dag.py:3239} INFO - Sync 1 DAGs
[2026-07-25T15:14:20.466+0000] {logging_mixin.py:190} INFO - [2026-07-25T15:14:20.466+0000] {dag.py:4180} INFO - Setting next_dagrun for youtube_medallion_pipeline to None, run_after=None
[2026-07-25T15:14:20.494+0000] {processor.py:208} INFO - Processing /opt/airflow/dags/youtube_medallion_pipeline.py took 0.150 seconds
[2026-07-25T15:14:50.639+0000] {processor.py:186} INFO - Started process (PID=1320) to work on /opt/airflow/dags/youtube_medallion_pipeline.py
[2026-07-25T15:14:50.641+0000] {processor.py:914} INFO - Processing file /opt/airflow/dags/youtube_medallion_pipeline.py for tasks to queue
[2026-07-25T15:14:50.645+0000] {logging_mixin.py:190} INFO - [2026-07-25T15:14:50.644+0000] {dagbag.py:588} INFO - Filling up the DagBag from /opt/airflow/dags/youtube_medallion_pipeline.py
[2026-07-25T15:14:50.665+0000] {processor.py:925} INFO - DAG(s) 'youtube_medallion_pipeline' retrieved from /opt/airflow/dags/youtube_medallion_pipeline.py
[2026-07-25T15:14:50.734+0000] {logging_mixin.py:190} INFO - [2026-07-25T15:14:50.733+0000] {dag.py:3239} INFO - Sync 1 DAGs
[2026-07-25T15:14:50.785+0000] {logging_mixin.py:190} INFO - [2026-07-25T15:14:50.785+0000] {dag.py:4180} INFO - Setting next_dagrun for youtube_medallion_pipeline to None, run_after=None
[2026-07-25T15:14:50.834+0000] {processor.py:208} INFO - Processing /opt/airflow/dags/youtube_medallion_pipeline.py took 0.204 seconds
[2026-07-25T15:15:21.041+0000] {processor.py:186} INFO - Started process (PID=1325) to work on /opt/airflow/dags/youtube_medallion_pipeline.py
[2026-07-25T15:15:21.043+0000] {processor.py:914} INFO - Processing file /opt/airflow/dags/youtube_medallion_pipeline.py for tasks to queue
[2026-07-25T15:15:21.046+0000] {logging_mixin.py:190} INFO - [2026-07-25T15:15:21.045+0000] {dagbag.py:588} INFO - Filling up the DagBag from /opt/airflow/dags/youtube_medallion_pipeline.py
[2026-07-25T15:15:21.066+0000] {processor.py:925} INFO - DAG(s) 'youtube_medallion_pipeline' retrieved from /opt/airflow/dags/youtube_medallion_pipeline.py
[2026-07-25T15:15:21.114+0000] {logging_mixin.py:190} INFO - [2026-07-25T15:15:21.114+0000] {dag.py:3239} INFO - Sync 1 DAGs
[2026-07-25T15:15:21.135+0000] {logging_mixin.py:190} INFO - [2026-07-25T15:15:21.135+0000] {dag.py:4180} INFO - Setting next_dagrun for youtube_medallion_pipeline to None, run_after=None
[2026-07-25T15:15:21.165+0000] {processor.py:208} INFO - Processing /opt/airflow/dags/youtube_medallion_pipeline.py took 0.132 seconds
[2026-07-25T15:15:51.370+0000] {processor.py:186} INFO - Started process (PID=1330) to work on /opt/airflow/dags/youtube_medallion_pipeline.py
[2026-07-25T15:15:51.372+0000] {processor.py:914} INFO - Processing file /opt/airflow/dags/youtube_medallion_pipeline.py for tasks to queue
[2026-07-25T15:15:51.375+0000] {logging_mixin.py:190} INFO - [2026-07-25T15:15:51.375+0000] {dagbag.py:588} INFO - Filling up the DagBag from /opt/airflow/dags/youtube_medallion_pipeline.py
[2026-07-25T15:15:51.395+0000] {processor.py:925} INFO - DAG(s) 'youtube_medallion_pipeline' retrieved from /opt/airflow/dags/youtube_medallion_pipeline.py
[2026-07-25T15:15:51.442+0000] {logging_mixin.py:190} INFO - [2026-07-25T15:15:51.442+0000] {dag.py:3239} INFO - Sync 1 DAGs
[2026-07-25T15:15:51.469+0000] {logging_mixin.py:190} INFO - [2026-07-25T15:15:51.469+0000] {dag.py:4180} INFO - Setting next_dagrun for youtube_medallion_pipeline to None, run_after=None
[2026-07-25T15:15:51.500+0000] {processor.py:208} INFO - Processing /opt/airflow/dags/youtube_medallion_pipeline.py took 0.139 seconds
[2026-07-25T15:16:21.691+0000] {processor.py:186} INFO - Started process (PID=1335) to work on /opt/airflow/dags/youtube_medallion_pipeline.py
[2026-07-25T15:16:21.693+0000] {processor.py:914} INFO - Processing file /opt/airflow/dags/youtube_medallion_pipeline.py for tasks to queue
[2026-07-25T15:16:21.695+0000] {logging_mixin.py:190} INFO - [2026-07-25T15:16:21.695+0000] {dagbag.py:588} INFO - Filling up the DagBag from /opt/airflow/dags/youtube_medallion_pipeline.py
[2026-07-25T15:16:21.716+0000] {processor.py:925} INFO - DAG(s) 'youtube_medallion_pipeline' retrieved from /opt/airflow/dags/youtube_medallion_pipeline.py
[2026-07-25T15:16:21.766+0000] {logging_mixin.py:190} INFO - [2026-07-25T15:16:21.766+0000] {dag.py:3239} INFO - Sync 1 DAGs
[2026-07-25T15:16:21.787+0000] {logging_mixin.py:190} INFO - [2026-07-25T15:16:21.787+0000] {dag.py:4180} INFO - Setting next_dagrun for youtube_medallion_pipeline to None, run_after=None
[2026-07-25T15:16:21.816+0000] {processor.py:208} INFO - Processing /opt/airflow/dags/youtube_medallion_pipeline.py took 0.134 seconds
[2026-07-25T15:16:52.041+0000] {processor.py:186} INFO - Started process (PID=1340) to work on /opt/airflow/dags/youtube_medallion_pipeline.py
[2026-07-25T15:16:52.044+0000] {processor.py:914} INFO - Processing file /opt/airflow/dags/youtube_medallion_pipeline.py for tasks to queue
[2026-07-25T15:16:52.049+0000] {logging_mixin.py:190} INFO - [2026-07-25T15:16:52.048+0000] {dagbag.py:588} INFO - Filling up the DagBag from /opt/airflow/dags/youtube_medallion_pipeline.py
[2026-07-25T15:16:52.081+0000] {processor.py:925} INFO - DAG(s) 'youtube_medallion_pipeline' retrieved from /opt/airflow/dags/youtube_medallion_pipeline.py
[2026-07-25T15:16:52.153+0000] {logging_mixin.py:190} INFO - [2026-07-25T15:16:52.153+0000] {dag.py:3239} INFO - Sync 1 DAGs
[2026-07-25T15:16:52.184+0000] {logging_mixin.py:190} INFO - [2026-07-25T15:16:52.184+0000] {dag.py:4180} INFO - Setting next_dagrun for youtube_medallion_pipeline to None, run_after=None
[2026-07-25T15:16:52.216+0000] {processor.py:208} INFO - Processing /opt/airflow/dags/youtube_medallion_pipeline.py took 0.186 seconds
[2026-07-25T15:17:22.664+0000] {processor.py:186} INFO - Started process (PID=1345) to work on /opt/airflow/dags/youtube_medallion_pipeline.py
[2026-07-25T15:17:22.668+0000] {processor.py:914} INFO - Processing file /opt/airflow/dags/youtube_medallion_pipeline.py for tasks to queue
[2026-07-25T15:17:22.674+0000] {logging_mixin.py:190} INFO - [2026-07-25T15:17:22.673+0000] {dagbag.py:588} INFO - Filling up the DagBag from /opt/airflow/dags/youtube_medallion_pipeline.py
[2026-07-25T15:17:22.701+0000] {processor.py:925} INFO - DAG(s) 'youtube_medallion_pipeline' retrieved from /opt/airflow/dags/youtube_medallion_pipeline.py
[2026-07-25T15:17:22.785+0000] {logging_mixin.py:190} INFO - [2026-07-25T15:17:22.785+0000] {dag.py:3239} INFO - Sync 1 DAGs
[2026-07-25T15:17:22.817+0000] {logging_mixin.py:190} INFO - [2026-07-25T15:17:22.817+0000] {dag.py:4180} INFO - Setting next_dagrun for youtube_medallion_pipeline to None, run_after=None
[2026-07-25T15:17:22.851+0000] {processor.py:208} INFO - Processing /opt/airflow/dags/youtube_medallion_pipeline.py took 0.201 seconds
[2026-07-25T15:17:52.959+0000] {processor.py:186} INFO - Started process (PID=1350) to work on /opt/airflow/dags/youtube_medallion_pipeline.py
[2026-07-25T15:17:52.965+0000] {processor.py:914} INFO - Processing file /opt/airflow/dags/youtube_medallion_pipeline.py for tasks to queue
[2026-07-25T15:17:52.970+0000] {logging_mixin.py:190} INFO - [2026-07-25T15:17:52.969+0000] {dagbag.py:588} INFO - Filling up the DagBag from /opt/airflow/dags/youtube_medallion_pipeline.py
[2026-07-25T15:17:52.992+0000] {processor.py:925} INFO - DAG(s) 'youtube_medallion_pipeline' retrieved from /opt/airflow/dags/youtube_medallion_pipeline.py
[2026-07-25T15:17:53.113+0000] {logging_mixin.py:190} INFO - [2026-07-25T15:17:53.112+0000] {dag.py:3239} INFO - Sync 1 DAGs
[2026-07-25T15:17:53.184+0000] {logging_mixin.py:190} INFO - [2026-07-25T15:17:53.183+0000] {dag.py:4180} INFO - Setting next_dagrun for youtube_medallion_pipeline to None, run_after=None
[2026-07-25T15:17:53.216+0000] {processor.py:208} INFO - Processing /opt/airflow/dags/youtube_medallion_pipeline.py took 0.280 seconds
[2026-07-25T15:18:23.431+0000] {processor.py:186} INFO - Started process (PID=1355) to work on /opt/airflow/dags/youtube_medallion_pipeline.py
[2026-07-25T15:18:23.433+0000] {processor.py:914} INFO - Processing file /opt/airflow/dags/youtube_medallion_pipeline.py for tasks to queue
[2026-07-25T15:18:23.435+0000] {logging_mixin.py:190} INFO - [2026-07-25T15:18:23.435+0000] {dagbag.py:588} INFO - Filling up the DagBag from /opt/airflow/dags/youtube_medallion_pipeline.py
[2026-07-25T15:18:23.456+0000] {processor.py:925} INFO - DAG(s) 'youtube_medallion_pipeline' retrieved from /opt/airflow/dags/youtube_medallion_pipeline.py
[2026-07-25T15:18:23.507+0000] {logging_mixin.py:190} INFO - [2026-07-25T15:18:23.507+0000] {dag.py:3239} INFO - Sync 1 DAGs
[2026-07-25T15:18:23.530+0000] {logging_mixin.py:190} INFO - [2026-07-25T15:18:23.529+0000] {dag.py:4180} INFO - Setting next_dagrun for youtube_medallion_pipeline to None, run_after=None
[2026-07-25T15:18:23.566+0000] {processor.py:208} INFO - Processing /opt/airflow/dags/youtube_medallion_pipeline.py took 0.145 seconds
[2026-07-25T15:18:53.980+0000] {processor.py:186} INFO - Started process (PID=1360) to work on /opt/airflow/dags/youtube_medallion_pipeline.py
[2026-07-25T15:18:53.984+0000] {processor.py:914} INFO - Processing file /opt/airflow/dags/youtube_medallion_pipeline.py for tasks to queue
[2026-07-25T15:18:53.993+0000] {logging_mixin.py:190} INFO - [2026-07-25T15:18:53.991+0000] {dagbag.py:588} INFO - Filling up the DagBag from /opt/airflow/dags/youtube_medallion_pipeline.py
[2026-07-25T15:18:54.044+0000] {processor.py:925} INFO - DAG(s) 'youtube_medallion_pipeline' retrieved from /opt/airflow/dags/youtube_medallion_pipeline.py
[2026-07-25T15:18:54.250+0000] {logging_mixin.py:190} INFO - [2026-07-25T15:18:54.250+0000] {dag.py:3239} INFO - Sync 1 DAGs
[2026-07-25T15:18:54.331+0000] {logging_mixin.py:190} INFO - [2026-07-25T15:18:54.331+0000] {dag.py:4180} INFO - Setting next_dagrun for youtube_medallion_pipeline to None, run_after=None
[2026-07-25T15:18:54.398+0000] {processor.py:208} INFO - Processing /opt/airflow/dags/youtube_medallion_pipeline.py took 0.432 seconds
[2026-07-25T15:19:24.735+0000] {processor.py:186} INFO - Started process (PID=1365) to work on /opt/airflow/dags/youtube_medallion_pipeline.py
[2026-07-25T15:19:24.738+0000] {processor.py:914} INFO - Processing file /opt/airflow/dags/youtube_medallion_pipeline.py for tasks to queue
[2026-07-25T15:19:24.741+0000] {logging_mixin.py:190} INFO - [2026-07-25T15:19:24.740+0000] {dagbag.py:588} INFO - Filling up the DagBag from /opt/airflow/dags/youtube_medallion_pipeline.py
[2026-07-25T15:19:24.763+0000] {processor.py:925} INFO - DAG(s) 'youtube_medallion_pipeline' retrieved from /opt/airflow/dags/youtube_medallion_pipeline.py
[2026-07-25T15:19:24.809+0000] {logging_mixin.py:190} INFO - [2026-07-25T15:19:24.808+0000] {dag.py:3239} INFO - Sync 1 DAGs
[2026-07-25T15:19:24.829+0000] {logging_mixin.py:190} INFO - [2026-07-25T15:19:24.829+0000] {dag.py:4180} INFO - Setting next_dagrun for youtube_medallion_pipeline to None, run_after=None
[2026-07-25T15:19:24.860+0000] {processor.py:208} INFO - Processing /opt/airflow/dags/youtube_medallion_pipeline.py took 0.134 seconds
[2026-07-25T15:19:54.990+0000] {processor.py:186} INFO - Started process (PID=1370) to work on /opt/airflow/dags/youtube_medallion_pipeline.py
[2026-07-25T15:19:54.992+0000] {processor.py:914} INFO - Processing file /opt/airflow/dags/youtube_medallion_pipeline.py for tasks to queue
[2026-07-25T15:19:54.995+0000] {logging_mixin.py:190} INFO - [2026-07-25T15:19:54.994+0000] {dagbag.py:588} INFO - Filling up the DagBag from /opt/airflow/dags/youtube_medallion_pipeline.py
[2026-07-25T15:19:55.016+0000] {processor.py:925} INFO - DAG(s) 'youtube_medallion_pipeline' retrieved from /opt/airflow/dags/youtube_medallion_pipeline.py
[2026-07-25T15:19:55.102+0000] {logging_mixin.py:190} INFO - [2026-07-25T15:19:55.101+0000] {dag.py:3239} INFO - Sync 1 DAGs
[2026-07-25T15:19:55.128+0000] {logging_mixin.py:190} INFO - [2026-07-25T15:19:55.127+0000] {dag.py:4180} INFO - Setting next_dagrun for youtube_medallion_pipeline to None, run_after=None
[2026-07-25T15:19:55.155+0000] {processor.py:208} INFO - Processing /opt/airflow/dags/youtube_medallion_pipeline.py took 0.175 seconds
[2026-07-25T15:20:25.384+0000] {processor.py:186} INFO - Started process (PID=1375) to work on /opt/airflow/dags/youtube_medallion_pipeline.py
[2026-07-25T15:20:25.386+0000] {processor.py:914} INFO - Processing file /opt/airflow/dags/youtube_medallion_pipeline.py for tasks to queue
[2026-07-25T15:20:25.389+0000] {logging_mixin.py:190} INFO - [2026-07-25T15:20:25.389+0000] {dagbag.py:588} INFO - Filling up the DagBag from /opt/airflow/dags/youtube_medallion_pipeline.py
[2026-07-25T15:20:25.412+0000] {processor.py:925} INFO - DAG(s) 'youtube_medallion_pipeline' retrieved from /opt/airflow/dags/youtube_medallion_pipeline.py
[2026-07-25T15:20:25.507+0000] {logging_mixin.py:190} INFO - [2026-07-25T15:20:25.507+0000] {dag.py:3239} INFO - Sync 1 DAGs
[2026-07-25T15:20:25.532+0000] {logging_mixin.py:190} INFO - [2026-07-25T15:20:25.531+0000] {dag.py:4180} INFO - Setting next_dagrun for youtube_medallion_pipeline to None, run_after=None
[2026-07-25T15:20:25.564+0000] {processor.py:208} INFO - Processing /opt/airflow/dags/youtube_medallion_pipeline.py took 0.189 seconds
[2026-07-25T15:20:55.700+0000] {processor.py:186} INFO - Started process (PID=1380) to work on /opt/airflow/dags/youtube_medallion_pipeline.py
[2026-07-25T15:20:55.703+0000] {processor.py:914} INFO - Processing file /opt/airflow/dags/youtube_medallion_pipeline.py for tasks to queue
[2026-07-25T15:20:55.706+0000] {logging_mixin.py:190} INFO - [2026-07-25T15:20:55.705+0000] {dagbag.py:588} INFO - Filling up the DagBag from /opt/airflow/dags/youtube_medallion_pipeline.py
[2026-07-25T15:20:55.725+0000] {processor.py:925} INFO - DAG(s) 'youtube_medallion_pipeline' retrieved from /opt/airflow/dags/youtube_medallion_pipeline.py
[2026-07-25T15:20:55.775+0000] {logging_mixin.py:190} INFO - [2026-07-25T15:20:55.775+0000] {dag.py:3239} INFO - Sync 1 DAGs
[2026-07-25T15:20:55.798+0000] {logging_mixin.py:190} INFO - [2026-07-25T15:20:55.798+0000] {dag.py:4180} INFO - Setting next_dagrun for youtube_medallion_pipeline to None, run_after=None
[2026-07-25T15:20:55.829+0000] {processor.py:208} INFO - Processing /opt/airflow/dags/youtube_medallion_pipeline.py took 0.139 seconds
[2026-07-25T15:21:26.087+0000] {processor.py:186} INFO - Started process (PID=1385) to work on /opt/airflow/dags/youtube_medallion_pipeline.py
[2026-07-25T15:21:26.089+0000] {processor.py:914} INFO - Processing file /opt/airflow/dags/youtube_medallion_pipeline.py for tasks to queue
[2026-07-25T15:21:26.091+0000] {logging_mixin.py:190} INFO - [2026-07-25T15:21:26.091+0000] {dagbag.py:588} INFO - Filling up the DagBag from /opt/airflow/dags/youtube_medallion_pipeline.py
[2026-07-25T15:21:26.111+0000] {processor.py:925} INFO - DAG(s) 'youtube_medallion_pipeline' retrieved from /opt/airflow/dags/youtube_medallion_pipeline.py
[2026-07-25T15:21:26.162+0000] {logging_mixin.py:190} INFO - [2026-07-25T15:21:26.161+0000] {dag.py:3239} INFO - Sync 1 DAGs
[2026-07-25T15:21:26.185+0000] {logging_mixin.py:190} INFO - [2026-07-25T15:21:26.185+0000] {dag.py:4180} INFO - Setting next_dagrun for youtube_medallion_pipeline to None, run_after=None
[2026-07-25T15:21:26.219+0000] {processor.py:208} INFO - Processing /opt/airflow/dags/youtube_medallion_pipeline.py took 0.141 seconds
[2026-07-25T15:21:56.352+0000] {processor.py:186} INFO - Started process (PID=1390) to work on /opt/airflow/dags/youtube_medallion_pipeline.py
[2026-07-25T15:21:56.354+0000] {processor.py:914} INFO - Processing file /opt/airflow/dags/youtube_medallion_pipeline.py for tasks to queue
[2026-07-25T15:21:56.357+0000] {logging_mixin.py:190} INFO - [2026-07-25T15:21:56.356+0000] {dagbag.py:588} INFO - Filling up the DagBag from /opt/airflow/dags/youtube_medallion_pipeline.py
[2026-07-25T15:21:56.376+0000] {processor.py:925} INFO - DAG(s) 'youtube_medallion_pipeline' retrieved from /opt/airflow/dags/youtube_medallion_pipeline.py
[2026-07-25T15:21:56.422+0000] {logging_mixin.py:190} INFO - [2026-07-25T15:21:56.421+0000] {dag.py:3239} INFO - Sync 1 DAGs
[2026-07-25T15:21:56.443+0000] {logging_mixin.py:190} INFO - [2026-07-25T15:21:56.443+0000] {dag.py:4180} INFO - Setting next_dagrun for youtube_medallion_pipeline to None, run_after=None
[2026-07-25T15:21:56.476+0000] {processor.py:208} INFO - Processing /opt/airflow/dags/youtube_medallion_pipeline.py took 0.132 seconds
[2026-07-25T15:22:26.642+0000] {processor.py:186} INFO - Started process (PID=1395) to work on /opt/airflow/dags/youtube_medallion_pipeline.py
[2026-07-25T15:22:26.644+0000] {processor.py:914} INFO - Processing file /opt/airflow/dags/youtube_medallion_pipeline.py for tasks to queue
[2026-07-25T15:22:26.646+0000] {logging_mixin.py:190} INFO - [2026-07-25T15:22:26.646+0000] {dagbag.py:588} INFO - Filling up the DagBag from /opt/airflow/dags/youtube_medallion_pipeline.py
[2026-07-25T15:22:26.664+0000] {processor.py:925} INFO - DAG(s) 'youtube_medallion_pipeline' retrieved from /opt/airflow/dags/youtube_medallion_pipeline.py
[2026-07-25T15:22:26.707+0000] {logging_mixin.py:190} INFO - [2026-07-25T15:22:26.707+0000] {dag.py:3239} INFO - Sync 1 DAGs
[2026-07-25T15:22:26.728+0000] {logging_mixin.py:190} INFO - [2026-07-25T15:22:26.728+0000] {dag.py:4180} INFO - Setting next_dagrun for youtube_medallion_pipeline to None, run_after=None
[2026-07-25T15:22:26.757+0000] {processor.py:208} INFO - Processing /opt/airflow/dags/youtube_medallion_pipeline.py took 0.122 seconds
[2026-07-25T15:22:57.104+0000] {processor.py:186} INFO - Started process (PID=1400) to work on /opt/airflow/dags/youtube_medallion_pipeline.py
[2026-07-25T15:22:57.107+0000] {processor.py:914} INFO - Processing file /opt/airflow/dags/youtube_medallion_pipeline.py for tasks to queue
[2026-07-25T15:22:57.111+0000] {logging_mixin.py:190} INFO - [2026-07-25T15:22:57.110+0000] {dagbag.py:588} INFO - Filling up the DagBag from /opt/airflow/dags/youtube_medallion_pipeline.py
[2026-07-25T15:22:57.152+0000] {processor.py:925} INFO - DAG(s) 'youtube_medallion_pipeline' retrieved from /opt/airflow/dags/youtube_medallion_pipeline.py
[2026-07-25T15:22:57.254+0000] {logging_mixin.py:190} INFO - [2026-07-25T15:22:57.254+0000] {dag.py:3239} INFO - Sync 1 DAGs
[2026-07-25T15:22:57.288+0000] {logging_mixin.py:190} INFO - [2026-07-25T15:22:57.287+0000] {dag.py:4180} INFO - Setting next_dagrun for youtube_medallion_pipeline to None, run_after=None
[2026-07-25T15:22:57.328+0000] {processor.py:208} INFO - Processing /opt/airflow/dags/youtube_medallion_pipeline.py took 0.244 seconds
[2026-07-25T15:23:27.647+0000] {processor.py:186} INFO - Started process (PID=1405) to work on /opt/airflow/dags/youtube_medallion_pipeline.py
[2026-07-25T15:23:27.650+0000] {processor.py:914} INFO - Processing file /opt/airflow/dags/youtube_medallion_pipeline.py for tasks to queue
[2026-07-25T15:23:27.655+0000] {logging_mixin.py:190} INFO - [2026-07-25T15:23:27.654+0000] {dagbag.py:588} INFO - Filling up the DagBag from /opt/airflow/dags/youtube_medallion_pipeline.py
[2026-07-25T15:23:27.674+0000] {processor.py:925} INFO - DAG(s) 'youtube_medallion_pipeline' retrieved from /opt/airflow/dags/youtube_medallion_pipeline.py
[2026-07-25T15:23:27.730+0000] {logging_mixin.py:190} INFO - [2026-07-25T15:23:27.729+0000] {dag.py:3239} INFO - Sync 1 DAGs
[2026-07-25T15:23:27.755+0000] {logging_mixin.py:190} INFO - [2026-07-25T15:23:27.754+0000] {dag.py:4180} INFO - Setting next_dagrun for youtube_medallion_pipeline to None, run_after=None
[2026-07-25T15:23:27.794+0000] {processor.py:208} INFO - Processing /opt/airflow/dags/youtube_medallion_pipeline.py took 0.156 seconds
[2026-07-25T15:23:57.924+0000] {processor.py:186} INFO - Started process (PID=1410) to work on /opt/airflow/dags/youtube_medallion_pipeline.py
[2026-07-25T15:23:57.934+0000] {processor.py:914} INFO - Processing file /opt/airflow/dags/youtube_medallion_pipeline.py for tasks to queue
[2026-07-25T15:23:57.947+0000] {logging_mixin.py:190} INFO - [2026-07-25T15:23:57.943+0000] {dagbag.py:588} INFO - Filling up the DagBag from /opt/airflow/dags/youtube_medallion_pipeline.py
[2026-07-25T15:23:58.038+0000] {processor.py:925} INFO - DAG(s) 'youtube_medallion_pipeline' retrieved from /opt/airflow/dags/youtube_medallion_pipeline.py
[2026-07-25T15:23:58.210+0000] {logging_mixin.py:190} INFO - [2026-07-25T15:23:58.209+0000] {dag.py:3239} INFO - Sync 1 DAGs
[2026-07-25T15:23:58.344+0000] {logging_mixin.py:190} INFO - [2026-07-25T15:23:58.344+0000] {dag.py:4180} INFO - Setting next_dagrun for youtube_medallion_pipeline to None, run_after=None
[2026-07-25T15:23:58.391+0000] {processor.py:208} INFO - Processing /opt/airflow/dags/youtube_medallion_pipeline.py took 0.497 seconds
[2026-07-25T15:24:28.759+0000] {processor.py:186} INFO - Started process (PID=1415) to work on /opt/airflow/dags/youtube_medallion_pipeline.py
[2026-07-25T15:24:28.762+0000] {processor.py:914} INFO - Processing file /opt/airflow/dags/youtube_medallion_pipeline.py for tasks to queue
[2026-07-25T15:24:28.765+0000] {logging_mixin.py:190} INFO - [2026-07-25T15:24:28.765+0000] {dagbag.py:588} INFO - Filling up the DagBag from /opt/airflow/dags/youtube_medallion_pipeline.py
[2026-07-25T15:24:28.797+0000] {processor.py:925} INFO - DAG(s) 'youtube_medallion_pipeline' retrieved from /opt/airflow/dags/youtube_medallion_pipeline.py
[2026-07-25T15:24:28.885+0000] {logging_mixin.py:190} INFO - [2026-07-25T15:24:28.884+0000] {dag.py:3239} INFO - Sync 1 DAGs
[2026-07-25T15:24:28.931+0000] {logging_mixin.py:190} INFO - [2026-07-25T15:24:28.931+0000] {dag.py:4180} INFO - Setting next_dagrun for youtube_medallion_pipeline to None, run_after=None
[2026-07-25T15:24:28.963+0000] {processor.py:208} INFO - Processing /opt/airflow/dags/youtube_medallion_pipeline.py took 0.222 seconds
[2026-07-25T15:24:59.280+0000] {processor.py:186} INFO - Started process (PID=1420) to work on /opt/airflow/dags/youtube_medallion_pipeline.py
[2026-07-25T15:24:59.288+0000] {processor.py:914} INFO - Processing file /opt/airflow/dags/youtube_medallion_pipeline.py for tasks to queue
[2026-07-25T15:24:59.296+0000] {logging_mixin.py:190} INFO - [2026-07-25T15:24:59.294+0000] {dagbag.py:588} INFO - Filling up the DagBag from /opt/airflow/dags/youtube_medallion_pipeline.py
[2026-07-25T15:24:59.351+0000] {processor.py:925} INFO - DAG(s) 'youtube_medallion_pipeline' retrieved from /opt/airflow/dags/youtube_medallion_pipeline.py
[2026-07-25T15:24:59.407+0000] {logging_mixin.py:190} INFO - [2026-07-25T15:24:59.406+0000] {dag.py:3239} INFO - Sync 1 DAGs
[2026-07-25T15:24:59.448+0000] {logging_mixin.py:190} INFO - [2026-07-25T15:24:59.447+0000] {dag.py:4180} INFO - Setting next_dagrun for youtube_medallion_pipeline to None, run_after=None
[2026-07-25T15:24:59.514+0000] {processor.py:208} INFO - Processing /opt/airflow/dags/youtube_medallion_pipeline.py took 0.249 seconds
[2026-07-25T15:25:29.859+0000] {processor.py:186} INFO - Started process (PID=1425) to work on /opt/airflow/dags/youtube_medallion_pipeline.py
[2026-07-25T15:25:29.861+0000] {processor.py:914} INFO - Processing file /opt/airflow/dags/youtube_medallion_pipeline.py for tasks to queue
[2026-07-25T15:25:29.864+0000] {logging_mixin.py:190} INFO - [2026-07-25T15:25:29.864+0000] {dagbag.py:588} INFO - Filling up the DagBag from /opt/airflow/dags/youtube_medallion_pipeline.py
[2026-07-25T15:25:29.884+0000] {processor.py:925} INFO - DAG(s) 'youtube_medallion_pipeline' retrieved from /opt/airflow/dags/youtube_medallion_pipeline.py
[2026-07-25T15:25:29.934+0000] {logging_mixin.py:190} INFO - [2026-07-25T15:25:29.934+0000] {dag.py:3239} INFO - Sync 1 DAGs
[2026-07-25T15:25:29.961+0000] {logging_mixin.py:190} INFO - [2026-07-25T15:25:29.960+0000] {dag.py:4180} INFO - Setting next_dagrun for youtube_medallion_pipeline to None, run_after=None
[2026-07-25T15:25:29.990+0000] {processor.py:208} INFO - Processing /opt/airflow/dags/youtube_medallion_pipeline.py took 0.142 seconds
[2026-07-25T15:26:00.139+0000] {processor.py:186} INFO - Started process (PID=1430) to work on /opt/airflow/dags/youtube_medallion_pipeline.py
[2026-07-25T15:26:00.142+0000] {processor.py:914} INFO - Processing file /opt/airflow/dags/youtube_medallion_pipeline.py for tasks to queue
[2026-07-25T15:26:00.150+0000] {logging_mixin.py:190} INFO - [2026-07-25T15:26:00.148+0000] {dagbag.py:588} INFO - Filling up the DagBag from /opt/airflow/dags/youtube_medallion_pipeline.py
[2026-07-25T15:26:00.191+0000] {processor.py:925} INFO - DAG(s) 'youtube_medallion_pipeline' retrieved from /opt/airflow/dags/youtube_medallion_pipeline.py
[2026-07-25T15:26:00.241+0000] {logging_mixin.py:190} INFO - [2026-07-25T15:26:00.241+0000] {dag.py:3239} INFO - Sync 1 DAGs
[2026-07-25T15:26:00.264+0000] {logging_mixin.py:190} INFO - [2026-07-25T15:26:00.263+0000] {dag.py:4180} INFO - Setting next_dagrun for youtube_medallion_pipeline to None, run_after=None
[2026-07-25T15:26:00.293+0000] {processor.py:208} INFO - Processing /opt/airflow/dags/youtube_medallion_pipeline.py took 0.164 seconds
[2026-07-25T15:26:30.597+0000] {processor.py:186} INFO - Started process (PID=1435) to work on /opt/airflow/dags/youtube_medallion_pipeline.py
[2026-07-25T15:26:30.599+0000] {processor.py:914} INFO - Processing file /opt/airflow/dags/youtube_medallion_pipeline.py for tasks to queue
[2026-07-25T15:26:30.603+0000] {logging_mixin.py:190} INFO - [2026-07-25T15:26:30.602+0000] {dagbag.py:588} INFO - Filling up the DagBag from /opt/airflow/dags/youtube_medallion_pipeline.py
[2026-07-25T15:26:30.623+0000] {processor.py:925} INFO - DAG(s) 'youtube_medallion_pipeline' retrieved from /opt/airflow/dags/youtube_medallion_pipeline.py
[2026-07-25T15:26:30.674+0000] {logging_mixin.py:190} INFO - [2026-07-25T15:26:30.674+0000] {dag.py:3239} INFO - Sync 1 DAGs
[2026-07-25T15:26:30.696+0000] {logging_mixin.py:190} INFO - [2026-07-25T15:26:30.696+0000] {dag.py:4180} INFO - Setting next_dagrun for youtube_medallion_pipeline to None, run_after=None
[2026-07-25T15:26:30.728+0000] {processor.py:208} INFO - Processing /opt/airflow/dags/youtube_medallion_pipeline.py took 0.139 seconds
[2026-07-25T15:27:00.962+0000] {processor.py:186} INFO - Started process (PID=1440) to work on /opt/airflow/dags/youtube_medallion_pipeline.py
[2026-07-25T15:27:00.966+0000] {processor.py:914} INFO - Processing file /opt/airflow/dags/youtube_medallion_pipeline.py for tasks to queue
[2026-07-25T15:27:00.972+0000] {logging_mixin.py:190} INFO - [2026-07-25T15:27:00.971+0000] {dagbag.py:588} INFO - Filling up the DagBag from /opt/airflow/dags/youtube_medallion_pipeline.py
[2026-07-25T15:27:01.036+0000] {processor.py:925} INFO - DAG(s) 'youtube_medallion_pipeline' retrieved from /opt/airflow/dags/youtube_medallion_pipeline.py
[2026-07-25T15:27:01.124+0000] {logging_mixin.py:190} INFO - [2026-07-25T15:27:01.124+0000] {dag.py:3239} INFO - Sync 1 DAGs
[2026-07-25T15:27:01.167+0000] {logging_mixin.py:190} INFO - [2026-07-25T15:27:01.167+0000] {dag.py:4180} INFO - Setting next_dagrun for youtube_medallion_pipeline to None, run_after=None
[2026-07-25T15:27:01.204+0000] {processor.py:208} INFO - Processing /opt/airflow/dags/youtube_medallion_pipeline.py took 0.255 seconds
[2026-07-25T15:27:31.552+0000] {processor.py:186} INFO - Started process (PID=1445) to work on /opt/airflow/dags/youtube_medallion_pipeline.py
[2026-07-25T15:27:31.555+0000] {processor.py:914} INFO - Processing file /opt/airflow/dags/youtube_medallion_pipeline.py for tasks to queue
[2026-07-25T15:27:31.561+0000] {logging_mixin.py:190} INFO - [2026-07-25T15:27:31.560+0000] {dagbag.py:588} INFO - Filling up the DagBag from /opt/airflow/dags/youtube_medallion_pipeline.py
[2026-07-25T15:27:31.596+0000] {processor.py:925} INFO - DAG(s) 'youtube_medallion_pipeline' retrieved from /opt/airflow/dags/youtube_medallion_pipeline.py
[2026-07-25T15:27:31.727+0000] {logging_mixin.py:190} INFO - [2026-07-25T15:27:31.726+0000] {dag.py:3239} INFO - Sync 1 DAGs
[2026-07-25T15:27:31.846+0000] {logging_mixin.py:190} INFO - [2026-07-25T15:27:31.845+0000] {dag.py:4180} INFO - Setting next_dagrun for youtube_medallion_pipeline to None, run_after=None
[2026-07-25T15:27:31.976+0000] {processor.py:208} INFO - Processing /opt/airflow/dags/youtube_medallion_pipeline.py took 0.443 seconds
[2026-07-25T15:28:02.294+0000] {processor.py:186} INFO - Started process (PID=1450) to work on /opt/airflow/dags/youtube_medallion_pipeline.py
[2026-07-25T15:28:02.298+0000] {processor.py:914} INFO - Processing file /opt/airflow/dags/youtube_medallion_pipeline.py for tasks to queue
[2026-07-25T15:28:02.304+0000] {logging_mixin.py:190} INFO - [2026-07-25T15:28:02.302+0000] {dagbag.py:588} INFO - Filling up the DagBag from /opt/airflow/dags/youtube_medallion_pipeline.py
[2026-07-25T15:28:02.336+0000] {processor.py:925} INFO - DAG(s) 'youtube_medallion_pipeline' retrieved from /opt/airflow/dags/youtube_medallion_pipeline.py
[2026-07-25T15:28:02.385+0000] {logging_mixin.py:190} INFO - [2026-07-25T15:28:02.384+0000] {dag.py:3239} INFO - Sync 1 DAGs
[2026-07-25T15:28:02.406+0000] {logging_mixin.py:190} INFO - [2026-07-25T15:28:02.406+0000] {dag.py:4180} INFO - Setting next_dagrun for youtube_medallion_pipeline to None, run_after=None
[2026-07-25T15:28:02.436+0000] {processor.py:208} INFO - Processing /opt/airflow/dags/youtube_medallion_pipeline.py took 0.157 seconds
[2026-07-25T15:28:32.571+0000] {processor.py:186} INFO - Started process (PID=1455) to work on /opt/airflow/dags/youtube_medallion_pipeline.py
[2026-07-25T15:28:32.574+0000] {processor.py:914} INFO - Processing file /opt/airflow/dags/youtube_medallion_pipeline.py for tasks to queue
[2026-07-25T15:28:32.577+0000] {logging_mixin.py:190} INFO - [2026-07-25T15:28:32.576+0000] {dagbag.py:588} INFO - Filling up the DagBag from /opt/airflow/dags/youtube_medallion_pipeline.py
[2026-07-25T15:28:32.598+0000] {processor.py:925} INFO - DAG(s) 'youtube_medallion_pipeline' retrieved from /opt/airflow/dags/youtube_medallion_pipeline.py
[2026-07-25T15:28:32.722+0000] {logging_mixin.py:190} INFO - [2026-07-25T15:28:32.721+0000] {dag.py:3239} INFO - Sync 1 DAGs
[2026-07-25T15:28:32.798+0000] {logging_mixin.py:190} INFO - [2026-07-25T15:28:32.797+0000] {dag.py:4180} INFO - Setting next_dagrun for youtube_medallion_pipeline to None, run_after=None
[2026-07-25T15:28:32.855+0000] {processor.py:208} INFO - Processing /opt/airflow/dags/youtube_medallion_pipeline.py took 0.295 seconds
[2026-07-25T15:29:02.990+0000] {processor.py:186} INFO - Started process (PID=1460) to work on /opt/airflow/dags/youtube_medallion_pipeline.py
[2026-07-25T15:29:02.992+0000] {processor.py:914} INFO - Processing file /opt/airflow/dags/youtube_medallion_pipeline.py for tasks to queue
[2026-07-25T15:29:02.995+0000] {logging_mixin.py:190} INFO - [2026-07-25T15:29:02.994+0000] {dagbag.py:588} INFO - Filling up the DagBag from /opt/airflow/dags/youtube_medallion_pipeline.py
[2026-07-25T15:29:03.023+0000] {processor.py:925} INFO - DAG(s) 'youtube_medallion_pipeline' retrieved from /opt/airflow/dags/youtube_medallion_pipeline.py
[2026-07-25T15:29:03.102+0000] {logging_mixin.py:190} INFO - [2026-07-25T15:29:03.102+0000] {dag.py:3239} INFO - Sync 1 DAGs
[2026-07-25T15:29:03.135+0000] {logging_mixin.py:190} INFO - [2026-07-25T15:29:03.135+0000] {dag.py:4180} INFO - Setting next_dagrun for youtube_medallion_pipeline to None, run_after=None
[2026-07-25T15:29:03.164+0000] {processor.py:208} INFO - Processing /opt/airflow/dags/youtube_medallion_pipeline.py took 0.185 seconds
[2026-07-25T15:29:33.402+0000] {processor.py:186} INFO - Started process (PID=1465) to work on /opt/airflow/dags/youtube_medallion_pipeline.py
[2026-07-25T15:29:33.404+0000] {processor.py:914} INFO - Processing file /opt/airflow/dags/youtube_medallion_pipeline.py for tasks to queue
[2026-07-25T15:29:33.407+0000] {logging_mixin.py:190} INFO - [2026-07-25T15:29:33.406+0000] {dagbag.py:588} INFO - Filling up the DagBag from /opt/airflow/dags/youtube_medallion_pipeline.py
[2026-07-25T15:29:33.426+0000] {processor.py:925} INFO - DAG(s) 'youtube_medallion_pipeline' retrieved from /opt/airflow/dags/youtube_medallion_pipeline.py
[2026-07-25T15:29:33.477+0000] {logging_mixin.py:190} INFO - [2026-07-25T15:29:33.477+0000] {dag.py:3239} INFO - Sync 1 DAGs
[2026-07-25T15:29:33.502+0000] {logging_mixin.py:190} INFO - [2026-07-25T15:29:33.502+0000] {dag.py:4180} INFO - Setting next_dagrun for youtube_medallion_pipeline to None, run_after=None
[2026-07-25T15:29:33.536+0000] {processor.py:208} INFO - Processing /opt/airflow/dags/youtube_medallion_pipeline.py took 0.142 seconds
[2026-07-25T15:30:03.671+0000] {processor.py:186} INFO - Started process (PID=1470) to work on /opt/airflow/dags/youtube_medallion_pipeline.py
[2026-07-25T15:30:03.673+0000] {processor.py:914} INFO - Processing file /opt/airflow/dags/youtube_medallion_pipeline.py for tasks to queue
[2026-07-25T15:30:03.675+0000] {logging_mixin.py:190} INFO - [2026-07-25T15:30:03.674+0000] {dagbag.py:588} INFO - Filling up the DagBag from /opt/airflow/dags/youtube_medallion_pipeline.py
[2026-07-25T15:30:03.693+0000] {processor.py:925} INFO - DAG(s) 'youtube_medallion_pipeline' retrieved from /opt/airflow/dags/youtube_medallion_pipeline.py
[2026-07-25T15:30:03.742+0000] {logging_mixin.py:190} INFO - [2026-07-25T15:30:03.741+0000] {dag.py:3239} INFO - Sync 1 DAGs
[2026-07-25T15:30:03.762+0000] {logging_mixin.py:190} INFO - [2026-07-25T15:30:03.762+0000] {dag.py:4180} INFO - Setting next_dagrun for youtube_medallion_pipeline to None, run_after=None
[2026-07-25T15:30:03.794+0000] {processor.py:208} INFO - Processing /opt/airflow/dags/youtube_medallion_pipeline.py took 0.132 seconds
[2026-07-25T15:30:33.925+0000] {processor.py:186} INFO - Started process (PID=1475) to work on /opt/airflow/dags/youtube_medallion_pipeline.py
[2026-07-25T15:30:33.927+0000] {processor.py:914} INFO - Processing file /opt/airflow/dags/youtube_medallion_pipeline.py for tasks to queue
[2026-07-25T15:30:33.929+0000] {logging_mixin.py:190} INFO - [2026-07-25T15:30:33.929+0000] {dagbag.py:588} INFO - Filling up the DagBag from /opt/airflow/dags/youtube_medallion_pipeline.py
[2026-07-25T15:30:33.950+0000] {processor.py:925} INFO - DAG(s) 'youtube_medallion_pipeline' retrieved from /opt/airflow/dags/youtube_medallion_pipeline.py
[2026-07-25T15:30:34.034+0000] {logging_mixin.py:190} INFO - [2026-07-25T15:30:34.034+0000] {dag.py:3239} INFO - Sync 1 DAGs
[2026-07-25T15:30:34.067+0000] {logging_mixin.py:190} INFO - [2026-07-25T15:30:34.067+0000] {dag.py:4180} INFO - Setting next_dagrun for youtube_medallion_pipeline to None, run_after=None
[2026-07-25T15:30:34.102+0000] {processor.py:208} INFO - Processing /opt/airflow/dags/youtube_medallion_pipeline.py took 0.186 seconds
[2026-07-25T15:31:04.305+0000] {processor.py:186} INFO - Started process (PID=1480) to work on /opt/airflow/dags/youtube_medallion_pipeline.py
[2026-07-25T15:31:04.307+0000] {processor.py:914} INFO - Processing file /opt/airflow/dags/youtube_medallion_pipeline.py for tasks to queue
[2026-07-25T15:31:04.309+0000] {logging_mixin.py:190} INFO - [2026-07-25T15:31:04.309+0000] {dagbag.py:588} INFO - Filling up the DagBag from /opt/airflow/dags/youtube_medallion_pipeline.py
[2026-07-25T15:31:04.328+0000] {processor.py:925} INFO - DAG(s) 'youtube_medallion_pipeline' retrieved from /opt/airflow/dags/youtube_medallion_pipeline.py
[2026-07-25T15:31:04.385+0000] {logging_mixin.py:190} INFO - [2026-07-25T15:31:04.384+0000] {dag.py:3239} INFO - Sync 1 DAGs
[2026-07-25T15:31:04.416+0000] {logging_mixin.py:190} INFO - [2026-07-25T15:31:04.415+0000] {dag.py:4180} INFO - Setting next_dagrun for youtube_medallion_pipeline to None, run_after=None
[2026-07-25T15:31:04.481+0000] {processor.py:208} INFO - Processing /opt/airflow/dags/youtube_medallion_pipeline.py took 0.184 seconds
[2026-07-25T15:31:34.603+0000] {processor.py:186} INFO - Started process (PID=1485) to work on /opt/airflow/dags/youtube_medallion_pipeline.py
[2026-07-25T15:31:34.605+0000] {processor.py:914} INFO - Processing file /opt/airflow/dags/youtube_medallion_pipeline.py for tasks to queue
[2026-07-25T15:31:34.609+0000] {logging_mixin.py:190} INFO - [2026-07-25T15:31:34.608+0000] {dagbag.py:588} INFO - Filling up the DagBag from /opt/airflow/dags/youtube_medallion_pipeline.py
[2026-07-25T15:31:34.629+0000] {processor.py:925} INFO - DAG(s) 'youtube_medallion_pipeline' retrieved from /opt/airflow/dags/youtube_medallion_pipeline.py
[2026-07-25T15:31:34.681+0000] {logging_mixin.py:190} INFO - [2026-07-25T15:31:34.681+0000] {dag.py:3239} INFO - Sync 1 DAGs
[2026-07-25T15:31:34.703+0000] {logging_mixin.py:190} INFO - [2026-07-25T15:31:34.703+0000] {dag.py:4180} INFO - Setting next_dagrun for youtube_medallion_pipeline to None, run_after=None
[2026-07-25T15:31:34.732+0000] {processor.py:208} INFO - Processing /opt/airflow/dags/youtube_medallion_pipeline.py took 0.138 seconds
[2026-07-25T15:32:05.008+0000] {processor.py:186} INFO - Started process (PID=1490) to work on /opt/airflow/dags/youtube_medallion_pipeline.py
[2026-07-25T15:32:05.011+0000] {processor.py:914} INFO - Processing file /opt/airflow/dags/youtube_medallion_pipeline.py for tasks to queue
[2026-07-25T15:32:05.014+0000] {logging_mixin.py:190} INFO - [2026-07-25T15:32:05.013+0000] {dagbag.py:588} INFO - Filling up the DagBag from /opt/airflow/dags/youtube_medallion_pipeline.py
[2026-07-25T15:32:05.037+0000] {processor.py:925} INFO - DAG(s) 'youtube_medallion_pipeline' retrieved from /opt/airflow/dags/youtube_medallion_pipeline.py
[2026-07-25T15:32:05.084+0000] {logging_mixin.py:190} INFO - [2026-07-25T15:32:05.084+0000] {dag.py:3239} INFO - Sync 1 DAGs
[2026-07-25T15:32:05.106+0000] {logging_mixin.py:190} INFO - [2026-07-25T15:32:05.106+0000] {dag.py:4180} INFO - Setting next_dagrun for youtube_medallion_pipeline to None, run_after=None
[2026-07-25T15:32:05.137+0000] {processor.py:208} INFO - Processing /opt/airflow/dags/youtube_medallion_pipeline.py took 0.140 seconds
[2026-07-25T15:32:35.260+0000] {processor.py:186} INFO - Started process (PID=1495) to work on /opt/airflow/dags/youtube_medallion_pipeline.py
[2026-07-25T15:32:35.262+0000] {processor.py:914} INFO - Processing file /opt/airflow/dags/youtube_medallion_pipeline.py for tasks to queue
[2026-07-25T15:32:35.265+0000] {logging_mixin.py:190} INFO - [2026-07-25T15:32:35.265+0000] {dagbag.py:588} INFO - Filling up the DagBag from /opt/airflow/dags/youtube_medallion_pipeline.py
[2026-07-25T15:32:35.282+0000] {processor.py:925} INFO - DAG(s) 'youtube_medallion_pipeline' retrieved from /opt/airflow/dags/youtube_medallion_pipeline.py
[2026-07-25T15:32:35.330+0000] {logging_mixin.py:190} INFO - [2026-07-25T15:32:35.329+0000] {dag.py:3239} INFO - Sync 1 DAGs
[2026-07-25T15:32:35.351+0000] {logging_mixin.py:190} INFO - [2026-07-25T15:32:35.351+0000] {dag.py:4180} INFO - Setting next_dagrun for youtube_medallion_pipeline to None, run_after=None
[2026-07-25T15:32:35.381+0000] {processor.py:208} INFO - Processing /opt/airflow/dags/youtube_medallion_pipeline.py took 0.130 seconds
[2026-07-25T15:33:05.544+0000] {processor.py:186} INFO - Started process (PID=1500) to work on /opt/airflow/dags/youtube_medallion_pipeline.py
[2026-07-25T15:33:05.549+0000] {processor.py:914} INFO - Processing file /opt/airflow/dags/youtube_medallion_pipeline.py for tasks to queue
[2026-07-25T15:33:05.554+0000] {logging_mixin.py:190} INFO - [2026-07-25T15:33:05.553+0000] {dagbag.py:588} INFO - Filling up the DagBag from /opt/airflow/dags/youtube_medallion_pipeline.py
[2026-07-25T15:33:05.577+0000] {processor.py:925} INFO - DAG(s) 'youtube_medallion_pipeline' retrieved from /opt/airflow/dags/youtube_medallion_pipeline.py
[2026-07-25T15:33:05.630+0000] {logging_mixin.py:190} INFO - [2026-07-25T15:33:05.630+0000] {dag.py:3239} INFO - Sync 1 DAGs
[2026-07-25T15:33:05.657+0000] {logging_mixin.py:190} INFO - [2026-07-25T15:33:05.656+0000] {dag.py:4180} INFO - Setting next_dagrun for youtube_medallion_pipeline to None, run_after=None
[2026-07-25T15:33:05.691+0000] {processor.py:208} INFO - Processing /opt/airflow/dags/youtube_medallion_pipeline.py took 0.157 seconds
[2026-07-25T15:33:35.983+0000] {processor.py:186} INFO - Started process (PID=1505) to work on /opt/airflow/dags/youtube_medallion_pipeline.py
[2026-07-25T15:33:35.986+0000] {processor.py:914} INFO - Processing file /opt/airflow/dags/youtube_medallion_pipeline.py for tasks to queue
[2026-07-25T15:33:35.990+0000] {logging_mixin.py:190} INFO - [2026-07-25T15:33:35.989+0000] {dagbag.py:588} INFO - Filling up the DagBag from /opt/airflow/dags/youtube_medallion_pipeline.py
[2026-07-25T15:33:36.015+0000] {processor.py:925} INFO - DAG(s) 'youtube_medallion_pipeline' retrieved from /opt/airflow/dags/youtube_medallion_pipeline.py
[2026-07-25T15:33:36.069+0000] {logging_mixin.py:190} INFO - [2026-07-25T15:33:36.068+0000] {dag.py:3239} INFO - Sync 1 DAGs
[2026-07-25T15:33:36.098+0000] {logging_mixin.py:190} INFO - [2026-07-25T15:33:36.098+0000] {dag.py:4180} INFO - Setting next_dagrun for youtube_medallion_pipeline to None, run_after=None
[2026-07-25T15:33:36.142+0000] {processor.py:208} INFO - Processing /opt/airflow/dags/youtube_medallion_pipeline.py took 0.168 seconds
[2026-07-25T16:20:15.140+0000] {processor.py:186} INFO - Started process (PID=1521) to work on /opt/airflow/dags/youtube_medallion_pipeline.py
[2026-07-25T16:20:15.152+0000] {processor.py:914} INFO - Processing file /opt/airflow/dags/youtube_medallion_pipeline.py for tasks to queue
[2026-07-25T16:20:15.180+0000] {logging_mixin.py:190} INFO - [2026-07-25T16:20:15.170+0000] {dagbag.py:588} INFO - Filling up the DagBag from /opt/airflow/dags/youtube_medallion_pipeline.py
[2026-07-25T16:20:15.432+0000] {processor.py:925} INFO - DAG(s) 'youtube_medallion_pipeline' retrieved from /opt/airflow/dags/youtube_medallion_pipeline.py
[2026-07-25T16:20:15.940+0000] {logging_mixin.py:190} INFO - [2026-07-25T16:20:15.940+0000] {dag.py:3239} INFO - Sync 1 DAGs
[2026-07-25T16:20:16.096+0000] {logging_mixin.py:190} INFO - [2026-07-25T16:20:16.095+0000] {dag.py:4180} INFO - Setting next_dagrun for youtube_medallion_pipeline to None, run_after=None
[2026-07-25T16:20:16.209+0000] {processor.py:208} INFO - Processing /opt/airflow/dags/youtube_medallion_pipeline.py took 1.095 seconds
[2026-07-25T16:20:46.441+0000] {processor.py:186} INFO - Started process (PID=1526) to work on /opt/airflow/dags/youtube_medallion_pipeline.py
[2026-07-25T16:20:46.443+0000] {processor.py:914} INFO - Processing file /opt/airflow/dags/youtube_medallion_pipeline.py for tasks to queue
[2026-07-25T16:20:46.446+0000] {logging_mixin.py:190} INFO - [2026-07-25T16:20:46.446+0000] {dagbag.py:588} INFO - Filling up the DagBag from /opt/airflow/dags/youtube_medallion_pipeline.py
[2026-07-25T16:20:46.467+0000] {processor.py:925} INFO - DAG(s) 'youtube_medallion_pipeline' retrieved from /opt/airflow/dags/youtube_medallion_pipeline.py
[2026-07-25T16:20:46.774+0000] {logging_mixin.py:190} INFO - [2026-07-25T16:20:46.773+0000] {dag.py:3239} INFO - Sync 1 DAGs
[2026-07-25T16:20:46.895+0000] {logging_mixin.py:190} INFO - [2026-07-25T16:20:46.895+0000] {dag.py:4180} INFO - Setting next_dagrun for youtube_medallion_pipeline to None, run_after=None
[2026-07-25T16:20:47.019+0000] {processor.py:208} INFO - Processing /opt/airflow/dags/youtube_medallion_pipeline.py took 0.588 seconds
[2026-07-25T16:21:17.490+0000] {processor.py:186} INFO - Started process (PID=1531) to work on /opt/airflow/dags/youtube_medallion_pipeline.py
[2026-07-25T16:21:17.530+0000] {processor.py:914} INFO - Processing file /opt/airflow/dags/youtube_medallion_pipeline.py for tasks to queue
[2026-07-25T16:21:17.577+0000] {logging_mixin.py:190} INFO - [2026-07-25T16:21:17.556+0000] {dagbag.py:588} INFO - Filling up the DagBag from /opt/airflow/dags/youtube_medallion_pipeline.py
[2026-07-25T16:21:17.882+0000] {processor.py:925} INFO - DAG(s) 'youtube_medallion_pipeline' retrieved from /opt/airflow/dags/youtube_medallion_pipeline.py
[2026-07-25T16:21:18.780+0000] {logging_mixin.py:190} INFO - [2026-07-25T16:21:18.779+0000] {dag.py:3239} INFO - Sync 1 DAGs
[2026-07-25T16:21:19.042+0000] {logging_mixin.py:190} INFO - [2026-07-25T16:21:19.042+0000] {dag.py:4180} INFO - Setting next_dagrun for youtube_medallion_pipeline to None, run_after=None
[2026-07-25T16:21:19.196+0000] {processor.py:208} INFO - Processing /opt/airflow/dags/youtube_medallion_pipeline.py took 1.802 seconds
[2026-07-25T16:21:49.537+0000] {processor.py:186} INFO - Started process (PID=1536) to work on /opt/airflow/dags/youtube_medallion_pipeline.py
[2026-07-25T16:21:49.539+0000] {processor.py:914} INFO - Processing file /opt/airflow/dags/youtube_medallion_pipeline.py for tasks to queue
[2026-07-25T16:21:49.542+0000] {logging_mixin.py:190} INFO - [2026-07-25T16:21:49.542+0000] {dagbag.py:588} INFO - Filling up the DagBag from /opt/airflow/dags/youtube_medallion_pipeline.py
[2026-07-25T16:21:49.563+0000] {processor.py:925} INFO - DAG(s) 'youtube_medallion_pipeline' retrieved from /opt/airflow/dags/youtube_medallion_pipeline.py
[2026-07-25T16:21:49.688+0000] {logging_mixin.py:190} INFO - [2026-07-25T16:21:49.687+0000] {dag.py:3239} INFO - Sync 1 DAGs
[2026-07-25T16:21:49.736+0000] {logging_mixin.py:190} INFO - [2026-07-25T16:21:49.735+0000] {dag.py:4180} INFO - Setting next_dagrun for youtube_medallion_pipeline to None, run_after=None
[2026-07-25T16:21:49.768+0000] {processor.py:208} INFO - Processing /opt/airflow/dags/youtube_medallion_pipeline.py took 0.240 seconds
[2026-07-25T16:22:20.163+0000] {processor.py:186} INFO - Started process (PID=1541) to work on /opt/airflow/dags/youtube_medallion_pipeline.py
[2026-07-25T16:22:20.166+0000] {processor.py:914} INFO - Processing file /opt/airflow/dags/youtube_medallion_pipeline.py for tasks to queue
[2026-07-25T16:22:20.169+0000] {logging_mixin.py:190} INFO - [2026-07-25T16:22:20.168+0000] {dagbag.py:588} INFO - Filling up the DagBag from /opt/airflow/dags/youtube_medallion_pipeline.py
[2026-07-25T16:22:20.220+0000] {processor.py:925} INFO - DAG(s) 'youtube_medallion_pipeline' retrieved from /opt/airflow/dags/youtube_medallion_pipeline.py
[2026-07-25T16:22:20.275+0000] {logging_mixin.py:190} INFO - [2026-07-25T16:22:20.275+0000] {dag.py:3239} INFO - Sync 1 DAGs
[2026-07-25T16:22:20.297+0000] {logging_mixin.py:190} INFO - [2026-07-25T16:22:20.297+0000] {dag.py:4180} INFO - Setting next_dagrun for youtube_medallion_pipeline to None, run_after=None
[2026-07-25T16:22:20.328+0000] {processor.py:208} INFO - Processing /opt/airflow/dags/youtube_medallion_pipeline.py took 0.184 seconds
[2026-07-25T16:22:50.678+0000] {processor.py:186} INFO - Started process (PID=1546) to work on /opt/airflow/dags/youtube_medallion_pipeline.py
[2026-07-25T16:22:50.680+0000] {processor.py:914} INFO - Processing file /opt/airflow/dags/youtube_medallion_pipeline.py for tasks to queue
[2026-07-25T16:22:50.683+0000] {logging_mixin.py:190} INFO - [2026-07-25T16:22:50.682+0000] {dagbag.py:588} INFO - Filling up the DagBag from /opt/airflow/dags/youtube_medallion_pipeline.py
[2026-07-25T16:22:50.702+0000] {processor.py:925} INFO - DAG(s) 'youtube_medallion_pipeline' retrieved from /opt/airflow/dags/youtube_medallion_pipeline.py
[2026-07-25T16:22:50.833+0000] {logging_mixin.py:190} INFO - [2026-07-25T16:22:50.833+0000] {dag.py:3239} INFO - Sync 1 DAGs
[2026-07-25T16:22:50.907+0000] {logging_mixin.py:190} INFO - [2026-07-25T16:22:50.907+0000] {dag.py:4180} INFO - Setting next_dagrun for youtube_medallion_pipeline to None, run_after=None
[2026-07-25T16:22:51.607+0000] {processor.py:208} INFO - Processing /opt/airflow/dags/youtube_medallion_pipeline.py took 0.936 seconds
[2026-07-25T16:23:21.941+0000] {processor.py:186} INFO - Started process (PID=1551) to work on /opt/airflow/dags/youtube_medallion_pipeline.py
[2026-07-25T16:23:21.944+0000] {processor.py:914} INFO - Processing file /opt/airflow/dags/youtube_medallion_pipeline.py for tasks to queue
[2026-07-25T16:23:21.948+0000] {logging_mixin.py:190} INFO - [2026-07-25T16:23:21.947+0000] {dagbag.py:588} INFO - Filling up the DagBag from /opt/airflow/dags/youtube_medallion_pipeline.py
[2026-07-25T16:23:21.971+0000] {processor.py:925} INFO - DAG(s) 'youtube_medallion_pipeline' retrieved from /opt/airflow/dags/youtube_medallion_pipeline.py
[2026-07-25T16:23:22.046+0000] {logging_mixin.py:190} INFO - [2026-07-25T16:23:22.045+0000] {dag.py:3239} INFO - Sync 1 DAGs
[2026-07-25T16:23:22.087+0000] {logging_mixin.py:190} INFO - [2026-07-25T16:23:22.086+0000] {dag.py:4180} INFO - Setting next_dagrun for youtube_medallion_pipeline to None, run_after=None
[2026-07-25T16:23:22.130+0000] {processor.py:208} INFO - Processing /opt/airflow/dags/youtube_medallion_pipeline.py took 0.199 seconds
[2026-07-25T16:23:52.967+0000] {processor.py:186} INFO - Started process (PID=1556) to work on /opt/airflow/dags/youtube_medallion_pipeline.py
[2026-07-25T16:23:52.970+0000] {processor.py:914} INFO - Processing file /opt/airflow/dags/youtube_medallion_pipeline.py for tasks to queue
[2026-07-25T16:23:52.972+0000] {logging_mixin.py:190} INFO - [2026-07-25T16:23:52.972+0000] {dagbag.py:588} INFO - Filling up the DagBag from /opt/airflow/dags/youtube_medallion_pipeline.py
[2026-07-25T16:23:52.992+0000] {processor.py:925} INFO - DAG(s) 'youtube_medallion_pipeline' retrieved from /opt/airflow/dags/youtube_medallion_pipeline.py
[2026-07-25T16:23:53.040+0000] {logging_mixin.py:190} INFO - [2026-07-25T16:23:53.040+0000] {dag.py:3239} INFO - Sync 1 DAGs
[2026-07-25T16:23:53.135+0000] {logging_mixin.py:190} INFO - [2026-07-25T16:23:53.134+0000] {dag.py:4180} INFO - Setting next_dagrun for youtube_medallion_pipeline to None, run_after=None
[2026-07-25T16:23:53.179+0000] {processor.py:208} INFO - Processing /opt/airflow/dags/youtube_medallion_pipeline.py took 0.245 seconds
[2026-07-25T16:24:23.284+0000] {processor.py:186} INFO - Started process (PID=1561) to work on /opt/airflow/dags/youtube_medallion_pipeline.py
[2026-07-25T16:24:23.286+0000] {processor.py:914} INFO - Processing file /opt/airflow/dags/youtube_medallion_pipeline.py for tasks to queue
[2026-07-25T16:24:23.289+0000] {logging_mixin.py:190} INFO - [2026-07-25T16:24:23.288+0000] {dagbag.py:588} INFO - Filling up the DagBag from /opt/airflow/dags/youtube_medallion_pipeline.py
[2026-07-25T16:24:23.405+0000] {processor.py:925} INFO - DAG(s) 'youtube_medallion_pipeline' retrieved from /opt/airflow/dags/youtube_medallion_pipeline.py
[2026-07-25T16:24:23.508+0000] {logging_mixin.py:190} INFO - [2026-07-25T16:24:23.507+0000] {dag.py:3239} INFO - Sync 1 DAGs
[2026-07-25T16:24:23.527+0000] {logging_mixin.py:190} INFO - [2026-07-25T16:24:23.527+0000] {dag.py:4180} INFO - Setting next_dagrun for youtube_medallion_pipeline to None, run_after=None
[2026-07-25T16:24:23.557+0000] {processor.py:208} INFO - Processing /opt/airflow/dags/youtube_medallion_pipeline.py took 0.280 seconds
[2026-07-25T16:24:53.857+0000] {processor.py:186} INFO - Started process (PID=1566) to work on /opt/airflow/dags/youtube_medallion_pipeline.py
[2026-07-25T16:24:53.860+0000] {processor.py:914} INFO - Processing file /opt/airflow/dags/youtube_medallion_pipeline.py for tasks to queue
[2026-07-25T16:24:53.863+0000] {logging_mixin.py:190} INFO - [2026-07-25T16:24:53.863+0000] {dagbag.py:588} INFO - Filling up the DagBag from /opt/airflow/dags/youtube_medallion_pipeline.py
[2026-07-25T16:24:53.888+0000] {processor.py:925} INFO - DAG(s) 'youtube_medallion_pipeline' retrieved from /opt/airflow/dags/youtube_medallion_pipeline.py
[2026-07-25T16:24:53.958+0000] {logging_mixin.py:190} INFO - [2026-07-25T16:24:53.958+0000] {dag.py:3239} INFO - Sync 1 DAGs
[2026-07-25T16:24:54.037+0000] {logging_mixin.py:190} INFO - [2026-07-25T16:24:54.037+0000] {dag.py:4180} INFO - Setting next_dagrun for youtube_medallion_pipeline to None, run_after=None
[2026-07-25T16:24:54.122+0000] {processor.py:208} INFO - Processing /opt/airflow/dags/youtube_medallion_pipeline.py took 0.283 seconds
[2026-07-25T16:25:24.411+0000] {processor.py:186} INFO - Started process (PID=1571) to work on /opt/airflow/dags/youtube_medallion_pipeline.py
[2026-07-25T16:25:24.414+0000] {processor.py:914} INFO - Processing file /opt/airflow/dags/youtube_medallion_pipeline.py for tasks to queue
[2026-07-25T16:25:24.417+0000] {logging_mixin.py:190} INFO - [2026-07-25T16:25:24.416+0000] {dagbag.py:588} INFO - Filling up the DagBag from /opt/airflow/dags/youtube_medallion_pipeline.py
[2026-07-25T16:25:24.443+0000] {processor.py:925} INFO - DAG(s) 'youtube_medallion_pipeline' retrieved from /opt/airflow/dags/youtube_medallion_pipeline.py
[2026-07-25T16:25:24.624+0000] {logging_mixin.py:190} INFO - [2026-07-25T16:25:24.623+0000] {dag.py:3239} INFO - Sync 1 DAGs
[2026-07-25T16:25:24.733+0000] {logging_mixin.py:190} INFO - [2026-07-25T16:25:24.733+0000] {dag.py:4180} INFO - Setting next_dagrun for youtube_medallion_pipeline to None, run_after=None
[2026-07-25T16:25:24.825+0000] {processor.py:208} INFO - Processing /opt/airflow/dags/youtube_medallion_pipeline.py took 0.430 seconds
[2026-07-25T16:25:55.231+0000] {processor.py:186} INFO - Started process (PID=1576) to work on /opt/airflow/dags/youtube_medallion_pipeline.py
[2026-07-25T16:25:55.233+0000] {processor.py:914} INFO - Processing file /opt/airflow/dags/youtube_medallion_pipeline.py for tasks to queue
[2026-07-25T16:25:55.239+0000] {logging_mixin.py:190} INFO - [2026-07-25T16:25:55.238+0000] {dagbag.py:588} INFO - Filling up the DagBag from /opt/airflow/dags/youtube_medallion_pipeline.py
[2026-07-25T16:25:55.272+0000] {processor.py:925} INFO - DAG(s) 'youtube_medallion_pipeline' retrieved from /opt/airflow/dags/youtube_medallion_pipeline.py
[2026-07-25T16:25:55.348+0000] {logging_mixin.py:190} INFO - [2026-07-25T16:25:55.348+0000] {dag.py:3239} INFO - Sync 1 DAGs
[2026-07-25T16:25:55.380+0000] {logging_mixin.py:190} INFO - [2026-07-25T16:25:55.379+0000] {dag.py:4180} INFO - Setting next_dagrun for youtube_medallion_pipeline to None, run_after=None
[2026-07-25T16:25:55.421+0000] {processor.py:208} INFO - Processing /opt/airflow/dags/youtube_medallion_pipeline.py took 0.201 seconds
[2026-07-25T16:26:25.763+0000] {processor.py:186} INFO - Started process (PID=1581) to work on /opt/airflow/dags/youtube_medallion_pipeline.py
[2026-07-25T16:26:25.765+0000] {processor.py:914} INFO - Processing file /opt/airflow/dags/youtube_medallion_pipeline.py for tasks to queue
[2026-07-25T16:26:25.770+0000] {logging_mixin.py:190} INFO - [2026-07-25T16:26:25.769+0000] {dagbag.py:588} INFO - Filling up the DagBag from /opt/airflow/dags/youtube_medallion_pipeline.py
[2026-07-25T16:26:25.798+0000] {processor.py:925} INFO - DAG(s) 'youtube_medallion_pipeline' retrieved from /opt/airflow/dags/youtube_medallion_pipeline.py
[2026-07-25T16:26:25.857+0000] {logging_mixin.py:190} INFO - [2026-07-25T16:26:25.857+0000] {dag.py:3239} INFO - Sync 1 DAGs
[2026-07-25T16:26:25.894+0000] {logging_mixin.py:190} INFO - [2026-07-25T16:26:25.894+0000] {dag.py:4180} INFO - Setting next_dagrun for youtube_medallion_pipeline to None, run_after=None
[2026-07-25T16:26:25.921+0000] {processor.py:208} INFO - Processing /opt/airflow/dags/youtube_medallion_pipeline.py took 0.168 seconds
[2026-07-25T16:26:56.254+0000] {processor.py:186} INFO - Started process (PID=1586) to work on /opt/airflow/dags/youtube_medallion_pipeline.py
[2026-07-25T16:26:56.256+0000] {processor.py:914} INFO - Processing file /opt/airflow/dags/youtube_medallion_pipeline.py for tasks to queue
[2026-07-25T16:26:56.259+0000] {logging_mixin.py:190} INFO - [2026-07-25T16:26:56.258+0000] {dagbag.py:588} INFO - Filling up the DagBag from /opt/airflow/dags/youtube_medallion_pipeline.py
[2026-07-25T16:26:56.278+0000] {processor.py:925} INFO - DAG(s) 'youtube_medallion_pipeline' retrieved from /opt/airflow/dags/youtube_medallion_pipeline.py
[2026-07-25T16:26:56.330+0000] {logging_mixin.py:190} INFO - [2026-07-25T16:26:56.329+0000] {dag.py:3239} INFO - Sync 1 DAGs
[2026-07-25T16:26:56.352+0000] {logging_mixin.py:190} INFO - [2026-07-25T16:26:56.352+0000] {dag.py:4180} INFO - Setting next_dagrun for youtube_medallion_pipeline to None, run_after=None
[2026-07-25T16:26:56.390+0000] {processor.py:208} INFO - Processing /opt/airflow/dags/youtube_medallion_pipeline.py took 0.144 seconds
[2026-07-25T16:27:26.826+0000] {processor.py:186} INFO - Started process (PID=1591) to work on /opt/airflow/dags/youtube_medallion_pipeline.py
[2026-07-25T16:27:26.829+0000] {processor.py:914} INFO - Processing file /opt/airflow/dags/youtube_medallion_pipeline.py for tasks to queue
[2026-07-25T16:27:26.832+0000] {logging_mixin.py:190} INFO - [2026-07-25T16:27:26.831+0000] {dagbag.py:588} INFO - Filling up the DagBag from /opt/airflow/dags/youtube_medallion_pipeline.py
[2026-07-25T16:27:26.853+0000] {processor.py:925} INFO - DAG(s) 'youtube_medallion_pipeline' retrieved from /opt/airflow/dags/youtube_medallion_pipeline.py
[2026-07-25T16:27:27.031+0000] {logging_mixin.py:190} INFO - [2026-07-25T16:27:27.030+0000] {dag.py:3239} INFO - Sync 1 DAGs
[2026-07-25T16:27:27.103+0000] {logging_mixin.py:190} INFO - [2026-07-25T16:27:27.102+0000] {dag.py:4180} INFO - Setting next_dagrun for youtube_medallion_pipeline to None, run_after=None
[2026-07-25T16:27:27.147+0000] {processor.py:208} INFO - Processing /opt/airflow/dags/youtube_medallion_pipeline.py took 0.329 seconds
[2026-07-25T16:27:57.460+0000] {processor.py:186} INFO - Started process (PID=1596) to work on /opt/airflow/dags/youtube_medallion_pipeline.py
[2026-07-25T16:27:57.463+0000] {processor.py:914} INFO - Processing file /opt/airflow/dags/youtube_medallion_pipeline.py for tasks to queue
[2026-07-25T16:27:57.466+0000] {logging_mixin.py:190} INFO - [2026-07-25T16:27:57.466+0000] {dagbag.py:588} INFO - Filling up the DagBag from /opt/airflow/dags/youtube_medallion_pipeline.py
[2026-07-25T16:27:57.488+0000] {processor.py:925} INFO - DAG(s) 'youtube_medallion_pipeline' retrieved from /opt/airflow/dags/youtube_medallion_pipeline.py
[2026-07-25T16:27:57.628+0000] {logging_mixin.py:190} INFO - [2026-07-25T16:27:57.628+0000] {dag.py:3239} INFO - Sync 1 DAGs
[2026-07-25T16:27:57.689+0000] {logging_mixin.py:190} INFO - [2026-07-25T16:27:57.688+0000] {dag.py:4180} INFO - Setting next_dagrun for youtube_medallion_pipeline to None, run_after=None
[2026-07-25T16:27:57.721+0000] {processor.py:208} INFO - Processing /opt/airflow/dags/youtube_medallion_pipeline.py took 0.271 seconds
[2026-07-25T16:28:27.790+0000] {processor.py:186} INFO - Started process (PID=1601) to work on /opt/airflow/dags/youtube_medallion_pipeline.py
[2026-07-25T16:28:27.793+0000] {processor.py:914} INFO - Processing file /opt/airflow/dags/youtube_medallion_pipeline.py for tasks to queue
[2026-07-25T16:28:27.796+0000] {logging_mixin.py:190} INFO - [2026-07-25T16:28:27.795+0000] {dagbag.py:588} INFO - Filling up the DagBag from /opt/airflow/dags/youtube_medallion_pipeline.py
[2026-07-25T16:28:27.820+0000] {processor.py:925} INFO - DAG(s) 'youtube_medallion_pipeline' retrieved from /opt/airflow/dags/youtube_medallion_pipeline.py
[2026-07-25T16:28:27.923+0000] {logging_mixin.py:190} INFO - [2026-07-25T16:28:27.922+0000] {dag.py:3239} INFO - Sync 1 DAGs
[2026-07-25T16:28:27.958+0000] {logging_mixin.py:190} INFO - [2026-07-25T16:28:27.957+0000] {dag.py:4180} INFO - Setting next_dagrun for youtube_medallion_pipeline to None, run_after=None
[2026-07-25T16:28:27.997+0000] {processor.py:208} INFO - Processing /opt/airflow/dags/youtube_medallion_pipeline.py took 0.215 seconds
[2026-07-25T16:28:58.330+0000] {processor.py:186} INFO - Started process (PID=1606) to work on /opt/airflow/dags/youtube_medallion_pipeline.py
[2026-07-25T16:28:58.333+0000] {processor.py:914} INFO - Processing file /opt/airflow/dags/youtube_medallion_pipeline.py for tasks to queue
[2026-07-25T16:28:58.335+0000] {logging_mixin.py:190} INFO - [2026-07-25T16:28:58.335+0000] {dagbag.py:588} INFO - Filling up the DagBag from /opt/airflow/dags/youtube_medallion_pipeline.py
[2026-07-25T16:28:58.354+0000] {processor.py:925} INFO - DAG(s) 'youtube_medallion_pipeline' retrieved from /opt/airflow/dags/youtube_medallion_pipeline.py
[2026-07-25T16:28:58.414+0000] {logging_mixin.py:190} INFO - [2026-07-25T16:28:58.414+0000] {dag.py:3239} INFO - Sync 1 DAGs
[2026-07-25T16:28:58.454+0000] {logging_mixin.py:190} INFO - [2026-07-25T16:28:58.454+0000] {dag.py:4180} INFO - Setting next_dagrun for youtube_medallion_pipeline to None, run_after=None
[2026-07-25T16:28:58.501+0000] {processor.py:208} INFO - Processing /opt/airflow/dags/youtube_medallion_pipeline.py took 0.179 seconds
[2026-07-25T16:29:28.636+0000] {processor.py:186} INFO - Started process (PID=1611) to work on /opt/airflow/dags/youtube_medallion_pipeline.py
[2026-07-25T16:29:28.639+0000] {processor.py:914} INFO - Processing file /opt/airflow/dags/youtube_medallion_pipeline.py for tasks to queue
[2026-07-25T16:29:28.642+0000] {logging_mixin.py:190} INFO - [2026-07-25T16:29:28.642+0000] {dagbag.py:588} INFO - Filling up the DagBag from /opt/airflow/dags/youtube_medallion_pipeline.py
[2026-07-25T16:29:28.669+0000] {processor.py:925} INFO - DAG(s) 'youtube_medallion_pipeline' retrieved from /opt/airflow/dags/youtube_medallion_pipeline.py
[2026-07-25T16:29:28.733+0000] {logging_mixin.py:190} INFO - [2026-07-25T16:29:28.732+0000] {dag.py:3239} INFO - Sync 1 DAGs
[2026-07-25T16:29:28.782+0000] {logging_mixin.py:190} INFO - [2026-07-25T16:29:28.781+0000] {dag.py:4180} INFO - Setting next_dagrun for youtube_medallion_pipeline to None, run_after=None
[2026-07-25T16:29:28.832+0000] {processor.py:208} INFO - Processing /opt/airflow/dags/youtube_medallion_pipeline.py took 0.206 seconds
[2026-07-25T16:29:59.109+0000] {processor.py:186} INFO - Started process (PID=1616) to work on /opt/airflow/dags/youtube_medallion_pipeline.py
[2026-07-25T16:29:59.113+0000] {processor.py:914} INFO - Processing file /opt/airflow/dags/youtube_medallion_pipeline.py for tasks to queue
[2026-07-25T16:29:59.117+0000] {logging_mixin.py:190} INFO - [2026-07-25T16:29:59.116+0000] {dagbag.py:588} INFO - Filling up the DagBag from /opt/airflow/dags/youtube_medallion_pipeline.py
[2026-07-25T16:29:59.151+0000] {processor.py:925} INFO - DAG(s) 'youtube_medallion_pipeline' retrieved from /opt/airflow/dags/youtube_medallion_pipeline.py
[2026-07-25T16:29:59.198+0000] {logging_mixin.py:190} INFO - [2026-07-25T16:29:59.197+0000] {dag.py:3239} INFO - Sync 1 DAGs
[2026-07-25T16:29:59.242+0000] {logging_mixin.py:190} INFO - [2026-07-25T16:29:59.242+0000] {dag.py:4180} INFO - Setting next_dagrun for youtube_medallion_pipeline to None, run_after=None
[2026-07-25T16:29:59.271+0000] {processor.py:208} INFO - Processing /opt/airflow/dags/youtube_medallion_pipeline.py took 0.170 seconds
[2026-07-25T16:30:29.456+0000] {processor.py:186} INFO - Started process (PID=1621) to work on /opt/airflow/dags/youtube_medallion_pipeline.py
[2026-07-25T16:30:29.458+0000] {processor.py:914} INFO - Processing file /opt/airflow/dags/youtube_medallion_pipeline.py for tasks to queue
[2026-07-25T16:30:29.461+0000] {logging_mixin.py:190} INFO - [2026-07-25T16:30:29.461+0000] {dagbag.py:588} INFO - Filling up the DagBag from /opt/airflow/dags/youtube_medallion_pipeline.py
[2026-07-25T16:30:29.478+0000] {processor.py:925} INFO - DAG(s) 'youtube_medallion_pipeline' retrieved from /opt/airflow/dags/youtube_medallion_pipeline.py
[2026-07-25T16:30:29.529+0000] {logging_mixin.py:190} INFO - [2026-07-25T16:30:29.528+0000] {dag.py:3239} INFO - Sync 1 DAGs
[2026-07-25T16:30:29.555+0000] {logging_mixin.py:190} INFO - [2026-07-25T16:30:29.554+0000] {dag.py:4180} INFO - Setting next_dagrun for youtube_medallion_pipeline to None, run_after=None
[2026-07-25T16:30:29.582+0000] {processor.py:208} INFO - Processing /opt/airflow/dags/youtube_medallion_pipeline.py took 0.151 seconds
[2026-07-25T16:30:59.799+0000] {processor.py:186} INFO - Started process (PID=1626) to work on /opt/airflow/dags/youtube_medallion_pipeline.py
[2026-07-25T16:30:59.806+0000] {processor.py:914} INFO - Processing file /opt/airflow/dags/youtube_medallion_pipeline.py for tasks to queue
[2026-07-25T16:30:59.813+0000] {logging_mixin.py:190} INFO - [2026-07-25T16:30:59.812+0000] {dagbag.py:588} INFO - Filling up the DagBag from /opt/airflow/dags/youtube_medallion_pipeline.py
[2026-07-25T16:30:59.872+0000] {processor.py:925} INFO - DAG(s) 'youtube_medallion_pipeline' retrieved from /opt/airflow/dags/youtube_medallion_pipeline.py
[2026-07-25T16:31:00.129+0000] {logging_mixin.py:190} INFO - [2026-07-25T16:31:00.128+0000] {dag.py:3239} INFO - Sync 1 DAGs
[2026-07-25T16:31:00.210+0000] {logging_mixin.py:190} INFO - [2026-07-25T16:31:00.210+0000] {dag.py:4180} INFO - Setting next_dagrun for youtube_medallion_pipeline to None, run_after=None
[2026-07-25T16:31:00.248+0000] {processor.py:208} INFO - Processing /opt/airflow/dags/youtube_medallion_pipeline.py took 0.479 seconds
[2026-07-25T16:31:30.568+0000] {processor.py:186} INFO - Started process (PID=1631) to work on /opt/airflow/dags/youtube_medallion_pipeline.py
[2026-07-25T16:31:30.570+0000] {processor.py:914} INFO - Processing file /opt/airflow/dags/youtube_medallion_pipeline.py for tasks to queue
[2026-07-25T16:31:30.574+0000] {logging_mixin.py:190} INFO - [2026-07-25T16:31:30.573+0000] {dagbag.py:588} INFO - Filling up the DagBag from /opt/airflow/dags/youtube_medallion_pipeline.py
[2026-07-25T16:31:30.593+0000] {processor.py:925} INFO - DAG(s) 'youtube_medallion_pipeline' retrieved from /opt/airflow/dags/youtube_medallion_pipeline.py
[2026-07-25T16:31:30.659+0000] {logging_mixin.py:190} INFO - [2026-07-25T16:31:30.658+0000] {dag.py:3239} INFO - Sync 1 DAGs
[2026-07-25T16:31:30.690+0000] {logging_mixin.py:190} INFO - [2026-07-25T16:31:30.690+0000] {dag.py:4180} INFO - Setting next_dagrun for youtube_medallion_pipeline to None, run_after=None
[2026-07-25T16:31:30.732+0000] {processor.py:208} INFO - Processing /opt/airflow/dags/youtube_medallion_pipeline.py took 0.172 seconds
[2026-07-25T16:32:00.861+0000] {processor.py:186} INFO - Started process (PID=1636) to work on /opt/airflow/dags/youtube_medallion_pipeline.py
[2026-07-25T16:32:00.863+0000] {processor.py:914} INFO - Processing file /opt/airflow/dags/youtube_medallion_pipeline.py for tasks to queue
[2026-07-25T16:32:00.866+0000] {logging_mixin.py:190} INFO - [2026-07-25T16:32:00.865+0000] {dagbag.py:588} INFO - Filling up the DagBag from /opt/airflow/dags/youtube_medallion_pipeline.py
[2026-07-25T16:32:00.888+0000] {processor.py:925} INFO - DAG(s) 'youtube_medallion_pipeline' retrieved from /opt/airflow/dags/youtube_medallion_pipeline.py
[2026-07-25T16:32:00.967+0000] {logging_mixin.py:190} INFO - [2026-07-25T16:32:00.967+0000] {dag.py:3239} INFO - Sync 1 DAGs
[2026-07-25T16:32:01.030+0000] {logging_mixin.py:190} INFO - [2026-07-25T16:32:01.029+0000] {dag.py:4180} INFO - Setting next_dagrun for youtube_medallion_pipeline to None, run_after=None
[2026-07-25T16:32:01.086+0000] {processor.py:208} INFO - Processing /opt/airflow/dags/youtube_medallion_pipeline.py took 0.233 seconds
[2026-07-25T16:32:31.333+0000] {processor.py:186} INFO - Started process (PID=1641) to work on /opt/airflow/dags/youtube_medallion_pipeline.py
[2026-07-25T16:32:31.335+0000] {processor.py:914} INFO - Processing file /opt/airflow/dags/youtube_medallion_pipeline.py for tasks to queue
[2026-07-25T16:32:31.339+0000] {logging_mixin.py:190} INFO - [2026-07-25T16:32:31.338+0000] {dagbag.py:588} INFO - Filling up the DagBag from /opt/airflow/dags/youtube_medallion_pipeline.py
[2026-07-25T16:32:31.360+0000] {processor.py:925} INFO - DAG(s) 'youtube_medallion_pipeline' retrieved from /opt/airflow/dags/youtube_medallion_pipeline.py
[2026-07-25T16:32:31.481+0000] {logging_mixin.py:190} INFO - [2026-07-25T16:32:31.481+0000] {dag.py:3239} INFO - Sync 1 DAGs
[2026-07-25T16:32:31.531+0000] {logging_mixin.py:190} INFO - [2026-07-25T16:32:31.531+0000] {dag.py:4180} INFO - Setting next_dagrun for youtube_medallion_pipeline to None, run_after=None
[2026-07-25T16:32:31.586+0000] {processor.py:208} INFO - Processing /opt/airflow/dags/youtube_medallion_pipeline.py took 0.267 seconds
[2026-07-25T16:33:01.985+0000] {processor.py:186} INFO - Started process (PID=1646) to work on /opt/airflow/dags/youtube_medallion_pipeline.py
[2026-07-25T16:33:01.989+0000] {processor.py:914} INFO - Processing file /opt/airflow/dags/youtube_medallion_pipeline.py for tasks to queue
[2026-07-25T16:33:01.995+0000] {logging_mixin.py:190} INFO - [2026-07-25T16:33:01.994+0000] {dagbag.py:588} INFO - Filling up the DagBag from /opt/airflow/dags/youtube_medallion_pipeline.py
[2026-07-25T16:33:02.030+0000] {processor.py:925} INFO - DAG(s) 'youtube_medallion_pipeline' retrieved from /opt/airflow/dags/youtube_medallion_pipeline.py
[2026-07-25T16:33:02.104+0000] {logging_mixin.py:190} INFO - [2026-07-25T16:33:02.103+0000] {dag.py:3239} INFO - Sync 1 DAGs
[2026-07-25T16:33:02.205+0000] {logging_mixin.py:190} INFO - [2026-07-25T16:33:02.205+0000] {dag.py:4180} INFO - Setting next_dagrun for youtube_medallion_pipeline to None, run_after=None
[2026-07-25T16:33:02.296+0000] {processor.py:208} INFO - Processing /opt/airflow/dags/youtube_medallion_pipeline.py took 0.329 seconds
[2026-07-25T16:33:32.581+0000] {processor.py:186} INFO - Started process (PID=1651) to work on /opt/airflow/dags/youtube_medallion_pipeline.py
[2026-07-25T16:33:32.584+0000] {processor.py:914} INFO - Processing file /opt/airflow/dags/youtube_medallion_pipeline.py for tasks to queue
[2026-07-25T16:33:32.587+0000] {logging_mixin.py:190} INFO - [2026-07-25T16:33:32.587+0000] {dagbag.py:588} INFO - Filling up the DagBag from /opt/airflow/dags/youtube_medallion_pipeline.py
[2026-07-25T16:33:32.610+0000] {processor.py:925} INFO - DAG(s) 'youtube_medallion_pipeline' retrieved from /opt/airflow/dags/youtube_medallion_pipeline.py
[2026-07-25T16:33:32.658+0000] {logging_mixin.py:190} INFO - [2026-07-25T16:33:32.657+0000] {dag.py:3239} INFO - Sync 1 DAGs
[2026-07-25T16:33:32.678+0000] {logging_mixin.py:190} INFO - [2026-07-25T16:33:32.678+0000] {dag.py:4180} INFO - Setting next_dagrun for youtube_medallion_pipeline to None, run_after=None
[2026-07-25T16:33:32.706+0000] {processor.py:208} INFO - Processing /opt/airflow/dags/youtube_medallion_pipeline.py took 0.134 seconds
[2026-07-25T16:34:02.932+0000] {processor.py:186} INFO - Started process (PID=1656) to work on /opt/airflow/dags/youtube_medallion_pipeline.py
[2026-07-25T16:34:02.935+0000] {processor.py:914} INFO - Processing file /opt/airflow/dags/youtube_medallion_pipeline.py for tasks to queue
[2026-07-25T16:34:02.938+0000] {logging_mixin.py:190} INFO - [2026-07-25T16:34:02.937+0000] {dagbag.py:588} INFO - Filling up the DagBag from /opt/airflow/dags/youtube_medallion_pipeline.py
[2026-07-25T16:34:02.969+0000] {processor.py:925} INFO - DAG(s) 'youtube_medallion_pipeline' retrieved from /opt/airflow/dags/youtube_medallion_pipeline.py
[2026-07-25T16:34:03.042+0000] {logging_mixin.py:190} INFO - [2026-07-25T16:34:03.042+0000] {dag.py:3239} INFO - Sync 1 DAGs
[2026-07-25T16:34:03.069+0000] {logging_mixin.py:190} INFO - [2026-07-25T16:34:03.069+0000] {dag.py:4180} INFO - Setting next_dagrun for youtube_medallion_pipeline to None, run_after=None
[2026-07-25T16:34:03.107+0000] {processor.py:208} INFO - Processing /opt/airflow/dags/youtube_medallion_pipeline.py took 0.189 seconds
[2026-07-25T16:34:33.484+0000] {processor.py:186} INFO - Started process (PID=1661) to work on /opt/airflow/dags/youtube_medallion_pipeline.py
[2026-07-25T16:34:33.487+0000] {processor.py:914} INFO - Processing file /opt/airflow/dags/youtube_medallion_pipeline.py for tasks to queue
[2026-07-25T16:34:33.490+0000] {logging_mixin.py:190} INFO - [2026-07-25T16:34:33.490+0000] {dagbag.py:588} INFO - Filling up the DagBag from /opt/airflow/dags/youtube_medallion_pipeline.py
[2026-07-25T16:34:33.529+0000] {processor.py:925} INFO - DAG(s) 'youtube_medallion_pipeline' retrieved from /opt/airflow/dags/youtube_medallion_pipeline.py
[2026-07-25T16:34:33.598+0000] {logging_mixin.py:190} INFO - [2026-07-25T16:34:33.597+0000] {dag.py:3239} INFO - Sync 1 DAGs
[2026-07-25T16:34:33.645+0000] {logging_mixin.py:190} INFO - [2026-07-25T16:34:33.645+0000] {dag.py:4180} INFO - Setting next_dagrun for youtube_medallion_pipeline to None, run_after=None
[2026-07-25T16:34:33.677+0000] {processor.py:208} INFO - Processing /opt/airflow/dags/youtube_medallion_pipeline.py took 0.202 seconds
[2026-07-25T16:35:03.944+0000] {processor.py:186} INFO - Started process (PID=1666) to work on /opt/airflow/dags/youtube_medallion_pipeline.py
[2026-07-25T16:35:03.947+0000] {processor.py:914} INFO - Processing file /opt/airflow/dags/youtube_medallion_pipeline.py for tasks to queue
[2026-07-25T16:35:03.952+0000] {logging_mixin.py:190} INFO - [2026-07-25T16:35:03.951+0000] {dagbag.py:588} INFO - Filling up the DagBag from /opt/airflow/dags/youtube_medallion_pipeline.py
[2026-07-25T16:35:03.976+0000] {processor.py:925} INFO - DAG(s) 'youtube_medallion_pipeline' retrieved from /opt/airflow/dags/youtube_medallion_pipeline.py
[2026-07-25T16:35:04.063+0000] {logging_mixin.py:190} INFO - [2026-07-25T16:35:04.063+0000] {dag.py:3239} INFO - Sync 1 DAGs
[2026-07-25T16:35:04.096+0000] {logging_mixin.py:190} INFO - [2026-07-25T16:35:04.096+0000] {dag.py:4180} INFO - Setting next_dagrun for youtube_medallion_pipeline to None, run_after=None
[2026-07-25T16:35:04.128+0000] {processor.py:208} INFO - Processing /opt/airflow/dags/youtube_medallion_pipeline.py took 0.194 seconds
[2026-07-25T16:35:34.241+0000] {processor.py:186} INFO - Started process (PID=1671) to work on /opt/airflow/dags/youtube_medallion_pipeline.py
[2026-07-25T16:35:34.244+0000] {processor.py:914} INFO - Processing file /opt/airflow/dags/youtube_medallion_pipeline.py for tasks to queue
[2026-07-25T16:35:34.247+0000] {logging_mixin.py:190} INFO - [2026-07-25T16:35:34.247+0000] {dagbag.py:588} INFO - Filling up the DagBag from /opt/airflow/dags/youtube_medallion_pipeline.py
[2026-07-25T16:35:34.267+0000] {processor.py:925} INFO - DAG(s) 'youtube_medallion_pipeline' retrieved from /opt/airflow/dags/youtube_medallion_pipeline.py
[2026-07-25T16:35:34.321+0000] {logging_mixin.py:190} INFO - [2026-07-25T16:35:34.320+0000] {dag.py:3239} INFO - Sync 1 DAGs
[2026-07-25T16:35:34.343+0000] {logging_mixin.py:190} INFO - [2026-07-25T16:35:34.343+0000] {dag.py:4180} INFO - Setting next_dagrun for youtube_medallion_pipeline to None, run_after=None
[2026-07-25T16:35:34.372+0000] {processor.py:208} INFO - Processing /opt/airflow/dags/youtube_medallion_pipeline.py took 0.140 seconds
[2026-07-25T16:36:04.550+0000] {processor.py:186} INFO - Started process (PID=1676) to work on /opt/airflow/dags/youtube_medallion_pipeline.py
[2026-07-25T16:36:04.553+0000] {processor.py:914} INFO - Processing file /opt/airflow/dags/youtube_medallion_pipeline.py for tasks to queue
[2026-07-25T16:36:04.557+0000] {logging_mixin.py:190} INFO - [2026-07-25T16:36:04.556+0000] {dagbag.py:588} INFO - Filling up the DagBag from /opt/airflow/dags/youtube_medallion_pipeline.py
[2026-07-25T16:36:04.585+0000] {processor.py:925} INFO - DAG(s) 'youtube_medallion_pipeline' retrieved from /opt/airflow/dags/youtube_medallion_pipeline.py
[2026-07-25T16:36:04.646+0000] {logging_mixin.py:190} INFO - [2026-07-25T16:36:04.646+0000] {dag.py:3239} INFO - Sync 1 DAGs
[2026-07-25T16:36:04.679+0000] {logging_mixin.py:190} INFO - [2026-07-25T16:36:04.678+0000] {dag.py:4180} INFO - Setting next_dagrun for youtube_medallion_pipeline to None, run_after=None
[2026-07-25T16:36:04.746+0000] {processor.py:208} INFO - Processing /opt/airflow/dags/youtube_medallion_pipeline.py took 0.210 seconds
[2026-07-25T16:36:35.086+0000] {processor.py:186} INFO - Started process (PID=1681) to work on /opt/airflow/dags/youtube_medallion_pipeline.py
[2026-07-25T16:36:35.089+0000] {processor.py:914} INFO - Processing file /opt/airflow/dags/youtube_medallion_pipeline.py for tasks to queue
[2026-07-25T16:36:35.093+0000] {logging_mixin.py:190} INFO - [2026-07-25T16:36:35.092+0000] {dagbag.py:588} INFO - Filling up the DagBag from /opt/airflow/dags/youtube_medallion_pipeline.py
[2026-07-25T16:36:35.116+0000] {processor.py:925} INFO - DAG(s) 'youtube_medallion_pipeline' retrieved from /opt/airflow/dags/youtube_medallion_pipeline.py
[2026-07-25T16:36:35.196+0000] {logging_mixin.py:190} INFO - [2026-07-25T16:36:35.196+0000] {dag.py:3239} INFO - Sync 1 DAGs
[2026-07-25T16:36:35.272+0000] {logging_mixin.py:190} INFO - [2026-07-25T16:36:35.271+0000] {dag.py:4180} INFO - Setting next_dagrun for youtube_medallion_pipeline to None, run_after=None
[2026-07-25T16:36:35.344+0000] {processor.py:208} INFO - Processing /opt/airflow/dags/youtube_medallion_pipeline.py took 0.267 seconds
[2026-07-25T16:37:05.735+0000] {processor.py:186} INFO - Started process (PID=1686) to work on /opt/airflow/dags/youtube_medallion_pipeline.py
[2026-07-25T16:37:05.738+0000] {processor.py:914} INFO - Processing file /opt/airflow/dags/youtube_medallion_pipeline.py for tasks to queue
[2026-07-25T16:37:05.741+0000] {logging_mixin.py:190} INFO - [2026-07-25T16:37:05.740+0000] {dagbag.py:588} INFO - Filling up the DagBag from /opt/airflow/dags/youtube_medallion_pipeline.py
[2026-07-25T16:37:05.763+0000] {processor.py:925} INFO - DAG(s) 'youtube_medallion_pipeline' retrieved from /opt/airflow/dags/youtube_medallion_pipeline.py
[2026-07-25T16:37:05.820+0000] {logging_mixin.py:190} INFO - [2026-07-25T16:37:05.820+0000] {dag.py:3239} INFO - Sync 1 DAGs
[2026-07-25T16:37:05.846+0000] {logging_mixin.py:190} INFO - [2026-07-25T16:37:05.846+0000] {dag.py:4180} INFO - Setting next_dagrun for youtube_medallion_pipeline to None, run_after=None
[2026-07-25T16:37:05.879+0000] {processor.py:208} INFO - Processing /opt/airflow/dags/youtube_medallion_pipeline.py took 0.154 seconds
[2026-07-25T16:37:36.025+0000] {processor.py:186} INFO - Started process (PID=1691) to work on /opt/airflow/dags/youtube_medallion_pipeline.py
[2026-07-25T16:37:36.030+0000] {processor.py:914} INFO - Processing file /opt/airflow/dags/youtube_medallion_pipeline.py for tasks to queue
[2026-07-25T16:37:36.033+0000] {logging_mixin.py:190} INFO - [2026-07-25T16:37:36.033+0000] {dagbag.py:588} INFO - Filling up the DagBag from /opt/airflow/dags/youtube_medallion_pipeline.py
[2026-07-25T16:37:36.053+0000] {processor.py:925} INFO - DAG(s) 'youtube_medallion_pipeline' retrieved from /opt/airflow/dags/youtube_medallion_pipeline.py
[2026-07-25T16:37:36.102+0000] {logging_mixin.py:190} INFO - [2026-07-25T16:37:36.101+0000] {dag.py:3239} INFO - Sync 1 DAGs
[2026-07-25T16:37:36.124+0000] {logging_mixin.py:190} INFO - [2026-07-25T16:37:36.124+0000] {dag.py:4180} INFO - Setting next_dagrun for youtube_medallion_pipeline to None, run_after=None
[2026-07-25T16:37:36.155+0000] {processor.py:208} INFO - Processing /opt/airflow/dags/youtube_medallion_pipeline.py took 0.160 seconds
[2026-07-25T16:38:06.472+0000] {processor.py:186} INFO - Started process (PID=1696) to work on /opt/airflow/dags/youtube_medallion_pipeline.py
[2026-07-25T16:38:06.476+0000] {processor.py:914} INFO - Processing file /opt/airflow/dags/youtube_medallion_pipeline.py for tasks to queue
[2026-07-25T16:38:06.479+0000] {logging_mixin.py:190} INFO - [2026-07-25T16:38:06.479+0000] {dagbag.py:588} INFO - Filling up the DagBag from /opt/airflow/dags/youtube_medallion_pipeline.py
[2026-07-25T16:38:06.508+0000] {processor.py:925} INFO - DAG(s) 'youtube_medallion_pipeline' retrieved from /opt/airflow/dags/youtube_medallion_pipeline.py
[2026-07-25T16:38:06.564+0000] {logging_mixin.py:190} INFO - [2026-07-25T16:38:06.563+0000] {dag.py:3239} INFO - Sync 1 DAGs
[2026-07-25T16:38:06.593+0000] {logging_mixin.py:190} INFO - [2026-07-25T16:38:06.592+0000] {dag.py:4180} INFO - Setting next_dagrun for youtube_medallion_pipeline to None, run_after=None
[2026-07-25T16:38:06.638+0000] {processor.py:208} INFO - Processing /opt/airflow/dags/youtube_medallion_pipeline.py took 0.184 seconds
[2026-07-25T16:38:36.736+0000] {processor.py:186} INFO - Started process (PID=1701) to work on /opt/airflow/dags/youtube_medallion_pipeline.py
[2026-07-25T16:38:36.739+0000] {processor.py:914} INFO - Processing file /opt/airflow/dags/youtube_medallion_pipeline.py for tasks to queue
[2026-07-25T16:38:36.742+0000] {logging_mixin.py:190} INFO - [2026-07-25T16:38:36.741+0000] {dagbag.py:588} INFO - Filling up the DagBag from /opt/airflow/dags/youtube_medallion_pipeline.py
[2026-07-25T16:38:36.762+0000] {processor.py:925} INFO - DAG(s) 'youtube_medallion_pipeline' retrieved from /opt/airflow/dags/youtube_medallion_pipeline.py
[2026-07-25T16:38:36.846+0000] {logging_mixin.py:190} INFO - [2026-07-25T16:38:36.846+0000] {dag.py:3239} INFO - Sync 1 DAGs
[2026-07-25T16:38:36.927+0000] {logging_mixin.py:190} INFO - [2026-07-25T16:38:36.927+0000] {dag.py:4180} INFO - Setting next_dagrun for youtube_medallion_pipeline to None, run_after=None
[2026-07-25T16:38:36.984+0000] {processor.py:208} INFO - Processing /opt/airflow/dags/youtube_medallion_pipeline.py took 0.256 seconds
[2026-07-25T16:39:07.192+0000] {processor.py:186} INFO - Started process (PID=1706) to work on /opt/airflow/dags/youtube_medallion_pipeline.py
[2026-07-25T16:39:07.194+0000] {processor.py:914} INFO - Processing file /opt/airflow/dags/youtube_medallion_pipeline.py for tasks to queue
[2026-07-25T16:39:07.197+0000] {logging_mixin.py:190} INFO - [2026-07-25T16:39:07.196+0000] {dagbag.py:588} INFO - Filling up the DagBag from /opt/airflow/dags/youtube_medallion_pipeline.py
[2026-07-25T16:39:07.217+0000] {processor.py:925} INFO - DAG(s) 'youtube_medallion_pipeline' retrieved from /opt/airflow/dags/youtube_medallion_pipeline.py
[2026-07-25T16:39:07.300+0000] {logging_mixin.py:190} INFO - [2026-07-25T16:39:07.300+0000] {dag.py:3239} INFO - Sync 1 DAGs
[2026-07-25T16:39:07.372+0000] {logging_mixin.py:190} INFO - [2026-07-25T16:39:07.372+0000] {dag.py:4180} INFO - Setting next_dagrun for youtube_medallion_pipeline to None, run_after=None
[2026-07-25T16:39:07.437+0000] {processor.py:208} INFO - Processing /opt/airflow/dags/youtube_medallion_pipeline.py took 0.253 seconds
[2026-07-25T16:39:37.555+0000] {processor.py:186} INFO - Started process (PID=1711) to work on /opt/airflow/dags/youtube_medallion_pipeline.py
[2026-07-25T16:39:37.558+0000] {processor.py:914} INFO - Processing file /opt/airflow/dags/youtube_medallion_pipeline.py for tasks to queue
[2026-07-25T16:39:37.562+0000] {logging_mixin.py:190} INFO - [2026-07-25T16:39:37.561+0000] {dagbag.py:588} INFO - Filling up the DagBag from /opt/airflow/dags/youtube_medallion_pipeline.py
[2026-07-25T16:39:37.585+0000] {processor.py:925} INFO - DAG(s) 'youtube_medallion_pipeline' retrieved from /opt/airflow/dags/youtube_medallion_pipeline.py
[2026-07-25T16:39:37.642+0000] {logging_mixin.py:190} INFO - [2026-07-25T16:39:37.642+0000] {dag.py:3239} INFO - Sync 1 DAGs
[2026-07-25T16:39:37.670+0000] {logging_mixin.py:190} INFO - [2026-07-25T16:39:37.669+0000] {dag.py:4180} INFO - Setting next_dagrun for youtube_medallion_pipeline to None, run_after=None
[2026-07-25T16:39:37.708+0000] {processor.py:208} INFO - Processing /opt/airflow/dags/youtube_medallion_pipeline.py took 0.164 seconds
[2026-07-25T16:40:08.053+0000] {processor.py:186} INFO - Started process (PID=1716) to work on /opt/airflow/dags/youtube_medallion_pipeline.py
[2026-07-25T16:40:08.056+0000] {processor.py:914} INFO - Processing file /opt/airflow/dags/youtube_medallion_pipeline.py for tasks to queue
[2026-07-25T16:40:08.059+0000] {logging_mixin.py:190} INFO - [2026-07-25T16:40:08.058+0000] {dagbag.py:588} INFO - Filling up the DagBag from /opt/airflow/dags/youtube_medallion_pipeline.py
[2026-07-25T16:40:08.084+0000] {processor.py:925} INFO - DAG(s) 'youtube_medallion_pipeline' retrieved from /opt/airflow/dags/youtube_medallion_pipeline.py
[2026-07-25T16:40:08.149+0000] {logging_mixin.py:190} INFO - [2026-07-25T16:40:08.148+0000] {dag.py:3239} INFO - Sync 1 DAGs
[2026-07-25T16:40:08.173+0000] {logging_mixin.py:190} INFO - [2026-07-25T16:40:08.173+0000] {dag.py:4180} INFO - Setting next_dagrun for youtube_medallion_pipeline to None, run_after=None
[2026-07-25T16:40:08.206+0000] {processor.py:208} INFO - Processing /opt/airflow/dags/youtube_medallion_pipeline.py took 0.162 seconds
[2026-07-25T16:40:38.346+0000] {processor.py:186} INFO - Started process (PID=1721) to work on /opt/airflow/dags/youtube_medallion_pipeline.py
[2026-07-25T16:40:38.349+0000] {processor.py:914} INFO - Processing file /opt/airflow/dags/youtube_medallion_pipeline.py for tasks to queue
[2026-07-25T16:40:38.352+0000] {logging_mixin.py:190} INFO - [2026-07-25T16:40:38.351+0000] {dagbag.py:588} INFO - Filling up the DagBag from /opt/airflow/dags/youtube_medallion_pipeline.py
[2026-07-25T16:40:38.369+0000] {processor.py:925} INFO - DAG(s) 'youtube_medallion_pipeline' retrieved from /opt/airflow/dags/youtube_medallion_pipeline.py
[2026-07-25T16:40:38.428+0000] {logging_mixin.py:190} INFO - [2026-07-25T16:40:38.428+0000] {dag.py:3239} INFO - Sync 1 DAGs
[2026-07-25T16:40:38.480+0000] {logging_mixin.py:190} INFO - [2026-07-25T16:40:38.480+0000] {dag.py:4180} INFO - Setting next_dagrun for youtube_medallion_pipeline to None, run_after=None
[2026-07-25T16:40:38.533+0000] {processor.py:208} INFO - Processing /opt/airflow/dags/youtube_medallion_pipeline.py took 0.196 seconds
[2026-07-25T16:41:08.852+0000] {processor.py:186} INFO - Started process (PID=1726) to work on /opt/airflow/dags/youtube_medallion_pipeline.py
[2026-07-25T16:41:08.854+0000] {processor.py:914} INFO - Processing file /opt/airflow/dags/youtube_medallion_pipeline.py for tasks to queue
[2026-07-25T16:41:08.857+0000] {logging_mixin.py:190} INFO - [2026-07-25T16:41:08.857+0000] {dagbag.py:588} INFO - Filling up the DagBag from /opt/airflow/dags/youtube_medallion_pipeline.py
[2026-07-25T16:41:08.881+0000] {processor.py:925} INFO - DAG(s) 'youtube_medallion_pipeline' retrieved from /opt/airflow/dags/youtube_medallion_pipeline.py
[2026-07-25T16:41:08.987+0000] {logging_mixin.py:190} INFO - [2026-07-25T16:41:08.987+0000] {dag.py:3239} INFO - Sync 1 DAGs
[2026-07-25T16:41:09.098+0000] {logging_mixin.py:190} INFO - [2026-07-25T16:41:09.098+0000] {dag.py:4180} INFO - Setting next_dagrun for youtube_medallion_pipeline to None, run_after=None
[2026-07-25T16:41:09.164+0000] {processor.py:208} INFO - Processing /opt/airflow/dags/youtube_medallion_pipeline.py took 0.321 seconds
[2026-07-25T16:41:39.484+0000] {processor.py:186} INFO - Started process (PID=1731) to work on /opt/airflow/dags/youtube_medallion_pipeline.py
[2026-07-25T16:41:39.487+0000] {processor.py:914} INFO - Processing file /opt/airflow/dags/youtube_medallion_pipeline.py for tasks to queue
[2026-07-25T16:41:39.490+0000] {logging_mixin.py:190} INFO - [2026-07-25T16:41:39.490+0000] {dagbag.py:588} INFO - Filling up the DagBag from /opt/airflow/dags/youtube_medallion_pipeline.py
[2026-07-25T16:41:39.511+0000] {processor.py:925} INFO - DAG(s) 'youtube_medallion_pipeline' retrieved from /opt/airflow/dags/youtube_medallion_pipeline.py
[2026-07-25T16:41:39.570+0000] {logging_mixin.py:190} INFO - [2026-07-25T16:41:39.569+0000] {dag.py:3239} INFO - Sync 1 DAGs
[2026-07-25T16:41:39.604+0000] {logging_mixin.py:190} INFO - [2026-07-25T16:41:39.603+0000] {dag.py:4180} INFO - Setting next_dagrun for youtube_medallion_pipeline to None, run_after=None
[2026-07-25T16:41:39.645+0000] {processor.py:208} INFO - Processing /opt/airflow/dags/youtube_medallion_pipeline.py took 0.173 seconds
[2026-07-25T16:42:09.763+0000] {processor.py:186} INFO - Started process (PID=1736) to work on /opt/airflow/dags/youtube_medallion_pipeline.py
[2026-07-25T16:42:09.766+0000] {processor.py:914} INFO - Processing file /opt/airflow/dags/youtube_medallion_pipeline.py for tasks to queue
[2026-07-25T16:42:09.769+0000] {logging_mixin.py:190} INFO - [2026-07-25T16:42:09.768+0000] {dagbag.py:588} INFO - Filling up the DagBag from /opt/airflow/dags/youtube_medallion_pipeline.py
[2026-07-25T16:42:09.795+0000] {processor.py:925} INFO - DAG(s) 'youtube_medallion_pipeline' retrieved from /opt/airflow/dags/youtube_medallion_pipeline.py
[2026-07-25T16:42:09.858+0000] {logging_mixin.py:190} INFO - [2026-07-25T16:42:09.858+0000] {dag.py:3239} INFO - Sync 1 DAGs
[2026-07-25T16:42:09.887+0000] {logging_mixin.py:190} INFO - [2026-07-25T16:42:09.886+0000] {dag.py:4180} INFO - Setting next_dagrun for youtube_medallion_pipeline to None, run_after=None
[2026-07-25T16:42:09.923+0000] {processor.py:208} INFO - Processing /opt/airflow/dags/youtube_medallion_pipeline.py took 0.169 seconds
[2026-07-25T16:42:40.436+0000] {processor.py:186} INFO - Started process (PID=1741) to work on /opt/airflow/dags/youtube_medallion_pipeline.py
[2026-07-25T16:42:40.439+0000] {processor.py:914} INFO - Processing file /opt/airflow/dags/youtube_medallion_pipeline.py for tasks to queue
[2026-07-25T16:42:40.447+0000] {logging_mixin.py:190} INFO - [2026-07-25T16:42:40.443+0000] {dagbag.py:588} INFO - Filling up the DagBag from /opt/airflow/dags/youtube_medallion_pipeline.py
[2026-07-25T16:42:40.483+0000] {processor.py:925} INFO - DAG(s) 'youtube_medallion_pipeline' retrieved from /opt/airflow/dags/youtube_medallion_pipeline.py
[2026-07-25T16:42:40.561+0000] {logging_mixin.py:190} INFO - [2026-07-25T16:42:40.561+0000] {dag.py:3239} INFO - Sync 1 DAGs
[2026-07-25T16:42:40.585+0000] {logging_mixin.py:190} INFO - [2026-07-25T16:42:40.584+0000] {dag.py:4180} INFO - Setting next_dagrun for youtube_medallion_pipeline to None, run_after=None
[2026-07-25T16:42:40.617+0000] {processor.py:208} INFO - Processing /opt/airflow/dags/youtube_medallion_pipeline.py took 0.195 seconds
[2026-07-25T16:43:10.779+0000] {processor.py:186} INFO - Started process (PID=1746) to work on /opt/airflow/dags/youtube_medallion_pipeline.py
[2026-07-25T16:43:10.785+0000] {processor.py:914} INFO - Processing file /opt/airflow/dags/youtube_medallion_pipeline.py for tasks to queue
[2026-07-25T16:43:10.792+0000] {logging_mixin.py:190} INFO - [2026-07-25T16:43:10.790+0000] {dagbag.py:588} INFO - Filling up the DagBag from /opt/airflow/dags/youtube_medallion_pipeline.py
[2026-07-25T16:43:10.820+0000] {processor.py:925} INFO - DAG(s) 'youtube_medallion_pipeline' retrieved from /opt/airflow/dags/youtube_medallion_pipeline.py
[2026-07-25T16:43:10.886+0000] {logging_mixin.py:190} INFO - [2026-07-25T16:43:10.885+0000] {dag.py:3239} INFO - Sync 1 DAGs
[2026-07-25T16:43:10.913+0000] {logging_mixin.py:190} INFO - [2026-07-25T16:43:10.913+0000] {dag.py:4180} INFO - Setting next_dagrun for youtube_medallion_pipeline to None, run_after=None
[2026-07-25T16:43:10.945+0000] {processor.py:208} INFO - Processing /opt/airflow/dags/youtube_medallion_pipeline.py took 0.189 seconds
[2026-07-25T16:43:41.212+0000] {processor.py:186} INFO - Started process (PID=1751) to work on /opt/airflow/dags/youtube_medallion_pipeline.py
[2026-07-25T16:43:41.215+0000] {processor.py:914} INFO - Processing file /opt/airflow/dags/youtube_medallion_pipeline.py for tasks to queue
[2026-07-25T16:43:41.218+0000] {logging_mixin.py:190} INFO - [2026-07-25T16:43:41.217+0000] {dagbag.py:588} INFO - Filling up the DagBag from /opt/airflow/dags/youtube_medallion_pipeline.py
[2026-07-25T16:43:41.237+0000] {processor.py:925} INFO - DAG(s) 'youtube_medallion_pipeline' retrieved from /opt/airflow/dags/youtube_medallion_pipeline.py
[2026-07-25T16:43:41.282+0000] {logging_mixin.py:190} INFO - [2026-07-25T16:43:41.282+0000] {dag.py:3239} INFO - Sync 1 DAGs
[2026-07-25T16:43:41.305+0000] {logging_mixin.py:190} INFO - [2026-07-25T16:43:41.305+0000] {dag.py:4180} INFO - Setting next_dagrun for youtube_medallion_pipeline to None, run_after=None
[2026-07-25T16:43:41.334+0000] {processor.py:208} INFO - Processing /opt/airflow/dags/youtube_medallion_pipeline.py took 0.129 seconds
[2026-07-25T16:44:11.677+0000] {processor.py:186} INFO - Started process (PID=1756) to work on /opt/airflow/dags/youtube_medallion_pipeline.py
[2026-07-25T16:44:11.679+0000] {processor.py:914} INFO - Processing file /opt/airflow/dags/youtube_medallion_pipeline.py for tasks to queue
[2026-07-25T16:44:11.683+0000] {logging_mixin.py:190} INFO - [2026-07-25T16:44:11.682+0000] {dagbag.py:588} INFO - Filling up the DagBag from /opt/airflow/dags/youtube_medallion_pipeline.py
[2026-07-25T16:44:11.712+0000] {processor.py:925} INFO - DAG(s) 'youtube_medallion_pipeline' retrieved from /opt/airflow/dags/youtube_medallion_pipeline.py
[2026-07-25T16:44:11.775+0000] {logging_mixin.py:190} INFO - [2026-07-25T16:44:11.774+0000] {dag.py:3239} INFO - Sync 1 DAGs
[2026-07-25T16:44:11.818+0000] {logging_mixin.py:190} INFO - [2026-07-25T16:44:11.818+0000] {dag.py:4180} INFO - Setting next_dagrun for youtube_medallion_pipeline to None, run_after=None
[2026-07-25T16:44:11.851+0000] {processor.py:208} INFO - Processing /opt/airflow/dags/youtube_medallion_pipeline.py took 0.184 seconds
[2026-07-25T16:44:42.075+0000] {processor.py:186} INFO - Started process (PID=1761) to work on /opt/airflow/dags/youtube_medallion_pipeline.py
[2026-07-25T16:44:42.077+0000] {processor.py:914} INFO - Processing file /opt/airflow/dags/youtube_medallion_pipeline.py for tasks to queue
[2026-07-25T16:44:42.082+0000] {logging_mixin.py:190} INFO - [2026-07-25T16:44:42.081+0000] {dagbag.py:588} INFO - Filling up the DagBag from /opt/airflow/dags/youtube_medallion_pipeline.py
[2026-07-25T16:44:42.167+0000] {processor.py:925} INFO - DAG(s) 'youtube_medallion_pipeline' retrieved from /opt/airflow/dags/youtube_medallion_pipeline.py
[2026-07-25T16:44:42.341+0000] {logging_mixin.py:190} INFO - [2026-07-25T16:44:42.341+0000] {dag.py:3239} INFO - Sync 1 DAGs
[2026-07-25T16:44:42.451+0000] {logging_mixin.py:190} INFO - [2026-07-25T16:44:42.451+0000] {dag.py:4180} INFO - Setting next_dagrun for youtube_medallion_pipeline to None, run_after=None
[2026-07-25T16:44:42.547+0000] {processor.py:208} INFO - Processing /opt/airflow/dags/youtube_medallion_pipeline.py took 0.491 seconds
[2026-07-25T16:45:12.891+0000] {processor.py:186} INFO - Started process (PID=1766) to work on /opt/airflow/dags/youtube_medallion_pipeline.py
[2026-07-25T16:45:12.897+0000] {processor.py:914} INFO - Processing file /opt/airflow/dags/youtube_medallion_pipeline.py for tasks to queue
[2026-07-25T16:45:12.906+0000] {logging_mixin.py:190} INFO - [2026-07-25T16:45:12.903+0000] {dagbag.py:588} INFO - Filling up the DagBag from /opt/airflow/dags/youtube_medallion_pipeline.py
[2026-07-25T16:45:12.955+0000] {processor.py:925} INFO - DAG(s) 'youtube_medallion_pipeline' retrieved from /opt/airflow/dags/youtube_medallion_pipeline.py
[2026-07-25T16:45:13.041+0000] {logging_mixin.py:190} INFO - [2026-07-25T16:45:13.041+0000] {dag.py:3239} INFO - Sync 1 DAGs
[2026-07-25T16:45:13.073+0000] {logging_mixin.py:190} INFO - [2026-07-25T16:45:13.072+0000] {dag.py:4180} INFO - Setting next_dagrun for youtube_medallion_pipeline to None, run_after=None
[2026-07-25T16:45:13.147+0000] {processor.py:208} INFO - Processing /opt/airflow/dags/youtube_medallion_pipeline.py took 0.290 seconds
[2026-07-25T16:45:43.449+0000] {processor.py:186} INFO - Started process (PID=1771) to work on /opt/airflow/dags/youtube_medallion_pipeline.py
[2026-07-25T16:45:43.452+0000] {processor.py:914} INFO - Processing file /opt/airflow/dags/youtube_medallion_pipeline.py for tasks to queue
[2026-07-25T16:45:43.455+0000] {logging_mixin.py:190} INFO - [2026-07-25T16:45:43.455+0000] {dagbag.py:588} INFO - Filling up the DagBag from /opt/airflow/dags/youtube_medallion_pipeline.py
[2026-07-25T16:45:43.476+0000] {processor.py:925} INFO - DAG(s) 'youtube_medallion_pipeline' retrieved from /opt/airflow/dags/youtube_medallion_pipeline.py
[2026-07-25T16:45:43.528+0000] {logging_mixin.py:190} INFO - [2026-07-25T16:45:43.528+0000] {dag.py:3239} INFO - Sync 1 DAGs
[2026-07-25T16:45:43.552+0000] {logging_mixin.py:190} INFO - [2026-07-25T16:45:43.551+0000] {dag.py:4180} INFO - Setting next_dagrun for youtube_medallion_pipeline to None, run_after=None
[2026-07-25T16:45:43.585+0000] {processor.py:208} INFO - Processing /opt/airflow/dags/youtube_medallion_pipeline.py took 0.144 seconds
[2026-07-25T16:46:13.711+0000] {processor.py:186} INFO - Started process (PID=1776) to work on /opt/airflow/dags/youtube_medallion_pipeline.py
[2026-07-25T16:46:13.714+0000] {processor.py:914} INFO - Processing file /opt/airflow/dags/youtube_medallion_pipeline.py for tasks to queue
[2026-07-25T16:46:13.718+0000] {logging_mixin.py:190} INFO - [2026-07-25T16:46:13.717+0000] {dagbag.py:588} INFO - Filling up the DagBag from /opt/airflow/dags/youtube_medallion_pipeline.py
[2026-07-25T16:46:13.750+0000] {processor.py:925} INFO - DAG(s) 'youtube_medallion_pipeline' retrieved from /opt/airflow/dags/youtube_medallion_pipeline.py
[2026-07-25T16:46:13.865+0000] {logging_mixin.py:190} INFO - [2026-07-25T16:46:13.864+0000] {dag.py:3239} INFO - Sync 1 DAGs
[2026-07-25T16:46:13.921+0000] {logging_mixin.py:190} INFO - [2026-07-25T16:46:13.920+0000] {dag.py:4180} INFO - Setting next_dagrun for youtube_medallion_pipeline to None, run_after=None
[2026-07-25T16:46:13.966+0000] {processor.py:208} INFO - Processing /opt/airflow/dags/youtube_medallion_pipeline.py took 0.269 seconds
[2026-07-25T16:46:44.173+0000] {processor.py:186} INFO - Started process (PID=1781) to work on /opt/airflow/dags/youtube_medallion_pipeline.py
[2026-07-25T16:46:44.198+0000] {processor.py:914} INFO - Processing file /opt/airflow/dags/youtube_medallion_pipeline.py for tasks to queue
[2026-07-25T16:46:44.211+0000] {logging_mixin.py:190} INFO - [2026-07-25T16:46:44.210+0000] {dagbag.py:588} INFO - Filling up the DagBag from /opt/airflow/dags/youtube_medallion_pipeline.py
[2026-07-25T16:46:44.282+0000] {processor.py:925} INFO - DAG(s) 'youtube_medallion_pipeline' retrieved from /opt/airflow/dags/youtube_medallion_pipeline.py
[2026-07-25T16:46:44.350+0000] {logging_mixin.py:190} INFO - [2026-07-25T16:46:44.350+0000] {dag.py:3239} INFO - Sync 1 DAGs
[2026-07-25T16:46:44.376+0000] {logging_mixin.py:190} INFO - [2026-07-25T16:46:44.376+0000] {dag.py:4180} INFO - Setting next_dagrun for youtube_medallion_pipeline to None, run_after=None
[2026-07-25T16:46:44.415+0000] {processor.py:208} INFO - Processing /opt/airflow/dags/youtube_medallion_pipeline.py took 0.266 seconds
[2026-07-25T16:47:14.531+0000] {processor.py:186} INFO - Started process (PID=1786) to work on /opt/airflow/dags/youtube_medallion_pipeline.py
[2026-07-25T16:47:14.533+0000] {processor.py:914} INFO - Processing file /opt/airflow/dags/youtube_medallion_pipeline.py for tasks to queue
[2026-07-25T16:47:14.536+0000] {logging_mixin.py:190} INFO - [2026-07-25T16:47:14.536+0000] {dagbag.py:588} INFO - Filling up the DagBag from /opt/airflow/dags/youtube_medallion_pipeline.py
[2026-07-25T16:47:14.555+0000] {processor.py:925} INFO - DAG(s) 'youtube_medallion_pipeline' retrieved from /opt/airflow/dags/youtube_medallion_pipeline.py
[2026-07-25T16:47:14.606+0000] {logging_mixin.py:190} INFO - [2026-07-25T16:47:14.606+0000] {dag.py:3239} INFO - Sync 1 DAGs
[2026-07-25T16:47:14.637+0000] {logging_mixin.py:190} INFO - [2026-07-25T16:47:14.636+0000] {dag.py:4180} INFO - Setting next_dagrun for youtube_medallion_pipeline to None, run_after=None
[2026-07-25T16:47:14.666+0000] {processor.py:208} INFO - Processing /opt/airflow/dags/youtube_medallion_pipeline.py took 0.144 seconds
[2026-07-25T16:47:44.997+0000] {processor.py:186} INFO - Started process (PID=1791) to work on /opt/airflow/dags/youtube_medallion_pipeline.py
[2026-07-25T16:47:44.999+0000] {processor.py:914} INFO - Processing file /opt/airflow/dags/youtube_medallion_pipeline.py for tasks to queue
[2026-07-25T16:47:45.002+0000] {logging_mixin.py:190} INFO - [2026-07-25T16:47:45.001+0000] {dagbag.py:588} INFO - Filling up the DagBag from /opt/airflow/dags/youtube_medallion_pipeline.py
[2026-07-25T16:47:45.025+0000] {processor.py:925} INFO - DAG(s) 'youtube_medallion_pipeline' retrieved from /opt/airflow/dags/youtube_medallion_pipeline.py
[2026-07-25T16:47:45.078+0000] {logging_mixin.py:190} INFO - [2026-07-25T16:47:45.078+0000] {dag.py:3239} INFO - Sync 1 DAGs
[2026-07-25T16:47:45.105+0000] {logging_mixin.py:190} INFO - [2026-07-25T16:47:45.104+0000] {dag.py:4180} INFO - Setting next_dagrun for youtube_medallion_pipeline to None, run_after=None
[2026-07-25T16:47:45.137+0000] {processor.py:208} INFO - Processing /opt/airflow/dags/youtube_medallion_pipeline.py took 0.149 seconds
[2026-07-25T16:48:16.214+0000] {processor.py:186} INFO - Started process (PID=1796) to work on /opt/airflow/dags/youtube_medallion_pipeline.py
[2026-07-25T16:48:16.219+0000] {processor.py:914} INFO - Processing file /opt/airflow/dags/youtube_medallion_pipeline.py for tasks to queue
[2026-07-25T16:48:16.225+0000] {logging_mixin.py:190} INFO - [2026-07-25T16:48:16.224+0000] {dagbag.py:588} INFO - Filling up the DagBag from /opt/airflow/dags/youtube_medallion_pipeline.py
[2026-07-25T16:48:16.609+0000] {processor.py:925} INFO - DAG(s) 'youtube_medallion_pipeline' retrieved from /opt/airflow/dags/youtube_medallion_pipeline.py
[2026-07-25T16:48:17.395+0000] {logging_mixin.py:190} INFO - [2026-07-25T16:48:17.394+0000] {dag.py:3239} INFO - Sync 1 DAGs
[2026-07-25T16:48:17.485+0000] {logging_mixin.py:190} INFO - [2026-07-25T16:48:17.484+0000] {dag.py:4180} INFO - Setting next_dagrun for youtube_medallion_pipeline to None, run_after=None
[2026-07-25T16:48:17.620+0000] {processor.py:208} INFO - Processing /opt/airflow/dags/youtube_medallion_pipeline.py took 1.426 seconds
[2026-07-25T16:48:47.978+0000] {processor.py:186} INFO - Started process (PID=1801) to work on /opt/airflow/dags/youtube_medallion_pipeline.py
[2026-07-25T16:48:47.982+0000] {processor.py:914} INFO - Processing file /opt/airflow/dags/youtube_medallion_pipeline.py for tasks to queue
[2026-07-25T16:48:47.986+0000] {logging_mixin.py:190} INFO - [2026-07-25T16:48:47.985+0000] {dagbag.py:588} INFO - Filling up the DagBag from /opt/airflow/dags/youtube_medallion_pipeline.py
[2026-07-25T16:48:48.014+0000] {processor.py:925} INFO - DAG(s) 'youtube_medallion_pipeline' retrieved from /opt/airflow/dags/youtube_medallion_pipeline.py
[2026-07-25T16:48:48.075+0000] {logging_mixin.py:190} INFO - [2026-07-25T16:48:48.074+0000] {dag.py:3239} INFO - Sync 1 DAGs
[2026-07-25T16:48:48.105+0000] {logging_mixin.py:190} INFO - [2026-07-25T16:48:48.105+0000] {dag.py:4180} INFO - Setting next_dagrun for youtube_medallion_pipeline to None, run_after=None
[2026-07-25T16:48:48.139+0000] {processor.py:208} INFO - Processing /opt/airflow/dags/youtube_medallion_pipeline.py took 0.173 seconds
[2026-07-25T16:49:18.231+0000] {processor.py:186} INFO - Started process (PID=1806) to work on /opt/airflow/dags/youtube_medallion_pipeline.py
[2026-07-25T16:49:18.233+0000] {processor.py:914} INFO - Processing file /opt/airflow/dags/youtube_medallion_pipeline.py for tasks to queue
[2026-07-25T16:49:18.237+0000] {logging_mixin.py:190} INFO - [2026-07-25T16:49:18.236+0000] {dagbag.py:588} INFO - Filling up the DagBag from /opt/airflow/dags/youtube_medallion_pipeline.py
[2026-07-25T16:49:18.263+0000] {processor.py:925} INFO - DAG(s) 'youtube_medallion_pipeline' retrieved from /opt/airflow/dags/youtube_medallion_pipeline.py
[2026-07-25T16:49:18.324+0000] {logging_mixin.py:190} INFO - [2026-07-25T16:49:18.324+0000] {dag.py:3239} INFO - Sync 1 DAGs
[2026-07-25T16:49:18.351+0000] {logging_mixin.py:190} INFO - [2026-07-25T16:49:18.351+0000] {dag.py:4180} INFO - Setting next_dagrun for youtube_medallion_pipeline to None, run_after=None
[2026-07-25T16:49:18.387+0000] {processor.py:208} INFO - Processing /opt/airflow/dags/youtube_medallion_pipeline.py took 0.165 seconds
[2026-07-25T16:49:48.681+0000] {processor.py:186} INFO - Started process (PID=1811) to work on /opt/airflow/dags/youtube_medallion_pipeline.py
[2026-07-25T16:49:48.683+0000] {processor.py:914} INFO - Processing file /opt/airflow/dags/youtube_medallion_pipeline.py for tasks to queue
[2026-07-25T16:49:48.686+0000] {logging_mixin.py:190} INFO - [2026-07-25T16:49:48.686+0000] {dagbag.py:588} INFO - Filling up the DagBag from /opt/airflow/dags/youtube_medallion_pipeline.py
[2026-07-25T16:49:48.707+0000] {processor.py:925} INFO - DAG(s) 'youtube_medallion_pipeline' retrieved from /opt/airflow/dags/youtube_medallion_pipeline.py
[2026-07-25T16:49:48.761+0000] {logging_mixin.py:190} INFO - [2026-07-25T16:49:48.760+0000] {dag.py:3239} INFO - Sync 1 DAGs
[2026-07-25T16:49:48.785+0000] {logging_mixin.py:190} INFO - [2026-07-25T16:49:48.784+0000] {dag.py:4180} INFO - Setting next_dagrun for youtube_medallion_pipeline to None, run_after=None
[2026-07-25T16:49:48.818+0000] {processor.py:208} INFO - Processing /opt/airflow/dags/youtube_medallion_pipeline.py took 0.145 seconds
[2026-07-25T16:50:19.126+0000] {processor.py:186} INFO - Started process (PID=1816) to work on /opt/airflow/dags/youtube_medallion_pipeline.py
[2026-07-25T16:50:19.129+0000] {processor.py:914} INFO - Processing file /opt/airflow/dags/youtube_medallion_pipeline.py for tasks to queue
[2026-07-25T16:50:19.132+0000] {logging_mixin.py:190} INFO - [2026-07-25T16:50:19.131+0000] {dagbag.py:588} INFO - Filling up the DagBag from /opt/airflow/dags/youtube_medallion_pipeline.py
[2026-07-25T16:50:19.154+0000] {processor.py:925} INFO - DAG(s) 'youtube_medallion_pipeline' retrieved from /opt/airflow/dags/youtube_medallion_pipeline.py
[2026-07-25T16:50:19.211+0000] {logging_mixin.py:190} INFO - [2026-07-25T16:50:19.211+0000] {dag.py:3239} INFO - Sync 1 DAGs
[2026-07-25T16:50:19.235+0000] {logging_mixin.py:190} INFO - [2026-07-25T16:50:19.235+0000] {dag.py:4180} INFO - Setting next_dagrun for youtube_medallion_pipeline to None, run_after=None
[2026-07-25T16:50:19.265+0000] {processor.py:208} INFO - Processing /opt/airflow/dags/youtube_medallion_pipeline.py took 0.148 seconds
[2026-07-25T16:50:49.657+0000] {processor.py:186} INFO - Started process (PID=1821) to work on /opt/airflow/dags/youtube_medallion_pipeline.py
[2026-07-25T16:50:49.659+0000] {processor.py:914} INFO - Processing file /opt/airflow/dags/youtube_medallion_pipeline.py for tasks to queue
[2026-07-25T16:50:49.661+0000] {logging_mixin.py:190} INFO - [2026-07-25T16:50:49.661+0000] {dagbag.py:588} INFO - Filling up the DagBag from /opt/airflow/dags/youtube_medallion_pipeline.py
[2026-07-25T16:50:49.680+0000] {processor.py:925} INFO - DAG(s) 'youtube_medallion_pipeline' retrieved from /opt/airflow/dags/youtube_medallion_pipeline.py
[2026-07-25T16:50:49.725+0000] {logging_mixin.py:190} INFO - [2026-07-25T16:50:49.725+0000] {dag.py:3239} INFO - Sync 1 DAGs
[2026-07-25T16:50:49.746+0000] {logging_mixin.py:190} INFO - [2026-07-25T16:50:49.746+0000] {dag.py:4180} INFO - Setting next_dagrun for youtube_medallion_pipeline to None, run_after=None
[2026-07-25T16:50:49.778+0000] {processor.py:208} INFO - Processing /opt/airflow/dags/youtube_medallion_pipeline.py took 0.130 seconds
[2026-07-25T16:51:19.953+0000] {processor.py:186} INFO - Started process (PID=1826) to work on /opt/airflow/dags/youtube_medallion_pipeline.py
[2026-07-25T16:51:19.958+0000] {processor.py:914} INFO - Processing file /opt/airflow/dags/youtube_medallion_pipeline.py for tasks to queue
[2026-07-25T16:51:19.961+0000] {logging_mixin.py:190} INFO - [2026-07-25T16:51:19.961+0000] {dagbag.py:588} INFO - Filling up the DagBag from /opt/airflow/dags/youtube_medallion_pipeline.py
[2026-07-25T16:51:19.983+0000] {processor.py:925} INFO - DAG(s) 'youtube_medallion_pipeline' retrieved from /opt/airflow/dags/youtube_medallion_pipeline.py
[2026-07-25T16:51:20.145+0000] {logging_mixin.py:190} INFO - [2026-07-25T16:51:20.144+0000] {dag.py:3239} INFO - Sync 1 DAGs
[2026-07-25T16:51:20.214+0000] {logging_mixin.py:190} INFO - [2026-07-25T16:51:20.213+0000] {dag.py:4180} INFO - Setting next_dagrun for youtube_medallion_pipeline to None, run_after=None
[2026-07-25T16:51:20.267+0000] {processor.py:208} INFO - Processing /opt/airflow/dags/youtube_medallion_pipeline.py took 0.325 seconds
[2026-07-25T16:51:50.365+0000] {processor.py:186} INFO - Started process (PID=1831) to work on /opt/airflow/dags/youtube_medallion_pipeline.py
[2026-07-25T16:51:50.366+0000] {processor.py:914} INFO - Processing file /opt/airflow/dags/youtube_medallion_pipeline.py for tasks to queue
[2026-07-25T16:51:50.369+0000] {logging_mixin.py:190} INFO - [2026-07-25T16:51:50.368+0000] {dagbag.py:588} INFO - Filling up the DagBag from /opt/airflow/dags/youtube_medallion_pipeline.py
[2026-07-25T16:51:50.385+0000] {processor.py:925} INFO - DAG(s) 'youtube_medallion_pipeline' retrieved from /opt/airflow/dags/youtube_medallion_pipeline.py
[2026-07-25T16:51:50.435+0000] {logging_mixin.py:190} INFO - [2026-07-25T16:51:50.435+0000] {dag.py:3239} INFO - Sync 1 DAGs
[2026-07-25T16:51:50.502+0000] {logging_mixin.py:190} INFO - [2026-07-25T16:51:50.502+0000] {dag.py:4180} INFO - Setting next_dagrun for youtube_medallion_pipeline to None, run_after=None
[2026-07-25T16:51:50.561+0000] {processor.py:208} INFO - Processing /opt/airflow/dags/youtube_medallion_pipeline.py took 0.205 seconds
[2026-07-25T16:52:20.929+0000] {processor.py:186} INFO - Started process (PID=1836) to work on /opt/airflow/dags/youtube_medallion_pipeline.py
[2026-07-25T16:52:20.932+0000] {processor.py:914} INFO - Processing file /opt/airflow/dags/youtube_medallion_pipeline.py for tasks to queue
[2026-07-25T16:52:20.938+0000] {logging_mixin.py:190} INFO - [2026-07-25T16:52:20.936+0000] {dagbag.py:588} INFO - Filling up the DagBag from /opt/airflow/dags/youtube_medallion_pipeline.py
[2026-07-25T16:52:20.975+0000] {processor.py:925} INFO - DAG(s) 'youtube_medallion_pipeline' retrieved from /opt/airflow/dags/youtube_medallion_pipeline.py
[2026-07-25T16:52:21.087+0000] {logging_mixin.py:190} INFO - [2026-07-25T16:52:21.085+0000] {dag.py:3239} INFO - Sync 1 DAGs
[2026-07-25T16:52:21.158+0000] {logging_mixin.py:190} INFO - [2026-07-25T16:52:21.157+0000] {dag.py:4180} INFO - Setting next_dagrun for youtube_medallion_pipeline to None, run_after=None
[2026-07-25T16:52:21.228+0000] {processor.py:208} INFO - Processing /opt/airflow/dags/youtube_medallion_pipeline.py took 0.315 seconds
[2026-07-25T16:52:51.512+0000] {processor.py:186} INFO - Started process (PID=1841) to work on /opt/airflow/dags/youtube_medallion_pipeline.py
[2026-07-25T16:52:51.525+0000] {processor.py:914} INFO - Processing file /opt/airflow/dags/youtube_medallion_pipeline.py for tasks to queue
[2026-07-25T16:52:51.534+0000] {logging_mixin.py:190} INFO - [2026-07-25T16:52:51.531+0000] {dagbag.py:588} INFO - Filling up the DagBag from /opt/airflow/dags/youtube_medallion_pipeline.py
[2026-07-25T16:52:51.627+0000] {processor.py:925} INFO - DAG(s) 'youtube_medallion_pipeline' retrieved from /opt/airflow/dags/youtube_medallion_pipeline.py
[2026-07-25T16:52:51.815+0000] {logging_mixin.py:190} INFO - [2026-07-25T16:52:51.814+0000] {dag.py:3239} INFO - Sync 1 DAGs
[2026-07-25T16:52:51.892+0000] {logging_mixin.py:190} INFO - [2026-07-25T16:52:51.891+0000] {dag.py:4180} INFO - Setting next_dagrun for youtube_medallion_pipeline to None, run_after=None
[2026-07-25T16:52:51.975+0000] {processor.py:208} INFO - Processing /opt/airflow/dags/youtube_medallion_pipeline.py took 0.580 seconds
[2026-07-25T16:53:22.323+0000] {processor.py:186} INFO - Started process (PID=1846) to work on /opt/airflow/dags/youtube_medallion_pipeline.py
[2026-07-25T16:53:22.325+0000] {processor.py:914} INFO - Processing file /opt/airflow/dags/youtube_medallion_pipeline.py for tasks to queue
[2026-07-25T16:53:22.329+0000] {logging_mixin.py:190} INFO - [2026-07-25T16:53:22.328+0000] {dagbag.py:588} INFO - Filling up the DagBag from /opt/airflow/dags/youtube_medallion_pipeline.py
[2026-07-25T16:53:22.349+0000] {processor.py:925} INFO - DAG(s) 'youtube_medallion_pipeline' retrieved from /opt/airflow/dags/youtube_medallion_pipeline.py
[2026-07-25T16:53:22.397+0000] {logging_mixin.py:190} INFO - [2026-07-25T16:53:22.396+0000] {dag.py:3239} INFO - Sync 1 DAGs
[2026-07-25T16:53:22.418+0000] {logging_mixin.py:190} INFO - [2026-07-25T16:53:22.417+0000] {dag.py:4180} INFO - Setting next_dagrun for youtube_medallion_pipeline to None, run_after=None
[2026-07-25T16:53:22.448+0000] {processor.py:208} INFO - Processing /opt/airflow/dags/youtube_medallion_pipeline.py took 0.143 seconds
[2026-07-25T16:53:52.610+0000] {processor.py:186} INFO - Started process (PID=1851) to work on /opt/airflow/dags/youtube_medallion_pipeline.py
[2026-07-25T16:53:52.612+0000] {processor.py:914} INFO - Processing file /opt/airflow/dags/youtube_medallion_pipeline.py for tasks to queue
[2026-07-25T16:53:52.614+0000] {logging_mixin.py:190} INFO - [2026-07-25T16:53:52.614+0000] {dagbag.py:588} INFO - Filling up the DagBag from /opt/airflow/dags/youtube_medallion_pipeline.py
[2026-07-25T16:53:52.636+0000] {processor.py:925} INFO - DAG(s) 'youtube_medallion_pipeline' retrieved from /opt/airflow/dags/youtube_medallion_pipeline.py
[2026-07-25T16:53:52.715+0000] {logging_mixin.py:190} INFO - [2026-07-25T16:53:52.714+0000] {dag.py:3239} INFO - Sync 1 DAGs
[2026-07-25T16:53:52.813+0000] {logging_mixin.py:190} INFO - [2026-07-25T16:53:52.812+0000] {dag.py:4180} INFO - Setting next_dagrun for youtube_medallion_pipeline to None, run_after=None
[2026-07-25T16:53:52.882+0000] {processor.py:208} INFO - Processing /opt/airflow/dags/youtube_medallion_pipeline.py took 0.283 seconds
[2026-07-25T16:54:23.158+0000] {processor.py:186} INFO - Started process (PID=1856) to work on /opt/airflow/dags/youtube_medallion_pipeline.py
[2026-07-25T16:54:23.162+0000] {processor.py:914} INFO - Processing file /opt/airflow/dags/youtube_medallion_pipeline.py for tasks to queue
[2026-07-25T16:54:23.165+0000] {logging_mixin.py:190} INFO - [2026-07-25T16:54:23.164+0000] {dagbag.py:588} INFO - Filling up the DagBag from /opt/airflow/dags/youtube_medallion_pipeline.py
[2026-07-25T16:54:23.199+0000] {processor.py:925} INFO - DAG(s) 'youtube_medallion_pipeline' retrieved from /opt/airflow/dags/youtube_medallion_pipeline.py
[2026-07-25T16:54:23.274+0000] {logging_mixin.py:190} INFO - [2026-07-25T16:54:23.273+0000] {dag.py:3239} INFO - Sync 1 DAGs
[2026-07-25T16:54:23.323+0000] {logging_mixin.py:190} INFO - [2026-07-25T16:54:23.323+0000] {dag.py:4180} INFO - Setting next_dagrun for youtube_medallion_pipeline to None, run_after=None
[2026-07-25T16:54:23.380+0000] {processor.py:208} INFO - Processing /opt/airflow/dags/youtube_medallion_pipeline.py took 0.235 seconds
[2026-07-25T16:54:53.837+0000] {processor.py:186} INFO - Started process (PID=1861) to work on /opt/airflow/dags/youtube_medallion_pipeline.py
[2026-07-25T16:54:53.840+0000] {processor.py:914} INFO - Processing file /opt/airflow/dags/youtube_medallion_pipeline.py for tasks to queue
[2026-07-25T16:54:53.843+0000] {logging_mixin.py:190} INFO - [2026-07-25T16:54:53.842+0000] {dagbag.py:588} INFO - Filling up the DagBag from /opt/airflow/dags/youtube_medallion_pipeline.py
[2026-07-25T16:54:53.865+0000] {processor.py:925} INFO - DAG(s) 'youtube_medallion_pipeline' retrieved from /opt/airflow/dags/youtube_medallion_pipeline.py
[2026-07-25T16:54:54.027+0000] {logging_mixin.py:190} INFO - [2026-07-25T16:54:54.026+0000] {dag.py:3239} INFO - Sync 1 DAGs
[2026-07-25T16:54:54.107+0000] {logging_mixin.py:190} INFO - [2026-07-25T16:54:54.107+0000] {dag.py:4180} INFO - Setting next_dagrun for youtube_medallion_pipeline to None, run_after=None
[2026-07-25T16:54:54.154+0000] {processor.py:208} INFO - Processing /opt/airflow/dags/youtube_medallion_pipeline.py took 0.325 seconds
[2026-07-25T16:55:24.496+0000] {processor.py:186} INFO - Started process (PID=1866) to work on /opt/airflow/dags/youtube_medallion_pipeline.py
[2026-07-25T16:55:24.498+0000] {processor.py:914} INFO - Processing file /opt/airflow/dags/youtube_medallion_pipeline.py for tasks to queue
[2026-07-25T16:55:24.501+0000] {logging_mixin.py:190} INFO - [2026-07-25T16:55:24.501+0000] {dagbag.py:588} INFO - Filling up the DagBag from /opt/airflow/dags/youtube_medallion_pipeline.py
[2026-07-25T16:55:24.539+0000] {processor.py:925} INFO - DAG(s) 'youtube_medallion_pipeline' retrieved from /opt/airflow/dags/youtube_medallion_pipeline.py
[2026-07-25T16:55:24.602+0000] {logging_mixin.py:190} INFO - [2026-07-25T16:55:24.602+0000] {dag.py:3239} INFO - Sync 1 DAGs
[2026-07-25T16:55:24.696+0000] {logging_mixin.py:190} INFO - [2026-07-25T16:55:24.695+0000] {dag.py:4180} INFO - Setting next_dagrun for youtube_medallion_pipeline to None, run_after=None
[2026-07-25T16:55:24.751+0000] {processor.py:208} INFO - Processing /opt/airflow/dags/youtube_medallion_pipeline.py took 0.266 seconds
[2026-07-25T16:55:55.167+0000] {processor.py:186} INFO - Started process (PID=1871) to work on /opt/airflow/dags/youtube_medallion_pipeline.py
[2026-07-25T16:55:55.170+0000] {processor.py:914} INFO - Processing file /opt/airflow/dags/youtube_medallion_pipeline.py for tasks to queue
[2026-07-25T16:55:55.185+0000] {logging_mixin.py:190} INFO - [2026-07-25T16:55:55.181+0000] {dagbag.py:588} INFO - Filling up the DagBag from /opt/airflow/dags/youtube_medallion_pipeline.py
[2026-07-25T16:55:55.229+0000] {processor.py:925} INFO - DAG(s) 'youtube_medallion_pipeline' retrieved from /opt/airflow/dags/youtube_medallion_pipeline.py
[2026-07-25T16:55:55.301+0000] {logging_mixin.py:190} INFO - [2026-07-25T16:55:55.301+0000] {dag.py:3239} INFO - Sync 1 DAGs
[2026-07-25T16:55:55.332+0000] {logging_mixin.py:190} INFO - [2026-07-25T16:55:55.332+0000] {dag.py:4180} INFO - Setting next_dagrun for youtube_medallion_pipeline to None, run_after=None
[2026-07-25T16:55:55.363+0000] {processor.py:208} INFO - Processing /opt/airflow/dags/youtube_medallion_pipeline.py took 0.206 seconds
[2026-07-25T16:56:25.456+0000] {processor.py:186} INFO - Started process (PID=1876) to work on /opt/airflow/dags/youtube_medallion_pipeline.py
[2026-07-25T16:56:25.462+0000] {processor.py:914} INFO - Processing file /opt/airflow/dags/youtube_medallion_pipeline.py for tasks to queue
[2026-07-25T16:56:25.471+0000] {logging_mixin.py:190} INFO - [2026-07-25T16:56:25.467+0000] {dagbag.py:588} INFO - Filling up the DagBag from /opt/airflow/dags/youtube_medallion_pipeline.py
[2026-07-25T16:56:25.510+0000] {processor.py:925} INFO - DAG(s) 'youtube_medallion_pipeline' retrieved from /opt/airflow/dags/youtube_medallion_pipeline.py
[2026-07-25T16:56:25.636+0000] {logging_mixin.py:190} INFO - [2026-07-25T16:56:25.635+0000] {dag.py:3239} INFO - Sync 1 DAGs
[2026-07-25T16:56:25.708+0000] {logging_mixin.py:190} INFO - [2026-07-25T16:56:25.707+0000] {dag.py:4180} INFO - Setting next_dagrun for youtube_medallion_pipeline to None, run_after=None
[2026-07-25T16:56:25.782+0000] {processor.py:208} INFO - Processing /opt/airflow/dags/youtube_medallion_pipeline.py took 0.336 seconds
[2026-07-25T16:56:55.931+0000] {processor.py:186} INFO - Started process (PID=1881) to work on /opt/airflow/dags/youtube_medallion_pipeline.py
[2026-07-25T16:56:55.933+0000] {processor.py:914} INFO - Processing file /opt/airflow/dags/youtube_medallion_pipeline.py for tasks to queue
[2026-07-25T16:56:55.937+0000] {logging_mixin.py:190} INFO - [2026-07-25T16:56:55.937+0000] {dagbag.py:588} INFO - Filling up the DagBag from /opt/airflow/dags/youtube_medallion_pipeline.py
[2026-07-25T16:56:55.973+0000] {processor.py:925} INFO - DAG(s) 'youtube_medallion_pipeline' retrieved from /opt/airflow/dags/youtube_medallion_pipeline.py
[2026-07-25T16:56:56.062+0000] {logging_mixin.py:190} INFO - [2026-07-25T16:56:56.061+0000] {dag.py:3239} INFO - Sync 1 DAGs
[2026-07-25T16:56:56.095+0000] {logging_mixin.py:190} INFO - [2026-07-25T16:56:56.095+0000] {dag.py:4180} INFO - Setting next_dagrun for youtube_medallion_pipeline to None, run_after=None
[2026-07-25T16:56:56.128+0000] {processor.py:208} INFO - Processing /opt/airflow/dags/youtube_medallion_pipeline.py took 0.209 seconds
[2026-07-25T16:57:27.035+0000] {processor.py:186} INFO - Started process (PID=1886) to work on /opt/airflow/dags/youtube_medallion_pipeline.py
[2026-07-25T16:57:27.237+0000] {processor.py:914} INFO - Processing file /opt/airflow/dags/youtube_medallion_pipeline.py for tasks to queue
[2026-07-25T16:57:27.240+0000] {logging_mixin.py:190} INFO - [2026-07-25T16:57:27.240+0000] {dagbag.py:588} INFO - Filling up the DagBag from /opt/airflow/dags/youtube_medallion_pipeline.py
[2026-07-25T16:57:27.405+0000] {processor.py:925} INFO - DAG(s) 'youtube_medallion_pipeline' retrieved from /opt/airflow/dags/youtube_medallion_pipeline.py
[2026-07-25T16:57:27.984+0000] {logging_mixin.py:190} INFO - [2026-07-25T16:57:27.983+0000] {dag.py:3239} INFO - Sync 1 DAGs
[2026-07-25T16:57:28.091+0000] {logging_mixin.py:190} INFO - [2026-07-25T16:57:28.091+0000] {dag.py:4180} INFO - Setting next_dagrun for youtube_medallion_pipeline to None, run_after=None
[2026-07-25T16:57:28.265+0000] {processor.py:208} INFO - Processing /opt/airflow/dags/youtube_medallion_pipeline.py took 1.240 seconds
[2026-07-25T16:57:59.910+0000] {processor.py:186} INFO - Started process (PID=1891) to work on /opt/airflow/dags/youtube_medallion_pipeline.py
[2026-07-25T16:57:59.912+0000] {processor.py:914} INFO - Processing file /opt/airflow/dags/youtube_medallion_pipeline.py for tasks to queue
[2026-07-25T16:57:59.918+0000] {logging_mixin.py:190} INFO - [2026-07-25T16:57:59.917+0000] {dagbag.py:588} INFO - Filling up the DagBag from /opt/airflow/dags/youtube_medallion_pipeline.py
[2026-07-25T16:57:59.951+0000] {processor.py:925} INFO - DAG(s) 'youtube_medallion_pipeline' retrieved from /opt/airflow/dags/youtube_medallion_pipeline.py
[2026-07-25T16:58:00.064+0000] {logging_mixin.py:190} INFO - [2026-07-25T16:58:00.064+0000] {dag.py:3239} INFO - Sync 1 DAGs
[2026-07-25T16:58:00.139+0000] {logging_mixin.py:190} INFO - [2026-07-25T16:58:00.138+0000] {dag.py:4180} INFO - Setting next_dagrun for youtube_medallion_pipeline to None, run_after=None
[2026-07-25T16:58:00.202+0000] {processor.py:208} INFO - Processing /opt/airflow/dags/youtube_medallion_pipeline.py took 0.303 seconds
[2026-07-25T16:58:30.327+0000] {processor.py:186} INFO - Started process (PID=1896) to work on /opt/airflow/dags/youtube_medallion_pipeline.py
[2026-07-25T16:58:30.330+0000] {processor.py:914} INFO - Processing file /opt/airflow/dags/youtube_medallion_pipeline.py for tasks to queue
[2026-07-25T16:58:30.334+0000] {logging_mixin.py:190} INFO - [2026-07-25T16:58:30.333+0000] {dagbag.py:588} INFO - Filling up the DagBag from /opt/airflow/dags/youtube_medallion_pipeline.py
[2026-07-25T16:58:30.360+0000] {processor.py:925} INFO - DAG(s) 'youtube_medallion_pipeline' retrieved from /opt/airflow/dags/youtube_medallion_pipeline.py
[2026-07-25T16:58:30.472+0000] {logging_mixin.py:190} INFO - [2026-07-25T16:58:30.471+0000] {dag.py:3239} INFO - Sync 1 DAGs
[2026-07-25T16:58:30.509+0000] {logging_mixin.py:190} INFO - [2026-07-25T16:58:30.508+0000] {dag.py:4180} INFO - Setting next_dagrun for youtube_medallion_pipeline to None, run_after=None
[2026-07-25T16:58:30.551+0000] {processor.py:208} INFO - Processing /opt/airflow/dags/youtube_medallion_pipeline.py took 0.234 seconds
[2026-07-25T16:59:00.826+0000] {processor.py:186} INFO - Started process (PID=1901) to work on /opt/airflow/dags/youtube_medallion_pipeline.py
[2026-07-25T16:59:00.828+0000] {processor.py:914} INFO - Processing file /opt/airflow/dags/youtube_medallion_pipeline.py for tasks to queue
[2026-07-25T16:59:00.831+0000] {logging_mixin.py:190} INFO - [2026-07-25T16:59:00.830+0000] {dagbag.py:588} INFO - Filling up the DagBag from /opt/airflow/dags/youtube_medallion_pipeline.py
[2026-07-25T16:59:00.865+0000] {processor.py:925} INFO - DAG(s) 'youtube_medallion_pipeline' retrieved from /opt/airflow/dags/youtube_medallion_pipeline.py
[2026-07-25T16:59:00.973+0000] {logging_mixin.py:190} INFO - [2026-07-25T16:59:00.973+0000] {dag.py:3239} INFO - Sync 1 DAGs
[2026-07-25T16:59:01.034+0000] {logging_mixin.py:190} INFO - [2026-07-25T16:59:01.033+0000] {dag.py:4180} INFO - Setting next_dagrun for youtube_medallion_pipeline to None, run_after=None
[2026-07-25T16:59:01.114+0000] {processor.py:208} INFO - Processing /opt/airflow/dags/youtube_medallion_pipeline.py took 0.299 seconds
[2026-07-25T16:59:31.430+0000] {processor.py:186} INFO - Started process (PID=1906) to work on /opt/airflow/dags/youtube_medallion_pipeline.py
[2026-07-25T16:59:31.433+0000] {processor.py:914} INFO - Processing file /opt/airflow/dags/youtube_medallion_pipeline.py for tasks to queue
[2026-07-25T16:59:31.436+0000] {logging_mixin.py:190} INFO - [2026-07-25T16:59:31.435+0000] {dagbag.py:588} INFO - Filling up the DagBag from /opt/airflow/dags/youtube_medallion_pipeline.py
[2026-07-25T16:59:31.457+0000] {processor.py:925} INFO - DAG(s) 'youtube_medallion_pipeline' retrieved from /opt/airflow/dags/youtube_medallion_pipeline.py
[2026-07-25T16:59:31.508+0000] {logging_mixin.py:190} INFO - [2026-07-25T16:59:31.507+0000] {dag.py:3239} INFO - Sync 1 DAGs
[2026-07-25T16:59:31.530+0000] {logging_mixin.py:190} INFO - [2026-07-25T16:59:31.530+0000] {dag.py:4180} INFO - Setting next_dagrun for youtube_medallion_pipeline to None, run_after=None
[2026-07-25T16:59:31.568+0000] {processor.py:208} INFO - Processing /opt/airflow/dags/youtube_medallion_pipeline.py took 0.146 seconds
[2026-07-25T17:00:01.676+0000] {processor.py:186} INFO - Started process (PID=1911) to work on /opt/airflow/dags/youtube_medallion_pipeline.py
[2026-07-25T17:00:01.678+0000] {processor.py:914} INFO - Processing file /opt/airflow/dags/youtube_medallion_pipeline.py for tasks to queue
[2026-07-25T17:00:01.680+0000] {logging_mixin.py:190} INFO - [2026-07-25T17:00:01.680+0000] {dagbag.py:588} INFO - Filling up the DagBag from /opt/airflow/dags/youtube_medallion_pipeline.py
[2026-07-25T17:00:01.701+0000] {processor.py:925} INFO - DAG(s) 'youtube_medallion_pipeline' retrieved from /opt/airflow/dags/youtube_medallion_pipeline.py
[2026-07-25T17:00:01.765+0000] {logging_mixin.py:190} INFO - [2026-07-25T17:00:01.764+0000] {dag.py:3239} INFO - Sync 1 DAGs
[2026-07-25T17:00:01.821+0000] {logging_mixin.py:190} INFO - [2026-07-25T17:00:01.820+0000] {dag.py:4180} INFO - Setting next_dagrun for youtube_medallion_pipeline to None, run_after=None
[2026-07-25T17:00:01.868+0000] {processor.py:208} INFO - Processing /opt/airflow/dags/youtube_medallion_pipeline.py took 0.201 seconds
[2026-07-25T17:00:32.214+0000] {processor.py:186} INFO - Started process (PID=1916) to work on /opt/airflow/dags/youtube_medallion_pipeline.py
[2026-07-25T17:00:32.216+0000] {processor.py:914} INFO - Processing file /opt/airflow/dags/youtube_medallion_pipeline.py for tasks to queue
[2026-07-25T17:00:32.220+0000] {logging_mixin.py:190} INFO - [2026-07-25T17:00:32.219+0000] {dagbag.py:588} INFO - Filling up the DagBag from /opt/airflow/dags/youtube_medallion_pipeline.py
[2026-07-25T17:00:32.242+0000] {processor.py:925} INFO - DAG(s) 'youtube_medallion_pipeline' retrieved from /opt/airflow/dags/youtube_medallion_pipeline.py
[2026-07-25T17:00:32.328+0000] {logging_mixin.py:190} INFO - [2026-07-25T17:00:32.327+0000] {dag.py:3239} INFO - Sync 1 DAGs
[2026-07-25T17:00:32.365+0000] {logging_mixin.py:190} INFO - [2026-07-25T17:00:32.365+0000] {dag.py:4180} INFO - Setting next_dagrun for youtube_medallion_pipeline to None, run_after=None
[2026-07-25T17:00:32.409+0000] {processor.py:208} INFO - Processing /opt/airflow/dags/youtube_medallion_pipeline.py took 0.203 seconds
[2026-07-25T17:01:02.921+0000] {processor.py:186} INFO - Started process (PID=1921) to work on /opt/airflow/dags/youtube_medallion_pipeline.py
[2026-07-25T17:01:02.924+0000] {processor.py:914} INFO - Processing file /opt/airflow/dags/youtube_medallion_pipeline.py for tasks to queue
[2026-07-25T17:01:02.933+0000] {logging_mixin.py:190} INFO - [2026-07-25T17:01:02.930+0000] {dagbag.py:588} INFO - Filling up the DagBag from /opt/airflow/dags/youtube_medallion_pipeline.py
[2026-07-25T17:01:02.994+0000] {processor.py:925} INFO - DAG(s) 'youtube_medallion_pipeline' retrieved from /opt/airflow/dags/youtube_medallion_pipeline.py
[2026-07-25T17:01:03.172+0000] {logging_mixin.py:190} INFO - [2026-07-25T17:01:03.171+0000] {dag.py:3239} INFO - Sync 1 DAGs
[2026-07-25T17:01:03.253+0000] {logging_mixin.py:190} INFO - [2026-07-25T17:01:03.252+0000] {dag.py:4180} INFO - Setting next_dagrun for youtube_medallion_pipeline to None, run_after=None
[2026-07-25T17:01:03.286+0000] {processor.py:208} INFO - Processing /opt/airflow/dags/youtube_medallion_pipeline.py took 0.405 seconds
[2026-07-25T17:01:33.605+0000] {processor.py:186} INFO - Started process (PID=1926) to work on /opt/airflow/dags/youtube_medallion_pipeline.py
[2026-07-25T17:01:33.607+0000] {processor.py:914} INFO - Processing file /opt/airflow/dags/youtube_medallion_pipeline.py for tasks to queue
[2026-07-25T17:01:33.610+0000] {logging_mixin.py:190} INFO - [2026-07-25T17:01:33.609+0000] {dagbag.py:588} INFO - Filling up the DagBag from /opt/airflow/dags/youtube_medallion_pipeline.py
[2026-07-25T17:01:33.631+0000] {processor.py:925} INFO - DAG(s) 'youtube_medallion_pipeline' retrieved from /opt/airflow/dags/youtube_medallion_pipeline.py
[2026-07-25T17:01:33.683+0000] {logging_mixin.py:190} INFO - [2026-07-25T17:01:33.682+0000] {dag.py:3239} INFO - Sync 1 DAGs
[2026-07-25T17:01:33.707+0000] {logging_mixin.py:190} INFO - [2026-07-25T17:01:33.706+0000] {dag.py:4180} INFO - Setting next_dagrun for youtube_medallion_pipeline to None, run_after=None
[2026-07-25T17:01:33.743+0000] {processor.py:208} INFO - Processing /opt/airflow/dags/youtube_medallion_pipeline.py took 0.149 seconds
[2026-07-25T17:02:03.865+0000] {processor.py:186} INFO - Started process (PID=1931) to work on /opt/airflow/dags/youtube_medallion_pipeline.py
[2026-07-25T17:02:03.868+0000] {processor.py:914} INFO - Processing file /opt/airflow/dags/youtube_medallion_pipeline.py for tasks to queue
[2026-07-25T17:02:03.871+0000] {logging_mixin.py:190} INFO - [2026-07-25T17:02:03.870+0000] {dagbag.py:588} INFO - Filling up the DagBag from /opt/airflow/dags/youtube_medallion_pipeline.py
[2026-07-25T17:02:03.894+0000] {processor.py:925} INFO - DAG(s) 'youtube_medallion_pipeline' retrieved from /opt/airflow/dags/youtube_medallion_pipeline.py
[2026-07-25T17:02:03.954+0000] {logging_mixin.py:190} INFO - [2026-07-25T17:02:03.954+0000] {dag.py:3239} INFO - Sync 1 DAGs
[2026-07-25T17:02:03.977+0000] {logging_mixin.py:190} INFO - [2026-07-25T17:02:03.977+0000] {dag.py:4180} INFO - Setting next_dagrun for youtube_medallion_pipeline to None, run_after=None
[2026-07-25T17:02:04.008+0000] {processor.py:208} INFO - Processing /opt/airflow/dags/youtube_medallion_pipeline.py took 0.152 seconds
[2026-07-25T17:02:34.326+0000] {processor.py:186} INFO - Started process (PID=1936) to work on /opt/airflow/dags/youtube_medallion_pipeline.py
[2026-07-25T17:02:34.329+0000] {processor.py:914} INFO - Processing file /opt/airflow/dags/youtube_medallion_pipeline.py for tasks to queue
[2026-07-25T17:02:34.332+0000] {logging_mixin.py:190} INFO - [2026-07-25T17:02:34.332+0000] {dagbag.py:588} INFO - Filling up the DagBag from /opt/airflow/dags/youtube_medallion_pipeline.py
[2026-07-25T17:02:34.356+0000] {processor.py:925} INFO - DAG(s) 'youtube_medallion_pipeline' retrieved from /opt/airflow/dags/youtube_medallion_pipeline.py
[2026-07-25T17:02:34.423+0000] {logging_mixin.py:190} INFO - [2026-07-25T17:02:34.423+0000] {dag.py:3239} INFO - Sync 1 DAGs
[2026-07-25T17:02:34.458+0000] {logging_mixin.py:190} INFO - [2026-07-25T17:02:34.457+0000] {dag.py:4180} INFO - Setting next_dagrun for youtube_medallion_pipeline to None, run_after=None
[2026-07-25T17:02:34.522+0000] {processor.py:208} INFO - Processing /opt/airflow/dags/youtube_medallion_pipeline.py took 0.206 seconds
[2026-07-25T17:03:04.720+0000] {processor.py:186} INFO - Started process (PID=1941) to work on /opt/airflow/dags/youtube_medallion_pipeline.py
[2026-07-25T17:03:04.725+0000] {processor.py:914} INFO - Processing file /opt/airflow/dags/youtube_medallion_pipeline.py for tasks to queue
[2026-07-25T17:03:04.730+0000] {logging_mixin.py:190} INFO - [2026-07-25T17:03:04.729+0000] {dagbag.py:588} INFO - Filling up the DagBag from /opt/airflow/dags/youtube_medallion_pipeline.py
[2026-07-25T17:03:04.771+0000] {processor.py:925} INFO - DAG(s) 'youtube_medallion_pipeline' retrieved from /opt/airflow/dags/youtube_medallion_pipeline.py
[2026-07-25T17:03:04.866+0000] {logging_mixin.py:190} INFO - [2026-07-25T17:03:04.866+0000] {dag.py:3239} INFO - Sync 1 DAGs
[2026-07-25T17:03:04.918+0000] {logging_mixin.py:190} INFO - [2026-07-25T17:03:04.918+0000] {dag.py:4180} INFO - Setting next_dagrun for youtube_medallion_pipeline to None, run_after=None
[2026-07-25T17:03:04.968+0000] {processor.py:208} INFO - Processing /opt/airflow/dags/youtube_medallion_pipeline.py took 0.282 seconds
[2026-07-25T17:03:35.211+0000] {processor.py:186} INFO - Started process (PID=1946) to work on /opt/airflow/dags/youtube_medallion_pipeline.py
[2026-07-25T17:03:35.214+0000] {processor.py:914} INFO - Processing file /opt/airflow/dags/youtube_medallion_pipeline.py for tasks to queue
[2026-07-25T17:03:35.217+0000] {logging_mixin.py:190} INFO - [2026-07-25T17:03:35.216+0000] {dagbag.py:588} INFO - Filling up the DagBag from /opt/airflow/dags/youtube_medallion_pipeline.py
[2026-07-25T17:03:35.240+0000] {processor.py:925} INFO - DAG(s) 'youtube_medallion_pipeline' retrieved from /opt/airflow/dags/youtube_medallion_pipeline.py
[2026-07-25T17:03:35.296+0000] {logging_mixin.py:190} INFO - [2026-07-25T17:03:35.295+0000] {dag.py:3239} INFO - Sync 1 DAGs
[2026-07-25T17:03:35.320+0000] {logging_mixin.py:190} INFO - [2026-07-25T17:03:35.319+0000] {dag.py:4180} INFO - Setting next_dagrun for youtube_medallion_pipeline to None, run_after=None
[2026-07-25T17:03:35.352+0000] {processor.py:208} INFO - Processing /opt/airflow/dags/youtube_medallion_pipeline.py took 0.149 seconds
[2026-07-25T17:04:05.651+0000] {processor.py:186} INFO - Started process (PID=1951) to work on /opt/airflow/dags/youtube_medallion_pipeline.py
[2026-07-25T17:04:05.653+0000] {processor.py:914} INFO - Processing file /opt/airflow/dags/youtube_medallion_pipeline.py for tasks to queue
[2026-07-25T17:04:05.657+0000] {logging_mixin.py:190} INFO - [2026-07-25T17:04:05.656+0000] {dagbag.py:588} INFO - Filling up the DagBag from /opt/airflow/dags/youtube_medallion_pipeline.py
[2026-07-25T17:04:05.682+0000] {processor.py:925} INFO - DAG(s) 'youtube_medallion_pipeline' retrieved from /opt/airflow/dags/youtube_medallion_pipeline.py
[2026-07-25T17:04:05.748+0000] {logging_mixin.py:190} INFO - [2026-07-25T17:04:05.748+0000] {dag.py:3239} INFO - Sync 1 DAGs
[2026-07-25T17:04:05.796+0000] {logging_mixin.py:190} INFO - [2026-07-25T17:04:05.796+0000] {dag.py:4180} INFO - Setting next_dagrun for youtube_medallion_pipeline to None, run_after=None
[2026-07-25T17:04:05.841+0000] {processor.py:208} INFO - Processing /opt/airflow/dags/youtube_medallion_pipeline.py took 0.200 seconds
[2026-07-25T17:04:35.974+0000] {processor.py:186} INFO - Started process (PID=1956) to work on /opt/airflow/dags/youtube_medallion_pipeline.py
[2026-07-25T17:04:35.977+0000] {processor.py:914} INFO - Processing file /opt/airflow/dags/youtube_medallion_pipeline.py for tasks to queue
[2026-07-25T17:04:35.979+0000] {logging_mixin.py:190} INFO - [2026-07-25T17:04:35.979+0000] {dagbag.py:588} INFO - Filling up the DagBag from /opt/airflow/dags/youtube_medallion_pipeline.py
[2026-07-25T17:04:36.000+0000] {processor.py:925} INFO - DAG(s) 'youtube_medallion_pipeline' retrieved from /opt/airflow/dags/youtube_medallion_pipeline.py
[2026-07-25T17:04:36.048+0000] {logging_mixin.py:190} INFO - [2026-07-25T17:04:36.048+0000] {dag.py:3239} INFO - Sync 1 DAGs
[2026-07-25T17:04:36.071+0000] {logging_mixin.py:190} INFO - [2026-07-25T17:04:36.070+0000] {dag.py:4180} INFO - Setting next_dagrun for youtube_medallion_pipeline to None, run_after=None
[2026-07-25T17:04:36.103+0000] {processor.py:208} INFO - Processing /opt/airflow/dags/youtube_medallion_pipeline.py took 0.138 seconds
[2026-07-25T17:05:06.366+0000] {processor.py:186} INFO - Started process (PID=1961) to work on /opt/airflow/dags/youtube_medallion_pipeline.py
[2026-07-25T17:05:06.368+0000] {processor.py:914} INFO - Processing file /opt/airflow/dags/youtube_medallion_pipeline.py for tasks to queue
[2026-07-25T17:05:06.371+0000] {logging_mixin.py:190} INFO - [2026-07-25T17:05:06.370+0000] {dagbag.py:588} INFO - Filling up the DagBag from /opt/airflow/dags/youtube_medallion_pipeline.py
[2026-07-25T17:05:06.390+0000] {processor.py:925} INFO - DAG(s) 'youtube_medallion_pipeline' retrieved from /opt/airflow/dags/youtube_medallion_pipeline.py
[2026-07-25T17:05:06.436+0000] {logging_mixin.py:190} INFO - [2026-07-25T17:05:06.435+0000] {dag.py:3239} INFO - Sync 1 DAGs
[2026-07-25T17:05:06.457+0000] {logging_mixin.py:190} INFO - [2026-07-25T17:05:06.457+0000] {dag.py:4180} INFO - Setting next_dagrun for youtube_medallion_pipeline to None, run_after=None
[2026-07-25T17:05:06.487+0000] {processor.py:208} INFO - Processing /opt/airflow/dags/youtube_medallion_pipeline.py took 0.129 seconds
[2026-07-25T17:05:36.758+0000] {processor.py:186} INFO - Started process (PID=1966) to work on /opt/airflow/dags/youtube_medallion_pipeline.py
[2026-07-25T17:05:36.940+0000] {processor.py:914} INFO - Processing file /opt/airflow/dags/youtube_medallion_pipeline.py for tasks to queue
[2026-07-25T17:05:36.950+0000] {logging_mixin.py:190} INFO - [2026-07-25T17:05:36.948+0000] {dagbag.py:588} INFO - Filling up the DagBag from /opt/airflow/dags/youtube_medallion_pipeline.py
[2026-07-25T17:05:36.997+0000] {processor.py:925} INFO - DAG(s) 'youtube_medallion_pipeline' retrieved from /opt/airflow/dags/youtube_medallion_pipeline.py
[2026-07-25T17:05:37.135+0000] {logging_mixin.py:190} INFO - [2026-07-25T17:05:37.135+0000] {dag.py:3239} INFO - Sync 1 DAGs
[2026-07-25T17:05:37.160+0000] {logging_mixin.py:190} INFO - [2026-07-25T17:05:37.159+0000] {dag.py:4180} INFO - Setting next_dagrun for youtube_medallion_pipeline to None, run_after=None
[2026-07-25T17:05:37.197+0000] {processor.py:208} INFO - Processing /opt/airflow/dags/youtube_medallion_pipeline.py took 0.472 seconds
[2026-07-25T17:06:07.336+0000] {processor.py:186} INFO - Started process (PID=1971) to work on /opt/airflow/dags/youtube_medallion_pipeline.py
[2026-07-25T17:06:07.338+0000] {processor.py:914} INFO - Processing file /opt/airflow/dags/youtube_medallion_pipeline.py for tasks to queue
[2026-07-25T17:06:07.341+0000] {logging_mixin.py:190} INFO - [2026-07-25T17:06:07.340+0000] {dagbag.py:588} INFO - Filling up the DagBag from /opt/airflow/dags/youtube_medallion_pipeline.py
[2026-07-25T17:06:07.361+0000] {processor.py:925} INFO - DAG(s) 'youtube_medallion_pipeline' retrieved from /opt/airflow/dags/youtube_medallion_pipeline.py
[2026-07-25T17:06:07.438+0000] {logging_mixin.py:190} INFO - [2026-07-25T17:06:07.438+0000] {dag.py:3239} INFO - Sync 1 DAGs
[2026-07-25T17:06:07.460+0000] {logging_mixin.py:190} INFO - [2026-07-25T17:06:07.459+0000] {dag.py:4180} INFO - Setting next_dagrun for youtube_medallion_pipeline to None, run_after=None
[2026-07-25T17:06:07.490+0000] {processor.py:208} INFO - Processing /opt/airflow/dags/youtube_medallion_pipeline.py took 0.164 seconds
[2026-07-25T17:06:37.751+0000] {processor.py:186} INFO - Started process (PID=1976) to work on /opt/airflow/dags/youtube_medallion_pipeline.py
[2026-07-25T17:06:37.754+0000] {processor.py:914} INFO - Processing file /opt/airflow/dags/youtube_medallion_pipeline.py for tasks to queue
[2026-07-25T17:06:37.757+0000] {logging_mixin.py:190} INFO - [2026-07-25T17:06:37.756+0000] {dagbag.py:588} INFO - Filling up the DagBag from /opt/airflow/dags/youtube_medallion_pipeline.py
[2026-07-25T17:06:37.776+0000] {processor.py:925} INFO - DAG(s) 'youtube_medallion_pipeline' retrieved from /opt/airflow/dags/youtube_medallion_pipeline.py
[2026-07-25T17:06:37.829+0000] {logging_mixin.py:190} INFO - [2026-07-25T17:06:37.828+0000] {dag.py:3239} INFO - Sync 1 DAGs
[2026-07-25T17:06:37.853+0000] {logging_mixin.py:190} INFO - [2026-07-25T17:06:37.853+0000] {dag.py:4180} INFO - Setting next_dagrun for youtube_medallion_pipeline to None, run_after=None
[2026-07-25T17:06:37.889+0000] {processor.py:208} INFO - Processing /opt/airflow/dags/youtube_medallion_pipeline.py took 0.148 seconds
[2026-07-25T17:07:08.186+0000] {processor.py:186} INFO - Started process (PID=1981) to work on /opt/airflow/dags/youtube_medallion_pipeline.py
[2026-07-25T17:07:08.189+0000] {processor.py:914} INFO - Processing file /opt/airflow/dags/youtube_medallion_pipeline.py for tasks to queue
[2026-07-25T17:07:08.194+0000] {logging_mixin.py:190} INFO - [2026-07-25T17:07:08.194+0000] {dagbag.py:588} INFO - Filling up the DagBag from /opt/airflow/dags/youtube_medallion_pipeline.py
[2026-07-25T17:07:08.230+0000] {processor.py:925} INFO - DAG(s) 'youtube_medallion_pipeline' retrieved from /opt/airflow/dags/youtube_medallion_pipeline.py
[2026-07-25T17:07:08.294+0000] {logging_mixin.py:190} INFO - [2026-07-25T17:07:08.294+0000] {dag.py:3239} INFO - Sync 1 DAGs
[2026-07-25T17:07:08.323+0000] {logging_mixin.py:190} INFO - [2026-07-25T17:07:08.323+0000] {dag.py:4180} INFO - Setting next_dagrun for youtube_medallion_pipeline to None, run_after=None
[2026-07-25T17:07:08.360+0000] {processor.py:208} INFO - Processing /opt/airflow/dags/youtube_medallion_pipeline.py took 0.185 seconds
[2026-07-25T17:07:38.566+0000] {processor.py:186} INFO - Started process (PID=1986) to work on /opt/airflow/dags/youtube_medallion_pipeline.py
[2026-07-25T17:07:38.569+0000] {processor.py:914} INFO - Processing file /opt/airflow/dags/youtube_medallion_pipeline.py for tasks to queue
[2026-07-25T17:07:38.573+0000] {logging_mixin.py:190} INFO - [2026-07-25T17:07:38.573+0000] {dagbag.py:588} INFO - Filling up the DagBag from /opt/airflow/dags/youtube_medallion_pipeline.py
[2026-07-25T17:07:38.594+0000] {processor.py:925} INFO - DAG(s) 'youtube_medallion_pipeline' retrieved from /opt/airflow/dags/youtube_medallion_pipeline.py
[2026-07-25T17:07:38.645+0000] {logging_mixin.py:190} INFO - [2026-07-25T17:07:38.645+0000] {dag.py:3239} INFO - Sync 1 DAGs
[2026-07-25T17:07:38.667+0000] {logging_mixin.py:190} INFO - [2026-07-25T17:07:38.667+0000] {dag.py:4180} INFO - Setting next_dagrun for youtube_medallion_pipeline to None, run_after=None
[2026-07-25T17:07:38.697+0000] {processor.py:208} INFO - Processing /opt/airflow/dags/youtube_medallion_pipeline.py took 0.140 seconds
[2026-07-25T17:08:08.852+0000] {processor.py:186} INFO - Started process (PID=1991) to work on /opt/airflow/dags/youtube_medallion_pipeline.py
[2026-07-25T17:08:08.856+0000] {processor.py:914} INFO - Processing file /opt/airflow/dags/youtube_medallion_pipeline.py for tasks to queue
[2026-07-25T17:08:08.860+0000] {logging_mixin.py:190} INFO - [2026-07-25T17:08:08.859+0000] {dagbag.py:588} INFO - Filling up the DagBag from /opt/airflow/dags/youtube_medallion_pipeline.py
[2026-07-25T17:08:08.891+0000] {processor.py:925} INFO - DAG(s) 'youtube_medallion_pipeline' retrieved from /opt/airflow/dags/youtube_medallion_pipeline.py
[2026-07-25T17:08:09.002+0000] {logging_mixin.py:190} INFO - [2026-07-25T17:08:09.001+0000] {dag.py:3239} INFO - Sync 1 DAGs
[2026-07-25T17:08:09.064+0000] {logging_mixin.py:190} INFO - [2026-07-25T17:08:09.063+0000] {dag.py:4180} INFO - Setting next_dagrun for youtube_medallion_pipeline to None, run_after=None
[2026-07-25T17:08:09.110+0000] {processor.py:208} INFO - Processing /opt/airflow/dags/youtube_medallion_pipeline.py took 0.268 seconds
[2026-07-25T17:08:39.258+0000] {processor.py:186} INFO - Started process (PID=1996) to work on /opt/airflow/dags/youtube_medallion_pipeline.py
[2026-07-25T17:08:39.260+0000] {processor.py:914} INFO - Processing file /opt/airflow/dags/youtube_medallion_pipeline.py for tasks to queue
[2026-07-25T17:08:39.263+0000] {logging_mixin.py:190} INFO - [2026-07-25T17:08:39.262+0000] {dagbag.py:588} INFO - Filling up the DagBag from /opt/airflow/dags/youtube_medallion_pipeline.py
[2026-07-25T17:08:39.280+0000] {processor.py:925} INFO - DAG(s) 'youtube_medallion_pipeline' retrieved from /opt/airflow/dags/youtube_medallion_pipeline.py
[2026-07-25T17:08:39.348+0000] {logging_mixin.py:190} INFO - [2026-07-25T17:08:39.348+0000] {dag.py:3239} INFO - Sync 1 DAGs
[2026-07-25T17:08:39.391+0000] {logging_mixin.py:190} INFO - [2026-07-25T17:08:39.391+0000] {dag.py:4180} INFO - Setting next_dagrun for youtube_medallion_pipeline to None, run_after=None
[2026-07-25T17:08:39.425+0000] {processor.py:208} INFO - Processing /opt/airflow/dags/youtube_medallion_pipeline.py took 0.174 seconds
[2026-07-25T17:09:09.765+0000] {processor.py:186} INFO - Started process (PID=2001) to work on /opt/airflow/dags/youtube_medallion_pipeline.py
[2026-07-25T17:09:09.769+0000] {processor.py:914} INFO - Processing file /opt/airflow/dags/youtube_medallion_pipeline.py for tasks to queue
[2026-07-25T17:09:09.772+0000] {logging_mixin.py:190} INFO - [2026-07-25T17:09:09.772+0000] {dagbag.py:588} INFO - Filling up the DagBag from /opt/airflow/dags/youtube_medallion_pipeline.py
[2026-07-25T17:09:09.804+0000] {processor.py:925} INFO - DAG(s) 'youtube_medallion_pipeline' retrieved from /opt/airflow/dags/youtube_medallion_pipeline.py
[2026-07-25T17:09:09.867+0000] {logging_mixin.py:190} INFO - [2026-07-25T17:09:09.866+0000] {dag.py:3239} INFO - Sync 1 DAGs
[2026-07-25T17:09:09.897+0000] {logging_mixin.py:190} INFO - [2026-07-25T17:09:09.897+0000] {dag.py:4180} INFO - Setting next_dagrun for youtube_medallion_pipeline to None, run_after=None
[2026-07-25T17:09:09.936+0000] {processor.py:208} INFO - Processing /opt/airflow/dags/youtube_medallion_pipeline.py took 0.181 seconds
[2026-07-25T17:09:40.064+0000] {processor.py:186} INFO - Started process (PID=2006) to work on /opt/airflow/dags/youtube_medallion_pipeline.py
[2026-07-25T17:09:40.065+0000] {processor.py:914} INFO - Processing file /opt/airflow/dags/youtube_medallion_pipeline.py for tasks to queue
[2026-07-25T17:09:40.068+0000] {logging_mixin.py:190} INFO - [2026-07-25T17:09:40.067+0000] {dagbag.py:588} INFO - Filling up the DagBag from /opt/airflow/dags/youtube_medallion_pipeline.py
[2026-07-25T17:09:40.089+0000] {processor.py:925} INFO - DAG(s) 'youtube_medallion_pipeline' retrieved from /opt/airflow/dags/youtube_medallion_pipeline.py
[2026-07-25T17:09:40.201+0000] {logging_mixin.py:190} INFO - [2026-07-25T17:09:40.200+0000] {dag.py:3239} INFO - Sync 1 DAGs
[2026-07-25T17:09:40.234+0000] {logging_mixin.py:190} INFO - [2026-07-25T17:09:40.234+0000] {dag.py:4180} INFO - Setting next_dagrun for youtube_medallion_pipeline to None, run_after=None
[2026-07-25T17:09:40.262+0000] {processor.py:208} INFO - Processing /opt/airflow/dags/youtube_medallion_pipeline.py took 0.205 seconds
[2026-07-25T17:10:10.486+0000] {processor.py:186} INFO - Started process (PID=2011) to work on /opt/airflow/dags/youtube_medallion_pipeline.py
[2026-07-25T17:10:10.489+0000] {processor.py:914} INFO - Processing file /opt/airflow/dags/youtube_medallion_pipeline.py for tasks to queue
[2026-07-25T17:10:10.491+0000] {logging_mixin.py:190} INFO - [2026-07-25T17:10:10.491+0000] {dagbag.py:588} INFO - Filling up the DagBag from /opt/airflow/dags/youtube_medallion_pipeline.py
[2026-07-25T17:10:10.512+0000] {processor.py:925} INFO - DAG(s) 'youtube_medallion_pipeline' retrieved from /opt/airflow/dags/youtube_medallion_pipeline.py
[2026-07-25T17:10:10.560+0000] {logging_mixin.py:190} INFO - [2026-07-25T17:10:10.560+0000] {dag.py:3239} INFO - Sync 1 DAGs
[2026-07-25T17:10:10.583+0000] {logging_mixin.py:190} INFO - [2026-07-25T17:10:10.583+0000] {dag.py:4180} INFO - Setting next_dagrun for youtube_medallion_pipeline to None, run_after=None
[2026-07-25T17:10:10.623+0000] {processor.py:208} INFO - Processing /opt/airflow/dags/youtube_medallion_pipeline.py took 0.146 seconds
[2026-07-25T17:10:40.846+0000] {processor.py:186} INFO - Started process (PID=2016) to work on /opt/airflow/dags/youtube_medallion_pipeline.py
[2026-07-25T17:10:40.849+0000] {processor.py:914} INFO - Processing file /opt/airflow/dags/youtube_medallion_pipeline.py for tasks to queue
[2026-07-25T17:10:40.852+0000] {logging_mixin.py:190} INFO - [2026-07-25T17:10:40.851+0000] {dagbag.py:588} INFO - Filling up the DagBag from /opt/airflow/dags/youtube_medallion_pipeline.py
[2026-07-25T17:10:40.869+0000] {processor.py:925} INFO - DAG(s) 'youtube_medallion_pipeline' retrieved from /opt/airflow/dags/youtube_medallion_pipeline.py
[2026-07-25T17:10:40.915+0000] {logging_mixin.py:190} INFO - [2026-07-25T17:10:40.915+0000] {dag.py:3239} INFO - Sync 1 DAGs
[2026-07-25T17:10:40.935+0000] {logging_mixin.py:190} INFO - [2026-07-25T17:10:40.935+0000] {dag.py:4180} INFO - Setting next_dagrun for youtube_medallion_pipeline to None, run_after=None
[2026-07-25T17:10:40.970+0000] {processor.py:208} INFO - Processing /opt/airflow/dags/youtube_medallion_pipeline.py took 0.133 seconds
[2026-07-25T17:11:11.144+0000] {processor.py:186} INFO - Started process (PID=2021) to work on /opt/airflow/dags/youtube_medallion_pipeline.py
[2026-07-25T17:11:11.147+0000] {processor.py:914} INFO - Processing file /opt/airflow/dags/youtube_medallion_pipeline.py for tasks to queue
[2026-07-25T17:11:11.151+0000] {logging_mixin.py:190} INFO - [2026-07-25T17:11:11.150+0000] {dagbag.py:588} INFO - Filling up the DagBag from /opt/airflow/dags/youtube_medallion_pipeline.py
[2026-07-25T17:11:11.169+0000] {processor.py:925} INFO - DAG(s) 'youtube_medallion_pipeline' retrieved from /opt/airflow/dags/youtube_medallion_pipeline.py
[2026-07-25T17:11:11.216+0000] {logging_mixin.py:190} INFO - [2026-07-25T17:11:11.215+0000] {dag.py:3239} INFO - Sync 1 DAGs
[2026-07-25T17:11:11.237+0000] {logging_mixin.py:190} INFO - [2026-07-25T17:11:11.237+0000] {dag.py:4180} INFO - Setting next_dagrun for youtube_medallion_pipeline to None, run_after=None
[2026-07-25T17:11:11.267+0000] {processor.py:208} INFO - Processing /opt/airflow/dags/youtube_medallion_pipeline.py took 0.132 seconds
[2026-07-25T17:11:41.512+0000] {processor.py:186} INFO - Started process (PID=2026) to work on /opt/airflow/dags/youtube_medallion_pipeline.py
[2026-07-25T17:11:41.515+0000] {processor.py:914} INFO - Processing file /opt/airflow/dags/youtube_medallion_pipeline.py for tasks to queue
[2026-07-25T17:11:41.518+0000] {logging_mixin.py:190} INFO - [2026-07-25T17:11:41.517+0000] {dagbag.py:588} INFO - Filling up the DagBag from /opt/airflow/dags/youtube_medallion_pipeline.py
[2026-07-25T17:11:41.536+0000] {processor.py:925} INFO - DAG(s) 'youtube_medallion_pipeline' retrieved from /opt/airflow/dags/youtube_medallion_pipeline.py
[2026-07-25T17:11:41.623+0000] {logging_mixin.py:190} INFO - [2026-07-25T17:11:41.622+0000] {dag.py:3239} INFO - Sync 1 DAGs
[2026-07-25T17:11:41.658+0000] {logging_mixin.py:190} INFO - [2026-07-25T17:11:41.658+0000] {dag.py:4180} INFO - Setting next_dagrun for youtube_medallion_pipeline to None, run_after=None
[2026-07-25T17:11:41.689+0000] {processor.py:208} INFO - Processing /opt/airflow/dags/youtube_medallion_pipeline.py took 0.185 seconds
[2026-07-25T17:12:11.901+0000] {processor.py:186} INFO - Started process (PID=2031) to work on /opt/airflow/dags/youtube_medallion_pipeline.py
[2026-07-25T17:12:11.903+0000] {processor.py:914} INFO - Processing file /opt/airflow/dags/youtube_medallion_pipeline.py for tasks to queue
[2026-07-25T17:12:11.905+0000] {logging_mixin.py:190} INFO - [2026-07-25T17:12:11.905+0000] {dagbag.py:588} INFO - Filling up the DagBag from /opt/airflow/dags/youtube_medallion_pipeline.py
[2026-07-25T17:12:11.928+0000] {processor.py:925} INFO - DAG(s) 'youtube_medallion_pipeline' retrieved from /opt/airflow/dags/youtube_medallion_pipeline.py
[2026-07-25T17:12:12.011+0000] {logging_mixin.py:190} INFO - [2026-07-25T17:12:12.011+0000] {dag.py:3239} INFO - Sync 1 DAGs
[2026-07-25T17:12:12.042+0000] {logging_mixin.py:190} INFO - [2026-07-25T17:12:12.041+0000] {dag.py:4180} INFO - Setting next_dagrun for youtube_medallion_pipeline to None, run_after=None
[2026-07-25T17:12:12.085+0000] {processor.py:208} INFO - Processing /opt/airflow/dags/youtube_medallion_pipeline.py took 0.193 seconds
[2026-07-25T17:12:42.307+0000] {processor.py:186} INFO - Started process (PID=2036) to work on /opt/airflow/dags/youtube_medallion_pipeline.py
[2026-07-25T17:12:42.320+0000] {processor.py:914} INFO - Processing file /opt/airflow/dags/youtube_medallion_pipeline.py for tasks to queue
[2026-07-25T17:12:42.329+0000] {logging_mixin.py:190} INFO - [2026-07-25T17:12:42.328+0000] {dagbag.py:588} INFO - Filling up the DagBag from /opt/airflow/dags/youtube_medallion_pipeline.py
[2026-07-25T17:12:42.351+0000] {processor.py:925} INFO - DAG(s) 'youtube_medallion_pipeline' retrieved from /opt/airflow/dags/youtube_medallion_pipeline.py
[2026-07-25T17:12:42.537+0000] {logging_mixin.py:190} INFO - [2026-07-25T17:12:42.537+0000] {dag.py:3239} INFO - Sync 1 DAGs
[2026-07-25T17:12:42.610+0000] {logging_mixin.py:190} INFO - [2026-07-25T17:12:42.609+0000] {dag.py:4180} INFO - Setting next_dagrun for youtube_medallion_pipeline to None, run_after=None
[2026-07-25T17:12:42.668+0000] {processor.py:208} INFO - Processing /opt/airflow/dags/youtube_medallion_pipeline.py took 0.379 seconds
[2026-07-25T17:13:12.986+0000] {processor.py:186} INFO - Started process (PID=2041) to work on /opt/airflow/dags/youtube_medallion_pipeline.py
[2026-07-25T17:13:12.988+0000] {processor.py:914} INFO - Processing file /opt/airflow/dags/youtube_medallion_pipeline.py for tasks to queue
[2026-07-25T17:13:12.991+0000] {logging_mixin.py:190} INFO - [2026-07-25T17:13:12.991+0000] {dagbag.py:588} INFO - Filling up the DagBag from /opt/airflow/dags/youtube_medallion_pipeline.py
[2026-07-25T17:13:13.017+0000] {processor.py:925} INFO - DAG(s) 'youtube_medallion_pipeline' retrieved from /opt/airflow/dags/youtube_medallion_pipeline.py
[2026-07-25T17:13:13.103+0000] {logging_mixin.py:190} INFO - [2026-07-25T17:13:13.103+0000] {dag.py:3239} INFO - Sync 1 DAGs
[2026-07-25T17:13:13.131+0000] {logging_mixin.py:190} INFO - [2026-07-25T17:13:13.131+0000] {dag.py:4180} INFO - Setting next_dagrun for youtube_medallion_pipeline to None, run_after=None
[2026-07-25T17:13:13.163+0000] {processor.py:208} INFO - Processing /opt/airflow/dags/youtube_medallion_pipeline.py took 0.186 seconds
[2026-07-25T17:13:43.289+0000] {processor.py:186} INFO - Started process (PID=2046) to work on /opt/airflow/dags/youtube_medallion_pipeline.py
[2026-07-25T17:13:43.291+0000] {processor.py:914} INFO - Processing file /opt/airflow/dags/youtube_medallion_pipeline.py for tasks to queue
[2026-07-25T17:13:43.294+0000] {logging_mixin.py:190} INFO - [2026-07-25T17:13:43.293+0000] {dagbag.py:588} INFO - Filling up the DagBag from /opt/airflow/dags/youtube_medallion_pipeline.py
[2026-07-25T17:13:43.323+0000] {processor.py:925} INFO - DAG(s) 'youtube_medallion_pipeline' retrieved from /opt/airflow/dags/youtube_medallion_pipeline.py
[2026-07-25T17:13:43.374+0000] {logging_mixin.py:190} INFO - [2026-07-25T17:13:43.373+0000] {dag.py:3239} INFO - Sync 1 DAGs
[2026-07-25T17:13:43.395+0000] {logging_mixin.py:190} INFO - [2026-07-25T17:13:43.395+0000] {dag.py:4180} INFO - Setting next_dagrun for youtube_medallion_pipeline to None, run_after=None
[2026-07-25T17:13:43.436+0000] {processor.py:208} INFO - Processing /opt/airflow/dags/youtube_medallion_pipeline.py took 0.158 seconds
[2026-07-25T17:14:13.732+0000] {processor.py:186} INFO - Started process (PID=2051) to work on /opt/airflow/dags/youtube_medallion_pipeline.py
[2026-07-25T17:14:13.734+0000] {processor.py:914} INFO - Processing file /opt/airflow/dags/youtube_medallion_pipeline.py for tasks to queue
[2026-07-25T17:14:13.737+0000] {logging_mixin.py:190} INFO - [2026-07-25T17:14:13.736+0000] {dagbag.py:588} INFO - Filling up the DagBag from /opt/airflow/dags/youtube_medallion_pipeline.py
[2026-07-25T17:14:13.756+0000] {processor.py:925} INFO - DAG(s) 'youtube_medallion_pipeline' retrieved from /opt/airflow/dags/youtube_medallion_pipeline.py
[2026-07-25T17:14:13.804+0000] {logging_mixin.py:190} INFO - [2026-07-25T17:14:13.803+0000] {dag.py:3239} INFO - Sync 1 DAGs
[2026-07-25T17:14:13.825+0000] {logging_mixin.py:190} INFO - [2026-07-25T17:14:13.825+0000] {dag.py:4180} INFO - Setting next_dagrun for youtube_medallion_pipeline to None, run_after=None
[2026-07-25T17:14:13.856+0000] {processor.py:208} INFO - Processing /opt/airflow/dags/youtube_medallion_pipeline.py took 0.131 seconds
[2026-07-25T17:14:43.997+0000] {processor.py:186} INFO - Started process (PID=2056) to work on /opt/airflow/dags/youtube_medallion_pipeline.py
[2026-07-25T17:14:43.999+0000] {processor.py:914} INFO - Processing file /opt/airflow/dags/youtube_medallion_pipeline.py for tasks to queue
[2026-07-25T17:14:44.003+0000] {logging_mixin.py:190} INFO - [2026-07-25T17:14:44.002+0000] {dagbag.py:588} INFO - Filling up the DagBag from /opt/airflow/dags/youtube_medallion_pipeline.py
[2026-07-25T17:14:44.024+0000] {processor.py:925} INFO - DAG(s) 'youtube_medallion_pipeline' retrieved from /opt/airflow/dags/youtube_medallion_pipeline.py
[2026-07-25T17:14:44.084+0000] {logging_mixin.py:190} INFO - [2026-07-25T17:14:44.084+0000] {dag.py:3239} INFO - Sync 1 DAGs
[2026-07-25T17:14:44.107+0000] {logging_mixin.py:190} INFO - [2026-07-25T17:14:44.107+0000] {dag.py:4180} INFO - Setting next_dagrun for youtube_medallion_pipeline to None, run_after=None
[2026-07-25T17:14:44.142+0000] {processor.py:208} INFO - Processing /opt/airflow/dags/youtube_medallion_pipeline.py took 0.154 seconds
[2026-07-25T17:15:14.473+0000] {processor.py:186} INFO - Started process (PID=2061) to work on /opt/airflow/dags/youtube_medallion_pipeline.py
[2026-07-25T17:15:14.479+0000] {processor.py:914} INFO - Processing file /opt/airflow/dags/youtube_medallion_pipeline.py for tasks to queue
[2026-07-25T17:15:14.487+0000] {logging_mixin.py:190} INFO - [2026-07-25T17:15:14.485+0000] {dagbag.py:588} INFO - Filling up the DagBag from /opt/airflow/dags/youtube_medallion_pipeline.py
[2026-07-25T17:15:14.539+0000] {processor.py:925} INFO - DAG(s) 'youtube_medallion_pipeline' retrieved from /opt/airflow/dags/youtube_medallion_pipeline.py
[2026-07-25T17:15:14.594+0000] {logging_mixin.py:190} INFO - [2026-07-25T17:15:14.593+0000] {dag.py:3239} INFO - Sync 1 DAGs
[2026-07-25T17:15:14.616+0000] {logging_mixin.py:190} INFO - [2026-07-25T17:15:14.615+0000] {dag.py:4180} INFO - Setting next_dagrun for youtube_medallion_pipeline to None, run_after=None
[2026-07-25T17:15:14.646+0000] {processor.py:208} INFO - Processing /opt/airflow/dags/youtube_medallion_pipeline.py took 0.209 seconds
[2026-07-25T17:15:44.848+0000] {processor.py:186} INFO - Started process (PID=2066) to work on /opt/airflow/dags/youtube_medallion_pipeline.py
[2026-07-25T17:15:44.851+0000] {processor.py:914} INFO - Processing file /opt/airflow/dags/youtube_medallion_pipeline.py for tasks to queue
[2026-07-25T17:15:44.854+0000] {logging_mixin.py:190} INFO - [2026-07-25T17:15:44.853+0000] {dagbag.py:588} INFO - Filling up the DagBag from /opt/airflow/dags/youtube_medallion_pipeline.py
[2026-07-25T17:15:44.886+0000] {processor.py:925} INFO - DAG(s) 'youtube_medallion_pipeline' retrieved from /opt/airflow/dags/youtube_medallion_pipeline.py
[2026-07-25T17:15:44.990+0000] {logging_mixin.py:190} INFO - [2026-07-25T17:15:44.989+0000] {dag.py:3239} INFO - Sync 1 DAGs
[2026-07-25T17:15:45.033+0000] {logging_mixin.py:190} INFO - [2026-07-25T17:15:45.033+0000] {dag.py:4180} INFO - Setting next_dagrun for youtube_medallion_pipeline to None, run_after=None
[2026-07-25T17:15:45.101+0000] {processor.py:208} INFO - Processing /opt/airflow/dags/youtube_medallion_pipeline.py took 0.263 seconds
[2026-07-25T17:16:15.392+0000] {processor.py:186} INFO - Started process (PID=2071) to work on /opt/airflow/dags/youtube_medallion_pipeline.py
[2026-07-25T17:16:15.394+0000] {processor.py:914} INFO - Processing file /opt/airflow/dags/youtube_medallion_pipeline.py for tasks to queue
[2026-07-25T17:16:15.397+0000] {logging_mixin.py:190} INFO - [2026-07-25T17:16:15.396+0000] {dagbag.py:588} INFO - Filling up the DagBag from /opt/airflow/dags/youtube_medallion_pipeline.py
[2026-07-25T17:16:15.417+0000] {processor.py:925} INFO - DAG(s) 'youtube_medallion_pipeline' retrieved from /opt/airflow/dags/youtube_medallion_pipeline.py
[2026-07-25T17:16:15.461+0000] {logging_mixin.py:190} INFO - [2026-07-25T17:16:15.461+0000] {dag.py:3239} INFO - Sync 1 DAGs
[2026-07-25T17:16:15.486+0000] {logging_mixin.py:190} INFO - [2026-07-25T17:16:15.485+0000] {dag.py:4180} INFO - Setting next_dagrun for youtube_medallion_pipeline to None, run_after=None
[2026-07-25T17:16:15.513+0000] {processor.py:208} INFO - Processing /opt/airflow/dags/youtube_medallion_pipeline.py took 0.130 seconds
[2026-07-25T17:16:45.800+0000] {processor.py:186} INFO - Started process (PID=2076) to work on /opt/airflow/dags/youtube_medallion_pipeline.py
[2026-07-25T17:16:45.806+0000] {processor.py:914} INFO - Processing file /opt/airflow/dags/youtube_medallion_pipeline.py for tasks to queue
[2026-07-25T17:16:45.811+0000] {logging_mixin.py:190} INFO - [2026-07-25T17:16:45.810+0000] {dagbag.py:588} INFO - Filling up the DagBag from /opt/airflow/dags/youtube_medallion_pipeline.py
[2026-07-25T17:16:45.853+0000] {processor.py:925} INFO - DAG(s) 'youtube_medallion_pipeline' retrieved from /opt/airflow/dags/youtube_medallion_pipeline.py
[2026-07-25T17:16:45.970+0000] {logging_mixin.py:190} INFO - [2026-07-25T17:16:45.970+0000] {dag.py:3239} INFO - Sync 1 DAGs
[2026-07-25T17:16:46.019+0000] {logging_mixin.py:190} INFO - [2026-07-25T17:16:46.019+0000] {dag.py:4180} INFO - Setting next_dagrun for youtube_medallion_pipeline to None, run_after=None
[2026-07-25T17:16:46.067+0000] {processor.py:208} INFO - Processing /opt/airflow/dags/youtube_medallion_pipeline.py took 0.290 seconds
[2026-07-25T17:17:16.389+0000] {processor.py:186} INFO - Started process (PID=2081) to work on /opt/airflow/dags/youtube_medallion_pipeline.py
[2026-07-25T17:17:16.391+0000] {processor.py:914} INFO - Processing file /opt/airflow/dags/youtube_medallion_pipeline.py for tasks to queue
[2026-07-25T17:17:16.394+0000] {logging_mixin.py:190} INFO - [2026-07-25T17:17:16.394+0000] {dagbag.py:588} INFO - Filling up the DagBag from /opt/airflow/dags/youtube_medallion_pipeline.py
[2026-07-25T17:17:16.419+0000] {processor.py:925} INFO - DAG(s) 'youtube_medallion_pipeline' retrieved from /opt/airflow/dags/youtube_medallion_pipeline.py
[2026-07-25T17:17:16.473+0000] {logging_mixin.py:190} INFO - [2026-07-25T17:17:16.473+0000] {dag.py:3239} INFO - Sync 1 DAGs
[2026-07-25T17:17:16.502+0000] {logging_mixin.py:190} INFO - [2026-07-25T17:17:16.501+0000] {dag.py:4180} INFO - Setting next_dagrun for youtube_medallion_pipeline to None, run_after=None
[2026-07-25T17:17:16.547+0000] {processor.py:208} INFO - Processing /opt/airflow/dags/youtube_medallion_pipeline.py took 0.170 seconds
[2026-07-25T17:17:46.645+0000] {processor.py:186} INFO - Started process (PID=2086) to work on /opt/airflow/dags/youtube_medallion_pipeline.py
[2026-07-25T17:17:46.647+0000] {processor.py:914} INFO - Processing file /opt/airflow/dags/youtube_medallion_pipeline.py for tasks to queue
[2026-07-25T17:17:46.650+0000] {logging_mixin.py:190} INFO - [2026-07-25T17:17:46.650+0000] {dagbag.py:588} INFO - Filling up the DagBag from /opt/airflow/dags/youtube_medallion_pipeline.py
[2026-07-25T17:17:46.670+0000] {processor.py:925} INFO - DAG(s) 'youtube_medallion_pipeline' retrieved from /opt/airflow/dags/youtube_medallion_pipeline.py
[2026-07-25T17:17:46.728+0000] {logging_mixin.py:190} INFO - [2026-07-25T17:17:46.728+0000] {dag.py:3239} INFO - Sync 1 DAGs
[2026-07-25T17:17:46.779+0000] {logging_mixin.py:190} INFO - [2026-07-25T17:17:46.778+0000] {dag.py:4180} INFO - Setting next_dagrun for youtube_medallion_pipeline to None, run_after=None
[2026-07-25T17:17:46.830+0000] {processor.py:208} INFO - Processing /opt/airflow/dags/youtube_medallion_pipeline.py took 0.192 seconds
[2026-07-25T17:18:17.123+0000] {processor.py:186} INFO - Started process (PID=2091) to work on /opt/airflow/dags/youtube_medallion_pipeline.py
[2026-07-25T17:18:17.125+0000] {processor.py:914} INFO - Processing file /opt/airflow/dags/youtube_medallion_pipeline.py for tasks to queue
[2026-07-25T17:18:17.129+0000] {logging_mixin.py:190} INFO - [2026-07-25T17:18:17.128+0000] {dagbag.py:588} INFO - Filling up the DagBag from /opt/airflow/dags/youtube_medallion_pipeline.py
[2026-07-25T17:18:17.153+0000] {processor.py:925} INFO - DAG(s) 'youtube_medallion_pipeline' retrieved from /opt/airflow/dags/youtube_medallion_pipeline.py
[2026-07-25T17:18:17.199+0000] {logging_mixin.py:190} INFO - [2026-07-25T17:18:17.198+0000] {dag.py:3239} INFO - Sync 1 DAGs
[2026-07-25T17:18:17.220+0000] {logging_mixin.py:190} INFO - [2026-07-25T17:18:17.220+0000] {dag.py:4180} INFO - Setting next_dagrun for youtube_medallion_pipeline to None, run_after=None
[2026-07-25T17:18:17.250+0000] {processor.py:208} INFO - Processing /opt/airflow/dags/youtube_medallion_pipeline.py took 0.138 seconds
[2026-07-25T17:18:47.458+0000] {processor.py:186} INFO - Started process (PID=2096) to work on /opt/airflow/dags/youtube_medallion_pipeline.py
[2026-07-25T17:18:47.461+0000] {processor.py:914} INFO - Processing file /opt/airflow/dags/youtube_medallion_pipeline.py for tasks to queue
[2026-07-25T17:18:47.464+0000] {logging_mixin.py:190} INFO - [2026-07-25T17:18:47.463+0000] {dagbag.py:588} INFO - Filling up the DagBag from /opt/airflow/dags/youtube_medallion_pipeline.py
[2026-07-25T17:18:47.488+0000] {processor.py:925} INFO - DAG(s) 'youtube_medallion_pipeline' retrieved from /opt/airflow/dags/youtube_medallion_pipeline.py
[2026-07-25T17:18:47.545+0000] {logging_mixin.py:190} INFO - [2026-07-25T17:18:47.545+0000] {dag.py:3239} INFO - Sync 1 DAGs
[2026-07-25T17:18:47.571+0000] {logging_mixin.py:190} INFO - [2026-07-25T17:18:47.571+0000] {dag.py:4180} INFO - Setting next_dagrun for youtube_medallion_pipeline to None, run_after=None
[2026-07-25T17:18:47.606+0000] {processor.py:208} INFO - Processing /opt/airflow/dags/youtube_medallion_pipeline.py took 0.165 seconds
[2026-07-25T17:19:17.890+0000] {processor.py:186} INFO - Started process (PID=2101) to work on /opt/airflow/dags/youtube_medallion_pipeline.py
[2026-07-25T17:19:17.892+0000] {processor.py:914} INFO - Processing file /opt/airflow/dags/youtube_medallion_pipeline.py for tasks to queue
[2026-07-25T17:19:17.895+0000] {logging_mixin.py:190} INFO - [2026-07-25T17:19:17.894+0000] {dagbag.py:588} INFO - Filling up the DagBag from /opt/airflow/dags/youtube_medallion_pipeline.py
[2026-07-25T17:19:17.915+0000] {processor.py:925} INFO - DAG(s) 'youtube_medallion_pipeline' retrieved from /opt/airflow/dags/youtube_medallion_pipeline.py
[2026-07-25T17:19:17.963+0000] {logging_mixin.py:190} INFO - [2026-07-25T17:19:17.963+0000] {dag.py:3239} INFO - Sync 1 DAGs
[2026-07-25T17:19:17.986+0000] {logging_mixin.py:190} INFO - [2026-07-25T17:19:17.985+0000] {dag.py:4180} INFO - Setting next_dagrun for youtube_medallion_pipeline to None, run_after=None
[2026-07-25T17:19:18.019+0000] {processor.py:208} INFO - Processing /opt/airflow/dags/youtube_medallion_pipeline.py took 0.136 seconds
[2026-07-25T17:19:48.154+0000] {processor.py:186} INFO - Started process (PID=2106) to work on /opt/airflow/dags/youtube_medallion_pipeline.py
[2026-07-25T17:19:48.155+0000] {processor.py:914} INFO - Processing file /opt/airflow/dags/youtube_medallion_pipeline.py for tasks to queue
[2026-07-25T17:19:48.158+0000] {logging_mixin.py:190} INFO - [2026-07-25T17:19:48.158+0000] {dagbag.py:588} INFO - Filling up the DagBag from /opt/airflow/dags/youtube_medallion_pipeline.py
[2026-07-25T17:19:48.175+0000] {processor.py:925} INFO - DAG(s) 'youtube_medallion_pipeline' retrieved from /opt/airflow/dags/youtube_medallion_pipeline.py
[2026-07-25T17:19:48.220+0000] {logging_mixin.py:190} INFO - [2026-07-25T17:19:48.219+0000] {dag.py:3239} INFO - Sync 1 DAGs
[2026-07-25T17:19:48.238+0000] {logging_mixin.py:190} INFO - [2026-07-25T17:19:48.238+0000] {dag.py:4180} INFO - Setting next_dagrun for youtube_medallion_pipeline to None, run_after=None
[2026-07-25T17:19:48.270+0000] {processor.py:208} INFO - Processing /opt/airflow/dags/youtube_medallion_pipeline.py took 0.124 seconds
[2026-07-25T17:20:18.726+0000] {processor.py:186} INFO - Started process (PID=2111) to work on /opt/airflow/dags/youtube_medallion_pipeline.py
[2026-07-25T17:20:18.732+0000] {processor.py:914} INFO - Processing file /opt/airflow/dags/youtube_medallion_pipeline.py for tasks to queue
[2026-07-25T17:20:18.741+0000] {logging_mixin.py:190} INFO - [2026-07-25T17:20:18.738+0000] {dagbag.py:588} INFO - Filling up the DagBag from /opt/airflow/dags/youtube_medallion_pipeline.py
[2026-07-25T17:20:18.833+0000] {processor.py:925} INFO - DAG(s) 'youtube_medallion_pipeline' retrieved from /opt/airflow/dags/youtube_medallion_pipeline.py
[2026-07-25T17:20:18.942+0000] {logging_mixin.py:190} INFO - [2026-07-25T17:20:18.941+0000] {dag.py:3239} INFO - Sync 1 DAGs
[2026-07-25T17:20:18.984+0000] {logging_mixin.py:190} INFO - [2026-07-25T17:20:18.984+0000] {dag.py:4180} INFO - Setting next_dagrun for youtube_medallion_pipeline to None, run_after=None
[2026-07-25T17:20:19.029+0000] {processor.py:208} INFO - Processing /opt/airflow/dags/youtube_medallion_pipeline.py took 0.317 seconds
[2026-07-25T17:20:49.119+0000] {processor.py:186} INFO - Started process (PID=2116) to work on /opt/airflow/dags/youtube_medallion_pipeline.py
[2026-07-25T17:20:49.122+0000] {processor.py:914} INFO - Processing file /opt/airflow/dags/youtube_medallion_pipeline.py for tasks to queue
[2026-07-25T17:20:49.125+0000] {logging_mixin.py:190} INFO - [2026-07-25T17:20:49.125+0000] {dagbag.py:588} INFO - Filling up the DagBag from /opt/airflow/dags/youtube_medallion_pipeline.py
[2026-07-25T17:20:49.181+0000] {processor.py:925} INFO - DAG(s) 'youtube_medallion_pipeline' retrieved from /opt/airflow/dags/youtube_medallion_pipeline.py
[2026-07-25T17:20:49.296+0000] {logging_mixin.py:190} INFO - [2026-07-25T17:20:49.295+0000] {dag.py:3239} INFO - Sync 1 DAGs
[2026-07-25T17:20:49.348+0000] {logging_mixin.py:190} INFO - [2026-07-25T17:20:49.347+0000] {dag.py:4180} INFO - Setting next_dagrun for youtube_medallion_pipeline to None, run_after=None
[2026-07-25T17:20:49.394+0000] {processor.py:208} INFO - Processing /opt/airflow/dags/youtube_medallion_pipeline.py took 0.284 seconds
[2026-07-25T17:21:19.643+0000] {processor.py:186} INFO - Started process (PID=2121) to work on /opt/airflow/dags/youtube_medallion_pipeline.py
[2026-07-25T17:21:19.645+0000] {processor.py:914} INFO - Processing file /opt/airflow/dags/youtube_medallion_pipeline.py for tasks to queue
[2026-07-25T17:21:19.650+0000] {logging_mixin.py:190} INFO - [2026-07-25T17:21:19.649+0000] {dagbag.py:588} INFO - Filling up the DagBag from /opt/airflow/dags/youtube_medallion_pipeline.py
[2026-07-25T17:21:19.677+0000] {processor.py:925} INFO - DAG(s) 'youtube_medallion_pipeline' retrieved from /opt/airflow/dags/youtube_medallion_pipeline.py
[2026-07-25T17:21:19.753+0000] {logging_mixin.py:190} INFO - [2026-07-25T17:21:19.752+0000] {dag.py:3239} INFO - Sync 1 DAGs
[2026-07-25T17:21:19.815+0000] {logging_mixin.py:190} INFO - [2026-07-25T17:21:19.814+0000] {dag.py:4180} INFO - Setting next_dagrun for youtube_medallion_pipeline to None, run_after=None
[2026-07-25T17:21:19.881+0000] {processor.py:208} INFO - Processing /opt/airflow/dags/youtube_medallion_pipeline.py took 0.249 seconds
[2026-07-25T17:21:50.030+0000] {processor.py:186} INFO - Started process (PID=2126) to work on /opt/airflow/dags/youtube_medallion_pipeline.py
[2026-07-25T17:21:50.034+0000] {processor.py:914} INFO - Processing file /opt/airflow/dags/youtube_medallion_pipeline.py for tasks to queue
[2026-07-25T17:21:50.038+0000] {logging_mixin.py:190} INFO - [2026-07-25T17:21:50.037+0000] {dagbag.py:588} INFO - Filling up the DagBag from /opt/airflow/dags/youtube_medallion_pipeline.py
[2026-07-25T17:21:50.074+0000] {processor.py:925} INFO - DAG(s) 'youtube_medallion_pipeline' retrieved from /opt/airflow/dags/youtube_medallion_pipeline.py
[2026-07-25T17:21:50.131+0000] {logging_mixin.py:190} INFO - [2026-07-25T17:21:50.131+0000] {dag.py:3239} INFO - Sync 1 DAGs
[2026-07-25T17:21:50.156+0000] {logging_mixin.py:190} INFO - [2026-07-25T17:21:50.156+0000] {dag.py:4180} INFO - Setting next_dagrun for youtube_medallion_pipeline to None, run_after=None
[2026-07-25T17:21:50.190+0000] {processor.py:208} INFO - Processing /opt/airflow/dags/youtube_medallion_pipeline.py took 0.174 seconds
[2026-07-25T17:22:20.540+0000] {processor.py:186} INFO - Started process (PID=2131) to work on /opt/airflow/dags/youtube_medallion_pipeline.py
[2026-07-25T17:22:20.542+0000] {processor.py:914} INFO - Processing file /opt/airflow/dags/youtube_medallion_pipeline.py for tasks to queue
[2026-07-25T17:22:20.545+0000] {logging_mixin.py:190} INFO - [2026-07-25T17:22:20.545+0000] {dagbag.py:588} INFO - Filling up the DagBag from /opt/airflow/dags/youtube_medallion_pipeline.py
[2026-07-25T17:22:20.567+0000] {processor.py:925} INFO - DAG(s) 'youtube_medallion_pipeline' retrieved from /opt/airflow/dags/youtube_medallion_pipeline.py
[2026-07-25T17:22:20.646+0000] {logging_mixin.py:190} INFO - [2026-07-25T17:22:20.646+0000] {dag.py:3239} INFO - Sync 1 DAGs
[2026-07-25T17:22:20.792+0000] {logging_mixin.py:190} INFO - [2026-07-25T17:22:20.792+0000] {dag.py:4180} INFO - Setting next_dagrun for youtube_medallion_pipeline to None, run_after=None
[2026-07-25T17:22:20.862+0000] {processor.py:208} INFO - Processing /opt/airflow/dags/youtube_medallion_pipeline.py took 0.332 seconds
[2026-07-25T17:22:51.224+0000] {processor.py:186} INFO - Started process (PID=2136) to work on /opt/airflow/dags/youtube_medallion_pipeline.py
[2026-07-25T17:22:51.227+0000] {processor.py:914} INFO - Processing file /opt/airflow/dags/youtube_medallion_pipeline.py for tasks to queue
[2026-07-25T17:22:51.231+0000] {logging_mixin.py:190} INFO - [2026-07-25T17:22:51.230+0000] {dagbag.py:588} INFO - Filling up the DagBag from /opt/airflow/dags/youtube_medallion_pipeline.py
[2026-07-25T17:22:51.255+0000] {processor.py:925} INFO - DAG(s) 'youtube_medallion_pipeline' retrieved from /opt/airflow/dags/youtube_medallion_pipeline.py
[2026-07-25T17:22:51.313+0000] {logging_mixin.py:190} INFO - [2026-07-25T17:22:51.312+0000] {dag.py:3239} INFO - Sync 1 DAGs
[2026-07-25T17:22:51.340+0000] {logging_mixin.py:190} INFO - [2026-07-25T17:22:51.339+0000] {dag.py:4180} INFO - Setting next_dagrun for youtube_medallion_pipeline to None, run_after=None
[2026-07-25T17:22:51.369+0000] {processor.py:208} INFO - Processing /opt/airflow/dags/youtube_medallion_pipeline.py took 0.154 seconds
[2026-07-25T17:23:21.559+0000] {processor.py:186} INFO - Started process (PID=2141) to work on /opt/airflow/dags/youtube_medallion_pipeline.py
[2026-07-25T17:23:21.561+0000] {processor.py:914} INFO - Processing file /opt/airflow/dags/youtube_medallion_pipeline.py for tasks to queue
[2026-07-25T17:23:21.566+0000] {logging_mixin.py:190} INFO - [2026-07-25T17:23:21.564+0000] {dagbag.py:588} INFO - Filling up the DagBag from /opt/airflow/dags/youtube_medallion_pipeline.py
[2026-07-25T17:23:21.594+0000] {processor.py:925} INFO - DAG(s) 'youtube_medallion_pipeline' retrieved from /opt/airflow/dags/youtube_medallion_pipeline.py
[2026-07-25T17:23:21.721+0000] {logging_mixin.py:190} INFO - [2026-07-25T17:23:21.721+0000] {dag.py:3239} INFO - Sync 1 DAGs
[2026-07-25T17:23:21.756+0000] {logging_mixin.py:190} INFO - [2026-07-25T17:23:21.756+0000] {dag.py:4180} INFO - Setting next_dagrun for youtube_medallion_pipeline to None, run_after=None
[2026-07-25T17:23:21.808+0000] {processor.py:208} INFO - Processing /opt/airflow/dags/youtube_medallion_pipeline.py took 0.260 seconds
[2026-07-25T17:23:52.112+0000] {processor.py:186} INFO - Started process (PID=2146) to work on /opt/airflow/dags/youtube_medallion_pipeline.py
[2026-07-25T17:23:52.115+0000] {processor.py:914} INFO - Processing file /opt/airflow/dags/youtube_medallion_pipeline.py for tasks to queue
[2026-07-25T17:23:52.118+0000] {logging_mixin.py:190} INFO - [2026-07-25T17:23:52.117+0000] {dagbag.py:588} INFO - Filling up the DagBag from /opt/airflow/dags/youtube_medallion_pipeline.py
[2026-07-25T17:23:52.195+0000] {processor.py:925} INFO - DAG(s) 'youtube_medallion_pipeline' retrieved from /opt/airflow/dags/youtube_medallion_pipeline.py
[2026-07-25T17:23:52.369+0000] {logging_mixin.py:190} INFO - [2026-07-25T17:23:52.369+0000] {dag.py:3239} INFO - Sync 1 DAGs
[2026-07-25T17:23:52.388+0000] {logging_mixin.py:190} INFO - [2026-07-25T17:23:52.388+0000] {dag.py:4180} INFO - Setting next_dagrun for youtube_medallion_pipeline to None, run_after=None
[2026-07-25T17:23:52.419+0000] {processor.py:208} INFO - Processing /opt/airflow/dags/youtube_medallion_pipeline.py took 0.314 seconds
[2026-07-25T17:24:22.782+0000] {processor.py:186} INFO - Started process (PID=2151) to work on /opt/airflow/dags/youtube_medallion_pipeline.py
[2026-07-25T17:24:22.784+0000] {processor.py:914} INFO - Processing file /opt/airflow/dags/youtube_medallion_pipeline.py for tasks to queue
[2026-07-25T17:24:22.787+0000] {logging_mixin.py:190} INFO - [2026-07-25T17:24:22.787+0000] {dagbag.py:588} INFO - Filling up the DagBag from /opt/airflow/dags/youtube_medallion_pipeline.py
[2026-07-25T17:24:22.806+0000] {processor.py:925} INFO - DAG(s) 'youtube_medallion_pipeline' retrieved from /opt/airflow/dags/youtube_medallion_pipeline.py
[2026-07-25T17:24:22.855+0000] {logging_mixin.py:190} INFO - [2026-07-25T17:24:22.854+0000] {dag.py:3239} INFO - Sync 1 DAGs
[2026-07-25T17:24:22.885+0000] {logging_mixin.py:190} INFO - [2026-07-25T17:24:22.885+0000] {dag.py:4180} INFO - Setting next_dagrun for youtube_medallion_pipeline to None, run_after=None
[2026-07-25T17:24:22.916+0000] {processor.py:208} INFO - Processing /opt/airflow/dags/youtube_medallion_pipeline.py took 0.143 seconds
[2026-07-25T17:24:53.094+0000] {processor.py:186} INFO - Started process (PID=2156) to work on /opt/airflow/dags/youtube_medallion_pipeline.py
[2026-07-25T17:24:53.095+0000] {processor.py:914} INFO - Processing file /opt/airflow/dags/youtube_medallion_pipeline.py for tasks to queue
[2026-07-25T17:24:53.098+0000] {logging_mixin.py:190} INFO - [2026-07-25T17:24:53.097+0000] {dagbag.py:588} INFO - Filling up the DagBag from /opt/airflow/dags/youtube_medallion_pipeline.py
[2026-07-25T17:24:53.116+0000] {processor.py:925} INFO - DAG(s) 'youtube_medallion_pipeline' retrieved from /opt/airflow/dags/youtube_medallion_pipeline.py
[2026-07-25T17:24:53.170+0000] {logging_mixin.py:190} INFO - [2026-07-25T17:24:53.170+0000] {dag.py:3239} INFO - Sync 1 DAGs
[2026-07-25T17:24:53.194+0000] {logging_mixin.py:190} INFO - [2026-07-25T17:24:53.194+0000] {dag.py:4180} INFO - Setting next_dagrun for youtube_medallion_pipeline to None, run_after=None
[2026-07-25T17:24:53.226+0000] {processor.py:208} INFO - Processing /opt/airflow/dags/youtube_medallion_pipeline.py took 0.176 seconds
[2026-07-25T17:25:23.506+0000] {processor.py:186} INFO - Started process (PID=2161) to work on /opt/airflow/dags/youtube_medallion_pipeline.py
[2026-07-25T17:25:23.516+0000] {processor.py:914} INFO - Processing file /opt/airflow/dags/youtube_medallion_pipeline.py for tasks to queue
[2026-07-25T17:25:23.530+0000] {logging_mixin.py:190} INFO - [2026-07-25T17:25:23.526+0000] {dagbag.py:588} INFO - Filling up the DagBag from /opt/airflow/dags/youtube_medallion_pipeline.py
[2026-07-25T17:25:23.636+0000] {processor.py:925} INFO - DAG(s) 'youtube_medallion_pipeline' retrieved from /opt/airflow/dags/youtube_medallion_pipeline.py
[2026-07-25T17:25:23.924+0000] {logging_mixin.py:190} INFO - [2026-07-25T17:25:23.924+0000] {dag.py:3239} INFO - Sync 1 DAGs
[2026-07-25T17:25:24.025+0000] {logging_mixin.py:190} INFO - [2026-07-25T17:25:24.024+0000] {dag.py:4180} INFO - Setting next_dagrun for youtube_medallion_pipeline to None, run_after=None
[2026-07-25T17:25:24.087+0000] {processor.py:208} INFO - Processing /opt/airflow/dags/youtube_medallion_pipeline.py took 0.658 seconds
[2026-07-25T17:25:54.622+0000] {processor.py:186} INFO - Started process (PID=2166) to work on /opt/airflow/dags/youtube_medallion_pipeline.py
[2026-07-25T17:25:54.625+0000] {processor.py:914} INFO - Processing file /opt/airflow/dags/youtube_medallion_pipeline.py for tasks to queue
[2026-07-25T17:25:54.629+0000] {logging_mixin.py:190} INFO - [2026-07-25T17:25:54.628+0000] {dagbag.py:588} INFO - Filling up the DagBag from /opt/airflow/dags/youtube_medallion_pipeline.py
[2026-07-25T17:25:54.662+0000] {processor.py:925} INFO - DAG(s) 'youtube_medallion_pipeline' retrieved from /opt/airflow/dags/youtube_medallion_pipeline.py
[2026-07-25T17:25:54.800+0000] {logging_mixin.py:190} INFO - [2026-07-25T17:25:54.799+0000] {dag.py:3239} INFO - Sync 1 DAGs
[2026-07-25T17:25:54.881+0000] {logging_mixin.py:190} INFO - [2026-07-25T17:25:54.881+0000] {dag.py:4180} INFO - Setting next_dagrun for youtube_medallion_pipeline to None, run_after=None
[2026-07-25T17:25:54.944+0000] {processor.py:208} INFO - Processing /opt/airflow/dags/youtube_medallion_pipeline.py took 0.339 seconds
[2026-07-25T17:26:25.437+0000] {processor.py:186} INFO - Started process (PID=2171) to work on /opt/airflow/dags/youtube_medallion_pipeline.py
[2026-07-25T17:26:25.439+0000] {processor.py:914} INFO - Processing file /opt/airflow/dags/youtube_medallion_pipeline.py for tasks to queue
[2026-07-25T17:26:25.442+0000] {logging_mixin.py:190} INFO - [2026-07-25T17:26:25.441+0000] {dagbag.py:588} INFO - Filling up the DagBag from /opt/airflow/dags/youtube_medallion_pipeline.py
[2026-07-25T17:26:25.463+0000] {processor.py:925} INFO - DAG(s) 'youtube_medallion_pipeline' retrieved from /opt/airflow/dags/youtube_medallion_pipeline.py
[2026-07-25T17:26:25.527+0000] {logging_mixin.py:190} INFO - [2026-07-25T17:26:25.525+0000] {dag.py:3239} INFO - Sync 1 DAGs
[2026-07-25T17:26:25.571+0000] {logging_mixin.py:190} INFO - [2026-07-25T17:26:25.570+0000] {dag.py:4180} INFO - Setting next_dagrun for youtube_medallion_pipeline to None, run_after=None
[2026-07-25T17:26:25.641+0000] {processor.py:208} INFO - Processing /opt/airflow/dags/youtube_medallion_pipeline.py took 0.215 seconds
[2026-07-25T17:26:56.006+0000] {processor.py:186} INFO - Started process (PID=2176) to work on /opt/airflow/dags/youtube_medallion_pipeline.py
[2026-07-25T17:26:56.009+0000] {processor.py:914} INFO - Processing file /opt/airflow/dags/youtube_medallion_pipeline.py for tasks to queue
[2026-07-25T17:26:56.012+0000] {logging_mixin.py:190} INFO - [2026-07-25T17:26:56.011+0000] {dagbag.py:588} INFO - Filling up the DagBag from /opt/airflow/dags/youtube_medallion_pipeline.py
[2026-07-25T17:26:56.034+0000] {processor.py:925} INFO - DAG(s) 'youtube_medallion_pipeline' retrieved from /opt/airflow/dags/youtube_medallion_pipeline.py
[2026-07-25T17:26:56.144+0000] {logging_mixin.py:190} INFO - [2026-07-25T17:26:56.144+0000] {dag.py:3239} INFO - Sync 1 DAGs
[2026-07-25T17:26:56.186+0000] {logging_mixin.py:190} INFO - [2026-07-25T17:26:56.186+0000] {dag.py:4180} INFO - Setting next_dagrun for youtube_medallion_pipeline to None, run_after=None
[2026-07-25T17:26:56.223+0000] {processor.py:208} INFO - Processing /opt/airflow/dags/youtube_medallion_pipeline.py took 0.236 seconds
[2026-07-25T17:27:26.521+0000] {processor.py:186} INFO - Started process (PID=2181) to work on /opt/airflow/dags/youtube_medallion_pipeline.py
[2026-07-25T17:27:26.524+0000] {processor.py:914} INFO - Processing file /opt/airflow/dags/youtube_medallion_pipeline.py for tasks to queue
[2026-07-25T17:27:26.527+0000] {logging_mixin.py:190} INFO - [2026-07-25T17:27:26.526+0000] {dagbag.py:588} INFO - Filling up the DagBag from /opt/airflow/dags/youtube_medallion_pipeline.py
[2026-07-25T17:27:26.579+0000] {processor.py:925} INFO - DAG(s) 'youtube_medallion_pipeline' retrieved from /opt/airflow/dags/youtube_medallion_pipeline.py
[2026-07-25T17:27:26.636+0000] {logging_mixin.py:190} INFO - [2026-07-25T17:27:26.636+0000] {dag.py:3239} INFO - Sync 1 DAGs
[2026-07-25T17:27:26.665+0000] {logging_mixin.py:190} INFO - [2026-07-25T17:27:26.665+0000] {dag.py:4180} INFO - Setting next_dagrun for youtube_medallion_pipeline to None, run_after=None
[2026-07-25T17:27:26.703+0000] {processor.py:208} INFO - Processing /opt/airflow/dags/youtube_medallion_pipeline.py took 0.191 seconds
[2026-07-25T17:27:56.845+0000] {processor.py:186} INFO - Started process (PID=2186) to work on /opt/airflow/dags/youtube_medallion_pipeline.py
[2026-07-25T17:27:56.849+0000] {processor.py:914} INFO - Processing file /opt/airflow/dags/youtube_medallion_pipeline.py for tasks to queue
[2026-07-25T17:27:56.857+0000] {logging_mixin.py:190} INFO - [2026-07-25T17:27:56.853+0000] {dagbag.py:588} INFO - Filling up the DagBag from /opt/airflow/dags/youtube_medallion_pipeline.py
[2026-07-25T17:27:56.946+0000] {processor.py:925} INFO - DAG(s) 'youtube_medallion_pipeline' retrieved from /opt/airflow/dags/youtube_medallion_pipeline.py
[2026-07-25T17:27:57.076+0000] {logging_mixin.py:190} INFO - [2026-07-25T17:27:57.076+0000] {dag.py:3239} INFO - Sync 1 DAGs
[2026-07-25T17:27:57.125+0000] {logging_mixin.py:190} INFO - [2026-07-25T17:27:57.125+0000] {dag.py:4180} INFO - Setting next_dagrun for youtube_medallion_pipeline to None, run_after=None
[2026-07-25T17:27:57.161+0000] {processor.py:208} INFO - Processing /opt/airflow/dags/youtube_medallion_pipeline.py took 0.333 seconds
[2026-07-25T17:28:27.476+0000] {processor.py:186} INFO - Started process (PID=2191) to work on /opt/airflow/dags/youtube_medallion_pipeline.py
[2026-07-25T17:28:27.482+0000] {processor.py:914} INFO - Processing file /opt/airflow/dags/youtube_medallion_pipeline.py for tasks to queue
[2026-07-25T17:28:27.488+0000] {logging_mixin.py:190} INFO - [2026-07-25T17:28:27.487+0000] {dagbag.py:588} INFO - Filling up the DagBag from /opt/airflow/dags/youtube_medallion_pipeline.py
[2026-07-25T17:28:27.531+0000] {processor.py:925} INFO - DAG(s) 'youtube_medallion_pipeline' retrieved from /opt/airflow/dags/youtube_medallion_pipeline.py
[2026-07-25T17:28:27.650+0000] {logging_mixin.py:190} INFO - [2026-07-25T17:28:27.650+0000] {dag.py:3239} INFO - Sync 1 DAGs
[2026-07-25T17:28:27.728+0000] {logging_mixin.py:190} INFO - [2026-07-25T17:28:27.728+0000] {dag.py:4180} INFO - Setting next_dagrun for youtube_medallion_pipeline to None, run_after=None
[2026-07-25T17:28:27.858+0000] {processor.py:208} INFO - Processing /opt/airflow/dags/youtube_medallion_pipeline.py took 0.402 seconds
[2026-07-25T17:28:58.210+0000] {processor.py:186} INFO - Started process (PID=2196) to work on /opt/airflow/dags/youtube_medallion_pipeline.py
[2026-07-25T17:28:58.222+0000] {processor.py:914} INFO - Processing file /opt/airflow/dags/youtube_medallion_pipeline.py for tasks to queue
[2026-07-25T17:28:58.234+0000] {logging_mixin.py:190} INFO - [2026-07-25T17:28:58.231+0000] {dagbag.py:588} INFO - Filling up the DagBag from /opt/airflow/dags/youtube_medallion_pipeline.py
[2026-07-25T17:28:58.294+0000] {processor.py:925} INFO - DAG(s) 'youtube_medallion_pipeline' retrieved from /opt/airflow/dags/youtube_medallion_pipeline.py
[2026-07-25T17:28:58.468+0000] {logging_mixin.py:190} INFO - [2026-07-25T17:28:58.467+0000] {dag.py:3239} INFO - Sync 1 DAGs
[2026-07-25T17:28:58.523+0000] {logging_mixin.py:190} INFO - [2026-07-25T17:28:58.523+0000] {dag.py:4180} INFO - Setting next_dagrun for youtube_medallion_pipeline to None, run_after=None
[2026-07-25T17:28:58.557+0000] {processor.py:208} INFO - Processing /opt/airflow/dags/youtube_medallion_pipeline.py took 0.377 seconds
[2026-07-25T17:29:28.890+0000] {processor.py:186} INFO - Started process (PID=2201) to work on /opt/airflow/dags/youtube_medallion_pipeline.py
[2026-07-25T17:29:28.893+0000] {processor.py:914} INFO - Processing file /opt/airflow/dags/youtube_medallion_pipeline.py for tasks to queue
[2026-07-25T17:29:28.896+0000] {logging_mixin.py:190} INFO - [2026-07-25T17:29:28.895+0000] {dagbag.py:588} INFO - Filling up the DagBag from /opt/airflow/dags/youtube_medallion_pipeline.py
[2026-07-25T17:29:28.915+0000] {processor.py:925} INFO - DAG(s) 'youtube_medallion_pipeline' retrieved from /opt/airflow/dags/youtube_medallion_pipeline.py
[2026-07-25T17:29:28.969+0000] {logging_mixin.py:190} INFO - [2026-07-25T17:29:28.969+0000] {dag.py:3239} INFO - Sync 1 DAGs
[2026-07-25T17:29:28.996+0000] {logging_mixin.py:190} INFO - [2026-07-25T17:29:28.995+0000] {dag.py:4180} INFO - Setting next_dagrun for youtube_medallion_pipeline to None, run_after=None
[2026-07-25T17:29:29.024+0000] {processor.py:208} INFO - Processing /opt/airflow/dags/youtube_medallion_pipeline.py took 0.142 seconds
[2026-07-25T17:29:59.154+0000] {processor.py:186} INFO - Started process (PID=2206) to work on /opt/airflow/dags/youtube_medallion_pipeline.py
[2026-07-25T17:29:59.156+0000] {processor.py:914} INFO - Processing file /opt/airflow/dags/youtube_medallion_pipeline.py for tasks to queue
[2026-07-25T17:29:59.158+0000] {logging_mixin.py:190} INFO - [2026-07-25T17:29:59.158+0000] {dagbag.py:588} INFO - Filling up the DagBag from /opt/airflow/dags/youtube_medallion_pipeline.py
[2026-07-25T17:29:59.181+0000] {processor.py:925} INFO - DAG(s) 'youtube_medallion_pipeline' retrieved from /opt/airflow/dags/youtube_medallion_pipeline.py
[2026-07-25T17:29:59.229+0000] {logging_mixin.py:190} INFO - [2026-07-25T17:29:59.229+0000] {dag.py:3239} INFO - Sync 1 DAGs
[2026-07-25T17:29:59.250+0000] {logging_mixin.py:190} INFO - [2026-07-25T17:29:59.250+0000] {dag.py:4180} INFO - Setting next_dagrun for youtube_medallion_pipeline to None, run_after=None
[2026-07-25T17:29:59.279+0000] {processor.py:208} INFO - Processing /opt/airflow/dags/youtube_medallion_pipeline.py took 0.133 seconds
[2026-07-25T17:30:29.621+0000] {processor.py:186} INFO - Started process (PID=2211) to work on /opt/airflow/dags/youtube_medallion_pipeline.py
[2026-07-25T17:30:29.623+0000] {processor.py:914} INFO - Processing file /opt/airflow/dags/youtube_medallion_pipeline.py for tasks to queue
[2026-07-25T17:30:29.626+0000] {logging_mixin.py:190} INFO - [2026-07-25T17:30:29.625+0000] {dagbag.py:588} INFO - Filling up the DagBag from /opt/airflow/dags/youtube_medallion_pipeline.py
[2026-07-25T17:30:29.643+0000] {processor.py:925} INFO - DAG(s) 'youtube_medallion_pipeline' retrieved from /opt/airflow/dags/youtube_medallion_pipeline.py
[2026-07-25T17:30:29.721+0000] {logging_mixin.py:190} INFO - [2026-07-25T17:30:29.720+0000] {dag.py:3239} INFO - Sync 1 DAGs
[2026-07-25T17:30:29.746+0000] {logging_mixin.py:190} INFO - [2026-07-25T17:30:29.746+0000] {dag.py:4180} INFO - Setting next_dagrun for youtube_medallion_pipeline to None, run_after=None
[2026-07-25T17:30:29.780+0000] {processor.py:208} INFO - Processing /opt/airflow/dags/youtube_medallion_pipeline.py took 0.165 seconds
[2026-07-25T17:30:59.897+0000] {processor.py:186} INFO - Started process (PID=2216) to work on /opt/airflow/dags/youtube_medallion_pipeline.py
[2026-07-25T17:30:59.900+0000] {processor.py:914} INFO - Processing file /opt/airflow/dags/youtube_medallion_pipeline.py for tasks to queue
[2026-07-25T17:30:59.903+0000] {logging_mixin.py:190} INFO - [2026-07-25T17:30:59.902+0000] {dagbag.py:588} INFO - Filling up the DagBag from /opt/airflow/dags/youtube_medallion_pipeline.py
[2026-07-25T17:30:59.926+0000] {processor.py:925} INFO - DAG(s) 'youtube_medallion_pipeline' retrieved from /opt/airflow/dags/youtube_medallion_pipeline.py
[2026-07-25T17:30:59.982+0000] {logging_mixin.py:190} INFO - [2026-07-25T17:30:59.982+0000] {dag.py:3239} INFO - Sync 1 DAGs
[2026-07-25T17:31:00.012+0000] {logging_mixin.py:190} INFO - [2026-07-25T17:31:00.011+0000] {dag.py:4180} INFO - Setting next_dagrun for youtube_medallion_pipeline to None, run_after=None
[2026-07-25T17:31:00.069+0000] {processor.py:208} INFO - Processing /opt/airflow/dags/youtube_medallion_pipeline.py took 0.179 seconds
[2026-07-25T17:31:30.349+0000] {processor.py:186} INFO - Started process (PID=2221) to work on /opt/airflow/dags/youtube_medallion_pipeline.py
[2026-07-25T17:31:30.351+0000] {processor.py:914} INFO - Processing file /opt/airflow/dags/youtube_medallion_pipeline.py for tasks to queue
[2026-07-25T17:31:30.353+0000] {logging_mixin.py:190} INFO - [2026-07-25T17:31:30.353+0000] {dagbag.py:588} INFO - Filling up the DagBag from /opt/airflow/dags/youtube_medallion_pipeline.py
[2026-07-25T17:31:30.373+0000] {processor.py:925} INFO - DAG(s) 'youtube_medallion_pipeline' retrieved from /opt/airflow/dags/youtube_medallion_pipeline.py
[2026-07-25T17:31:30.481+0000] {logging_mixin.py:190} INFO - [2026-07-25T17:31:30.480+0000] {dag.py:3239} INFO - Sync 1 DAGs
[2026-07-25T17:31:30.596+0000] {logging_mixin.py:190} INFO - [2026-07-25T17:31:30.595+0000] {dag.py:4180} INFO - Setting next_dagrun for youtube_medallion_pipeline to None, run_after=None
[2026-07-25T17:31:30.641+0000] {processor.py:208} INFO - Processing /opt/airflow/dags/youtube_medallion_pipeline.py took 0.301 seconds
[2026-07-25T17:32:00.961+0000] {processor.py:186} INFO - Started process (PID=2226) to work on /opt/airflow/dags/youtube_medallion_pipeline.py
[2026-07-25T17:32:00.964+0000] {processor.py:914} INFO - Processing file /opt/airflow/dags/youtube_medallion_pipeline.py for tasks to queue
[2026-07-25T17:32:00.968+0000] {logging_mixin.py:190} INFO - [2026-07-25T17:32:00.967+0000] {dagbag.py:588} INFO - Filling up the DagBag from /opt/airflow/dags/youtube_medallion_pipeline.py
[2026-07-25T17:32:00.984+0000] {processor.py:925} INFO - DAG(s) 'youtube_medallion_pipeline' retrieved from /opt/airflow/dags/youtube_medallion_pipeline.py
[2026-07-25T17:32:01.034+0000] {logging_mixin.py:190} INFO - [2026-07-25T17:32:01.034+0000] {dag.py:3239} INFO - Sync 1 DAGs
[2026-07-25T17:32:01.069+0000] {logging_mixin.py:190} INFO - [2026-07-25T17:32:01.068+0000] {dag.py:4180} INFO - Setting next_dagrun for youtube_medallion_pipeline to None, run_after=None
[2026-07-25T17:32:01.125+0000] {processor.py:208} INFO - Processing /opt/airflow/dags/youtube_medallion_pipeline.py took 0.173 seconds
[2026-07-25T17:32:31.212+0000] {processor.py:186} INFO - Started process (PID=2231) to work on /opt/airflow/dags/youtube_medallion_pipeline.py
[2026-07-25T17:32:31.215+0000] {processor.py:914} INFO - Processing file /opt/airflow/dags/youtube_medallion_pipeline.py for tasks to queue
[2026-07-25T17:32:31.218+0000] {logging_mixin.py:190} INFO - [2026-07-25T17:32:31.217+0000] {dagbag.py:588} INFO - Filling up the DagBag from /opt/airflow/dags/youtube_medallion_pipeline.py
[2026-07-25T17:32:31.238+0000] {processor.py:925} INFO - DAG(s) 'youtube_medallion_pipeline' retrieved from /opt/airflow/dags/youtube_medallion_pipeline.py
[2026-07-25T17:32:31.287+0000] {logging_mixin.py:190} INFO - [2026-07-25T17:32:31.287+0000] {dag.py:3239} INFO - Sync 1 DAGs
[2026-07-25T17:32:31.307+0000] {logging_mixin.py:190} INFO - [2026-07-25T17:32:31.307+0000] {dag.py:4180} INFO - Setting next_dagrun for youtube_medallion_pipeline to None, run_after=None
[2026-07-25T17:32:31.338+0000] {processor.py:208} INFO - Processing /opt/airflow/dags/youtube_medallion_pipeline.py took 0.133 seconds
[2026-07-25T17:33:01.480+0000] {processor.py:186} INFO - Started process (PID=2236) to work on /opt/airflow/dags/youtube_medallion_pipeline.py
[2026-07-25T17:33:01.483+0000] {processor.py:914} INFO - Processing file /opt/airflow/dags/youtube_medallion_pipeline.py for tasks to queue
[2026-07-25T17:33:01.486+0000] {logging_mixin.py:190} INFO - [2026-07-25T17:33:01.485+0000] {dagbag.py:588} INFO - Filling up the DagBag from /opt/airflow/dags/youtube_medallion_pipeline.py
[2026-07-25T17:33:01.506+0000] {processor.py:925} INFO - DAG(s) 'youtube_medallion_pipeline' retrieved from /opt/airflow/dags/youtube_medallion_pipeline.py
[2026-07-25T17:33:01.575+0000] {logging_mixin.py:190} INFO - [2026-07-25T17:33:01.575+0000] {dag.py:3239} INFO - Sync 1 DAGs
[2026-07-25T17:33:01.618+0000] {logging_mixin.py:190} INFO - [2026-07-25T17:33:01.618+0000] {dag.py:4180} INFO - Setting next_dagrun for youtube_medallion_pipeline to None, run_after=None
[2026-07-25T17:33:01.662+0000] {processor.py:208} INFO - Processing /opt/airflow/dags/youtube_medallion_pipeline.py took 0.195 seconds
[2026-07-25T17:33:31.890+0000] {processor.py:186} INFO - Started process (PID=2241) to work on /opt/airflow/dags/youtube_medallion_pipeline.py
[2026-07-25T17:33:31.892+0000] {processor.py:914} INFO - Processing file /opt/airflow/dags/youtube_medallion_pipeline.py for tasks to queue
[2026-07-25T17:33:31.895+0000] {logging_mixin.py:190} INFO - [2026-07-25T17:33:31.894+0000] {dagbag.py:588} INFO - Filling up the DagBag from /opt/airflow/dags/youtube_medallion_pipeline.py
[2026-07-25T17:33:31.919+0000] {processor.py:925} INFO - DAG(s) 'youtube_medallion_pipeline' retrieved from /opt/airflow/dags/youtube_medallion_pipeline.py
[2026-07-25T17:33:31.964+0000] {logging_mixin.py:190} INFO - [2026-07-25T17:33:31.963+0000] {dag.py:3239} INFO - Sync 1 DAGs
[2026-07-25T17:33:31.984+0000] {logging_mixin.py:190} INFO - [2026-07-25T17:33:31.984+0000] {dag.py:4180} INFO - Setting next_dagrun for youtube_medallion_pipeline to None, run_after=None
[2026-07-25T17:33:32.012+0000] {processor.py:208} INFO - Processing /opt/airflow/dags/youtube_medallion_pipeline.py took 0.139 seconds
[2026-07-25T17:34:02.218+0000] {processor.py:186} INFO - Started process (PID=2246) to work on /opt/airflow/dags/youtube_medallion_pipeline.py
[2026-07-25T17:34:02.220+0000] {processor.py:914} INFO - Processing file /opt/airflow/dags/youtube_medallion_pipeline.py for tasks to queue
[2026-07-25T17:34:02.223+0000] {logging_mixin.py:190} INFO - [2026-07-25T17:34:02.223+0000] {dagbag.py:588} INFO - Filling up the DagBag from /opt/airflow/dags/youtube_medallion_pipeline.py
[2026-07-25T17:34:02.251+0000] {processor.py:925} INFO - DAG(s) 'youtube_medallion_pipeline' retrieved from /opt/airflow/dags/youtube_medallion_pipeline.py
[2026-07-25T17:34:02.311+0000] {logging_mixin.py:190} INFO - [2026-07-25T17:34:02.310+0000] {dag.py:3239} INFO - Sync 1 DAGs
[2026-07-25T17:34:02.335+0000] {logging_mixin.py:190} INFO - [2026-07-25T17:34:02.335+0000] {dag.py:4180} INFO - Setting next_dagrun for youtube_medallion_pipeline to None, run_after=None
[2026-07-25T17:34:02.365+0000] {processor.py:208} INFO - Processing /opt/airflow/dags/youtube_medallion_pipeline.py took 0.163 seconds
[2026-07-25T17:34:32.682+0000] {processor.py:186} INFO - Started process (PID=2251) to work on /opt/airflow/dags/youtube_medallion_pipeline.py
[2026-07-25T17:34:32.695+0000] {processor.py:914} INFO - Processing file /opt/airflow/dags/youtube_medallion_pipeline.py for tasks to queue
[2026-07-25T17:34:32.707+0000] {logging_mixin.py:190} INFO - [2026-07-25T17:34:32.703+0000] {dagbag.py:588} INFO - Filling up the DagBag from /opt/airflow/dags/youtube_medallion_pipeline.py
[2026-07-25T17:34:32.785+0000] {processor.py:925} INFO - DAG(s) 'youtube_medallion_pipeline' retrieved from /opt/airflow/dags/youtube_medallion_pipeline.py
[2026-07-25T17:34:32.882+0000] {logging_mixin.py:190} INFO - [2026-07-25T17:34:32.881+0000] {dag.py:3239} INFO - Sync 1 DAGs
[2026-07-25T17:34:32.917+0000] {logging_mixin.py:190} INFO - [2026-07-25T17:34:32.917+0000] {dag.py:4180} INFO - Setting next_dagrun for youtube_medallion_pipeline to None, run_after=None
[2026-07-25T17:34:32.958+0000] {processor.py:208} INFO - Processing /opt/airflow/dags/youtube_medallion_pipeline.py took 0.362 seconds
[2026-07-25T17:35:03.270+0000] {processor.py:186} INFO - Started process (PID=2256) to work on /opt/airflow/dags/youtube_medallion_pipeline.py
[2026-07-25T17:35:03.272+0000] {processor.py:914} INFO - Processing file /opt/airflow/dags/youtube_medallion_pipeline.py for tasks to queue
[2026-07-25T17:35:03.275+0000] {logging_mixin.py:190} INFO - [2026-07-25T17:35:03.275+0000] {dagbag.py:588} INFO - Filling up the DagBag from /opt/airflow/dags/youtube_medallion_pipeline.py
[2026-07-25T17:35:03.302+0000] {processor.py:925} INFO - DAG(s) 'youtube_medallion_pipeline' retrieved from /opt/airflow/dags/youtube_medallion_pipeline.py
[2026-07-25T17:35:03.371+0000] {logging_mixin.py:190} INFO - [2026-07-25T17:35:03.371+0000] {dag.py:3239} INFO - Sync 1 DAGs
[2026-07-25T17:35:03.402+0000] {logging_mixin.py:190} INFO - [2026-07-25T17:35:03.402+0000] {dag.py:4180} INFO - Setting next_dagrun for youtube_medallion_pipeline to None, run_after=None
[2026-07-25T17:35:03.461+0000] {processor.py:208} INFO - Processing /opt/airflow/dags/youtube_medallion_pipeline.py took 0.200 seconds
[2026-07-25T17:35:33.533+0000] {processor.py:186} INFO - Started process (PID=2261) to work on /opt/airflow/dags/youtube_medallion_pipeline.py
[2026-07-25T17:35:33.536+0000] {processor.py:914} INFO - Processing file /opt/airflow/dags/youtube_medallion_pipeline.py for tasks to queue
[2026-07-25T17:35:33.538+0000] {logging_mixin.py:190} INFO - [2026-07-25T17:35:33.538+0000] {dagbag.py:588} INFO - Filling up the DagBag from /opt/airflow/dags/youtube_medallion_pipeline.py
[2026-07-25T17:35:33.558+0000] {processor.py:925} INFO - DAG(s) 'youtube_medallion_pipeline' retrieved from /opt/airflow/dags/youtube_medallion_pipeline.py
[2026-07-25T17:35:33.609+0000] {logging_mixin.py:190} INFO - [2026-07-25T17:35:33.609+0000] {dag.py:3239} INFO - Sync 1 DAGs
[2026-07-25T17:35:33.632+0000] {logging_mixin.py:190} INFO - [2026-07-25T17:35:33.632+0000] {dag.py:4180} INFO - Setting next_dagrun for youtube_medallion_pipeline to None, run_after=None
[2026-07-25T17:35:33.662+0000] {processor.py:208} INFO - Processing /opt/airflow/dags/youtube_medallion_pipeline.py took 0.138 seconds
[2026-07-25T17:36:03.791+0000] {processor.py:186} INFO - Started process (PID=2266) to work on /opt/airflow/dags/youtube_medallion_pipeline.py
[2026-07-25T17:36:03.793+0000] {processor.py:914} INFO - Processing file /opt/airflow/dags/youtube_medallion_pipeline.py for tasks to queue
[2026-07-25T17:36:03.796+0000] {logging_mixin.py:190} INFO - [2026-07-25T17:36:03.796+0000] {dagbag.py:588} INFO - Filling up the DagBag from /opt/airflow/dags/youtube_medallion_pipeline.py
[2026-07-25T17:36:03.821+0000] {processor.py:925} INFO - DAG(s) 'youtube_medallion_pipeline' retrieved from /opt/airflow/dags/youtube_medallion_pipeline.py
[2026-07-25T17:36:03.901+0000] {logging_mixin.py:190} INFO - [2026-07-25T17:36:03.900+0000] {dag.py:3239} INFO - Sync 1 DAGs
[2026-07-25T17:36:03.981+0000] {logging_mixin.py:190} INFO - [2026-07-25T17:36:03.981+0000] {dag.py:4180} INFO - Setting next_dagrun for youtube_medallion_pipeline to None, run_after=None
[2026-07-25T17:36:04.010+0000] {processor.py:208} INFO - Processing /opt/airflow/dags/youtube_medallion_pipeline.py took 0.231 seconds
[2026-07-25T17:36:34.204+0000] {processor.py:186} INFO - Started process (PID=2271) to work on /opt/airflow/dags/youtube_medallion_pipeline.py
[2026-07-25T17:36:34.206+0000] {processor.py:914} INFO - Processing file /opt/airflow/dags/youtube_medallion_pipeline.py for tasks to queue
[2026-07-25T17:36:34.210+0000] {logging_mixin.py:190} INFO - [2026-07-25T17:36:34.209+0000] {dagbag.py:588} INFO - Filling up the DagBag from /opt/airflow/dags/youtube_medallion_pipeline.py
[2026-07-25T17:36:34.231+0000] {processor.py:925} INFO - DAG(s) 'youtube_medallion_pipeline' retrieved from /opt/airflow/dags/youtube_medallion_pipeline.py
[2026-07-25T17:36:34.281+0000] {logging_mixin.py:190} INFO - [2026-07-25T17:36:34.281+0000] {dag.py:3239} INFO - Sync 1 DAGs
[2026-07-25T17:36:34.303+0000] {logging_mixin.py:190} INFO - [2026-07-25T17:36:34.303+0000] {dag.py:4180} INFO - Setting next_dagrun for youtube_medallion_pipeline to None, run_after=None
[2026-07-25T17:36:34.334+0000] {processor.py:208} INFO - Processing /opt/airflow/dags/youtube_medallion_pipeline.py took 0.140 seconds
[2026-07-25T17:37:04.539+0000] {processor.py:186} INFO - Started process (PID=2276) to work on /opt/airflow/dags/youtube_medallion_pipeline.py
[2026-07-25T17:37:04.542+0000] {processor.py:914} INFO - Processing file /opt/airflow/dags/youtube_medallion_pipeline.py for tasks to queue
[2026-07-25T17:37:04.545+0000] {logging_mixin.py:190} INFO - [2026-07-25T17:37:04.544+0000] {dagbag.py:588} INFO - Filling up the DagBag from /opt/airflow/dags/youtube_medallion_pipeline.py
[2026-07-25T17:37:04.564+0000] {processor.py:925} INFO - DAG(s) 'youtube_medallion_pipeline' retrieved from /opt/airflow/dags/youtube_medallion_pipeline.py
[2026-07-25T17:37:04.607+0000] {logging_mixin.py:190} INFO - [2026-07-25T17:37:04.606+0000] {dag.py:3239} INFO - Sync 1 DAGs
[2026-07-25T17:37:04.627+0000] {logging_mixin.py:190} INFO - [2026-07-25T17:37:04.627+0000] {dag.py:4180} INFO - Setting next_dagrun for youtube_medallion_pipeline to None, run_after=None
[2026-07-25T17:37:04.658+0000] {processor.py:208} INFO - Processing /opt/airflow/dags/youtube_medallion_pipeline.py took 0.126 seconds
[2026-07-25T17:37:34.845+0000] {processor.py:186} INFO - Started process (PID=2281) to work on /opt/airflow/dags/youtube_medallion_pipeline.py
[2026-07-25T17:37:34.847+0000] {processor.py:914} INFO - Processing file /opt/airflow/dags/youtube_medallion_pipeline.py for tasks to queue
[2026-07-25T17:37:34.849+0000] {logging_mixin.py:190} INFO - [2026-07-25T17:37:34.849+0000] {dagbag.py:588} INFO - Filling up the DagBag from /opt/airflow/dags/youtube_medallion_pipeline.py
[2026-07-25T17:37:34.867+0000] {processor.py:925} INFO - DAG(s) 'youtube_medallion_pipeline' retrieved from /opt/airflow/dags/youtube_medallion_pipeline.py
[2026-07-25T17:37:34.913+0000] {logging_mixin.py:190} INFO - [2026-07-25T17:37:34.913+0000] {dag.py:3239} INFO - Sync 1 DAGs
[2026-07-25T17:37:34.941+0000] {logging_mixin.py:190} INFO - [2026-07-25T17:37:34.941+0000] {dag.py:4180} INFO - Setting next_dagrun for youtube_medallion_pipeline to None, run_after=None
[2026-07-25T17:37:34.969+0000] {processor.py:208} INFO - Processing /opt/airflow/dags/youtube_medallion_pipeline.py took 0.132 seconds
[2026-07-25T17:38:05.192+0000] {processor.py:186} INFO - Started process (PID=2286) to work on /opt/airflow/dags/youtube_medallion_pipeline.py
[2026-07-25T17:38:05.194+0000] {processor.py:914} INFO - Processing file /opt/airflow/dags/youtube_medallion_pipeline.py for tasks to queue
[2026-07-25T17:38:05.197+0000] {logging_mixin.py:190} INFO - [2026-07-25T17:38:05.196+0000] {dagbag.py:588} INFO - Filling up the DagBag from /opt/airflow/dags/youtube_medallion_pipeline.py
[2026-07-25T17:38:05.214+0000] {processor.py:925} INFO - DAG(s) 'youtube_medallion_pipeline' retrieved from /opt/airflow/dags/youtube_medallion_pipeline.py
[2026-07-25T17:38:05.263+0000] {logging_mixin.py:190} INFO - [2026-07-25T17:38:05.262+0000] {dag.py:3239} INFO - Sync 1 DAGs
[2026-07-25T17:38:05.287+0000] {logging_mixin.py:190} INFO - [2026-07-25T17:38:05.286+0000] {dag.py:4180} INFO - Setting next_dagrun for youtube_medallion_pipeline to None, run_after=None
[2026-07-25T17:38:05.319+0000] {processor.py:208} INFO - Processing /opt/airflow/dags/youtube_medallion_pipeline.py took 0.135 seconds
[2026-07-25T17:38:35.495+0000] {processor.py:186} INFO - Started process (PID=2291) to work on /opt/airflow/dags/youtube_medallion_pipeline.py
[2026-07-25T17:38:35.497+0000] {processor.py:914} INFO - Processing file /opt/airflow/dags/youtube_medallion_pipeline.py for tasks to queue
[2026-07-25T17:38:35.499+0000] {logging_mixin.py:190} INFO - [2026-07-25T17:38:35.499+0000] {dagbag.py:588} INFO - Filling up the DagBag from /opt/airflow/dags/youtube_medallion_pipeline.py
[2026-07-25T17:38:35.518+0000] {processor.py:925} INFO - DAG(s) 'youtube_medallion_pipeline' retrieved from /opt/airflow/dags/youtube_medallion_pipeline.py
[2026-07-25T17:38:35.565+0000] {logging_mixin.py:190} INFO - [2026-07-25T17:38:35.564+0000] {dag.py:3239} INFO - Sync 1 DAGs
[2026-07-25T17:38:35.585+0000] {logging_mixin.py:190} INFO - [2026-07-25T17:38:35.585+0000] {dag.py:4180} INFO - Setting next_dagrun for youtube_medallion_pipeline to None, run_after=None
[2026-07-25T17:38:35.615+0000] {processor.py:208} INFO - Processing /opt/airflow/dags/youtube_medallion_pipeline.py took 0.129 seconds
[2026-07-25T17:39:05.935+0000] {processor.py:186} INFO - Started process (PID=2296) to work on /opt/airflow/dags/youtube_medallion_pipeline.py
[2026-07-25T17:39:05.947+0000] {processor.py:914} INFO - Processing file /opt/airflow/dags/youtube_medallion_pipeline.py for tasks to queue
[2026-07-25T17:39:05.965+0000] {logging_mixin.py:190} INFO - [2026-07-25T17:39:05.964+0000] {dagbag.py:588} INFO - Filling up the DagBag from /opt/airflow/dags/youtube_medallion_pipeline.py
[2026-07-25T17:39:06.037+0000] {processor.py:925} INFO - DAG(s) 'youtube_medallion_pipeline' retrieved from /opt/airflow/dags/youtube_medallion_pipeline.py
[2026-07-25T17:39:06.152+0000] {logging_mixin.py:190} INFO - [2026-07-25T17:39:06.151+0000] {dag.py:3239} INFO - Sync 1 DAGs
[2026-07-25T17:39:06.247+0000] {logging_mixin.py:190} INFO - [2026-07-25T17:39:06.246+0000] {dag.py:4180} INFO - Setting next_dagrun for youtube_medallion_pipeline to None, run_after=None
[2026-07-25T17:39:06.369+0000] {processor.py:208} INFO - Processing /opt/airflow/dags/youtube_medallion_pipeline.py took 0.453 seconds
[2026-07-25T17:39:36.693+0000] {processor.py:186} INFO - Started process (PID=2301) to work on /opt/airflow/dags/youtube_medallion_pipeline.py
[2026-07-25T17:39:36.696+0000] {processor.py:914} INFO - Processing file /opt/airflow/dags/youtube_medallion_pipeline.py for tasks to queue
[2026-07-25T17:39:36.700+0000] {logging_mixin.py:190} INFO - [2026-07-25T17:39:36.699+0000] {dagbag.py:588} INFO - Filling up the DagBag from /opt/airflow/dags/youtube_medallion_pipeline.py
[2026-07-25T17:39:36.721+0000] {processor.py:925} INFO - DAG(s) 'youtube_medallion_pipeline' retrieved from /opt/airflow/dags/youtube_medallion_pipeline.py
[2026-07-25T17:39:36.773+0000] {logging_mixin.py:190} INFO - [2026-07-25T17:39:36.773+0000] {dag.py:3239} INFO - Sync 1 DAGs
[2026-07-25T17:39:36.800+0000] {logging_mixin.py:190} INFO - [2026-07-25T17:39:36.800+0000] {dag.py:4180} INFO - Setting next_dagrun for youtube_medallion_pipeline to None, run_after=None
[2026-07-25T17:39:36.832+0000] {processor.py:208} INFO - Processing /opt/airflow/dags/youtube_medallion_pipeline.py took 0.148 seconds
[2026-07-25T17:40:06.962+0000] {processor.py:186} INFO - Started process (PID=2306) to work on /opt/airflow/dags/youtube_medallion_pipeline.py
[2026-07-25T17:40:06.965+0000] {processor.py:914} INFO - Processing file /opt/airflow/dags/youtube_medallion_pipeline.py for tasks to queue
[2026-07-25T17:40:06.970+0000] {logging_mixin.py:190} INFO - [2026-07-25T17:40:06.970+0000] {dagbag.py:588} INFO - Filling up the DagBag from /opt/airflow/dags/youtube_medallion_pipeline.py
[2026-07-25T17:40:07.003+0000] {processor.py:925} INFO - DAG(s) 'youtube_medallion_pipeline' retrieved from /opt/airflow/dags/youtube_medallion_pipeline.py
[2026-07-25T17:40:07.150+0000] {logging_mixin.py:190} INFO - [2026-07-25T17:40:07.150+0000] {dag.py:3239} INFO - Sync 1 DAGs
[2026-07-25T17:40:07.189+0000] {logging_mixin.py:190} INFO - [2026-07-25T17:40:07.189+0000] {dag.py:4180} INFO - Setting next_dagrun for youtube_medallion_pipeline to None, run_after=None
[2026-07-25T17:40:07.234+0000] {processor.py:208} INFO - Processing /opt/airflow/dags/youtube_medallion_pipeline.py took 0.290 seconds
[2026-07-25T17:40:37.410+0000] {processor.py:186} INFO - Started process (PID=2311) to work on /opt/airflow/dags/youtube_medallion_pipeline.py
[2026-07-25T17:40:37.413+0000] {processor.py:914} INFO - Processing file /opt/airflow/dags/youtube_medallion_pipeline.py for tasks to queue
[2026-07-25T17:40:37.415+0000] {logging_mixin.py:190} INFO - [2026-07-25T17:40:37.415+0000] {dagbag.py:588} INFO - Filling up the DagBag from /opt/airflow/dags/youtube_medallion_pipeline.py
[2026-07-25T17:40:37.432+0000] {processor.py:925} INFO - DAG(s) 'youtube_medallion_pipeline' retrieved from /opt/airflow/dags/youtube_medallion_pipeline.py
[2026-07-25T17:40:37.478+0000] {logging_mixin.py:190} INFO - [2026-07-25T17:40:37.478+0000] {dag.py:3239} INFO - Sync 1 DAGs
[2026-07-25T17:40:37.498+0000] {logging_mixin.py:190} INFO - [2026-07-25T17:40:37.498+0000] {dag.py:4180} INFO - Setting next_dagrun for youtube_medallion_pipeline to None, run_after=None
[2026-07-25T17:40:37.527+0000] {processor.py:208} INFO - Processing /opt/airflow/dags/youtube_medallion_pipeline.py took 0.123 seconds
[2026-07-25T17:41:07.747+0000] {processor.py:186} INFO - Started process (PID=2316) to work on /opt/airflow/dags/youtube_medallion_pipeline.py
[2026-07-25T17:41:07.749+0000] {processor.py:914} INFO - Processing file /opt/airflow/dags/youtube_medallion_pipeline.py for tasks to queue
[2026-07-25T17:41:07.752+0000] {logging_mixin.py:190} INFO - [2026-07-25T17:41:07.751+0000] {dagbag.py:588} INFO - Filling up the DagBag from /opt/airflow/dags/youtube_medallion_pipeline.py
[2026-07-25T17:41:07.770+0000] {processor.py:925} INFO - DAG(s) 'youtube_medallion_pipeline' retrieved from /opt/airflow/dags/youtube_medallion_pipeline.py
[2026-07-25T17:41:07.812+0000] {logging_mixin.py:190} INFO - [2026-07-25T17:41:07.812+0000] {dag.py:3239} INFO - Sync 1 DAGs
[2026-07-25T17:41:07.861+0000] {logging_mixin.py:190} INFO - [2026-07-25T17:41:07.861+0000] {dag.py:4180} INFO - Setting next_dagrun for youtube_medallion_pipeline to None, run_after=None
[2026-07-25T17:41:07.900+0000] {processor.py:208} INFO - Processing /opt/airflow/dags/youtube_medallion_pipeline.py took 0.164 seconds
[2026-07-25T17:41:38.027+0000] {processor.py:186} INFO - Started process (PID=2321) to work on /opt/airflow/dags/youtube_medallion_pipeline.py
[2026-07-25T17:41:38.029+0000] {processor.py:914} INFO - Processing file /opt/airflow/dags/youtube_medallion_pipeline.py for tasks to queue
[2026-07-25T17:41:38.032+0000] {logging_mixin.py:190} INFO - [2026-07-25T17:41:38.031+0000] {dagbag.py:588} INFO - Filling up the DagBag from /opt/airflow/dags/youtube_medallion_pipeline.py
[2026-07-25T17:41:38.065+0000] {processor.py:925} INFO - DAG(s) 'youtube_medallion_pipeline' retrieved from /opt/airflow/dags/youtube_medallion_pipeline.py
[2026-07-25T17:41:38.136+0000] {logging_mixin.py:190} INFO - [2026-07-25T17:41:38.136+0000] {dag.py:3239} INFO - Sync 1 DAGs
[2026-07-25T17:41:38.163+0000] {logging_mixin.py:190} INFO - [2026-07-25T17:41:38.162+0000] {dag.py:4180} INFO - Setting next_dagrun for youtube_medallion_pipeline to None, run_after=None
[2026-07-25T17:41:38.198+0000] {processor.py:208} INFO - Processing /opt/airflow/dags/youtube_medallion_pipeline.py took 0.178 seconds
[2026-07-25T17:42:08.403+0000] {processor.py:186} INFO - Started process (PID=2326) to work on /opt/airflow/dags/youtube_medallion_pipeline.py
[2026-07-25T17:42:08.405+0000] {processor.py:914} INFO - Processing file /opt/airflow/dags/youtube_medallion_pipeline.py for tasks to queue
[2026-07-25T17:42:08.408+0000] {logging_mixin.py:190} INFO - [2026-07-25T17:42:08.408+0000] {dagbag.py:588} INFO - Filling up the DagBag from /opt/airflow/dags/youtube_medallion_pipeline.py
[2026-07-25T17:42:08.433+0000] {processor.py:925} INFO - DAG(s) 'youtube_medallion_pipeline' retrieved from /opt/airflow/dags/youtube_medallion_pipeline.py
[2026-07-25T17:42:08.486+0000] {logging_mixin.py:190} INFO - [2026-07-25T17:42:08.486+0000] {dag.py:3239} INFO - Sync 1 DAGs
[2026-07-25T17:42:08.514+0000] {logging_mixin.py:190} INFO - [2026-07-25T17:42:08.513+0000] {dag.py:4180} INFO - Setting next_dagrun for youtube_medallion_pipeline to None, run_after=None
[2026-07-25T17:42:08.549+0000] {processor.py:208} INFO - Processing /opt/airflow/dags/youtube_medallion_pipeline.py took 0.156 seconds
[2026-07-25T17:42:38.715+0000] {processor.py:186} INFO - Started process (PID=2331) to work on /opt/airflow/dags/youtube_medallion_pipeline.py
[2026-07-25T17:42:38.718+0000] {processor.py:914} INFO - Processing file /opt/airflow/dags/youtube_medallion_pipeline.py for tasks to queue
[2026-07-25T17:42:38.721+0000] {logging_mixin.py:190} INFO - [2026-07-25T17:42:38.720+0000] {dagbag.py:588} INFO - Filling up the DagBag from /opt/airflow/dags/youtube_medallion_pipeline.py
[2026-07-25T17:42:38.743+0000] {processor.py:925} INFO - DAG(s) 'youtube_medallion_pipeline' retrieved from /opt/airflow/dags/youtube_medallion_pipeline.py
[2026-07-25T17:42:38.796+0000] {logging_mixin.py:190} INFO - [2026-07-25T17:42:38.796+0000] {dag.py:3239} INFO - Sync 1 DAGs
[2026-07-25T17:42:38.823+0000] {logging_mixin.py:190} INFO - [2026-07-25T17:42:38.822+0000] {dag.py:4180} INFO - Setting next_dagrun for youtube_medallion_pipeline to None, run_after=None
[2026-07-25T17:42:38.860+0000] {processor.py:208} INFO - Processing /opt/airflow/dags/youtube_medallion_pipeline.py took 0.154 seconds
[2026-07-25T17:43:09.062+0000] {processor.py:186} INFO - Started process (PID=2336) to work on /opt/airflow/dags/youtube_medallion_pipeline.py
[2026-07-25T17:43:09.065+0000] {processor.py:914} INFO - Processing file /opt/airflow/dags/youtube_medallion_pipeline.py for tasks to queue
[2026-07-25T17:43:09.068+0000] {logging_mixin.py:190} INFO - [2026-07-25T17:43:09.067+0000] {dagbag.py:588} INFO - Filling up the DagBag from /opt/airflow/dags/youtube_medallion_pipeline.py
[2026-07-25T17:43:09.087+0000] {processor.py:925} INFO - DAG(s) 'youtube_medallion_pipeline' retrieved from /opt/airflow/dags/youtube_medallion_pipeline.py
[2026-07-25T17:43:09.131+0000] {logging_mixin.py:190} INFO - [2026-07-25T17:43:09.130+0000] {dag.py:3239} INFO - Sync 1 DAGs
[2026-07-25T17:43:09.153+0000] {logging_mixin.py:190} INFO - [2026-07-25T17:43:09.152+0000] {dag.py:4180} INFO - Setting next_dagrun for youtube_medallion_pipeline to None, run_after=None
[2026-07-25T17:43:09.183+0000] {processor.py:208} INFO - Processing /opt/airflow/dags/youtube_medallion_pipeline.py took 0.128 seconds
[2026-07-25T17:43:39.365+0000] {processor.py:186} INFO - Started process (PID=2341) to work on /opt/airflow/dags/youtube_medallion_pipeline.py
[2026-07-25T17:43:39.367+0000] {processor.py:914} INFO - Processing file /opt/airflow/dags/youtube_medallion_pipeline.py for tasks to queue
[2026-07-25T17:43:39.369+0000] {logging_mixin.py:190} INFO - [2026-07-25T17:43:39.369+0000] {dagbag.py:588} INFO - Filling up the DagBag from /opt/airflow/dags/youtube_medallion_pipeline.py
[2026-07-25T17:43:39.387+0000] {processor.py:925} INFO - DAG(s) 'youtube_medallion_pipeline' retrieved from /opt/airflow/dags/youtube_medallion_pipeline.py
[2026-07-25T17:43:39.433+0000] {logging_mixin.py:190} INFO - [2026-07-25T17:43:39.432+0000] {dag.py:3239} INFO - Sync 1 DAGs
[2026-07-25T17:43:39.452+0000] {logging_mixin.py:190} INFO - [2026-07-25T17:43:39.452+0000] {dag.py:4180} INFO - Setting next_dagrun for youtube_medallion_pipeline to None, run_after=None
[2026-07-25T17:43:39.481+0000] {processor.py:208} INFO - Processing /opt/airflow/dags/youtube_medallion_pipeline.py took 0.123 seconds
[2026-07-25T17:44:09.717+0000] {processor.py:186} INFO - Started process (PID=2346) to work on /opt/airflow/dags/youtube_medallion_pipeline.py
[2026-07-25T17:44:09.720+0000] {processor.py:914} INFO - Processing file /opt/airflow/dags/youtube_medallion_pipeline.py for tasks to queue
[2026-07-25T17:44:09.722+0000] {logging_mixin.py:190} INFO - [2026-07-25T17:44:09.722+0000] {dagbag.py:588} INFO - Filling up the DagBag from /opt/airflow/dags/youtube_medallion_pipeline.py
[2026-07-25T17:44:09.743+0000] {processor.py:925} INFO - DAG(s) 'youtube_medallion_pipeline' retrieved from /opt/airflow/dags/youtube_medallion_pipeline.py
[2026-07-25T17:44:09.789+0000] {logging_mixin.py:190} INFO - [2026-07-25T17:44:09.789+0000] {dag.py:3239} INFO - Sync 1 DAGs
[2026-07-25T17:44:09.812+0000] {logging_mixin.py:190} INFO - [2026-07-25T17:44:09.812+0000] {dag.py:4180} INFO - Setting next_dagrun for youtube_medallion_pipeline to None, run_after=None
[2026-07-25T17:44:09.844+0000] {processor.py:208} INFO - Processing /opt/airflow/dags/youtube_medallion_pipeline.py took 0.134 seconds
[2026-07-25T17:44:39.993+0000] {processor.py:186} INFO - Started process (PID=2351) to work on /opt/airflow/dags/youtube_medallion_pipeline.py
[2026-07-25T17:44:39.995+0000] {processor.py:914} INFO - Processing file /opt/airflow/dags/youtube_medallion_pipeline.py for tasks to queue
[2026-07-25T17:44:39.998+0000] {logging_mixin.py:190} INFO - [2026-07-25T17:44:39.998+0000] {dagbag.py:588} INFO - Filling up the DagBag from /opt/airflow/dags/youtube_medallion_pipeline.py
[2026-07-25T17:44:40.019+0000] {processor.py:925} INFO - DAG(s) 'youtube_medallion_pipeline' retrieved from /opt/airflow/dags/youtube_medallion_pipeline.py
[2026-07-25T17:44:40.064+0000] {logging_mixin.py:190} INFO - [2026-07-25T17:44:40.064+0000] {dag.py:3239} INFO - Sync 1 DAGs
[2026-07-25T17:44:40.086+0000] {logging_mixin.py:190} INFO - [2026-07-25T17:44:40.086+0000] {dag.py:4180} INFO - Setting next_dagrun for youtube_medallion_pipeline to None, run_after=None
[2026-07-25T17:44:40.113+0000] {processor.py:208} INFO - Processing /opt/airflow/dags/youtube_medallion_pipeline.py took 0.129 seconds
[2026-07-25T17:45:10.366+0000] {processor.py:186} INFO - Started process (PID=2356) to work on /opt/airflow/dags/youtube_medallion_pipeline.py
[2026-07-25T17:45:10.368+0000] {processor.py:914} INFO - Processing file /opt/airflow/dags/youtube_medallion_pipeline.py for tasks to queue
[2026-07-25T17:45:10.371+0000] {logging_mixin.py:190} INFO - [2026-07-25T17:45:10.371+0000] {dagbag.py:588} INFO - Filling up the DagBag from /opt/airflow/dags/youtube_medallion_pipeline.py
[2026-07-25T17:45:10.389+0000] {processor.py:925} INFO - DAG(s) 'youtube_medallion_pipeline' retrieved from /opt/airflow/dags/youtube_medallion_pipeline.py
[2026-07-25T17:45:10.434+0000] {logging_mixin.py:190} INFO - [2026-07-25T17:45:10.434+0000] {dag.py:3239} INFO - Sync 1 DAGs
[2026-07-25T17:45:10.456+0000] {logging_mixin.py:190} INFO - [2026-07-25T17:45:10.456+0000] {dag.py:4180} INFO - Setting next_dagrun for youtube_medallion_pipeline to None, run_after=None
[2026-07-25T17:45:10.485+0000] {processor.py:208} INFO - Processing /opt/airflow/dags/youtube_medallion_pipeline.py took 0.126 seconds
[2026-07-25T17:45:40.666+0000] {processor.py:186} INFO - Started process (PID=2361) to work on /opt/airflow/dags/youtube_medallion_pipeline.py
[2026-07-25T17:45:40.669+0000] {processor.py:914} INFO - Processing file /opt/airflow/dags/youtube_medallion_pipeline.py for tasks to queue
[2026-07-25T17:45:40.671+0000] {logging_mixin.py:190} INFO - [2026-07-25T17:45:40.671+0000] {dagbag.py:588} INFO - Filling up the DagBag from /opt/airflow/dags/youtube_medallion_pipeline.py
[2026-07-25T17:45:40.693+0000] {processor.py:925} INFO - DAG(s) 'youtube_medallion_pipeline' retrieved from /opt/airflow/dags/youtube_medallion_pipeline.py
[2026-07-25T17:45:40.757+0000] {logging_mixin.py:190} INFO - [2026-07-25T17:45:40.757+0000] {dag.py:3239} INFO - Sync 1 DAGs
[2026-07-25T17:45:40.783+0000] {logging_mixin.py:190} INFO - [2026-07-25T17:45:40.782+0000] {dag.py:4180} INFO - Setting next_dagrun for youtube_medallion_pipeline to None, run_after=None
[2026-07-25T17:45:40.823+0000] {processor.py:208} INFO - Processing /opt/airflow/dags/youtube_medallion_pipeline.py took 0.164 seconds
[2026-07-25T18:24:58.511+0000] {processor.py:186} INFO - Started process (PID=2366) to work on /opt/airflow/dags/youtube_medallion_pipeline.py
[2026-07-25T18:24:58.713+0000] {processor.py:914} INFO - Processing file /opt/airflow/dags/youtube_medallion_pipeline.py for tasks to queue
[2026-07-25T18:24:58.851+0000] {logging_mixin.py:190} INFO - [2026-07-25T18:24:58.849+0000] {dagbag.py:588} INFO - Filling up the DagBag from /opt/airflow/dags/youtube_medallion_pipeline.py
[2026-07-25T18:25:00.213+0000] {processor.py:925} INFO - DAG(s) 'youtube_medallion_pipeline' retrieved from /opt/airflow/dags/youtube_medallion_pipeline.py
[2026-07-25T18:25:01.566+0000] {logging_mixin.py:190} INFO - [2026-07-25T18:25:01.565+0000] {dag.py:3239} INFO - Sync 1 DAGs
[2026-07-25T18:25:02.070+0000] {logging_mixin.py:190} INFO - [2026-07-25T18:25:02.069+0000] {dag.py:4180} INFO - Setting next_dagrun for youtube_medallion_pipeline to None, run_after=None
[2026-07-25T18:25:02.276+0000] {processor.py:208} INFO - Processing /opt/airflow/dags/youtube_medallion_pipeline.py took 3.874 seconds
[2026-07-25T18:25:33.955+0000] {processor.py:186} INFO - Started process (PID=2371) to work on /opt/airflow/dags/youtube_medallion_pipeline.py
[2026-07-25T18:25:33.961+0000] {processor.py:914} INFO - Processing file /opt/airflow/dags/youtube_medallion_pipeline.py for tasks to queue
[2026-07-25T18:25:33.980+0000] {logging_mixin.py:190} INFO - [2026-07-25T18:25:33.974+0000] {dagbag.py:588} INFO - Filling up the DagBag from /opt/airflow/dags/youtube_medallion_pipeline.py
[2026-07-25T18:25:34.135+0000] {processor.py:925} INFO - DAG(s) 'youtube_medallion_pipeline' retrieved from /opt/airflow/dags/youtube_medallion_pipeline.py
[2026-07-25T18:25:34.483+0000] {logging_mixin.py:190} INFO - [2026-07-25T18:25:34.483+0000] {dag.py:3239} INFO - Sync 1 DAGs
[2026-07-25T18:25:34.632+0000] {logging_mixin.py:190} INFO - [2026-07-25T18:25:34.631+0000] {dag.py:4180} INFO - Setting next_dagrun for youtube_medallion_pipeline to None, run_after=None
[2026-07-25T18:25:34.743+0000] {processor.py:208} INFO - Processing /opt/airflow/dags/youtube_medallion_pipeline.py took 0.989 seconds
[2026-07-25T18:26:05.118+0000] {processor.py:186} INFO - Started process (PID=2376) to work on /opt/airflow/dags/youtube_medallion_pipeline.py
[2026-07-25T18:26:05.123+0000] {processor.py:914} INFO - Processing file /opt/airflow/dags/youtube_medallion_pipeline.py for tasks to queue
[2026-07-25T18:26:05.131+0000] {logging_mixin.py:190} INFO - [2026-07-25T18:26:05.130+0000] {dagbag.py:588} INFO - Filling up the DagBag from /opt/airflow/dags/youtube_medallion_pipeline.py
[2026-07-25T18:26:05.167+0000] {processor.py:925} INFO - DAG(s) 'youtube_medallion_pipeline' retrieved from /opt/airflow/dags/youtube_medallion_pipeline.py
[2026-07-25T18:26:05.256+0000] {logging_mixin.py:190} INFO - [2026-07-25T18:26:05.256+0000] {dag.py:3239} INFO - Sync 1 DAGs
[2026-07-25T18:26:05.297+0000] {logging_mixin.py:190} INFO - [2026-07-25T18:26:05.296+0000] {dag.py:4180} INFO - Setting next_dagrun for youtube_medallion_pipeline to None, run_after=None
[2026-07-25T18:26:05.337+0000] {processor.py:208} INFO - Processing /opt/airflow/dags/youtube_medallion_pipeline.py took 0.236 seconds
[2026-07-25T18:26:35.698+0000] {processor.py:186} INFO - Started process (PID=2381) to work on /opt/airflow/dags/youtube_medallion_pipeline.py
[2026-07-25T18:26:35.700+0000] {processor.py:914} INFO - Processing file /opt/airflow/dags/youtube_medallion_pipeline.py for tasks to queue
[2026-07-25T18:26:35.704+0000] {logging_mixin.py:190} INFO - [2026-07-25T18:26:35.703+0000] {dagbag.py:588} INFO - Filling up the DagBag from /opt/airflow/dags/youtube_medallion_pipeline.py
[2026-07-25T18:26:35.729+0000] {processor.py:925} INFO - DAG(s) 'youtube_medallion_pipeline' retrieved from /opt/airflow/dags/youtube_medallion_pipeline.py
[2026-07-25T18:26:35.872+0000] {logging_mixin.py:190} INFO - [2026-07-25T18:26:35.872+0000] {dag.py:3239} INFO - Sync 1 DAGs
[2026-07-25T18:26:35.939+0000] {logging_mixin.py:190} INFO - [2026-07-25T18:26:35.939+0000] {dag.py:4180} INFO - Setting next_dagrun for youtube_medallion_pipeline to None, run_after=None
[2026-07-25T18:26:36.013+0000] {processor.py:208} INFO - Processing /opt/airflow/dags/youtube_medallion_pipeline.py took 0.334 seconds
[2026-07-25T18:27:06.870+0000] {processor.py:186} INFO - Started process (PID=2386) to work on /opt/airflow/dags/youtube_medallion_pipeline.py
[2026-07-25T18:27:06.875+0000] {processor.py:914} INFO - Processing file /opt/airflow/dags/youtube_medallion_pipeline.py for tasks to queue
[2026-07-25T18:27:06.881+0000] {logging_mixin.py:190} INFO - [2026-07-25T18:27:06.880+0000] {dagbag.py:588} INFO - Filling up the DagBag from /opt/airflow/dags/youtube_medallion_pipeline.py
[2026-07-25T18:27:06.940+0000] {processor.py:925} INFO - DAG(s) 'youtube_medallion_pipeline' retrieved from /opt/airflow/dags/youtube_medallion_pipeline.py
[2026-07-25T18:27:07.789+0000] {logging_mixin.py:190} INFO - [2026-07-25T18:27:07.787+0000] {dag.py:3239} INFO - Sync 1 DAGs
[2026-07-25T18:27:08.143+0000] {logging_mixin.py:190} INFO - [2026-07-25T18:27:08.142+0000] {dag.py:4180} INFO - Setting next_dagrun for youtube_medallion_pipeline to None, run_after=None
[2026-07-25T18:27:08.235+0000] {processor.py:208} INFO - Processing /opt/airflow/dags/youtube_medallion_pipeline.py took 1.381 seconds
[2026-07-25T18:27:38.414+0000] {processor.py:186} INFO - Started process (PID=2391) to work on /opt/airflow/dags/youtube_medallion_pipeline.py
[2026-07-25T18:27:38.416+0000] {processor.py:914} INFO - Processing file /opt/airflow/dags/youtube_medallion_pipeline.py for tasks to queue
[2026-07-25T18:27:38.418+0000] {logging_mixin.py:190} INFO - [2026-07-25T18:27:38.418+0000] {dagbag.py:588} INFO - Filling up the DagBag from /opt/airflow/dags/youtube_medallion_pipeline.py
[2026-07-25T18:27:38.444+0000] {processor.py:925} INFO - DAG(s) 'youtube_medallion_pipeline' retrieved from /opt/airflow/dags/youtube_medallion_pipeline.py
[2026-07-25T18:27:38.533+0000] {logging_mixin.py:190} INFO - [2026-07-25T18:27:38.533+0000] {dag.py:3239} INFO - Sync 1 DAGs
[2026-07-25T18:27:38.558+0000] {logging_mixin.py:190} INFO - [2026-07-25T18:27:38.558+0000] {dag.py:4180} INFO - Setting next_dagrun for youtube_medallion_pipeline to None, run_after=None
[2026-07-25T18:27:38.591+0000] {processor.py:208} INFO - Processing /opt/airflow/dags/youtube_medallion_pipeline.py took 0.185 seconds
[2026-07-25T18:28:09.465+0000] {processor.py:186} INFO - Started process (PID=2396) to work on /opt/airflow/dags/youtube_medallion_pipeline.py
[2026-07-25T18:28:09.490+0000] {processor.py:914} INFO - Processing file /opt/airflow/dags/youtube_medallion_pipeline.py for tasks to queue
[2026-07-25T18:28:09.534+0000] {logging_mixin.py:190} INFO - [2026-07-25T18:28:09.522+0000] {dagbag.py:588} INFO - Filling up the DagBag from /opt/airflow/dags/youtube_medallion_pipeline.py
[2026-07-25T18:28:09.749+0000] {processor.py:925} INFO - DAG(s) 'youtube_medallion_pipeline' retrieved from /opt/airflow/dags/youtube_medallion_pipeline.py
[2026-07-25T18:28:10.532+0000] {logging_mixin.py:190} INFO - [2026-07-25T18:28:10.531+0000] {dag.py:3239} INFO - Sync 1 DAGs
[2026-07-25T18:28:10.734+0000] {logging_mixin.py:190} INFO - [2026-07-25T18:28:10.734+0000] {dag.py:4180} INFO - Setting next_dagrun for youtube_medallion_pipeline to None, run_after=None
[2026-07-25T18:28:10.978+0000] {processor.py:208} INFO - Processing /opt/airflow/dags/youtube_medallion_pipeline.py took 1.748 seconds
[2026-07-25T18:28:41.561+0000] {processor.py:186} INFO - Started process (PID=2401) to work on /opt/airflow/dags/youtube_medallion_pipeline.py
[2026-07-25T18:28:41.563+0000] {processor.py:914} INFO - Processing file /opt/airflow/dags/youtube_medallion_pipeline.py for tasks to queue
[2026-07-25T18:28:41.567+0000] {logging_mixin.py:190} INFO - [2026-07-25T18:28:41.566+0000] {dagbag.py:588} INFO - Filling up the DagBag from /opt/airflow/dags/youtube_medallion_pipeline.py
[2026-07-25T18:28:41.677+0000] {processor.py:925} INFO - DAG(s) 'youtube_medallion_pipeline' retrieved from /opt/airflow/dags/youtube_medallion_pipeline.py
[2026-07-25T18:28:41.884+0000] {logging_mixin.py:190} INFO - [2026-07-25T18:28:41.883+0000] {dag.py:3239} INFO - Sync 1 DAGs
[2026-07-25T18:28:41.952+0000] {logging_mixin.py:190} INFO - [2026-07-25T18:28:41.952+0000] {dag.py:4180} INFO - Setting next_dagrun for youtube_medallion_pipeline to None, run_after=None
[2026-07-25T18:28:42.005+0000] {processor.py:208} INFO - Processing /opt/airflow/dags/youtube_medallion_pipeline.py took 0.456 seconds
[2026-07-25T18:29:12.458+0000] {processor.py:186} INFO - Started process (PID=2406) to work on /opt/airflow/dags/youtube_medallion_pipeline.py
[2026-07-25T18:29:12.462+0000] {processor.py:914} INFO - Processing file /opt/airflow/dags/youtube_medallion_pipeline.py for tasks to queue
[2026-07-25T18:29:12.467+0000] {logging_mixin.py:190} INFO - [2026-07-25T18:29:12.466+0000] {dagbag.py:588} INFO - Filling up the DagBag from /opt/airflow/dags/youtube_medallion_pipeline.py
[2026-07-25T18:29:12.513+0000] {processor.py:925} INFO - DAG(s) 'youtube_medallion_pipeline' retrieved from /opt/airflow/dags/youtube_medallion_pipeline.py
[2026-07-25T18:29:12.783+0000] {logging_mixin.py:190} INFO - [2026-07-25T18:29:12.781+0000] {dag.py:3239} INFO - Sync 1 DAGs
[2026-07-25T18:29:12.902+0000] {logging_mixin.py:190} INFO - [2026-07-25T18:29:12.902+0000] {dag.py:4180} INFO - Setting next_dagrun for youtube_medallion_pipeline to None, run_after=None
[2026-07-25T18:29:12.957+0000] {processor.py:208} INFO - Processing /opt/airflow/dags/youtube_medallion_pipeline.py took 0.516 seconds
[2026-07-25T18:29:46.269+0000] {processor.py:186} INFO - Started process (PID=2411) to work on /opt/airflow/dags/youtube_medallion_pipeline.py
[2026-07-25T18:29:46.367+0000] {processor.py:914} INFO - Processing file /opt/airflow/dags/youtube_medallion_pipeline.py for tasks to queue
[2026-07-25T18:29:46.423+0000] {logging_mixin.py:190} INFO - [2026-07-25T18:29:46.400+0000] {dagbag.py:588} INFO - Filling up the DagBag from /opt/airflow/dags/youtube_medallion_pipeline.py
[2026-07-25T18:29:46.835+0000] {processor.py:925} INFO - DAG(s) 'youtube_medallion_pipeline' retrieved from /opt/airflow/dags/youtube_medallion_pipeline.py
[2026-07-25T18:29:53.803+0000] {logging_mixin.py:190} INFO - [2026-07-25T18:29:53.802+0000] {dag.py:3239} INFO - Sync 1 DAGs
[2026-07-25T18:29:54.024+0000] {logging_mixin.py:190} INFO - [2026-07-25T18:29:54.024+0000] {dag.py:4180} INFO - Setting next_dagrun for youtube_medallion_pipeline to None, run_after=None
[2026-07-25T18:29:54.114+0000] {processor.py:208} INFO - Processing /opt/airflow/dags/youtube_medallion_pipeline.py took 8.661 seconds
[2026-07-25T18:30:26.538+0000] {processor.py:186} INFO - Started process (PID=2416) to work on /opt/airflow/dags/youtube_medallion_pipeline.py
[2026-07-25T18:30:26.543+0000] {processor.py:914} INFO - Processing file /opt/airflow/dags/youtube_medallion_pipeline.py for tasks to queue
[2026-07-25T18:30:26.556+0000] {logging_mixin.py:190} INFO - [2026-07-25T18:30:26.555+0000] {dagbag.py:588} INFO - Filling up the DagBag from /opt/airflow/dags/youtube_medallion_pipeline.py
[2026-07-25T18:30:26.640+0000] {processor.py:925} INFO - DAG(s) 'youtube_medallion_pipeline' retrieved from /opt/airflow/dags/youtube_medallion_pipeline.py
[2026-07-25T18:30:27.451+0000] {logging_mixin.py:190} INFO - [2026-07-25T18:30:27.450+0000] {dag.py:3239} INFO - Sync 1 DAGs
[2026-07-25T18:30:27.565+0000] {logging_mixin.py:190} INFO - [2026-07-25T18:30:27.564+0000] {dag.py:4180} INFO - Setting next_dagrun for youtube_medallion_pipeline to None, run_after=None
[2026-07-25T18:30:27.797+0000] {processor.py:208} INFO - Processing /opt/airflow/dags/youtube_medallion_pipeline.py took 1.292 seconds
[2026-07-25T18:30:59.731+0000] {processor.py:186} INFO - Started process (PID=2421) to work on /opt/airflow/dags/youtube_medallion_pipeline.py
[2026-07-25T18:30:59.740+0000] {processor.py:914} INFO - Processing file /opt/airflow/dags/youtube_medallion_pipeline.py for tasks to queue
[2026-07-25T18:30:59.757+0000] {logging_mixin.py:190} INFO - [2026-07-25T18:30:59.751+0000] {dagbag.py:588} INFO - Filling up the DagBag from /opt/airflow/dags/youtube_medallion_pipeline.py
[2026-07-25T18:31:00.004+0000] {processor.py:925} INFO - DAG(s) 'youtube_medallion_pipeline' retrieved from /opt/airflow/dags/youtube_medallion_pipeline.py
[2026-07-25T18:31:00.673+0000] {logging_mixin.py:190} INFO - [2026-07-25T18:31:00.671+0000] {dag.py:3239} INFO - Sync 1 DAGs
[2026-07-25T18:31:01.157+0000] {logging_mixin.py:190} INFO - [2026-07-25T18:31:01.156+0000] {dag.py:4180} INFO - Setting next_dagrun for youtube_medallion_pipeline to None, run_after=None
[2026-07-25T18:31:03.053+0000] {processor.py:208} INFO - Processing /opt/airflow/dags/youtube_medallion_pipeline.py took 3.442 seconds
[2026-07-25T18:31:33.493+0000] {processor.py:186} INFO - Started process (PID=2426) to work on /opt/airflow/dags/youtube_medallion_pipeline.py
[2026-07-25T18:31:33.500+0000] {processor.py:914} INFO - Processing file /opt/airflow/dags/youtube_medallion_pipeline.py for tasks to queue
[2026-07-25T18:31:33.521+0000] {logging_mixin.py:190} INFO - [2026-07-25T18:31:33.513+0000] {dagbag.py:588} INFO - Filling up the DagBag from /opt/airflow/dags/youtube_medallion_pipeline.py
[2026-07-25T18:31:33.943+0000] {processor.py:925} INFO - DAG(s) 'youtube_medallion_pipeline' retrieved from /opt/airflow/dags/youtube_medallion_pipeline.py
[2026-07-25T18:31:34.792+0000] {logging_mixin.py:190} INFO - [2026-07-25T18:31:34.790+0000] {dag.py:3239} INFO - Sync 1 DAGs
[2026-07-25T18:31:35.054+0000] {logging_mixin.py:190} INFO - [2026-07-25T18:31:35.053+0000] {dag.py:4180} INFO - Setting next_dagrun for youtube_medallion_pipeline to None, run_after=None
[2026-07-25T18:31:35.243+0000] {processor.py:208} INFO - Processing /opt/airflow/dags/youtube_medallion_pipeline.py took 1.859 seconds
[2026-07-25T18:32:05.898+0000] {processor.py:186} INFO - Started process (PID=2431) to work on /opt/airflow/dags/youtube_medallion_pipeline.py
[2026-07-25T18:32:05.903+0000] {processor.py:914} INFO - Processing file /opt/airflow/dags/youtube_medallion_pipeline.py for tasks to queue
[2026-07-25T18:32:05.918+0000] {logging_mixin.py:190} INFO - [2026-07-25T18:32:05.912+0000] {dagbag.py:588} INFO - Filling up the DagBag from /opt/airflow/dags/youtube_medallion_pipeline.py
[2026-07-25T18:32:06.031+0000] {processor.py:925} INFO - DAG(s) 'youtube_medallion_pipeline' retrieved from /opt/airflow/dags/youtube_medallion_pipeline.py
[2026-07-25T18:32:06.438+0000] {logging_mixin.py:190} INFO - [2026-07-25T18:32:06.438+0000] {dag.py:3239} INFO - Sync 1 DAGs
[2026-07-25T18:32:06.525+0000] {logging_mixin.py:190} INFO - [2026-07-25T18:32:06.524+0000] {dag.py:4180} INFO - Setting next_dagrun for youtube_medallion_pipeline to None, run_after=None
[2026-07-25T18:32:06.611+0000] {processor.py:208} INFO - Processing /opt/airflow/dags/youtube_medallion_pipeline.py took 0.777 seconds
[2026-07-25T18:32:36.817+0000] {processor.py:186} INFO - Started process (PID=2436) to work on /opt/airflow/dags/youtube_medallion_pipeline.py
[2026-07-25T18:32:36.820+0000] {processor.py:914} INFO - Processing file /opt/airflow/dags/youtube_medallion_pipeline.py for tasks to queue
[2026-07-25T18:32:36.826+0000] {logging_mixin.py:190} INFO - [2026-07-25T18:32:36.825+0000] {dagbag.py:588} INFO - Filling up the DagBag from /opt/airflow/dags/youtube_medallion_pipeline.py
[2026-07-25T18:32:36.882+0000] {processor.py:925} INFO - DAG(s) 'youtube_medallion_pipeline' retrieved from /opt/airflow/dags/youtube_medallion_pipeline.py
[2026-07-25T18:32:37.151+0000] {logging_mixin.py:190} INFO - [2026-07-25T18:32:37.150+0000] {dag.py:3239} INFO - Sync 1 DAGs
[2026-07-25T18:32:37.327+0000] {logging_mixin.py:190} INFO - [2026-07-25T18:32:37.327+0000] {dag.py:4180} INFO - Setting next_dagrun for youtube_medallion_pipeline to None, run_after=None
[2026-07-25T18:32:37.458+0000] {processor.py:208} INFO - Processing /opt/airflow/dags/youtube_medallion_pipeline.py took 0.657 seconds
[2026-07-25T18:33:08.891+0000] {processor.py:186} INFO - Started process (PID=2441) to work on /opt/airflow/dags/youtube_medallion_pipeline.py
[2026-07-25T18:33:08.999+0000] {processor.py:914} INFO - Processing file /opt/airflow/dags/youtube_medallion_pipeline.py for tasks to queue
[2026-07-25T18:33:09.349+0000] {logging_mixin.py:190} INFO - [2026-07-25T18:33:09.271+0000] {dagbag.py:588} INFO - Filling up the DagBag from /opt/airflow/dags/youtube_medallion_pipeline.py
[2026-07-25T18:33:09.504+0000] {processor.py:925} INFO - DAG(s) 'youtube_medallion_pipeline' retrieved from /opt/airflow/dags/youtube_medallion_pipeline.py
[2026-07-25T18:33:09.931+0000] {logging_mixin.py:190} INFO - [2026-07-25T18:33:09.930+0000] {dag.py:3239} INFO - Sync 1 DAGs
[2026-07-25T18:33:10.056+0000] {logging_mixin.py:190} INFO - [2026-07-25T18:33:10.056+0000] {dag.py:4180} INFO - Setting next_dagrun for youtube_medallion_pipeline to None, run_after=None
[2026-07-25T18:33:10.194+0000] {processor.py:208} INFO - Processing /opt/airflow/dags/youtube_medallion_pipeline.py took 1.519 seconds
[2026-07-25T18:33:41.283+0000] {processor.py:186} INFO - Started process (PID=2446) to work on /opt/airflow/dags/youtube_medallion_pipeline.py
[2026-07-25T18:33:41.288+0000] {processor.py:914} INFO - Processing file /opt/airflow/dags/youtube_medallion_pipeline.py for tasks to queue
[2026-07-25T18:33:41.296+0000] {logging_mixin.py:190} INFO - [2026-07-25T18:33:41.294+0000] {dagbag.py:588} INFO - Filling up the DagBag from /opt/airflow/dags/youtube_medallion_pipeline.py
[2026-07-25T18:33:41.350+0000] {processor.py:925} INFO - DAG(s) 'youtube_medallion_pipeline' retrieved from /opt/airflow/dags/youtube_medallion_pipeline.py
[2026-07-25T18:33:41.596+0000] {logging_mixin.py:190} INFO - [2026-07-25T18:33:41.596+0000] {dag.py:3239} INFO - Sync 1 DAGs
[2026-07-25T18:33:41.834+0000] {logging_mixin.py:190} INFO - [2026-07-25T18:33:41.833+0000] {dag.py:4180} INFO - Setting next_dagrun for youtube_medallion_pipeline to None, run_after=None
[2026-07-25T18:33:41.964+0000] {processor.py:208} INFO - Processing /opt/airflow/dags/youtube_medallion_pipeline.py took 0.695 seconds
[2026-07-25T18:34:12.369+0000] {processor.py:186} INFO - Started process (PID=2451) to work on /opt/airflow/dags/youtube_medallion_pipeline.py
[2026-07-25T18:34:12.372+0000] {processor.py:914} INFO - Processing file /opt/airflow/dags/youtube_medallion_pipeline.py for tasks to queue
[2026-07-25T18:34:12.376+0000] {logging_mixin.py:190} INFO - [2026-07-25T18:34:12.375+0000] {dagbag.py:588} INFO - Filling up the DagBag from /opt/airflow/dags/youtube_medallion_pipeline.py
[2026-07-25T18:34:12.400+0000] {processor.py:925} INFO - DAG(s) 'youtube_medallion_pipeline' retrieved from /opt/airflow/dags/youtube_medallion_pipeline.py
[2026-07-25T18:34:12.503+0000] {logging_mixin.py:190} INFO - [2026-07-25T18:34:12.502+0000] {dag.py:3239} INFO - Sync 1 DAGs
[2026-07-25T18:34:12.529+0000] {logging_mixin.py:190} INFO - [2026-07-25T18:34:12.528+0000] {dag.py:4180} INFO - Setting next_dagrun for youtube_medallion_pipeline to None, run_after=None
[2026-07-25T18:34:12.565+0000] {processor.py:208} INFO - Processing /opt/airflow/dags/youtube_medallion_pipeline.py took 0.204 seconds
[2026-07-25T18:34:43.036+0000] {processor.py:186} INFO - Started process (PID=2456) to work on /opt/airflow/dags/youtube_medallion_pipeline.py
[2026-07-25T18:34:43.041+0000] {processor.py:914} INFO - Processing file /opt/airflow/dags/youtube_medallion_pipeline.py for tasks to queue
[2026-07-25T18:34:43.049+0000] {logging_mixin.py:190} INFO - [2026-07-25T18:34:43.047+0000] {dagbag.py:588} INFO - Filling up the DagBag from /opt/airflow/dags/youtube_medallion_pipeline.py
[2026-07-25T18:34:43.114+0000] {processor.py:925} INFO - DAG(s) 'youtube_medallion_pipeline' retrieved from /opt/airflow/dags/youtube_medallion_pipeline.py
[2026-07-25T18:34:43.283+0000] {logging_mixin.py:190} INFO - [2026-07-25T18:34:43.282+0000] {dag.py:3239} INFO - Sync 1 DAGs
[2026-07-25T18:34:43.360+0000] {logging_mixin.py:190} INFO - [2026-07-25T18:34:43.359+0000] {dag.py:4180} INFO - Setting next_dagrun for youtube_medallion_pipeline to None, run_after=None
[2026-07-25T18:34:43.421+0000] {processor.py:208} INFO - Processing /opt/airflow/dags/youtube_medallion_pipeline.py took 0.416 seconds
[2026-07-25T18:35:13.864+0000] {processor.py:186} INFO - Started process (PID=2461) to work on /opt/airflow/dags/youtube_medallion_pipeline.py
[2026-07-25T18:35:13.867+0000] {processor.py:914} INFO - Processing file /opt/airflow/dags/youtube_medallion_pipeline.py for tasks to queue
[2026-07-25T18:35:13.872+0000] {logging_mixin.py:190} INFO - [2026-07-25T18:35:13.871+0000] {dagbag.py:588} INFO - Filling up the DagBag from /opt/airflow/dags/youtube_medallion_pipeline.py
[2026-07-25T18:35:13.903+0000] {processor.py:925} INFO - DAG(s) 'youtube_medallion_pipeline' retrieved from /opt/airflow/dags/youtube_medallion_pipeline.py
[2026-07-25T18:35:13.998+0000] {logging_mixin.py:190} INFO - [2026-07-25T18:35:13.998+0000] {dag.py:3239} INFO - Sync 1 DAGs
[2026-07-25T18:35:14.055+0000] {logging_mixin.py:190} INFO - [2026-07-25T18:35:14.055+0000] {dag.py:4180} INFO - Setting next_dagrun for youtube_medallion_pipeline to None, run_after=None
[2026-07-25T18:35:14.164+0000] {processor.py:208} INFO - Processing /opt/airflow/dags/youtube_medallion_pipeline.py took 0.313 seconds
[2026-07-25T18:35:44.542+0000] {processor.py:186} INFO - Started process (PID=2466) to work on /opt/airflow/dags/youtube_medallion_pipeline.py
[2026-07-25T18:35:44.546+0000] {processor.py:914} INFO - Processing file /opt/airflow/dags/youtube_medallion_pipeline.py for tasks to queue
[2026-07-25T18:35:44.550+0000] {logging_mixin.py:190} INFO - [2026-07-25T18:35:44.549+0000] {dagbag.py:588} INFO - Filling up the DagBag from /opt/airflow/dags/youtube_medallion_pipeline.py
[2026-07-25T18:35:44.584+0000] {processor.py:925} INFO - DAG(s) 'youtube_medallion_pipeline' retrieved from /opt/airflow/dags/youtube_medallion_pipeline.py
[2026-07-25T18:35:44.664+0000] {logging_mixin.py:190} INFO - [2026-07-25T18:35:44.663+0000] {dag.py:3239} INFO - Sync 1 DAGs
[2026-07-25T18:35:44.747+0000] {logging_mixin.py:190} INFO - [2026-07-25T18:35:44.746+0000] {dag.py:4180} INFO - Setting next_dagrun for youtube_medallion_pipeline to None, run_after=None
[2026-07-25T18:35:44.795+0000] {processor.py:208} INFO - Processing /opt/airflow/dags/youtube_medallion_pipeline.py took 0.263 seconds
[2026-07-25T18:36:15.012+0000] {processor.py:186} INFO - Started process (PID=2471) to work on /opt/airflow/dags/youtube_medallion_pipeline.py
[2026-07-25T18:36:15.015+0000] {processor.py:914} INFO - Processing file /opt/airflow/dags/youtube_medallion_pipeline.py for tasks to queue
[2026-07-25T18:36:15.022+0000] {logging_mixin.py:190} INFO - [2026-07-25T18:36:15.020+0000] {dagbag.py:588} INFO - Filling up the DagBag from /opt/airflow/dags/youtube_medallion_pipeline.py
[2026-07-25T18:36:15.057+0000] {processor.py:925} INFO - DAG(s) 'youtube_medallion_pipeline' retrieved from /opt/airflow/dags/youtube_medallion_pipeline.py
[2026-07-25T18:36:15.170+0000] {logging_mixin.py:190} INFO - [2026-07-25T18:36:15.169+0000] {dag.py:3239} INFO - Sync 1 DAGs
[2026-07-25T18:36:15.207+0000] {logging_mixin.py:190} INFO - [2026-07-25T18:36:15.206+0000] {dag.py:4180} INFO - Setting next_dagrun for youtube_medallion_pipeline to None, run_after=None
[2026-07-25T18:36:15.258+0000] {processor.py:208} INFO - Processing /opt/airflow/dags/youtube_medallion_pipeline.py took 0.259 seconds
[2026-07-25T18:36:45.495+0000] {processor.py:186} INFO - Started process (PID=2476) to work on /opt/airflow/dags/youtube_medallion_pipeline.py
[2026-07-25T18:36:45.498+0000] {processor.py:914} INFO - Processing file /opt/airflow/dags/youtube_medallion_pipeline.py for tasks to queue
[2026-07-25T18:36:45.501+0000] {logging_mixin.py:190} INFO - [2026-07-25T18:36:45.500+0000] {dagbag.py:588} INFO - Filling up the DagBag from /opt/airflow/dags/youtube_medallion_pipeline.py
[2026-07-25T18:36:45.525+0000] {processor.py:925} INFO - DAG(s) 'youtube_medallion_pipeline' retrieved from /opt/airflow/dags/youtube_medallion_pipeline.py
[2026-07-25T18:36:45.598+0000] {logging_mixin.py:190} INFO - [2026-07-25T18:36:45.598+0000] {dag.py:3239} INFO - Sync 1 DAGs
[2026-07-25T18:36:45.677+0000] {logging_mixin.py:190} INFO - [2026-07-25T18:36:45.677+0000] {dag.py:4180} INFO - Setting next_dagrun for youtube_medallion_pipeline to None, run_after=None
[2026-07-25T18:36:45.818+0000] {processor.py:208} INFO - Processing /opt/airflow/dags/youtube_medallion_pipeline.py took 0.330 seconds
[2026-07-25T18:37:15.934+0000] {processor.py:186} INFO - Started process (PID=2481) to work on /opt/airflow/dags/youtube_medallion_pipeline.py
[2026-07-25T18:37:15.936+0000] {processor.py:914} INFO - Processing file /opt/airflow/dags/youtube_medallion_pipeline.py for tasks to queue
[2026-07-25T18:37:15.940+0000] {logging_mixin.py:190} INFO - [2026-07-25T18:37:15.939+0000] {dagbag.py:588} INFO - Filling up the DagBag from /opt/airflow/dags/youtube_medallion_pipeline.py
[2026-07-25T18:37:15.969+0000] {processor.py:925} INFO - DAG(s) 'youtube_medallion_pipeline' retrieved from /opt/airflow/dags/youtube_medallion_pipeline.py
[2026-07-25T18:37:16.035+0000] {logging_mixin.py:190} INFO - [2026-07-25T18:37:16.035+0000] {dag.py:3239} INFO - Sync 1 DAGs
[2026-07-25T18:37:16.062+0000] {logging_mixin.py:190} INFO - [2026-07-25T18:37:16.062+0000] {dag.py:4180} INFO - Setting next_dagrun for youtube_medallion_pipeline to None, run_after=None
[2026-07-25T18:37:16.101+0000] {processor.py:208} INFO - Processing /opt/airflow/dags/youtube_medallion_pipeline.py took 0.180 seconds
[2026-07-25T18:37:46.255+0000] {processor.py:186} INFO - Started process (PID=2486) to work on /opt/airflow/dags/youtube_medallion_pipeline.py
[2026-07-25T18:37:46.259+0000] {processor.py:914} INFO - Processing file /opt/airflow/dags/youtube_medallion_pipeline.py for tasks to queue
[2026-07-25T18:37:46.263+0000] {logging_mixin.py:190} INFO - [2026-07-25T18:37:46.263+0000] {dagbag.py:588} INFO - Filling up the DagBag from /opt/airflow/dags/youtube_medallion_pipeline.py
[2026-07-25T18:37:46.294+0000] {processor.py:925} INFO - DAG(s) 'youtube_medallion_pipeline' retrieved from /opt/airflow/dags/youtube_medallion_pipeline.py
[2026-07-25T18:37:46.384+0000] {logging_mixin.py:190} INFO - [2026-07-25T18:37:46.383+0000] {dag.py:3239} INFO - Sync 1 DAGs
[2026-07-25T18:37:46.418+0000] {logging_mixin.py:190} INFO - [2026-07-25T18:37:46.417+0000] {dag.py:4180} INFO - Setting next_dagrun for youtube_medallion_pipeline to None, run_after=None
[2026-07-25T18:37:46.464+0000] {processor.py:208} INFO - Processing /opt/airflow/dags/youtube_medallion_pipeline.py took 0.221 seconds
[2026-07-25T18:38:16.918+0000] {processor.py:186} INFO - Started process (PID=2491) to work on /opt/airflow/dags/youtube_medallion_pipeline.py
[2026-07-25T18:38:16.921+0000] {processor.py:914} INFO - Processing file /opt/airflow/dags/youtube_medallion_pipeline.py for tasks to queue
[2026-07-25T18:38:16.925+0000] {logging_mixin.py:190} INFO - [2026-07-25T18:38:16.924+0000] {dagbag.py:588} INFO - Filling up the DagBag from /opt/airflow/dags/youtube_medallion_pipeline.py
[2026-07-25T18:38:16.954+0000] {processor.py:925} INFO - DAG(s) 'youtube_medallion_pipeline' retrieved from /opt/airflow/dags/youtube_medallion_pipeline.py
[2026-07-25T18:38:17.063+0000] {logging_mixin.py:190} INFO - [2026-07-25T18:38:17.062+0000] {dag.py:3239} INFO - Sync 1 DAGs
[2026-07-25T18:38:17.133+0000] {logging_mixin.py:190} INFO - [2026-07-25T18:38:17.132+0000] {dag.py:4180} INFO - Setting next_dagrun for youtube_medallion_pipeline to None, run_after=None
[2026-07-25T18:38:17.207+0000] {processor.py:208} INFO - Processing /opt/airflow/dags/youtube_medallion_pipeline.py took 0.302 seconds
[2026-07-25T18:38:47.706+0000] {processor.py:186} INFO - Started process (PID=2496) to work on /opt/airflow/dags/youtube_medallion_pipeline.py
[2026-07-25T18:38:47.711+0000] {processor.py:914} INFO - Processing file /opt/airflow/dags/youtube_medallion_pipeline.py for tasks to queue
[2026-07-25T18:38:47.716+0000] {logging_mixin.py:190} INFO - [2026-07-25T18:38:47.715+0000] {dagbag.py:588} INFO - Filling up the DagBag from /opt/airflow/dags/youtube_medallion_pipeline.py
[2026-07-25T18:38:47.748+0000] {processor.py:925} INFO - DAG(s) 'youtube_medallion_pipeline' retrieved from /opt/airflow/dags/youtube_medallion_pipeline.py
[2026-07-25T18:38:47.819+0000] {logging_mixin.py:190} INFO - [2026-07-25T18:38:47.818+0000] {dag.py:3239} INFO - Sync 1 DAGs
[2026-07-25T18:38:47.845+0000] {logging_mixin.py:190} INFO - [2026-07-25T18:38:47.845+0000] {dag.py:4180} INFO - Setting next_dagrun for youtube_medallion_pipeline to None, run_after=None
[2026-07-25T18:38:47.890+0000] {processor.py:208} INFO - Processing /opt/airflow/dags/youtube_medallion_pipeline.py took 0.223 seconds
[2026-07-25T18:39:18.124+0000] {processor.py:186} INFO - Started process (PID=2501) to work on /opt/airflow/dags/youtube_medallion_pipeline.py
[2026-07-25T18:39:18.128+0000] {processor.py:914} INFO - Processing file /opt/airflow/dags/youtube_medallion_pipeline.py for tasks to queue
[2026-07-25T18:39:18.131+0000] {logging_mixin.py:190} INFO - [2026-07-25T18:39:18.131+0000] {dagbag.py:588} INFO - Filling up the DagBag from /opt/airflow/dags/youtube_medallion_pipeline.py
[2026-07-25T18:39:18.158+0000] {processor.py:925} INFO - DAG(s) 'youtube_medallion_pipeline' retrieved from /opt/airflow/dags/youtube_medallion_pipeline.py
[2026-07-25T18:39:18.232+0000] {logging_mixin.py:190} INFO - [2026-07-25T18:39:18.231+0000] {dag.py:3239} INFO - Sync 1 DAGs
[2026-07-25T18:39:18.272+0000] {logging_mixin.py:190} INFO - [2026-07-25T18:39:18.271+0000] {dag.py:4180} INFO - Setting next_dagrun for youtube_medallion_pipeline to None, run_after=None
[2026-07-25T18:39:18.337+0000] {processor.py:208} INFO - Processing /opt/airflow/dags/youtube_medallion_pipeline.py took 0.223 seconds
[2026-07-25T18:39:48.624+0000] {processor.py:186} INFO - Started process (PID=2506) to work on /opt/airflow/dags/youtube_medallion_pipeline.py
[2026-07-25T18:39:48.627+0000] {processor.py:914} INFO - Processing file /opt/airflow/dags/youtube_medallion_pipeline.py for tasks to queue
[2026-07-25T18:39:48.629+0000] {logging_mixin.py:190} INFO - [2026-07-25T18:39:48.629+0000] {dagbag.py:588} INFO - Filling up the DagBag from /opt/airflow/dags/youtube_medallion_pipeline.py
[2026-07-25T18:39:48.652+0000] {processor.py:925} INFO - DAG(s) 'youtube_medallion_pipeline' retrieved from /opt/airflow/dags/youtube_medallion_pipeline.py
[2026-07-25T18:39:48.703+0000] {logging_mixin.py:190} INFO - [2026-07-25T18:39:48.702+0000] {dag.py:3239} INFO - Sync 1 DAGs
[2026-07-25T18:39:48.729+0000] {logging_mixin.py:190} INFO - [2026-07-25T18:39:48.728+0000] {dag.py:4180} INFO - Setting next_dagrun for youtube_medallion_pipeline to None, run_after=None
[2026-07-25T18:39:48.764+0000] {processor.py:208} INFO - Processing /opt/airflow/dags/youtube_medallion_pipeline.py took 0.149 seconds
[2026-07-25T18:40:19.039+0000] {processor.py:186} INFO - Started process (PID=2511) to work on /opt/airflow/dags/youtube_medallion_pipeline.py
[2026-07-25T18:40:19.042+0000] {processor.py:914} INFO - Processing file /opt/airflow/dags/youtube_medallion_pipeline.py for tasks to queue
[2026-07-25T18:40:19.047+0000] {logging_mixin.py:190} INFO - [2026-07-25T18:40:19.046+0000] {dagbag.py:588} INFO - Filling up the DagBag from /opt/airflow/dags/youtube_medallion_pipeline.py
[2026-07-25T18:40:19.074+0000] {processor.py:925} INFO - DAG(s) 'youtube_medallion_pipeline' retrieved from /opt/airflow/dags/youtube_medallion_pipeline.py
[2026-07-25T18:40:19.135+0000] {logging_mixin.py:190} INFO - [2026-07-25T18:40:19.135+0000] {dag.py:3239} INFO - Sync 1 DAGs
[2026-07-25T18:40:19.166+0000] {logging_mixin.py:190} INFO - [2026-07-25T18:40:19.166+0000] {dag.py:4180} INFO - Setting next_dagrun for youtube_medallion_pipeline to None, run_after=None
[2026-07-25T18:40:19.207+0000] {processor.py:208} INFO - Processing /opt/airflow/dags/youtube_medallion_pipeline.py took 0.179 seconds
[2026-07-25T18:40:49.468+0000] {processor.py:186} INFO - Started process (PID=2516) to work on /opt/airflow/dags/youtube_medallion_pipeline.py
[2026-07-25T18:40:49.471+0000] {processor.py:914} INFO - Processing file /opt/airflow/dags/youtube_medallion_pipeline.py for tasks to queue
[2026-07-25T18:40:49.474+0000] {logging_mixin.py:190} INFO - [2026-07-25T18:40:49.473+0000] {dagbag.py:588} INFO - Filling up the DagBag from /opt/airflow/dags/youtube_medallion_pipeline.py
[2026-07-25T18:40:49.499+0000] {processor.py:925} INFO - DAG(s) 'youtube_medallion_pipeline' retrieved from /opt/airflow/dags/youtube_medallion_pipeline.py
[2026-07-25T18:40:49.564+0000] {logging_mixin.py:190} INFO - [2026-07-25T18:40:49.564+0000] {dag.py:3239} INFO - Sync 1 DAGs
[2026-07-25T18:40:49.599+0000] {logging_mixin.py:190} INFO - [2026-07-25T18:40:49.599+0000] {dag.py:4180} INFO - Setting next_dagrun for youtube_medallion_pipeline to None, run_after=None
[2026-07-25T18:40:49.652+0000] {processor.py:208} INFO - Processing /opt/airflow/dags/youtube_medallion_pipeline.py took 0.199 seconds
[2026-07-25T18:41:19.743+0000] {processor.py:186} INFO - Started process (PID=2521) to work on /opt/airflow/dags/youtube_medallion_pipeline.py
[2026-07-25T18:41:19.745+0000] {processor.py:914} INFO - Processing file /opt/airflow/dags/youtube_medallion_pipeline.py for tasks to queue
[2026-07-25T18:41:19.748+0000] {logging_mixin.py:190} INFO - [2026-07-25T18:41:19.747+0000] {dagbag.py:588} INFO - Filling up the DagBag from /opt/airflow/dags/youtube_medallion_pipeline.py
[2026-07-25T18:41:19.773+0000] {processor.py:925} INFO - DAG(s) 'youtube_medallion_pipeline' retrieved from /opt/airflow/dags/youtube_medallion_pipeline.py
[2026-07-25T18:41:19.829+0000] {logging_mixin.py:190} INFO - [2026-07-25T18:41:19.829+0000] {dag.py:3239} INFO - Sync 1 DAGs
[2026-07-25T18:41:19.880+0000] {logging_mixin.py:190} INFO - [2026-07-25T18:41:19.880+0000] {dag.py:4180} INFO - Setting next_dagrun for youtube_medallion_pipeline to None, run_after=None
[2026-07-25T18:41:19.911+0000] {processor.py:208} INFO - Processing /opt/airflow/dags/youtube_medallion_pipeline.py took 0.177 seconds
[2026-07-25T18:41:50.064+0000] {processor.py:186} INFO - Started process (PID=2526) to work on /opt/airflow/dags/youtube_medallion_pipeline.py
[2026-07-25T18:41:50.067+0000] {processor.py:914} INFO - Processing file /opt/airflow/dags/youtube_medallion_pipeline.py for tasks to queue
[2026-07-25T18:41:50.070+0000] {logging_mixin.py:190} INFO - [2026-07-25T18:41:50.070+0000] {dagbag.py:588} INFO - Filling up the DagBag from /opt/airflow/dags/youtube_medallion_pipeline.py
[2026-07-25T18:41:50.091+0000] {processor.py:925} INFO - DAG(s) 'youtube_medallion_pipeline' retrieved from /opt/airflow/dags/youtube_medallion_pipeline.py
[2026-07-25T18:41:50.152+0000] {logging_mixin.py:190} INFO - [2026-07-25T18:41:50.152+0000] {dag.py:3239} INFO - Sync 1 DAGs
[2026-07-25T18:41:50.178+0000] {logging_mixin.py:190} INFO - [2026-07-25T18:41:50.177+0000] {dag.py:4180} INFO - Setting next_dagrun for youtube_medallion_pipeline to None, run_after=None
[2026-07-25T18:41:50.238+0000] {processor.py:208} INFO - Processing /opt/airflow/dags/youtube_medallion_pipeline.py took 0.183 seconds
[2026-07-25T18:42:20.632+0000] {processor.py:186} INFO - Started process (PID=2531) to work on /opt/airflow/dags/youtube_medallion_pipeline.py
[2026-07-25T18:42:20.636+0000] {processor.py:914} INFO - Processing file /opt/airflow/dags/youtube_medallion_pipeline.py for tasks to queue
[2026-07-25T18:42:20.640+0000] {logging_mixin.py:190} INFO - [2026-07-25T18:42:20.639+0000] {dagbag.py:588} INFO - Filling up the DagBag from /opt/airflow/dags/youtube_medallion_pipeline.py
[2026-07-25T18:42:20.694+0000] {processor.py:925} INFO - DAG(s) 'youtube_medallion_pipeline' retrieved from /opt/airflow/dags/youtube_medallion_pipeline.py
[2026-07-25T18:42:20.890+0000] {logging_mixin.py:190} INFO - [2026-07-25T18:42:20.889+0000] {dag.py:3239} INFO - Sync 1 DAGs
[2026-07-25T18:42:20.994+0000] {logging_mixin.py:190} INFO - [2026-07-25T18:42:20.993+0000] {dag.py:4180} INFO - Setting next_dagrun for youtube_medallion_pipeline to None, run_after=None
[2026-07-25T18:42:21.100+0000] {processor.py:208} INFO - Processing /opt/airflow/dags/youtube_medallion_pipeline.py took 0.480 seconds
[2026-07-25T18:42:51.567+0000] {processor.py:186} INFO - Started process (PID=2536) to work on /opt/airflow/dags/youtube_medallion_pipeline.py
[2026-07-25T18:42:51.587+0000] {processor.py:914} INFO - Processing file /opt/airflow/dags/youtube_medallion_pipeline.py for tasks to queue
[2026-07-25T18:42:51.606+0000] {logging_mixin.py:190} INFO - [2026-07-25T18:42:51.601+0000] {dagbag.py:588} INFO - Filling up the DagBag from /opt/airflow/dags/youtube_medallion_pipeline.py
[2026-07-25T18:42:51.678+0000] {processor.py:925} INFO - DAG(s) 'youtube_medallion_pipeline' retrieved from /opt/airflow/dags/youtube_medallion_pipeline.py
[2026-07-25T18:42:51.784+0000] {logging_mixin.py:190} INFO - [2026-07-25T18:42:51.784+0000] {dag.py:3239} INFO - Sync 1 DAGs
[2026-07-25T18:42:51.832+0000] {logging_mixin.py:190} INFO - [2026-07-25T18:42:51.831+0000] {dag.py:4180} INFO - Setting next_dagrun for youtube_medallion_pipeline to None, run_after=None
[2026-07-25T18:42:51.865+0000] {processor.py:208} INFO - Processing /opt/airflow/dags/youtube_medallion_pipeline.py took 0.340 seconds
[2026-07-25T18:43:22.229+0000] {processor.py:186} INFO - Started process (PID=2541) to work on /opt/airflow/dags/youtube_medallion_pipeline.py
[2026-07-25T18:43:22.232+0000] {processor.py:914} INFO - Processing file /opt/airflow/dags/youtube_medallion_pipeline.py for tasks to queue
[2026-07-25T18:43:22.235+0000] {logging_mixin.py:190} INFO - [2026-07-25T18:43:22.234+0000] {dagbag.py:588} INFO - Filling up the DagBag from /opt/airflow/dags/youtube_medallion_pipeline.py
[2026-07-25T18:43:22.265+0000] {processor.py:925} INFO - DAG(s) 'youtube_medallion_pipeline' retrieved from /opt/airflow/dags/youtube_medallion_pipeline.py
[2026-07-25T18:43:22.327+0000] {logging_mixin.py:190} INFO - [2026-07-25T18:43:22.327+0000] {dag.py:3239} INFO - Sync 1 DAGs
[2026-07-25T18:43:22.354+0000] {logging_mixin.py:190} INFO - [2026-07-25T18:43:22.354+0000] {dag.py:4180} INFO - Setting next_dagrun for youtube_medallion_pipeline to None, run_after=None
[2026-07-25T18:43:22.386+0000] {processor.py:208} INFO - Processing /opt/airflow/dags/youtube_medallion_pipeline.py took 0.169 seconds
[2026-07-25T18:43:52.552+0000] {processor.py:186} INFO - Started process (PID=2546) to work on /opt/airflow/dags/youtube_medallion_pipeline.py
[2026-07-25T18:43:52.554+0000] {processor.py:914} INFO - Processing file /opt/airflow/dags/youtube_medallion_pipeline.py for tasks to queue
[2026-07-25T18:43:52.557+0000] {logging_mixin.py:190} INFO - [2026-07-25T18:43:52.556+0000] {dagbag.py:588} INFO - Filling up the DagBag from /opt/airflow/dags/youtube_medallion_pipeline.py
[2026-07-25T18:43:52.583+0000] {processor.py:925} INFO - DAG(s) 'youtube_medallion_pipeline' retrieved from /opt/airflow/dags/youtube_medallion_pipeline.py
[2026-07-25T18:43:52.638+0000] {logging_mixin.py:190} INFO - [2026-07-25T18:43:52.638+0000] {dag.py:3239} INFO - Sync 1 DAGs
[2026-07-25T18:43:52.662+0000] {logging_mixin.py:190} INFO - [2026-07-25T18:43:52.661+0000] {dag.py:4180} INFO - Setting next_dagrun for youtube_medallion_pipeline to None, run_after=None
[2026-07-25T18:43:52.694+0000] {processor.py:208} INFO - Processing /opt/airflow/dags/youtube_medallion_pipeline.py took 0.151 seconds
[2026-07-25T18:44:23.096+0000] {processor.py:186} INFO - Started process (PID=2551) to work on /opt/airflow/dags/youtube_medallion_pipeline.py
[2026-07-25T18:44:23.100+0000] {processor.py:914} INFO - Processing file /opt/airflow/dags/youtube_medallion_pipeline.py for tasks to queue
[2026-07-25T18:44:23.105+0000] {logging_mixin.py:190} INFO - [2026-07-25T18:44:23.103+0000] {dagbag.py:588} INFO - Filling up the DagBag from /opt/airflow/dags/youtube_medallion_pipeline.py
[2026-07-25T18:44:23.150+0000] {processor.py:925} INFO - DAG(s) 'youtube_medallion_pipeline' retrieved from /opt/airflow/dags/youtube_medallion_pipeline.py
[2026-07-25T18:44:23.275+0000] {logging_mixin.py:190} INFO - [2026-07-25T18:44:23.274+0000] {dag.py:3239} INFO - Sync 1 DAGs
[2026-07-25T18:44:23.356+0000] {logging_mixin.py:190} INFO - [2026-07-25T18:44:23.355+0000] {dag.py:4180} INFO - Setting next_dagrun for youtube_medallion_pipeline to None, run_after=None
[2026-07-25T18:44:23.426+0000] {processor.py:208} INFO - Processing /opt/airflow/dags/youtube_medallion_pipeline.py took 0.344 seconds
[2026-07-25T18:44:53.849+0000] {processor.py:186} INFO - Started process (PID=2556) to work on /opt/airflow/dags/youtube_medallion_pipeline.py
[2026-07-25T18:44:53.853+0000] {processor.py:914} INFO - Processing file /opt/airflow/dags/youtube_medallion_pipeline.py for tasks to queue
[2026-07-25T18:44:53.858+0000] {logging_mixin.py:190} INFO - [2026-07-25T18:44:53.856+0000] {dagbag.py:588} INFO - Filling up the DagBag from /opt/airflow/dags/youtube_medallion_pipeline.py
[2026-07-25T18:44:53.888+0000] {processor.py:925} INFO - DAG(s) 'youtube_medallion_pipeline' retrieved from /opt/airflow/dags/youtube_medallion_pipeline.py
[2026-07-25T18:44:54.002+0000] {logging_mixin.py:190} INFO - [2026-07-25T18:44:54.001+0000] {dag.py:3239} INFO - Sync 1 DAGs
[2026-07-25T18:44:54.072+0000] {logging_mixin.py:190} INFO - [2026-07-25T18:44:54.071+0000] {dag.py:4180} INFO - Setting next_dagrun for youtube_medallion_pipeline to None, run_after=None
[2026-07-25T18:44:54.155+0000] {processor.py:208} INFO - Processing /opt/airflow/dags/youtube_medallion_pipeline.py took 0.332 seconds
[2026-07-25T18:45:24.648+0000] {processor.py:186} INFO - Started process (PID=2561) to work on /opt/airflow/dags/youtube_medallion_pipeline.py
[2026-07-25T18:45:24.651+0000] {processor.py:914} INFO - Processing file /opt/airflow/dags/youtube_medallion_pipeline.py for tasks to queue
[2026-07-25T18:45:24.655+0000] {logging_mixin.py:190} INFO - [2026-07-25T18:45:24.654+0000] {dagbag.py:588} INFO - Filling up the DagBag from /opt/airflow/dags/youtube_medallion_pipeline.py
[2026-07-25T18:45:24.709+0000] {processor.py:925} INFO - DAG(s) 'youtube_medallion_pipeline' retrieved from /opt/airflow/dags/youtube_medallion_pipeline.py
[2026-07-25T18:45:24.770+0000] {logging_mixin.py:190} INFO - [2026-07-25T18:45:24.770+0000] {dag.py:3239} INFO - Sync 1 DAGs
[2026-07-25T18:45:24.794+0000] {logging_mixin.py:190} INFO - [2026-07-25T18:45:24.794+0000] {dag.py:4180} INFO - Setting next_dagrun for youtube_medallion_pipeline to None, run_after=None
[2026-07-25T18:45:24.828+0000] {processor.py:208} INFO - Processing /opt/airflow/dags/youtube_medallion_pipeline.py took 0.191 seconds
[2026-07-25T18:45:55.012+0000] {processor.py:186} INFO - Started process (PID=2566) to work on /opt/airflow/dags/youtube_medallion_pipeline.py
[2026-07-25T18:45:55.014+0000] {processor.py:914} INFO - Processing file /opt/airflow/dags/youtube_medallion_pipeline.py for tasks to queue
[2026-07-25T18:45:55.018+0000] {logging_mixin.py:190} INFO - [2026-07-25T18:45:55.017+0000] {dagbag.py:588} INFO - Filling up the DagBag from /opt/airflow/dags/youtube_medallion_pipeline.py
[2026-07-25T18:45:55.044+0000] {processor.py:925} INFO - DAG(s) 'youtube_medallion_pipeline' retrieved from /opt/airflow/dags/youtube_medallion_pipeline.py
[2026-07-25T18:45:55.115+0000] {logging_mixin.py:190} INFO - [2026-07-25T18:45:55.114+0000] {dag.py:3239} INFO - Sync 1 DAGs
[2026-07-25T18:45:55.185+0000] {logging_mixin.py:190} INFO - [2026-07-25T18:45:55.185+0000] {dag.py:4180} INFO - Setting next_dagrun for youtube_medallion_pipeline to None, run_after=None
[2026-07-25T18:45:55.217+0000] {processor.py:208} INFO - Processing /opt/airflow/dags/youtube_medallion_pipeline.py took 0.218 seconds
[2026-07-25T18:46:25.430+0000] {processor.py:186} INFO - Started process (PID=2571) to work on /opt/airflow/dags/youtube_medallion_pipeline.py
[2026-07-25T18:46:25.433+0000] {processor.py:914} INFO - Processing file /opt/airflow/dags/youtube_medallion_pipeline.py for tasks to queue
[2026-07-25T18:46:25.435+0000] {logging_mixin.py:190} INFO - [2026-07-25T18:46:25.435+0000] {dagbag.py:588} INFO - Filling up the DagBag from /opt/airflow/dags/youtube_medallion_pipeline.py
[2026-07-25T18:46:25.456+0000] {processor.py:925} INFO - DAG(s) 'youtube_medallion_pipeline' retrieved from /opt/airflow/dags/youtube_medallion_pipeline.py
[2026-07-25T18:46:25.507+0000] {logging_mixin.py:190} INFO - [2026-07-25T18:46:25.507+0000] {dag.py:3239} INFO - Sync 1 DAGs
[2026-07-25T18:46:25.531+0000] {logging_mixin.py:190} INFO - [2026-07-25T18:46:25.530+0000] {dag.py:4180} INFO - Setting next_dagrun for youtube_medallion_pipeline to None, run_after=None
[2026-07-25T18:46:25.562+0000] {processor.py:208} INFO - Processing /opt/airflow/dags/youtube_medallion_pipeline.py took 0.142 seconds
[2026-07-25T18:46:55.902+0000] {processor.py:186} INFO - Started process (PID=2576) to work on /opt/airflow/dags/youtube_medallion_pipeline.py
[2026-07-25T18:46:55.905+0000] {processor.py:914} INFO - Processing file /opt/airflow/dags/youtube_medallion_pipeline.py for tasks to queue
[2026-07-25T18:46:55.908+0000] {logging_mixin.py:190} INFO - [2026-07-25T18:46:55.907+0000] {dagbag.py:588} INFO - Filling up the DagBag from /opt/airflow/dags/youtube_medallion_pipeline.py
[2026-07-25T18:46:55.937+0000] {processor.py:925} INFO - DAG(s) 'youtube_medallion_pipeline' retrieved from /opt/airflow/dags/youtube_medallion_pipeline.py
[2026-07-25T18:46:56.001+0000] {logging_mixin.py:190} INFO - [2026-07-25T18:46:56.001+0000] {dag.py:3239} INFO - Sync 1 DAGs
[2026-07-25T18:46:56.031+0000] {logging_mixin.py:190} INFO - [2026-07-25T18:46:56.031+0000] {dag.py:4180} INFO - Setting next_dagrun for youtube_medallion_pipeline to None, run_after=None
[2026-07-25T18:46:56.080+0000] {processor.py:208} INFO - Processing /opt/airflow/dags/youtube_medallion_pipeline.py took 0.187 seconds
[2026-07-25T18:47:26.271+0000] {processor.py:186} INFO - Started process (PID=2581) to work on /opt/airflow/dags/youtube_medallion_pipeline.py
[2026-07-25T18:47:26.275+0000] {processor.py:914} INFO - Processing file /opt/airflow/dags/youtube_medallion_pipeline.py for tasks to queue
[2026-07-25T18:47:26.280+0000] {logging_mixin.py:190} INFO - [2026-07-25T18:47:26.278+0000] {dagbag.py:588} INFO - Filling up the DagBag from /opt/airflow/dags/youtube_medallion_pipeline.py
[2026-07-25T18:47:26.310+0000] {processor.py:925} INFO - DAG(s) 'youtube_medallion_pipeline' retrieved from /opt/airflow/dags/youtube_medallion_pipeline.py
[2026-07-25T18:47:26.373+0000] {logging_mixin.py:190} INFO - [2026-07-25T18:47:26.373+0000] {dag.py:3239} INFO - Sync 1 DAGs
[2026-07-25T18:47:26.401+0000] {logging_mixin.py:190} INFO - [2026-07-25T18:47:26.401+0000] {dag.py:4180} INFO - Setting next_dagrun for youtube_medallion_pipeline to None, run_after=None
[2026-07-25T18:47:26.445+0000] {processor.py:208} INFO - Processing /opt/airflow/dags/youtube_medallion_pipeline.py took 0.194 seconds
[2026-07-25T18:47:56.897+0000] {processor.py:186} INFO - Started process (PID=2586) to work on /opt/airflow/dags/youtube_medallion_pipeline.py
[2026-07-25T18:47:56.901+0000] {processor.py:914} INFO - Processing file /opt/airflow/dags/youtube_medallion_pipeline.py for tasks to queue
[2026-07-25T18:47:56.911+0000] {logging_mixin.py:190} INFO - [2026-07-25T18:47:56.909+0000] {dagbag.py:588} INFO - Filling up the DagBag from /opt/airflow/dags/youtube_medallion_pipeline.py
[2026-07-25T18:47:56.950+0000] {processor.py:925} INFO - DAG(s) 'youtube_medallion_pipeline' retrieved from /opt/airflow/dags/youtube_medallion_pipeline.py
[2026-07-25T18:47:57.020+0000] {logging_mixin.py:190} INFO - [2026-07-25T18:47:57.020+0000] {dag.py:3239} INFO - Sync 1 DAGs
[2026-07-25T18:47:57.048+0000] {logging_mixin.py:190} INFO - [2026-07-25T18:47:57.047+0000] {dag.py:4180} INFO - Setting next_dagrun for youtube_medallion_pipeline to None, run_after=None
[2026-07-25T18:47:57.092+0000] {processor.py:208} INFO - Processing /opt/airflow/dags/youtube_medallion_pipeline.py took 0.212 seconds
[2026-07-25T18:48:27.372+0000] {processor.py:186} INFO - Started process (PID=2591) to work on /opt/airflow/dags/youtube_medallion_pipeline.py
[2026-07-25T18:48:27.377+0000] {processor.py:914} INFO - Processing file /opt/airflow/dags/youtube_medallion_pipeline.py for tasks to queue
[2026-07-25T18:48:27.381+0000] {logging_mixin.py:190} INFO - [2026-07-25T18:48:27.380+0000] {dagbag.py:588} INFO - Filling up the DagBag from /opt/airflow/dags/youtube_medallion_pipeline.py
[2026-07-25T18:48:27.416+0000] {processor.py:925} INFO - DAG(s) 'youtube_medallion_pipeline' retrieved from /opt/airflow/dags/youtube_medallion_pipeline.py
[2026-07-25T18:48:27.481+0000] {logging_mixin.py:190} INFO - [2026-07-25T18:48:27.481+0000] {dag.py:3239} INFO - Sync 1 DAGs
[2026-07-25T18:48:27.516+0000] {logging_mixin.py:190} INFO - [2026-07-25T18:48:27.515+0000] {dag.py:4180} INFO - Setting next_dagrun for youtube_medallion_pipeline to None, run_after=None
[2026-07-25T18:48:27.580+0000] {processor.py:208} INFO - Processing /opt/airflow/dags/youtube_medallion_pipeline.py took 0.227 seconds
[2026-07-25T18:48:57.803+0000] {processor.py:186} INFO - Started process (PID=2596) to work on /opt/airflow/dags/youtube_medallion_pipeline.py
[2026-07-25T18:48:57.805+0000] {processor.py:914} INFO - Processing file /opt/airflow/dags/youtube_medallion_pipeline.py for tasks to queue
[2026-07-25T18:48:57.811+0000] {logging_mixin.py:190} INFO - [2026-07-25T18:48:57.810+0000] {dagbag.py:588} INFO - Filling up the DagBag from /opt/airflow/dags/youtube_medallion_pipeline.py
[2026-07-25T18:48:57.840+0000] {processor.py:925} INFO - DAG(s) 'youtube_medallion_pipeline' retrieved from /opt/airflow/dags/youtube_medallion_pipeline.py
[2026-07-25T18:48:57.927+0000] {logging_mixin.py:190} INFO - [2026-07-25T18:48:57.927+0000] {dag.py:3239} INFO - Sync 1 DAGs
[2026-07-25T18:48:57.969+0000] {logging_mixin.py:190} INFO - [2026-07-25T18:48:57.968+0000] {dag.py:4180} INFO - Setting next_dagrun for youtube_medallion_pipeline to None, run_after=None
[2026-07-25T18:48:58.024+0000] {processor.py:208} INFO - Processing /opt/airflow/dags/youtube_medallion_pipeline.py took 0.236 seconds
[2026-07-25T18:49:28.285+0000] {processor.py:186} INFO - Started process (PID=2601) to work on /opt/airflow/dags/youtube_medallion_pipeline.py
[2026-07-25T18:49:28.289+0000] {processor.py:914} INFO - Processing file /opt/airflow/dags/youtube_medallion_pipeline.py for tasks to queue
[2026-07-25T18:49:28.293+0000] {logging_mixin.py:190} INFO - [2026-07-25T18:49:28.292+0000] {dagbag.py:588} INFO - Filling up the DagBag from /opt/airflow/dags/youtube_medallion_pipeline.py
[2026-07-25T18:49:28.325+0000] {processor.py:925} INFO - DAG(s) 'youtube_medallion_pipeline' retrieved from /opt/airflow/dags/youtube_medallion_pipeline.py
[2026-07-25T18:49:28.385+0000] {logging_mixin.py:190} INFO - [2026-07-25T18:49:28.385+0000] {dag.py:3239} INFO - Sync 1 DAGs
[2026-07-25T18:49:28.413+0000] {logging_mixin.py:190} INFO - [2026-07-25T18:49:28.413+0000] {dag.py:4180} INFO - Setting next_dagrun for youtube_medallion_pipeline to None, run_after=None
[2026-07-25T18:49:28.469+0000] {processor.py:208} INFO - Processing /opt/airflow/dags/youtube_medallion_pipeline.py took 0.196 seconds
[2026-07-25T18:49:58.886+0000] {processor.py:186} INFO - Started process (PID=2606) to work on /opt/airflow/dags/youtube_medallion_pipeline.py
[2026-07-25T18:49:58.890+0000] {processor.py:914} INFO - Processing file /opt/airflow/dags/youtube_medallion_pipeline.py for tasks to queue
[2026-07-25T18:49:58.893+0000] {logging_mixin.py:190} INFO - [2026-07-25T18:49:58.892+0000] {dagbag.py:588} INFO - Filling up the DagBag from /opt/airflow/dags/youtube_medallion_pipeline.py
[2026-07-25T18:49:58.947+0000] {processor.py:925} INFO - DAG(s) 'youtube_medallion_pipeline' retrieved from /opt/airflow/dags/youtube_medallion_pipeline.py
[2026-07-25T18:49:59.089+0000] {logging_mixin.py:190} INFO - [2026-07-25T18:49:59.088+0000] {dag.py:3239} INFO - Sync 1 DAGs
[2026-07-25T18:49:59.129+0000] {logging_mixin.py:190} INFO - [2026-07-25T18:49:59.129+0000] {dag.py:4180} INFO - Setting next_dagrun for youtube_medallion_pipeline to None, run_after=None
[2026-07-25T18:49:59.185+0000] {processor.py:208} INFO - Processing /opt/airflow/dags/youtube_medallion_pipeline.py took 0.310 seconds
[2026-07-25T18:50:29.279+0000] {processor.py:186} INFO - Started process (PID=2611) to work on /opt/airflow/dags/youtube_medallion_pipeline.py
[2026-07-25T18:50:29.282+0000] {processor.py:914} INFO - Processing file /opt/airflow/dags/youtube_medallion_pipeline.py for tasks to queue
[2026-07-25T18:50:29.284+0000] {logging_mixin.py:190} INFO - [2026-07-25T18:50:29.284+0000] {dagbag.py:588} INFO - Filling up the DagBag from /opt/airflow/dags/youtube_medallion_pipeline.py
[2026-07-25T18:50:29.316+0000] {processor.py:925} INFO - DAG(s) 'youtube_medallion_pipeline' retrieved from /opt/airflow/dags/youtube_medallion_pipeline.py
[2026-07-25T18:50:29.376+0000] {logging_mixin.py:190} INFO - [2026-07-25T18:50:29.375+0000] {dag.py:3239} INFO - Sync 1 DAGs
[2026-07-25T18:50:29.401+0000] {logging_mixin.py:190} INFO - [2026-07-25T18:50:29.401+0000] {dag.py:4180} INFO - Setting next_dagrun for youtube_medallion_pipeline to None, run_after=None
[2026-07-25T18:50:29.456+0000] {processor.py:208} INFO - Processing /opt/airflow/dags/youtube_medallion_pipeline.py took 0.187 seconds
[2026-07-25T18:50:59.723+0000] {processor.py:186} INFO - Started process (PID=2616) to work on /opt/airflow/dags/youtube_medallion_pipeline.py
[2026-07-25T18:50:59.731+0000] {processor.py:914} INFO - Processing file /opt/airflow/dags/youtube_medallion_pipeline.py for tasks to queue
[2026-07-25T18:50:59.737+0000] {logging_mixin.py:190} INFO - [2026-07-25T18:50:59.736+0000] {dagbag.py:588} INFO - Filling up the DagBag from /opt/airflow/dags/youtube_medallion_pipeline.py
[2026-07-25T18:50:59.762+0000] {processor.py:925} INFO - DAG(s) 'youtube_medallion_pipeline' retrieved from /opt/airflow/dags/youtube_medallion_pipeline.py
[2026-07-25T18:50:59.819+0000] {logging_mixin.py:190} INFO - [2026-07-25T18:50:59.818+0000] {dag.py:3239} INFO - Sync 1 DAGs
[2026-07-25T18:50:59.864+0000] {logging_mixin.py:190} INFO - [2026-07-25T18:50:59.864+0000] {dag.py:4180} INFO - Setting next_dagrun for youtube_medallion_pipeline to None, run_after=None
[2026-07-25T18:50:59.909+0000] {processor.py:208} INFO - Processing /opt/airflow/dags/youtube_medallion_pipeline.py took 0.201 seconds
[2026-07-25T18:51:30.560+0000] {processor.py:186} INFO - Started process (PID=2621) to work on /opt/airflow/dags/youtube_medallion_pipeline.py
[2026-07-25T18:51:30.573+0000] {processor.py:914} INFO - Processing file /opt/airflow/dags/youtube_medallion_pipeline.py for tasks to queue
[2026-07-25T18:51:30.589+0000] {logging_mixin.py:190} INFO - [2026-07-25T18:51:30.586+0000] {dagbag.py:588} INFO - Filling up the DagBag from /opt/airflow/dags/youtube_medallion_pipeline.py
[2026-07-25T18:51:30.674+0000] {processor.py:925} INFO - DAG(s) 'youtube_medallion_pipeline' retrieved from /opt/airflow/dags/youtube_medallion_pipeline.py
[2026-07-25T18:51:30.896+0000] {logging_mixin.py:190} INFO - [2026-07-25T18:51:30.896+0000] {dag.py:3239} INFO - Sync 1 DAGs
[2026-07-25T18:51:31.062+0000] {logging_mixin.py:190} INFO - [2026-07-25T18:51:31.061+0000] {dag.py:4180} INFO - Setting next_dagrun for youtube_medallion_pipeline to None, run_after=None
[2026-07-25T18:51:31.178+0000] {processor.py:208} INFO - Processing /opt/airflow/dags/youtube_medallion_pipeline.py took 0.704 seconds
[2026-07-25T18:52:01.460+0000] {processor.py:186} INFO - Started process (PID=2626) to work on /opt/airflow/dags/youtube_medallion_pipeline.py
[2026-07-25T18:52:01.466+0000] {processor.py:914} INFO - Processing file /opt/airflow/dags/youtube_medallion_pipeline.py for tasks to queue
[2026-07-25T18:52:01.482+0000] {logging_mixin.py:190} INFO - [2026-07-25T18:52:01.479+0000] {dagbag.py:588} INFO - Filling up the DagBag from /opt/airflow/dags/youtube_medallion_pipeline.py
[2026-07-25T18:52:01.547+0000] {processor.py:925} INFO - DAG(s) 'youtube_medallion_pipeline' retrieved from /opt/airflow/dags/youtube_medallion_pipeline.py
[2026-07-25T18:52:01.623+0000] {logging_mixin.py:190} INFO - [2026-07-25T18:52:01.623+0000] {dag.py:3239} INFO - Sync 1 DAGs
[2026-07-25T18:52:01.695+0000] {logging_mixin.py:190} INFO - [2026-07-25T18:52:01.694+0000] {dag.py:4180} INFO - Setting next_dagrun for youtube_medallion_pipeline to None, run_after=None
[2026-07-25T18:52:01.764+0000] {processor.py:208} INFO - Processing /opt/airflow/dags/youtube_medallion_pipeline.py took 0.312 seconds
[2026-07-25T18:52:32.184+0000] {processor.py:186} INFO - Started process (PID=2631) to work on /opt/airflow/dags/youtube_medallion_pipeline.py
[2026-07-25T18:52:32.187+0000] {processor.py:914} INFO - Processing file /opt/airflow/dags/youtube_medallion_pipeline.py for tasks to queue
[2026-07-25T18:52:32.192+0000] {logging_mixin.py:190} INFO - [2026-07-25T18:52:32.192+0000] {dagbag.py:588} INFO - Filling up the DagBag from /opt/airflow/dags/youtube_medallion_pipeline.py
[2026-07-25T18:52:32.252+0000] {processor.py:925} INFO - DAG(s) 'youtube_medallion_pipeline' retrieved from /opt/airflow/dags/youtube_medallion_pipeline.py
[2026-07-25T18:52:32.434+0000] {logging_mixin.py:190} INFO - [2026-07-25T18:52:32.434+0000] {dag.py:3239} INFO - Sync 1 DAGs
[2026-07-25T18:52:32.511+0000] {logging_mixin.py:190} INFO - [2026-07-25T18:52:32.510+0000] {dag.py:4180} INFO - Setting next_dagrun for youtube_medallion_pipeline to None, run_after=None
[2026-07-25T18:52:34.019+0000] {processor.py:208} INFO - Processing /opt/airflow/dags/youtube_medallion_pipeline.py took 1.843 seconds
[2026-07-25T18:53:05.104+0000] {processor.py:186} INFO - Started process (PID=2636) to work on /opt/airflow/dags/youtube_medallion_pipeline.py
[2026-07-25T18:53:05.107+0000] {processor.py:914} INFO - Processing file /opt/airflow/dags/youtube_medallion_pipeline.py for tasks to queue
[2026-07-25T18:53:05.110+0000] {logging_mixin.py:190} INFO - [2026-07-25T18:53:05.109+0000] {dagbag.py:588} INFO - Filling up the DagBag from /opt/airflow/dags/youtube_medallion_pipeline.py
[2026-07-25T18:53:05.134+0000] {processor.py:925} INFO - DAG(s) 'youtube_medallion_pipeline' retrieved from /opt/airflow/dags/youtube_medallion_pipeline.py
[2026-07-25T18:53:05.191+0000] {logging_mixin.py:190} INFO - [2026-07-25T18:53:05.191+0000] {dag.py:3239} INFO - Sync 1 DAGs
[2026-07-25T18:53:05.215+0000] {logging_mixin.py:190} INFO - [2026-07-25T18:53:05.215+0000] {dag.py:4180} INFO - Setting next_dagrun for youtube_medallion_pipeline to None, run_after=None
[2026-07-25T18:53:05.266+0000] {processor.py:208} INFO - Processing /opt/airflow/dags/youtube_medallion_pipeline.py took 0.170 seconds
[2026-07-25T18:53:35.590+0000] {processor.py:186} INFO - Started process (PID=2641) to work on /opt/airflow/dags/youtube_medallion_pipeline.py
[2026-07-25T18:53:35.596+0000] {processor.py:914} INFO - Processing file /opt/airflow/dags/youtube_medallion_pipeline.py for tasks to queue
[2026-07-25T18:53:35.603+0000] {logging_mixin.py:190} INFO - [2026-07-25T18:53:35.601+0000] {dagbag.py:588} INFO - Filling up the DagBag from /opt/airflow/dags/youtube_medallion_pipeline.py
[2026-07-25T18:53:35.650+0000] {processor.py:925} INFO - DAG(s) 'youtube_medallion_pipeline' retrieved from /opt/airflow/dags/youtube_medallion_pipeline.py
[2026-07-25T18:53:35.735+0000] {logging_mixin.py:190} INFO - [2026-07-25T18:53:35.734+0000] {dag.py:3239} INFO - Sync 1 DAGs
[2026-07-25T18:53:35.773+0000] {logging_mixin.py:190} INFO - [2026-07-25T18:53:35.773+0000] {dag.py:4180} INFO - Setting next_dagrun for youtube_medallion_pipeline to None, run_after=None
[2026-07-25T18:53:35.822+0000] {processor.py:208} INFO - Processing /opt/airflow/dags/youtube_medallion_pipeline.py took 0.272 seconds
[2026-07-25T18:54:06.022+0000] {processor.py:186} INFO - Started process (PID=2646) to work on /opt/airflow/dags/youtube_medallion_pipeline.py
[2026-07-25T18:54:06.025+0000] {processor.py:914} INFO - Processing file /opt/airflow/dags/youtube_medallion_pipeline.py for tasks to queue
[2026-07-25T18:54:06.027+0000] {logging_mixin.py:190} INFO - [2026-07-25T18:54:06.027+0000] {dagbag.py:588} INFO - Filling up the DagBag from /opt/airflow/dags/youtube_medallion_pipeline.py
[2026-07-25T18:54:06.055+0000] {processor.py:925} INFO - DAG(s) 'youtube_medallion_pipeline' retrieved from /opt/airflow/dags/youtube_medallion_pipeline.py
[2026-07-25T18:54:06.124+0000] {logging_mixin.py:190} INFO - [2026-07-25T18:54:06.124+0000] {dag.py:3239} INFO - Sync 1 DAGs
[2026-07-25T18:54:06.152+0000] {logging_mixin.py:190} INFO - [2026-07-25T18:54:06.152+0000] {dag.py:4180} INFO - Setting next_dagrun for youtube_medallion_pipeline to None, run_after=None
[2026-07-25T18:54:06.184+0000] {processor.py:208} INFO - Processing /opt/airflow/dags/youtube_medallion_pipeline.py took 0.171 seconds
[2026-07-25T18:54:36.686+0000] {processor.py:186} INFO - Started process (PID=2651) to work on /opt/airflow/dags/youtube_medallion_pipeline.py
[2026-07-25T18:54:36.689+0000] {processor.py:914} INFO - Processing file /opt/airflow/dags/youtube_medallion_pipeline.py for tasks to queue
[2026-07-25T18:54:36.693+0000] {logging_mixin.py:190} INFO - [2026-07-25T18:54:36.692+0000] {dagbag.py:588} INFO - Filling up the DagBag from /opt/airflow/dags/youtube_medallion_pipeline.py
[2026-07-25T18:54:36.723+0000] {processor.py:925} INFO - DAG(s) 'youtube_medallion_pipeline' retrieved from /opt/airflow/dags/youtube_medallion_pipeline.py
[2026-07-25T18:54:36.794+0000] {logging_mixin.py:190} INFO - [2026-07-25T18:54:36.794+0000] {dag.py:3239} INFO - Sync 1 DAGs
[2026-07-25T18:54:36.826+0000] {logging_mixin.py:190} INFO - [2026-07-25T18:54:36.825+0000] {dag.py:4180} INFO - Setting next_dagrun for youtube_medallion_pipeline to None, run_after=None
[2026-07-25T18:54:36.871+0000] {processor.py:208} INFO - Processing /opt/airflow/dags/youtube_medallion_pipeline.py took 0.195 seconds
[2026-07-25T18:55:07.223+0000] {processor.py:186} INFO - Started process (PID=2656) to work on /opt/airflow/dags/youtube_medallion_pipeline.py
[2026-07-25T18:55:07.226+0000] {processor.py:914} INFO - Processing file /opt/airflow/dags/youtube_medallion_pipeline.py for tasks to queue
[2026-07-25T18:55:07.231+0000] {logging_mixin.py:190} INFO - [2026-07-25T18:55:07.230+0000] {dagbag.py:588} INFO - Filling up the DagBag from /opt/airflow/dags/youtube_medallion_pipeline.py
[2026-07-25T18:55:07.276+0000] {processor.py:925} INFO - DAG(s) 'youtube_medallion_pipeline' retrieved from /opt/airflow/dags/youtube_medallion_pipeline.py
[2026-07-25T18:55:07.370+0000] {logging_mixin.py:190} INFO - [2026-07-25T18:55:07.369+0000] {dag.py:3239} INFO - Sync 1 DAGs
[2026-07-25T18:55:07.400+0000] {logging_mixin.py:190} INFO - [2026-07-25T18:55:07.400+0000] {dag.py:4180} INFO - Setting next_dagrun for youtube_medallion_pipeline to None, run_after=None
[2026-07-25T18:55:07.446+0000] {processor.py:208} INFO - Processing /opt/airflow/dags/youtube_medallion_pipeline.py took 0.241 seconds
[2026-07-25T18:55:37.743+0000] {processor.py:186} INFO - Started process (PID=2661) to work on /opt/airflow/dags/youtube_medallion_pipeline.py
[2026-07-25T18:55:37.746+0000] {processor.py:914} INFO - Processing file /opt/airflow/dags/youtube_medallion_pipeline.py for tasks to queue
[2026-07-25T18:55:37.749+0000] {logging_mixin.py:190} INFO - [2026-07-25T18:55:37.749+0000] {dagbag.py:588} INFO - Filling up the DagBag from /opt/airflow/dags/youtube_medallion_pipeline.py
[2026-07-25T18:55:37.775+0000] {processor.py:925} INFO - DAG(s) 'youtube_medallion_pipeline' retrieved from /opt/airflow/dags/youtube_medallion_pipeline.py
[2026-07-25T18:55:37.996+0000] {logging_mixin.py:190} INFO - [2026-07-25T18:55:37.995+0000] {dag.py:3239} INFO - Sync 1 DAGs
[2026-07-25T18:55:38.140+0000] {logging_mixin.py:190} INFO - [2026-07-25T18:55:38.139+0000] {dag.py:4180} INFO - Setting next_dagrun for youtube_medallion_pipeline to None, run_after=None
[2026-07-25T18:55:38.193+0000] {processor.py:208} INFO - Processing /opt/airflow/dags/youtube_medallion_pipeline.py took 0.459 seconds
[2026-07-25T18:56:08.690+0000] {processor.py:186} INFO - Started process (PID=2666) to work on /opt/airflow/dags/youtube_medallion_pipeline.py
[2026-07-25T18:56:08.694+0000] {processor.py:914} INFO - Processing file /opt/airflow/dags/youtube_medallion_pipeline.py for tasks to queue
[2026-07-25T18:56:08.698+0000] {logging_mixin.py:190} INFO - [2026-07-25T18:56:08.698+0000] {dagbag.py:588} INFO - Filling up the DagBag from /opt/airflow/dags/youtube_medallion_pipeline.py
[2026-07-25T18:56:08.731+0000] {processor.py:925} INFO - DAG(s) 'youtube_medallion_pipeline' retrieved from /opt/airflow/dags/youtube_medallion_pipeline.py
[2026-07-25T18:56:08.815+0000] {logging_mixin.py:190} INFO - [2026-07-25T18:56:08.814+0000] {dag.py:3239} INFO - Sync 1 DAGs
[2026-07-25T18:56:08.846+0000] {logging_mixin.py:190} INFO - [2026-07-25T18:56:08.845+0000] {dag.py:4180} INFO - Setting next_dagrun for youtube_medallion_pipeline to None, run_after=None
[2026-07-25T18:56:08.957+0000] {processor.py:208} INFO - Processing /opt/airflow/dags/youtube_medallion_pipeline.py took 0.280 seconds
[2026-07-25T18:56:39.460+0000] {processor.py:186} INFO - Started process (PID=2671) to work on /opt/airflow/dags/youtube_medallion_pipeline.py
[2026-07-25T18:56:39.463+0000] {processor.py:914} INFO - Processing file /opt/airflow/dags/youtube_medallion_pipeline.py for tasks to queue
[2026-07-25T18:56:39.467+0000] {logging_mixin.py:190} INFO - [2026-07-25T18:56:39.466+0000] {dagbag.py:588} INFO - Filling up the DagBag from /opt/airflow/dags/youtube_medallion_pipeline.py
[2026-07-25T18:56:39.507+0000] {processor.py:925} INFO - DAG(s) 'youtube_medallion_pipeline' retrieved from /opt/airflow/dags/youtube_medallion_pipeline.py
[2026-07-25T18:56:39.679+0000] {logging_mixin.py:190} INFO - [2026-07-25T18:56:39.678+0000] {dag.py:3239} INFO - Sync 1 DAGs
[2026-07-25T18:56:39.725+0000] {logging_mixin.py:190} INFO - [2026-07-25T18:56:39.724+0000] {dag.py:4180} INFO - Setting next_dagrun for youtube_medallion_pipeline to None, run_after=None
[2026-07-25T18:56:39.793+0000] {processor.py:208} INFO - Processing /opt/airflow/dags/youtube_medallion_pipeline.py took 0.344 seconds
[2026-07-25T18:57:10.392+0000] {processor.py:186} INFO - Started process (PID=2676) to work on /opt/airflow/dags/youtube_medallion_pipeline.py
[2026-07-25T18:57:10.395+0000] {processor.py:914} INFO - Processing file /opt/airflow/dags/youtube_medallion_pipeline.py for tasks to queue
[2026-07-25T18:57:10.401+0000] {logging_mixin.py:190} INFO - [2026-07-25T18:57:10.400+0000] {dagbag.py:588} INFO - Filling up the DagBag from /opt/airflow/dags/youtube_medallion_pipeline.py
[2026-07-25T18:57:10.497+0000] {processor.py:925} INFO - DAG(s) 'youtube_medallion_pipeline' retrieved from /opt/airflow/dags/youtube_medallion_pipeline.py
[2026-07-25T18:57:10.938+0000] {logging_mixin.py:190} INFO - [2026-07-25T18:57:10.936+0000] {dag.py:3239} INFO - Sync 1 DAGs
[2026-07-25T18:57:11.113+0000] {logging_mixin.py:190} INFO - [2026-07-25T18:57:11.113+0000] {dag.py:4180} INFO - Setting next_dagrun for youtube_medallion_pipeline to None, run_after=None
[2026-07-25T18:57:11.172+0000] {processor.py:208} INFO - Processing /opt/airflow/dags/youtube_medallion_pipeline.py took 0.810 seconds
[2026-07-25T18:57:41.654+0000] {processor.py:186} INFO - Started process (PID=2681) to work on /opt/airflow/dags/youtube_medallion_pipeline.py
[2026-07-25T18:57:41.657+0000] {processor.py:914} INFO - Processing file /opt/airflow/dags/youtube_medallion_pipeline.py for tasks to queue
[2026-07-25T18:57:41.660+0000] {logging_mixin.py:190} INFO - [2026-07-25T18:57:41.659+0000] {dagbag.py:588} INFO - Filling up the DagBag from /opt/airflow/dags/youtube_medallion_pipeline.py
[2026-07-25T18:57:41.680+0000] {processor.py:925} INFO - DAG(s) 'youtube_medallion_pipeline' retrieved from /opt/airflow/dags/youtube_medallion_pipeline.py
[2026-07-25T18:57:41.733+0000] {logging_mixin.py:190} INFO - [2026-07-25T18:57:41.733+0000] {dag.py:3239} INFO - Sync 1 DAGs
[2026-07-25T18:57:41.762+0000] {logging_mixin.py:190} INFO - [2026-07-25T18:57:41.762+0000] {dag.py:4180} INFO - Setting next_dagrun for youtube_medallion_pipeline to None, run_after=None
[2026-07-25T18:57:41.797+0000] {processor.py:208} INFO - Processing /opt/airflow/dags/youtube_medallion_pipeline.py took 0.153 seconds
[2026-07-25T18:58:12.024+0000] {processor.py:186} INFO - Started process (PID=2686) to work on /opt/airflow/dags/youtube_medallion_pipeline.py
[2026-07-25T18:58:12.058+0000] {processor.py:914} INFO - Processing file /opt/airflow/dags/youtube_medallion_pipeline.py for tasks to queue
[2026-07-25T18:58:12.062+0000] {logging_mixin.py:190} INFO - [2026-07-25T18:58:12.061+0000] {dagbag.py:588} INFO - Filling up the DagBag from /opt/airflow/dags/youtube_medallion_pipeline.py
[2026-07-25T18:58:12.114+0000] {processor.py:925} INFO - DAG(s) 'youtube_medallion_pipeline' retrieved from /opt/airflow/dags/youtube_medallion_pipeline.py
[2026-07-25T18:58:12.187+0000] {logging_mixin.py:190} INFO - [2026-07-25T18:58:12.186+0000] {dag.py:3239} INFO - Sync 1 DAGs
[2026-07-25T18:58:12.218+0000] {logging_mixin.py:190} INFO - [2026-07-25T18:58:12.218+0000] {dag.py:4180} INFO - Setting next_dagrun for youtube_medallion_pipeline to None, run_after=None
[2026-07-25T18:58:12.259+0000] {processor.py:208} INFO - Processing /opt/airflow/dags/youtube_medallion_pipeline.py took 0.245 seconds
[2026-07-25T18:58:42.565+0000] {processor.py:186} INFO - Started process (PID=2691) to work on /opt/airflow/dags/youtube_medallion_pipeline.py
[2026-07-25T18:58:42.576+0000] {processor.py:914} INFO - Processing file /opt/airflow/dags/youtube_medallion_pipeline.py for tasks to queue
[2026-07-25T18:58:42.582+0000] {logging_mixin.py:190} INFO - [2026-07-25T18:58:42.581+0000] {dagbag.py:588} INFO - Filling up the DagBag from /opt/airflow/dags/youtube_medallion_pipeline.py
[2026-07-25T18:58:42.628+0000] {processor.py:925} INFO - DAG(s) 'youtube_medallion_pipeline' retrieved from /opt/airflow/dags/youtube_medallion_pipeline.py
[2026-07-25T18:58:42.702+0000] {logging_mixin.py:190} INFO - [2026-07-25T18:58:42.702+0000] {dag.py:3239} INFO - Sync 1 DAGs
[2026-07-25T18:58:42.744+0000] {logging_mixin.py:190} INFO - [2026-07-25T18:58:42.744+0000] {dag.py:4180} INFO - Setting next_dagrun for youtube_medallion_pipeline to None, run_after=None
[2026-07-25T18:58:42.792+0000] {processor.py:208} INFO - Processing /opt/airflow/dags/youtube_medallion_pipeline.py took 0.241 seconds
[2026-07-25T18:59:13.067+0000] {processor.py:186} INFO - Started process (PID=2696) to work on /opt/airflow/dags/youtube_medallion_pipeline.py
[2026-07-25T18:59:13.070+0000] {processor.py:914} INFO - Processing file /opt/airflow/dags/youtube_medallion_pipeline.py for tasks to queue
[2026-07-25T18:59:13.073+0000] {logging_mixin.py:190} INFO - [2026-07-25T18:59:13.073+0000] {dagbag.py:588} INFO - Filling up the DagBag from /opt/airflow/dags/youtube_medallion_pipeline.py
[2026-07-25T18:59:13.095+0000] {processor.py:925} INFO - DAG(s) 'youtube_medallion_pipeline' retrieved from /opt/airflow/dags/youtube_medallion_pipeline.py
[2026-07-25T18:59:13.218+0000] {logging_mixin.py:190} INFO - [2026-07-25T18:59:13.217+0000] {dag.py:3239} INFO - Sync 1 DAGs
[2026-07-25T18:59:13.272+0000] {logging_mixin.py:190} INFO - [2026-07-25T18:59:13.271+0000] {dag.py:4180} INFO - Setting next_dagrun for youtube_medallion_pipeline to None, run_after=None
[2026-07-25T18:59:13.326+0000] {processor.py:208} INFO - Processing /opt/airflow/dags/youtube_medallion_pipeline.py took 0.268 seconds
[2026-07-25T18:59:43.621+0000] {processor.py:186} INFO - Started process (PID=2701) to work on /opt/airflow/dags/youtube_medallion_pipeline.py
[2026-07-25T18:59:43.626+0000] {processor.py:914} INFO - Processing file /opt/airflow/dags/youtube_medallion_pipeline.py for tasks to queue
[2026-07-25T18:59:43.630+0000] {logging_mixin.py:190} INFO - [2026-07-25T18:59:43.629+0000] {dagbag.py:588} INFO - Filling up the DagBag from /opt/airflow/dags/youtube_medallion_pipeline.py
[2026-07-25T18:59:43.689+0000] {processor.py:925} INFO - DAG(s) 'youtube_medallion_pipeline' retrieved from /opt/airflow/dags/youtube_medallion_pipeline.py
[2026-07-25T18:59:43.814+0000] {logging_mixin.py:190} INFO - [2026-07-25T18:59:43.813+0000] {dag.py:3239} INFO - Sync 1 DAGs
[2026-07-25T18:59:43.880+0000] {logging_mixin.py:190} INFO - [2026-07-25T18:59:43.879+0000] {dag.py:4180} INFO - Setting next_dagrun for youtube_medallion_pipeline to None, run_after=None
[2026-07-25T18:59:43.945+0000] {processor.py:208} INFO - Processing /opt/airflow/dags/youtube_medallion_pipeline.py took 0.340 seconds
[2026-07-25T19:00:14.199+0000] {processor.py:186} INFO - Started process (PID=2706) to work on /opt/airflow/dags/youtube_medallion_pipeline.py
[2026-07-25T19:00:14.203+0000] {processor.py:914} INFO - Processing file /opt/airflow/dags/youtube_medallion_pipeline.py for tasks to queue
[2026-07-25T19:00:14.208+0000] {logging_mixin.py:190} INFO - [2026-07-25T19:00:14.207+0000] {dagbag.py:588} INFO - Filling up the DagBag from /opt/airflow/dags/youtube_medallion_pipeline.py
[2026-07-25T19:00:14.264+0000] {processor.py:925} INFO - DAG(s) 'youtube_medallion_pipeline' retrieved from /opt/airflow/dags/youtube_medallion_pipeline.py
[2026-07-25T19:00:14.349+0000] {logging_mixin.py:190} INFO - [2026-07-25T19:00:14.348+0000] {dag.py:3239} INFO - Sync 1 DAGs
[2026-07-25T19:00:14.413+0000] {logging_mixin.py:190} INFO - [2026-07-25T19:00:14.413+0000] {dag.py:4180} INFO - Setting next_dagrun for youtube_medallion_pipeline to None, run_after=None
[2026-07-25T19:00:14.461+0000] {processor.py:208} INFO - Processing /opt/airflow/dags/youtube_medallion_pipeline.py took 0.277 seconds
[2026-07-25T19:00:44.889+0000] {processor.py:186} INFO - Started process (PID=2711) to work on /opt/airflow/dags/youtube_medallion_pipeline.py
[2026-07-25T19:00:44.892+0000] {processor.py:914} INFO - Processing file /opt/airflow/dags/youtube_medallion_pipeline.py for tasks to queue
[2026-07-25T19:00:44.895+0000] {logging_mixin.py:190} INFO - [2026-07-25T19:00:44.894+0000] {dagbag.py:588} INFO - Filling up the DagBag from /opt/airflow/dags/youtube_medallion_pipeline.py
[2026-07-25T19:00:44.918+0000] {processor.py:925} INFO - DAG(s) 'youtube_medallion_pipeline' retrieved from /opt/airflow/dags/youtube_medallion_pipeline.py
[2026-07-25T19:00:44.982+0000] {logging_mixin.py:190} INFO - [2026-07-25T19:00:44.982+0000] {dag.py:3239} INFO - Sync 1 DAGs
[2026-07-25T19:00:45.011+0000] {logging_mixin.py:190} INFO - [2026-07-25T19:00:45.011+0000] {dag.py:4180} INFO - Setting next_dagrun for youtube_medallion_pipeline to None, run_after=None
[2026-07-25T19:00:45.052+0000] {processor.py:208} INFO - Processing /opt/airflow/dags/youtube_medallion_pipeline.py took 0.172 seconds
[2026-07-25T19:01:15.379+0000] {processor.py:186} INFO - Started process (PID=2716) to work on /opt/airflow/dags/youtube_medallion_pipeline.py
[2026-07-25T19:01:15.382+0000] {processor.py:914} INFO - Processing file /opt/airflow/dags/youtube_medallion_pipeline.py for tasks to queue
[2026-07-25T19:01:15.386+0000] {logging_mixin.py:190} INFO - [2026-07-25T19:01:15.385+0000] {dagbag.py:588} INFO - Filling up the DagBag from /opt/airflow/dags/youtube_medallion_pipeline.py
[2026-07-25T19:01:15.417+0000] {processor.py:925} INFO - DAG(s) 'youtube_medallion_pipeline' retrieved from /opt/airflow/dags/youtube_medallion_pipeline.py
[2026-07-25T19:01:15.483+0000] {logging_mixin.py:190} INFO - [2026-07-25T19:01:15.482+0000] {dag.py:3239} INFO - Sync 1 DAGs
[2026-07-25T19:01:15.518+0000] {logging_mixin.py:190} INFO - [2026-07-25T19:01:15.518+0000] {dag.py:4180} INFO - Setting next_dagrun for youtube_medallion_pipeline to None, run_after=None
[2026-07-25T19:01:15.578+0000] {processor.py:208} INFO - Processing /opt/airflow/dags/youtube_medallion_pipeline.py took 0.210 seconds
[2026-07-25T19:01:45.835+0000] {processor.py:186} INFO - Started process (PID=2721) to work on /opt/airflow/dags/youtube_medallion_pipeline.py
[2026-07-25T19:01:45.842+0000] {processor.py:914} INFO - Processing file /opt/airflow/dags/youtube_medallion_pipeline.py for tasks to queue
[2026-07-25T19:01:45.850+0000] {logging_mixin.py:190} INFO - [2026-07-25T19:01:45.847+0000] {dagbag.py:588} INFO - Filling up the DagBag from /opt/airflow/dags/youtube_medallion_pipeline.py
[2026-07-25T19:01:45.895+0000] {processor.py:925} INFO - DAG(s) 'youtube_medallion_pipeline' retrieved from /opt/airflow/dags/youtube_medallion_pipeline.py
[2026-07-25T19:01:45.974+0000] {logging_mixin.py:190} INFO - [2026-07-25T19:01:45.974+0000] {dag.py:3239} INFO - Sync 1 DAGs
[2026-07-25T19:01:46.026+0000] {logging_mixin.py:190} INFO - [2026-07-25T19:01:46.023+0000] {dag.py:4180} INFO - Setting next_dagrun for youtube_medallion_pipeline to None, run_after=None
[2026-07-25T19:01:46.099+0000] {processor.py:208} INFO - Processing /opt/airflow/dags/youtube_medallion_pipeline.py took 0.280 seconds
[2026-07-25T19:02:16.374+0000] {processor.py:186} INFO - Started process (PID=2726) to work on /opt/airflow/dags/youtube_medallion_pipeline.py
[2026-07-25T19:02:16.378+0000] {processor.py:914} INFO - Processing file /opt/airflow/dags/youtube_medallion_pipeline.py for tasks to queue
[2026-07-25T19:02:16.384+0000] {logging_mixin.py:190} INFO - [2026-07-25T19:02:16.383+0000] {dagbag.py:588} INFO - Filling up the DagBag from /opt/airflow/dags/youtube_medallion_pipeline.py
[2026-07-25T19:02:16.413+0000] {processor.py:925} INFO - DAG(s) 'youtube_medallion_pipeline' retrieved from /opt/airflow/dags/youtube_medallion_pipeline.py
[2026-07-25T19:02:16.479+0000] {logging_mixin.py:190} INFO - [2026-07-25T19:02:16.478+0000] {dag.py:3239} INFO - Sync 1 DAGs
[2026-07-25T19:02:16.509+0000] {logging_mixin.py:190} INFO - [2026-07-25T19:02:16.508+0000] {dag.py:4180} INFO - Setting next_dagrun for youtube_medallion_pipeline to None, run_after=None
[2026-07-25T19:02:16.559+0000] {processor.py:208} INFO - Processing /opt/airflow/dags/youtube_medallion_pipeline.py took 0.197 seconds
[2026-07-25T19:02:46.890+0000] {processor.py:186} INFO - Started process (PID=2731) to work on /opt/airflow/dags/youtube_medallion_pipeline.py
[2026-07-25T19:02:46.892+0000] {processor.py:914} INFO - Processing file /opt/airflow/dags/youtube_medallion_pipeline.py for tasks to queue
[2026-07-25T19:02:46.897+0000] {logging_mixin.py:190} INFO - [2026-07-25T19:02:46.897+0000] {dagbag.py:588} INFO - Filling up the DagBag from /opt/airflow/dags/youtube_medallion_pipeline.py
[2026-07-25T19:02:46.931+0000] {processor.py:925} INFO - DAG(s) 'youtube_medallion_pipeline' retrieved from /opt/airflow/dags/youtube_medallion_pipeline.py
[2026-07-25T19:02:46.992+0000] {logging_mixin.py:190} INFO - [2026-07-25T19:02:46.991+0000] {dag.py:3239} INFO - Sync 1 DAGs
[2026-07-25T19:02:47.023+0000] {logging_mixin.py:190} INFO - [2026-07-25T19:02:47.023+0000] {dag.py:4180} INFO - Setting next_dagrun for youtube_medallion_pipeline to None, run_after=None
[2026-07-25T19:02:47.078+0000] {processor.py:208} INFO - Processing /opt/airflow/dags/youtube_medallion_pipeline.py took 0.203 seconds
[2026-07-25T19:03:17.349+0000] {processor.py:186} INFO - Started process (PID=2736) to work on /opt/airflow/dags/youtube_medallion_pipeline.py
[2026-07-25T19:03:17.355+0000] {processor.py:914} INFO - Processing file /opt/airflow/dags/youtube_medallion_pipeline.py for tasks to queue
[2026-07-25T19:03:17.361+0000] {logging_mixin.py:190} INFO - [2026-07-25T19:03:17.360+0000] {dagbag.py:588} INFO - Filling up the DagBag from /opt/airflow/dags/youtube_medallion_pipeline.py
[2026-07-25T19:03:17.407+0000] {processor.py:925} INFO - DAG(s) 'youtube_medallion_pipeline' retrieved from /opt/airflow/dags/youtube_medallion_pipeline.py
[2026-07-25T19:03:17.523+0000] {logging_mixin.py:190} INFO - [2026-07-25T19:03:17.522+0000] {dag.py:3239} INFO - Sync 1 DAGs
[2026-07-25T19:03:17.577+0000] {logging_mixin.py:190} INFO - [2026-07-25T19:03:17.576+0000] {dag.py:4180} INFO - Setting next_dagrun for youtube_medallion_pipeline to None, run_after=None
[2026-07-25T19:03:17.643+0000] {processor.py:208} INFO - Processing /opt/airflow/dags/youtube_medallion_pipeline.py took 0.307 seconds
[2026-07-25T19:03:47.957+0000] {processor.py:186} INFO - Started process (PID=2741) to work on /opt/airflow/dags/youtube_medallion_pipeline.py
[2026-07-25T19:03:47.964+0000] {processor.py:914} INFO - Processing file /opt/airflow/dags/youtube_medallion_pipeline.py for tasks to queue
[2026-07-25T19:03:47.973+0000] {logging_mixin.py:190} INFO - [2026-07-25T19:03:47.971+0000] {dagbag.py:588} INFO - Filling up the DagBag from /opt/airflow/dags/youtube_medallion_pipeline.py
[2026-07-25T19:03:48.041+0000] {processor.py:925} INFO - DAG(s) 'youtube_medallion_pipeline' retrieved from /opt/airflow/dags/youtube_medallion_pipeline.py
[2026-07-25T19:03:48.179+0000] {logging_mixin.py:190} INFO - [2026-07-25T19:03:48.178+0000] {dag.py:3239} INFO - Sync 1 DAGs
[2026-07-25T19:03:48.239+0000] {logging_mixin.py:190} INFO - [2026-07-25T19:03:48.239+0000] {dag.py:4180} INFO - Setting next_dagrun for youtube_medallion_pipeline to None, run_after=None
[2026-07-25T19:03:48.297+0000] {processor.py:208} INFO - Processing /opt/airflow/dags/youtube_medallion_pipeline.py took 0.384 seconds
[2026-07-25T19:04:18.455+0000] {processor.py:186} INFO - Started process (PID=2746) to work on /opt/airflow/dags/youtube_medallion_pipeline.py
[2026-07-25T19:04:18.459+0000] {processor.py:914} INFO - Processing file /opt/airflow/dags/youtube_medallion_pipeline.py for tasks to queue
[2026-07-25T19:04:18.463+0000] {logging_mixin.py:190} INFO - [2026-07-25T19:04:18.462+0000] {dagbag.py:588} INFO - Filling up the DagBag from /opt/airflow/dags/youtube_medallion_pipeline.py
[2026-07-25T19:04:18.497+0000] {processor.py:925} INFO - DAG(s) 'youtube_medallion_pipeline' retrieved from /opt/airflow/dags/youtube_medallion_pipeline.py
[2026-07-25T19:04:18.561+0000] {logging_mixin.py:190} INFO - [2026-07-25T19:04:18.561+0000] {dag.py:3239} INFO - Sync 1 DAGs
[2026-07-25T19:04:18.596+0000] {logging_mixin.py:190} INFO - [2026-07-25T19:04:18.595+0000] {dag.py:4180} INFO - Setting next_dagrun for youtube_medallion_pipeline to None, run_after=None
[2026-07-25T19:04:18.676+0000] {processor.py:208} INFO - Processing /opt/airflow/dags/youtube_medallion_pipeline.py took 0.234 seconds
[2026-07-25T19:04:49.138+0000] {processor.py:186} INFO - Started process (PID=2751) to work on /opt/airflow/dags/youtube_medallion_pipeline.py
[2026-07-25T19:04:49.144+0000] {processor.py:914} INFO - Processing file /opt/airflow/dags/youtube_medallion_pipeline.py for tasks to queue
[2026-07-25T19:04:49.149+0000] {logging_mixin.py:190} INFO - [2026-07-25T19:04:49.148+0000] {dagbag.py:588} INFO - Filling up the DagBag from /opt/airflow/dags/youtube_medallion_pipeline.py
[2026-07-25T19:04:49.210+0000] {processor.py:925} INFO - DAG(s) 'youtube_medallion_pipeline' retrieved from /opt/airflow/dags/youtube_medallion_pipeline.py
[2026-07-25T19:04:49.323+0000] {logging_mixin.py:190} INFO - [2026-07-25T19:04:49.322+0000] {dag.py:3239} INFO - Sync 1 DAGs
[2026-07-25T19:04:49.421+0000] {logging_mixin.py:190} INFO - [2026-07-25T19:04:49.419+0000] {dag.py:4180} INFO - Setting next_dagrun for youtube_medallion_pipeline to None, run_after=None
[2026-07-25T19:04:49.478+0000] {processor.py:208} INFO - Processing /opt/airflow/dags/youtube_medallion_pipeline.py took 0.355 seconds
[2026-07-25T19:05:19.631+0000] {processor.py:186} INFO - Started process (PID=2756) to work on /opt/airflow/dags/youtube_medallion_pipeline.py
[2026-07-25T19:05:19.634+0000] {processor.py:914} INFO - Processing file /opt/airflow/dags/youtube_medallion_pipeline.py for tasks to queue
[2026-07-25T19:05:19.640+0000] {logging_mixin.py:190} INFO - [2026-07-25T19:05:19.639+0000] {dagbag.py:588} INFO - Filling up the DagBag from /opt/airflow/dags/youtube_medallion_pipeline.py
[2026-07-25T19:05:19.705+0000] {processor.py:925} INFO - DAG(s) 'youtube_medallion_pipeline' retrieved from /opt/airflow/dags/youtube_medallion_pipeline.py
[2026-07-25T19:05:19.799+0000] {logging_mixin.py:190} INFO - [2026-07-25T19:05:19.798+0000] {dag.py:3239} INFO - Sync 1 DAGs
[2026-07-25T19:05:19.829+0000] {logging_mixin.py:190} INFO - [2026-07-25T19:05:19.829+0000] {dag.py:4180} INFO - Setting next_dagrun for youtube_medallion_pipeline to None, run_after=None
[2026-07-25T19:05:19.877+0000] {processor.py:208} INFO - Processing /opt/airflow/dags/youtube_medallion_pipeline.py took 0.260 seconds
[2026-07-25T19:05:50.301+0000] {processor.py:186} INFO - Started process (PID=2761) to work on /opt/airflow/dags/youtube_medallion_pipeline.py
[2026-07-25T19:05:50.305+0000] {processor.py:914} INFO - Processing file /opt/airflow/dags/youtube_medallion_pipeline.py for tasks to queue
[2026-07-25T19:05:50.309+0000] {logging_mixin.py:190} INFO - [2026-07-25T19:05:50.308+0000] {dagbag.py:588} INFO - Filling up the DagBag from /opt/airflow/dags/youtube_medallion_pipeline.py
[2026-07-25T19:05:50.335+0000] {processor.py:925} INFO - DAG(s) 'youtube_medallion_pipeline' retrieved from /opt/airflow/dags/youtube_medallion_pipeline.py
[2026-07-25T19:05:50.404+0000] {logging_mixin.py:190} INFO - [2026-07-25T19:05:50.403+0000] {dag.py:3239} INFO - Sync 1 DAGs
[2026-07-25T19:05:50.431+0000] {logging_mixin.py:190} INFO - [2026-07-25T19:05:50.430+0000] {dag.py:4180} INFO - Setting next_dagrun for youtube_medallion_pipeline to None, run_after=None
[2026-07-25T19:05:50.477+0000] {processor.py:208} INFO - Processing /opt/airflow/dags/youtube_medallion_pipeline.py took 0.187 seconds
[2026-07-25T19:06:20.726+0000] {processor.py:186} INFO - Started process (PID=2766) to work on /opt/airflow/dags/youtube_medallion_pipeline.py
[2026-07-25T19:06:20.732+0000] {processor.py:914} INFO - Processing file /opt/airflow/dags/youtube_medallion_pipeline.py for tasks to queue
[2026-07-25T19:06:20.739+0000] {logging_mixin.py:190} INFO - [2026-07-25T19:06:20.737+0000] {dagbag.py:588} INFO - Filling up the DagBag from /opt/airflow/dags/youtube_medallion_pipeline.py
[2026-07-25T19:06:20.787+0000] {processor.py:925} INFO - DAG(s) 'youtube_medallion_pipeline' retrieved from /opt/airflow/dags/youtube_medallion_pipeline.py
[2026-07-25T19:06:20.861+0000] {logging_mixin.py:190} INFO - [2026-07-25T19:06:20.860+0000] {dag.py:3239} INFO - Sync 1 DAGs
[2026-07-25T19:06:20.890+0000] {logging_mixin.py:190} INFO - [2026-07-25T19:06:20.889+0000] {dag.py:4180} INFO - Setting next_dagrun for youtube_medallion_pipeline to None, run_after=None
[2026-07-25T19:06:20.930+0000] {processor.py:208} INFO - Processing /opt/airflow/dags/youtube_medallion_pipeline.py took 0.222 seconds
[2026-07-25T19:06:51.292+0000] {processor.py:186} INFO - Started process (PID=2771) to work on /opt/airflow/dags/youtube_medallion_pipeline.py
[2026-07-25T19:06:51.295+0000] {processor.py:914} INFO - Processing file /opt/airflow/dags/youtube_medallion_pipeline.py for tasks to queue
[2026-07-25T19:06:51.298+0000] {logging_mixin.py:190} INFO - [2026-07-25T19:06:51.298+0000] {dagbag.py:588} INFO - Filling up the DagBag from /opt/airflow/dags/youtube_medallion_pipeline.py
[2026-07-25T19:06:51.330+0000] {processor.py:925} INFO - DAG(s) 'youtube_medallion_pipeline' retrieved from /opt/airflow/dags/youtube_medallion_pipeline.py
[2026-07-25T19:06:51.405+0000] {logging_mixin.py:190} INFO - [2026-07-25T19:06:51.404+0000] {dag.py:3239} INFO - Sync 1 DAGs
[2026-07-25T19:06:51.446+0000] {logging_mixin.py:190} INFO - [2026-07-25T19:06:51.445+0000] {dag.py:4180} INFO - Setting next_dagrun for youtube_medallion_pipeline to None, run_after=None
[2026-07-25T19:06:51.497+0000] {processor.py:208} INFO - Processing /opt/airflow/dags/youtube_medallion_pipeline.py took 0.216 seconds
[2026-07-25T19:07:21.734+0000] {processor.py:186} INFO - Started process (PID=2776) to work on /opt/airflow/dags/youtube_medallion_pipeline.py
[2026-07-25T19:07:21.738+0000] {processor.py:914} INFO - Processing file /opt/airflow/dags/youtube_medallion_pipeline.py for tasks to queue
[2026-07-25T19:07:21.740+0000] {logging_mixin.py:190} INFO - [2026-07-25T19:07:21.740+0000] {dagbag.py:588} INFO - Filling up the DagBag from /opt/airflow/dags/youtube_medallion_pipeline.py
[2026-07-25T19:07:21.772+0000] {processor.py:925} INFO - DAG(s) 'youtube_medallion_pipeline' retrieved from /opt/airflow/dags/youtube_medallion_pipeline.py
[2026-07-25T19:07:21.825+0000] {logging_mixin.py:190} INFO - [2026-07-25T19:07:21.825+0000] {dag.py:3239} INFO - Sync 1 DAGs
[2026-07-25T19:07:21.849+0000] {logging_mixin.py:190} INFO - [2026-07-25T19:07:21.849+0000] {dag.py:4180} INFO - Setting next_dagrun for youtube_medallion_pipeline to None, run_after=None
[2026-07-25T19:07:21.892+0000] {processor.py:208} INFO - Processing /opt/airflow/dags/youtube_medallion_pipeline.py took 0.167 seconds
[2026-07-25T19:07:52.316+0000] {processor.py:186} INFO - Started process (PID=2781) to work on /opt/airflow/dags/youtube_medallion_pipeline.py
[2026-07-25T19:07:52.320+0000] {processor.py:914} INFO - Processing file /opt/airflow/dags/youtube_medallion_pipeline.py for tasks to queue
[2026-07-25T19:07:52.325+0000] {logging_mixin.py:190} INFO - [2026-07-25T19:07:52.324+0000] {dagbag.py:588} INFO - Filling up the DagBag from /opt/airflow/dags/youtube_medallion_pipeline.py
[2026-07-25T19:07:52.351+0000] {processor.py:925} INFO - DAG(s) 'youtube_medallion_pipeline' retrieved from /opt/airflow/dags/youtube_medallion_pipeline.py
[2026-07-25T19:07:52.431+0000] {logging_mixin.py:190} INFO - [2026-07-25T19:07:52.430+0000] {dag.py:3239} INFO - Sync 1 DAGs
[2026-07-25T19:07:52.474+0000] {logging_mixin.py:190} INFO - [2026-07-25T19:07:52.473+0000] {dag.py:4180} INFO - Setting next_dagrun for youtube_medallion_pipeline to None, run_after=None
[2026-07-25T19:07:52.541+0000] {processor.py:208} INFO - Processing /opt/airflow/dags/youtube_medallion_pipeline.py took 0.238 seconds
[2026-07-25T19:08:22.794+0000] {processor.py:186} INFO - Started process (PID=2786) to work on /opt/airflow/dags/youtube_medallion_pipeline.py
[2026-07-25T19:08:22.797+0000] {processor.py:914} INFO - Processing file /opt/airflow/dags/youtube_medallion_pipeline.py for tasks to queue
[2026-07-25T19:08:22.801+0000] {logging_mixin.py:190} INFO - [2026-07-25T19:08:22.801+0000] {dagbag.py:588} INFO - Filling up the DagBag from /opt/airflow/dags/youtube_medallion_pipeline.py
[2026-07-25T19:08:22.838+0000] {processor.py:925} INFO - DAG(s) 'youtube_medallion_pipeline' retrieved from /opt/airflow/dags/youtube_medallion_pipeline.py
[2026-07-25T19:08:22.900+0000] {logging_mixin.py:190} INFO - [2026-07-25T19:08:22.900+0000] {dag.py:3239} INFO - Sync 1 DAGs
[2026-07-25T19:08:22.940+0000] {logging_mixin.py:190} INFO - [2026-07-25T19:08:22.940+0000] {dag.py:4180} INFO - Setting next_dagrun for youtube_medallion_pipeline to None, run_after=None
[2026-07-25T19:08:22.991+0000] {processor.py:208} INFO - Processing /opt/airflow/dags/youtube_medallion_pipeline.py took 0.210 seconds
[2026-07-25T19:08:53.952+0000] {processor.py:186} INFO - Started process (PID=2791) to work on /opt/airflow/dags/youtube_medallion_pipeline.py
[2026-07-25T19:08:53.959+0000] {processor.py:914} INFO - Processing file /opt/airflow/dags/youtube_medallion_pipeline.py for tasks to queue
[2026-07-25T19:08:53.968+0000] {logging_mixin.py:190} INFO - [2026-07-25T19:08:53.966+0000] {dagbag.py:588} INFO - Filling up the DagBag from /opt/airflow/dags/youtube_medallion_pipeline.py
[2026-07-25T19:08:54.018+0000] {processor.py:925} INFO - DAG(s) 'youtube_medallion_pipeline' retrieved from /opt/airflow/dags/youtube_medallion_pipeline.py
[2026-07-25T19:08:54.121+0000] {logging_mixin.py:190} INFO - [2026-07-25T19:08:54.121+0000] {dag.py:3239} INFO - Sync 1 DAGs
[2026-07-25T19:08:54.161+0000] {logging_mixin.py:190} INFO - [2026-07-25T19:08:54.161+0000] {dag.py:4180} INFO - Setting next_dagrun for youtube_medallion_pipeline to None, run_after=None
[2026-07-25T19:08:54.206+0000] {processor.py:208} INFO - Processing /opt/airflow/dags/youtube_medallion_pipeline.py took 0.294 seconds
[2026-07-25T19:09:24.325+0000] {processor.py:186} INFO - Started process (PID=2796) to work on /opt/airflow/dags/youtube_medallion_pipeline.py
[2026-07-25T19:09:24.328+0000] {processor.py:914} INFO - Processing file /opt/airflow/dags/youtube_medallion_pipeline.py for tasks to queue
[2026-07-25T19:09:24.332+0000] {logging_mixin.py:190} INFO - [2026-07-25T19:09:24.331+0000] {dagbag.py:588} INFO - Filling up the DagBag from /opt/airflow/dags/youtube_medallion_pipeline.py
[2026-07-25T19:09:24.355+0000] {processor.py:925} INFO - DAG(s) 'youtube_medallion_pipeline' retrieved from /opt/airflow/dags/youtube_medallion_pipeline.py
[2026-07-25T19:09:24.434+0000] {logging_mixin.py:190} INFO - [2026-07-25T19:09:24.433+0000] {dag.py:3239} INFO - Sync 1 DAGs
[2026-07-25T19:09:24.494+0000] {logging_mixin.py:190} INFO - [2026-07-25T19:09:24.493+0000] {dag.py:4180} INFO - Setting next_dagrun for youtube_medallion_pipeline to None, run_after=None
[2026-07-25T19:09:24.576+0000] {processor.py:208} INFO - Processing /opt/airflow/dags/youtube_medallion_pipeline.py took 0.264 seconds
[2026-07-25T19:09:55.109+0000] {processor.py:186} INFO - Started process (PID=2801) to work on /opt/airflow/dags/youtube_medallion_pipeline.py
[2026-07-25T19:09:55.113+0000] {processor.py:914} INFO - Processing file /opt/airflow/dags/youtube_medallion_pipeline.py for tasks to queue
[2026-07-25T19:09:55.123+0000] {logging_mixin.py:190} INFO - [2026-07-25T19:09:55.122+0000] {dagbag.py:588} INFO - Filling up the DagBag from /opt/airflow/dags/youtube_medallion_pipeline.py
[2026-07-25T19:09:55.192+0000] {processor.py:925} INFO - DAG(s) 'youtube_medallion_pipeline' retrieved from /opt/airflow/dags/youtube_medallion_pipeline.py
[2026-07-25T19:09:55.313+0000] {logging_mixin.py:190} INFO - [2026-07-25T19:09:55.313+0000] {dag.py:3239} INFO - Sync 1 DAGs
[2026-07-25T19:09:55.348+0000] {logging_mixin.py:190} INFO - [2026-07-25T19:09:55.347+0000] {dag.py:4180} INFO - Setting next_dagrun for youtube_medallion_pipeline to None, run_after=None
[2026-07-25T19:09:55.397+0000] {processor.py:208} INFO - Processing /opt/airflow/dags/youtube_medallion_pipeline.py took 0.302 seconds
[2026-07-25T19:10:25.885+0000] {processor.py:186} INFO - Started process (PID=2806) to work on /opt/airflow/dags/youtube_medallion_pipeline.py
[2026-07-25T19:10:25.889+0000] {processor.py:914} INFO - Processing file /opt/airflow/dags/youtube_medallion_pipeline.py for tasks to queue
[2026-07-25T19:10:25.892+0000] {logging_mixin.py:190} INFO - [2026-07-25T19:10:25.892+0000] {dagbag.py:588} INFO - Filling up the DagBag from /opt/airflow/dags/youtube_medallion_pipeline.py
[2026-07-25T19:10:25.923+0000] {processor.py:925} INFO - DAG(s) 'youtube_medallion_pipeline' retrieved from /opt/airflow/dags/youtube_medallion_pipeline.py
[2026-07-25T19:10:25.998+0000] {logging_mixin.py:190} INFO - [2026-07-25T19:10:25.997+0000] {dag.py:3239} INFO - Sync 1 DAGs
[2026-07-25T19:10:26.063+0000] {logging_mixin.py:190} INFO - [2026-07-25T19:10:26.063+0000] {dag.py:4180} INFO - Setting next_dagrun for youtube_medallion_pipeline to None, run_after=None
[2026-07-25T19:10:26.194+0000] {processor.py:208} INFO - Processing /opt/airflow/dags/youtube_medallion_pipeline.py took 0.319 seconds
[2026-07-25T19:10:56.734+0000] {processor.py:186} INFO - Started process (PID=2811) to work on /opt/airflow/dags/youtube_medallion_pipeline.py
[2026-07-25T19:10:56.736+0000] {processor.py:914} INFO - Processing file /opt/airflow/dags/youtube_medallion_pipeline.py for tasks to queue
[2026-07-25T19:10:56.740+0000] {logging_mixin.py:190} INFO - [2026-07-25T19:10:56.739+0000] {dagbag.py:588} INFO - Filling up the DagBag from /opt/airflow/dags/youtube_medallion_pipeline.py
[2026-07-25T19:10:56.771+0000] {processor.py:925} INFO - DAG(s) 'youtube_medallion_pipeline' retrieved from /opt/airflow/dags/youtube_medallion_pipeline.py
[2026-07-25T19:10:56.842+0000] {logging_mixin.py:190} INFO - [2026-07-25T19:10:56.841+0000] {dag.py:3239} INFO - Sync 1 DAGs
[2026-07-25T19:10:56.882+0000] {logging_mixin.py:190} INFO - [2026-07-25T19:10:56.881+0000] {dag.py:4180} INFO - Setting next_dagrun for youtube_medallion_pipeline to None, run_after=None
[2026-07-25T19:10:56.940+0000] {processor.py:208} INFO - Processing /opt/airflow/dags/youtube_medallion_pipeline.py took 0.217 seconds
[2026-07-25T19:11:27.121+0000] {processor.py:186} INFO - Started process (PID=2816) to work on /opt/airflow/dags/youtube_medallion_pipeline.py
[2026-07-25T19:11:27.124+0000] {processor.py:914} INFO - Processing file /opt/airflow/dags/youtube_medallion_pipeline.py for tasks to queue
[2026-07-25T19:11:27.128+0000] {logging_mixin.py:190} INFO - [2026-07-25T19:11:27.128+0000] {dagbag.py:588} INFO - Filling up the DagBag from /opt/airflow/dags/youtube_medallion_pipeline.py
[2026-07-25T19:11:27.156+0000] {processor.py:925} INFO - DAG(s) 'youtube_medallion_pipeline' retrieved from /opt/airflow/dags/youtube_medallion_pipeline.py
[2026-07-25T19:11:27.242+0000] {logging_mixin.py:190} INFO - [2026-07-25T19:11:27.242+0000] {dag.py:3239} INFO - Sync 1 DAGs
[2026-07-25T19:11:27.292+0000] {logging_mixin.py:190} INFO - [2026-07-25T19:11:27.291+0000] {dag.py:4180} INFO - Setting next_dagrun for youtube_medallion_pipeline to None, run_after=None
[2026-07-25T19:11:27.339+0000] {processor.py:208} INFO - Processing /opt/airflow/dags/youtube_medallion_pipeline.py took 0.229 seconds
[2026-07-25T19:11:57.730+0000] {processor.py:186} INFO - Started process (PID=2821) to work on /opt/airflow/dags/youtube_medallion_pipeline.py
[2026-07-25T19:11:57.733+0000] {processor.py:914} INFO - Processing file /opt/airflow/dags/youtube_medallion_pipeline.py for tasks to queue
[2026-07-25T19:11:57.738+0000] {logging_mixin.py:190} INFO - [2026-07-25T19:11:57.737+0000] {dagbag.py:588} INFO - Filling up the DagBag from /opt/airflow/dags/youtube_medallion_pipeline.py
[2026-07-25T19:11:57.767+0000] {processor.py:925} INFO - DAG(s) 'youtube_medallion_pipeline' retrieved from /opt/airflow/dags/youtube_medallion_pipeline.py
[2026-07-25T19:11:57.839+0000] {logging_mixin.py:190} INFO - [2026-07-25T19:11:57.838+0000] {dag.py:3239} INFO - Sync 1 DAGs
[2026-07-25T19:11:57.872+0000] {logging_mixin.py:190} INFO - [2026-07-25T19:11:57.872+0000] {dag.py:4180} INFO - Setting next_dagrun for youtube_medallion_pipeline to None, run_after=None
[2026-07-25T19:11:57.913+0000] {processor.py:208} INFO - Processing /opt/airflow/dags/youtube_medallion_pipeline.py took 0.194 seconds
[2026-07-25T19:12:28.152+0000] {processor.py:186} INFO - Started process (PID=2826) to work on /opt/airflow/dags/youtube_medallion_pipeline.py
[2026-07-25T19:12:28.155+0000] {processor.py:914} INFO - Processing file /opt/airflow/dags/youtube_medallion_pipeline.py for tasks to queue
[2026-07-25T19:12:28.158+0000] {logging_mixin.py:190} INFO - [2026-07-25T19:12:28.158+0000] {dagbag.py:588} INFO - Filling up the DagBag from /opt/airflow/dags/youtube_medallion_pipeline.py
[2026-07-25T19:12:28.193+0000] {processor.py:925} INFO - DAG(s) 'youtube_medallion_pipeline' retrieved from /opt/airflow/dags/youtube_medallion_pipeline.py
[2026-07-25T19:12:28.253+0000] {logging_mixin.py:190} INFO - [2026-07-25T19:12:28.252+0000] {dag.py:3239} INFO - Sync 1 DAGs
[2026-07-25T19:12:28.279+0000] {logging_mixin.py:190} INFO - [2026-07-25T19:12:28.278+0000] {dag.py:4180} INFO - Setting next_dagrun for youtube_medallion_pipeline to None, run_after=None
[2026-07-25T19:12:28.321+0000] {processor.py:208} INFO - Processing /opt/airflow/dags/youtube_medallion_pipeline.py took 0.183 seconds
[2026-07-25T19:12:58.685+0000] {processor.py:186} INFO - Started process (PID=2831) to work on /opt/airflow/dags/youtube_medallion_pipeline.py
[2026-07-25T19:12:58.688+0000] {processor.py:914} INFO - Processing file /opt/airflow/dags/youtube_medallion_pipeline.py for tasks to queue
[2026-07-25T19:12:58.692+0000] {logging_mixin.py:190} INFO - [2026-07-25T19:12:58.691+0000] {dagbag.py:588} INFO - Filling up the DagBag from /opt/airflow/dags/youtube_medallion_pipeline.py
[2026-07-25T19:12:58.718+0000] {processor.py:925} INFO - DAG(s) 'youtube_medallion_pipeline' retrieved from /opt/airflow/dags/youtube_medallion_pipeline.py
[2026-07-25T19:12:58.779+0000] {logging_mixin.py:190} INFO - [2026-07-25T19:12:58.779+0000] {dag.py:3239} INFO - Sync 1 DAGs
[2026-07-25T19:12:58.821+0000] {logging_mixin.py:190} INFO - [2026-07-25T19:12:58.821+0000] {dag.py:4180} INFO - Setting next_dagrun for youtube_medallion_pipeline to None, run_after=None
[2026-07-25T19:12:58.868+0000] {processor.py:208} INFO - Processing /opt/airflow/dags/youtube_medallion_pipeline.py took 0.196 seconds
[2026-07-25T19:13:29.159+0000] {processor.py:186} INFO - Started process (PID=2836) to work on /opt/airflow/dags/youtube_medallion_pipeline.py
[2026-07-25T19:13:29.162+0000] {processor.py:914} INFO - Processing file /opt/airflow/dags/youtube_medallion_pipeline.py for tasks to queue
[2026-07-25T19:13:29.170+0000] {logging_mixin.py:190} INFO - [2026-07-25T19:13:29.168+0000] {dagbag.py:588} INFO - Filling up the DagBag from /opt/airflow/dags/youtube_medallion_pipeline.py
[2026-07-25T19:13:29.202+0000] {processor.py:925} INFO - DAG(s) 'youtube_medallion_pipeline' retrieved from /opt/airflow/dags/youtube_medallion_pipeline.py
[2026-07-25T19:13:29.350+0000] {logging_mixin.py:190} INFO - [2026-07-25T19:13:29.349+0000] {dag.py:3239} INFO - Sync 1 DAGs
[2026-07-25T19:13:29.399+0000] {logging_mixin.py:190} INFO - [2026-07-25T19:13:29.399+0000] {dag.py:4180} INFO - Setting next_dagrun for youtube_medallion_pipeline to None, run_after=None
[2026-07-25T19:13:29.453+0000] {processor.py:208} INFO - Processing /opt/airflow/dags/youtube_medallion_pipeline.py took 0.309 seconds
[2026-07-25T19:13:59.840+0000] {processor.py:186} INFO - Started process (PID=2841) to work on /opt/airflow/dags/youtube_medallion_pipeline.py
[2026-07-25T19:13:59.847+0000] {processor.py:914} INFO - Processing file /opt/airflow/dags/youtube_medallion_pipeline.py for tasks to queue
[2026-07-25T19:13:59.855+0000] {logging_mixin.py:190} INFO - [2026-07-25T19:13:59.854+0000] {dagbag.py:588} INFO - Filling up the DagBag from /opt/airflow/dags/youtube_medallion_pipeline.py
[2026-07-25T19:13:59.915+0000] {processor.py:925} INFO - DAG(s) 'youtube_medallion_pipeline' retrieved from /opt/airflow/dags/youtube_medallion_pipeline.py
[2026-07-25T19:14:00.105+0000] {logging_mixin.py:190} INFO - [2026-07-25T19:14:00.103+0000] {dag.py:3239} INFO - Sync 1 DAGs
[2026-07-25T19:14:00.223+0000] {logging_mixin.py:190} INFO - [2026-07-25T19:14:00.221+0000] {dag.py:4180} INFO - Setting next_dagrun for youtube_medallion_pipeline to None, run_after=None
[2026-07-25T19:14:00.328+0000] {processor.py:208} INFO - Processing /opt/airflow/dags/youtube_medallion_pipeline.py took 0.522 seconds
[2026-07-25T19:19:07.896+0000] {processor.py:186} INFO - Started process (PID=2846) to work on /opt/airflow/dags/youtube_medallion_pipeline.py
[2026-07-25T19:19:07.918+0000] {processor.py:914} INFO - Processing file /opt/airflow/dags/youtube_medallion_pipeline.py for tasks to queue
[2026-07-25T19:19:08.641+0000] {logging_mixin.py:190} INFO - [2026-07-25T19:19:08.551+0000] {dagbag.py:588} INFO - Filling up the DagBag from /opt/airflow/dags/youtube_medallion_pipeline.py
[2026-07-25T19:19:10.402+0000] {processor.py:925} INFO - DAG(s) 'youtube_medallion_pipeline' retrieved from /opt/airflow/dags/youtube_medallion_pipeline.py
[2026-07-25T19:19:13.716+0000] {logging_mixin.py:190} INFO - [2026-07-25T19:19:13.714+0000] {dag.py:3239} INFO - Sync 1 DAGs
[2026-07-25T19:19:14.897+0000] {logging_mixin.py:190} INFO - [2026-07-25T19:19:14.896+0000] {dag.py:4180} INFO - Setting next_dagrun for youtube_medallion_pipeline to None, run_after=None
[2026-07-25T19:19:16.791+0000] {processor.py:208} INFO - Processing /opt/airflow/dags/youtube_medallion_pipeline.py took 10.706 seconds
[2026-07-25T19:20:19.843+0000] {processor.py:186} INFO - Started process (PID=2852) to work on /opt/airflow/dags/youtube_medallion_pipeline.py
[2026-07-25T19:20:20.201+0000] {processor.py:914} INFO - Processing file /opt/airflow/dags/youtube_medallion_pipeline.py for tasks to queue
[2026-07-25T19:20:20.312+0000] {logging_mixin.py:190} INFO - [2026-07-25T19:20:20.266+0000] {dagbag.py:588} INFO - Filling up the DagBag from /opt/airflow/dags/youtube_medallion_pipeline.py
[2026-07-25T19:20:22.609+0000] {processor.py:925} INFO - DAG(s) 'youtube_medallion_pipeline' retrieved from /opt/airflow/dags/youtube_medallion_pipeline.py
[2026-07-25T19:20:40.825+0000] {logging_mixin.py:190} INFO - [2026-07-25T19:20:40.773+0000] {dag.py:3239} INFO - Sync 1 DAGs
[2026-07-25T19:21:14.228+0000] {processor.py:186} INFO - Started process (PID=2855) to work on /opt/airflow/dags/youtube_medallion_pipeline.py
[2026-07-25T19:21:14.297+0000] {processor.py:914} INFO - Processing file /opt/airflow/dags/youtube_medallion_pipeline.py for tasks to queue
[2026-07-25T19:21:14.344+0000] {logging_mixin.py:190} INFO - [2026-07-25T19:21:14.329+0000] {dagbag.py:588} INFO - Filling up the DagBag from /opt/airflow/dags/youtube_medallion_pipeline.py
[2026-07-25T19:21:14.626+0000] {processor.py:925} INFO - DAG(s) 'youtube_medallion_pipeline' retrieved from /opt/airflow/dags/youtube_medallion_pipeline.py
[2026-07-25T19:21:15.445+0000] {logging_mixin.py:190} INFO - [2026-07-25T19:21:15.444+0000] {dag.py:3239} INFO - Sync 1 DAGs
[2026-07-25T19:21:15.823+0000] {logging_mixin.py:190} INFO - [2026-07-25T19:21:15.821+0000] {dag.py:4180} INFO - Setting next_dagrun for youtube_medallion_pipeline to None, run_after=None
[2026-07-25T19:21:16.040+0000] {processor.py:208} INFO - Processing /opt/airflow/dags/youtube_medallion_pipeline.py took 2.136 seconds
[2026-07-25T19:21:46.395+0000] {processor.py:186} INFO - Started process (PID=2860) to work on /opt/airflow/dags/youtube_medallion_pipeline.py
[2026-07-25T19:21:46.399+0000] {processor.py:914} INFO - Processing file /opt/airflow/dags/youtube_medallion_pipeline.py for tasks to queue
[2026-07-25T19:21:46.404+0000] {logging_mixin.py:190} INFO - [2026-07-25T19:21:46.403+0000] {dagbag.py:588} INFO - Filling up the DagBag from /opt/airflow/dags/youtube_medallion_pipeline.py
[2026-07-25T19:21:46.446+0000] {processor.py:925} INFO - DAG(s) 'youtube_medallion_pipeline' retrieved from /opt/airflow/dags/youtube_medallion_pipeline.py
[2026-07-25T19:21:46.596+0000] {logging_mixin.py:190} INFO - [2026-07-25T19:21:46.596+0000] {dag.py:3239} INFO - Sync 1 DAGs
[2026-07-25T19:21:46.674+0000] {logging_mixin.py:190} INFO - [2026-07-25T19:21:46.673+0000] {dag.py:4180} INFO - Setting next_dagrun for youtube_medallion_pipeline to None, run_after=None
[2026-07-25T19:21:46.747+0000] {processor.py:208} INFO - Processing /opt/airflow/dags/youtube_medallion_pipeline.py took 0.383 seconds
